{
    "parent": "item/handheld_rod",
    "textures": {
        "layer0": "item/carrot_on_a_stick"
    },
	"overrides": [
		{"predicate": {"custom_model_data": 1},"model": "item/gun_1/gun_1_0"},
		{"predicate": {"custom_model_data": 2},"model": "item/gun_1/gun_1_1"},
		{"predicate": {"custom_model_data": 3},"model": "item/gun_1/gun_1_2"},
		{"predicate": {"custom_model_data": 4},"model": "item/gun_1/gun_1_3"},
		{"predicate": {"custom_model_data": 5},"model": "item/gun_1/gun_1_4"},
		{"predicate": {"custom_model_data": 6},"model": "item/gun_1/gun_1_5"},
		{"predicate": {"custom_model_data": 7},"model": "item/gun_1/gun_1_6"},
		{"predicate": {"custom_model_data": 8},"model": "item/gun_1/gun_1_7"},
		{"predicate": {"custom_model_data": 9},"model": "item/gun_1/gun_1_8"},
		{"predicate": {"custom_model_data": 10},"model": "item/gun_1/gun_1_9"},
		{"predicate": {"custom_model_data": 11},"model": "item/gun_1/gun_1_10"},
		{"predicate": {"custom_model_data": 12},"model": "item/gun_1/gun_1_fire"},
		{"predicate": {"custom_model_data": 13},"model": "item/gun_1/gun_1_noammo"},
		{"predicate": {"custom_model_data": 14},"model": "item/gun_2/gun_2_0"},
		{"predicate": {"custom_model_data": 15},"model": "item/gun_2/gun_2_1"},
		{"predicate": {"custom_model_data": 16},"model": "item/gun_2/gun_2_2"},
		{"predicate": {"custom_model_data": 17},"model": "item/gun_2/gun_2_3"},
		{"predicate": {"custom_model_data": 18},"model": "item/gun_2/gun_2_4"},
		{"predicate": {"custom_model_data": 19},"model": "item/gun_2/gun_2_5"},
		{"predicate": {"custom_model_data": 20},"model": "item/gun_2/gun_2_6"},
		{"predicate": {"custom_model_data": 21},"model": "item/gun_2/gun_2_noammo"},
		{"predicate": {"custom_model_data": 22},"model": "item/gun_2/gun_2_sp"},
		{"predicate": {"custom_model_data": 23},"model": "item/gun_3/gun_3_0"},
		{"predicate": {"custom_model_data": 24},"model": "item/gun_3/gun_3_1"},
		{"predicate": {"custom_model_data": 25},"model": "item/gun_4/gun_4_0"},
		{"predicate": {"custom_model_data": 26},"model": "item/gun_4/gun_4_1"},
		{"predicate": {"custom_model_data": 27},"model": "item/gun_4/gun_4_2"},
		{"predicate": {"custom_model_data": 28},"model": "item/gun_4/gun_4_3"},
		{"predicate": {"custom_model_data": 29},"model": "item/gun_4/gun_4_4"},
		{"predicate": {"custom_model_data": 30},"model": "item/gun_4/gun_4_5"},
		{"predicate": {"custom_model_data": 31},"model": "item/gun_4/gun_4_6"},
		{"predicate": {"custom_model_data": 32},"model": "item/gun_4/gun_4_7"},
		{"predicate": {"custom_model_data": 33},"model": "item/gun_4/gun_4_8"},
		{"predicate": {"custom_model_data": 34},"model": "item/gun_4/gun_4_9"},
		{"predicate": {"custom_model_data": 35},"model": "item/gun_4/gun_4_10"},
		{"predicate": {"custom_model_data": 36},"model": "item/gun_4/gun_4_11"},
		{"predicate": {"custom_model_data": 37},"model": "item/gun_4/gun_4_12"},
		{"predicate": {"custom_model_data": 38},"model": "item/gun_4/gun_4_13"},
		{"predicate": {"custom_model_data": 39},"model": "item/gun_4/gun_4_14"},
		{"predicate": {"custom_model_data": 40},"model": "item/gun_4/gun_4_15"},
		{"predicate": {"custom_model_data": 41},"model": "item/gun_4/gun_4_16"},
		{"predicate": {"custom_model_data": 42},"model": "item/gun_4/gun_4_fire"},
		{"predicate": {"custom_model_data": 43},"model": "item/gun_4/gun_4_open"},
		{"predicate": {"custom_model_data": 44},"model": "item/gun_5/gun_5_0"},
		{"predicate": {"custom_model_data": 45},"model": "item/gun_5/gun_5_1"},
		{"predicate": {"custom_model_data": 46},"model": "item/gun_5/gun_5_2"},
		{"predicate": {"custom_model_data": 47},"model": "item/gun_5/gun_5_3"},
		{"predicate": {"custom_model_data": 48},"model": "item/gun_5/gun_5_4"},
		{"predicate": {"custom_model_data": 49},"model": "item/gun_5/gun_5_5"},
		{"predicate": {"custom_model_data": 50},"model": "item/gun_5/gun_5_6"},
		{"predicate": {"custom_model_data": 51},"model": "item/gun_5/gun_5_7"},
		{"predicate": {"custom_model_data": 52},"model": "item/gun_5/gun_5_8"},
		{"predicate": {"custom_model_data": 53},"model": "item/gun_5/gun_5_9"},
		{"predicate": {"custom_model_data": 54},"model": "item/gun_5/gun_5_10"},
		{"predicate": {"custom_model_data": 55},"model": "item/gun_5/gun_5_11"},
		{"predicate": {"custom_model_data": 56},"model": "item/gun_5/gun_5_fire"},
		{"predicate": {"custom_model_data": 57},"model": "item/gun_5/gun_5_0_zoom"},
		{"predicate": {"custom_model_data": 58},"model": "item/gun_5/gun_5_1_zoom"},
		{"predicate": {"custom_model_data": 59},"model": "item/gun_5/gun_5_2_zoom"},
		{"predicate": {"custom_model_data": 60},"model": "item/gun_5/gun_5_3_zoom"},
		{"predicate": {"custom_model_data": 61},"model": "item/gun_5/gun_5_4_zoom"},
		{"predicate": {"custom_model_data": 62},"model": "item/gun_5/gun_5_5_zoom"},
		{"predicate": {"custom_model_data": 63},"model": "item/gun_5/gun_5_6_zoom"},
		{"predicate": {"custom_model_data": 64},"model": "item/gun_5/gun_5_fire_zoom"},
		{"predicate": {"custom_model_data": 65},"model": "item/gun_6/gun_6_0"},
		{"predicate": {"custom_model_data": 66},"model": "item/gun_6/gun_6_1"},
		{"predicate": {"custom_model_data": 67},"model": "item/gun_6/gun_6_fire"},
		{"predicate": {"custom_model_data": 68},"model": "item/gun_6/gun_6_fire_1"},
		{"predicate": {"custom_model_data": 69},"model": "item/gun_6/gun_6_fire_2"},
		{"predicate": {"custom_model_data": 70},"model": "item/gun_6/gun_6_0_zoom"},
		{"predicate": {"custom_model_data": 71},"model": "item/gun_6/gun_6_1_zoom"},
		{"predicate": {"custom_model_data": 72},"model": "item/gun_6/gun_6_fire_zoom"},
		{"predicate": {"custom_model_data": 73},"model": "item/gun_7/gun_7_0"},
		{"predicate": {"custom_model_data": 74},"model": "item/gun_7/gun_7_1"},
		{"predicate": {"custom_model_data": 75},"model": "item/gun_8/gun_8_0"},
		{"predicate": {"custom_model_data": 76},"model": "item/gun_8/gun_8_1"},
		{"predicate": {"custom_model_data": 77},"model": "item/gun_8/gun_8_2"},
		{"predicate": {"custom_model_data": 78},"model": "item/gun_9/gun_9_0"},
		{"predicate": {"custom_model_data": 79},"model": "item/gun_9/gun_9_1"},
		{"predicate": {"custom_model_data": 80},"model": "item/gun_9/gun_9_2"},
		{"predicate": {"custom_model_data": 81},"model": "item/gun_9/gun_9_3"},
		{"predicate": {"custom_model_data": 82},"model": "item/gun_9/gun_9_fire"},
		{"predicate": {"custom_model_data": 83},"model": "item/gun_9/gun_9_fire_2"},
		{"predicate": {"custom_model_data": 84},"model": "item/gun_10/gun_10_0"},
		{"predicate": {"custom_model_data": 85},"model": "item/gun_10/gun_10_1"},
		{"predicate": {"custom_model_data": 86},"model": "item/gun_10/gun_10_fire"},
		{"predicate": {"custom_model_data": 87},"model": "item/gun_10/gun_10_0_zoom"},
		{"predicate": {"custom_model_data": 88},"model": "item/gun_10/gun_10_1_zoom"},
		{"predicate": {"custom_model_data": 89},"model": "item/gun_10/gun_10_fire_zoom"},
		{"predicate": {"custom_model_data": 90},"model": "item/gun_11/gun_11_0"},
		{"predicate": {"custom_model_data": 91},"model": "item/gun_11/gun_11_1"},
		{"predicate": {"custom_model_data": 92},"model": "item/gun_11/gun_11_2"},
		{"predicate": {"custom_model_data": 93},"model": "item/gun_11/gun_11_fire"},
		{"predicate": {"custom_model_data": 94},"model": "item/gun_11/gun_11_1_2"},
		{"predicate": {"custom_model_data": 95},"model": "item/gun_11/gun_11_2_2"},
		{"predicate": {"custom_model_data": 96},"model": "item/gun_11/gun_11_3_2"},
		{"predicate": {"custom_model_data": 97},"model": "item/gun_11/gun_11_4_2"},
		{"predicate": {"custom_model_data": 98},"model": "item/gun_11/gun_11_bullet"},
		{"predicate": {"custom_model_data": 99},"model": "item/gun_11/gun_11_fire_2"},
		{"predicate": {"custom_model_data": 100},"model": "item/gun_12/attack/gun_12_0"},
		{"predicate": {"custom_model_data": 101},"model": "item/gun_12/attack/gun_12_1"},
		{"predicate": {"custom_model_data": 102},"model": "item/gun_12/attack/gun_12_2"},
		{"predicate": {"custom_model_data": 103},"model": "item/gun_12/attack/gun_12_3"},
		{"predicate": {"custom_model_data": 104},"model": "item/gun_12/attack/gun_12_4"},
		{"predicate": {"custom_model_data": 105},"model": "item/gun_12/attack/gun_12_5"},
		{"predicate": {"custom_model_data": 106},"model": "item/gun_12/attack/gun_12_6"},
		{"predicate": {"custom_model_data": 107},"model": "item/gun_12/attack/gun_12_7"},
		{"predicate": {"custom_model_data": 108},"model": "item/gun_12/attack/gun_12_8"},
		{"predicate": {"custom_model_data": 109},"model": "item/gun_12/attack/gun_12_9"},
		{"predicate": {"custom_model_data": 110},"model": "item/gun_12/attack/gun_12_1_2"},
		{"predicate": {"custom_model_data": 111},"model": "item/gun_12/attack/gun_12_2_2"},
		{"predicate": {"custom_model_data": 112},"model": "item/gun_12/attack/gun_12_3_2"},
		{"predicate": {"custom_model_data": 113},"model": "item/gun_12/attack/gun_12_4_2"},
		{"predicate": {"custom_model_data": 114},"model": "item/gun_12/attack/gun_12_5_2"},
		{"predicate": {"custom_model_data": 115},"model": "item/gun_12/attack/gun_12_6_2"},
		{"predicate": {"custom_model_data": 116},"model": "item/gun_12/attack/gun_12_7_2"},
		{"predicate": {"custom_model_data": 117},"model": "item/gun_12/attack/gun_12_8_2"},
		{"predicate": {"custom_model_data": 118},"model": "item/gun_12/attack/gun_12_9_2"},
		{"predicate": {"custom_model_data": 119},"model": "item/gun_12/change/gun_12_1_3"},
		{"predicate": {"custom_model_data": 120},"model": "item/gun_12/change/gun_12_2_3"},
		{"predicate": {"custom_model_data": 121},"model": "item/gun_12/change/gun_12_3_3"},
		{"predicate": {"custom_model_data": 122},"model": "item/gun_12/change/gun_12_4_3"},
		{"predicate": {"custom_model_data": 123},"model": "item/gun_12/change/gun_12_5_3"},
		{"predicate": {"custom_model_data": 124},"model": "item/gun_12/change/gun_12_6_3"},
		{"predicate": {"custom_model_data": 125},"model": "item/gun_12/change/gun_12_7_3"},
		{"predicate": {"custom_model_data": 126},"model": "item/gun_12/change/gun_12_8_3"},
		{"predicate": {"custom_model_data": 127},"model": "item/gun_12/change/gun_12_9_3"},
		{"predicate": {"custom_model_data": 128},"model": "item/gun_12/change/gun_12_10_3"},
		{"predicate": {"custom_model_data": 129},"model": "item/gun_12/change/gun_12_11_3"},
		{"predicate": {"custom_model_data": 130},"model": "item/gun_12/shoot/gun_12_0_4"},
		{"predicate": {"custom_model_data": 131},"model": "item/gun_12/shoot/gun_12_1_4"},
		{"predicate": {"custom_model_data": 132},"model": "item/gun_12/shoot/gun_12_2_4"},
		{"predicate": {"custom_model_data": 133},"model": "item/gun_12/shoot/gun_12_3_4"},
		{"predicate": {"custom_model_data": 134},"model": "item/gun_12/shoot/gun_12_4_4"},
		{"predicate": {"custom_model_data": 135},"model": "item/gun_12/shoot/gun_12_5_4"},
		{"predicate": {"custom_model_data": 136},"model": "item/gun_12/shoot/gun_12_6_4"},
		{"predicate": {"custom_model_data": 137},"model": "item/gun_12/shoot_2/gun_12_1_5"},
		{"predicate": {"custom_model_data": 138},"model": "item/gun_12/shoot_2/gun_12_2_5"},
		{"predicate": {"custom_model_data": 139},"model": "item/gun_12/shoot_2/gun_12_3_5"},
		{"predicate": {"custom_model_data": 140},"model": "item/sec_gun_1/sec_gun_1_0"},
		{"predicate": {"custom_model_data": 141},"model": "item/sec_gun_1/sec_gun_1_1"},
		{"predicate": {"custom_model_data": 142},"model": "item/sec_gun_1/sec_gun_1_2"},
		{"predicate": {"custom_model_data": 143},"model": "item/sec_gun_1/sec_gun_1_3"},
		{"predicate": {"custom_model_data": 144},"model": "item/sec_gun_1/sec_gun_1_4"},
		{"predicate": {"custom_model_data": 145},"model": "item/sec_gun_1/sec_gun_1_5"},
		{"predicate": {"custom_model_data": 146},"model": "item/sec_gun_1/sec_gun_1_fire"},
		{"predicate": {"custom_model_data": 147},"model": "item/sec_gun_1/sec_gun_1_0_zoom"},
		{"predicate": {"custom_model_data": 148},"model": "item/sec_gun_1/sec_gun_1_1_zoom"},
		{"predicate": {"custom_model_data": 149},"model": "item/sec_gun_1/sec_gun_1_2_zoom"},
		{"predicate": {"custom_model_data": 150},"model": "item/sec_gun_1/sec_gun_1_3_zoom"},
		{"predicate": {"custom_model_data": 151},"model": "item/sec_gun_1/sec_gun_1_0_zoom_fire"},
		{"predicate": {"custom_model_data": 152},"model": "item/sec_gun_2/sec_gun_2_0"},
		{"predicate": {"custom_model_data": 153},"model": "item/sec_gun_2/sec_gun_2_1"},
		{"predicate": {"custom_model_data": 154},"model": "item/sec_gun_2/sec_gun_2_2"},
		{"predicate": {"custom_model_data": 155},"model": "item/sec_gun_2/sec_gun_2_fire"},
		{"predicate": {"custom_model_data": 156},"model": "item/sec_gun_2/sec_gun_2_0_zoom"},
		{"predicate": {"custom_model_data": 157},"model": "item/sec_gun_2/sec_gun_2_1_zoom"},
		{"predicate": {"custom_model_data": 158},"model": "item/sec_gun_2/sec_gun_2_2_zoom"},
		{"predicate": {"custom_model_data": 159},"model": "item/sec_gun_2/sec_gun_2_fire_zoom"},
		{"predicate": {"custom_model_data": 160},"model": "item/sec_gun_3/sec_gun_3_0"},
		{"predicate": {"custom_model_data": 161},"model": "item/sec_gun_3/sec_gun_3_1"},
		{"predicate": {"custom_model_data": 162},"model": "item/sec_gun_3/sec_gun_3_fire"},
		{"predicate": {"custom_model_data": 163},"model": "item/sec_gun_3/sec_gun_3_0_zoom"},
		{"predicate": {"custom_model_data": 164},"model": "item/sec_gun_3/sec_gun_3_1_zoom"},
		{"predicate": {"custom_model_data": 165},"model": "item/sec_gun_3/sec_gun_3_fire_zoom"},
		{"predicate": {"custom_model_data": 166},"model": "item/knife_1/knife1_0"},
		{"predicate": {"custom_model_data": 167},"model": "item/knife_1/knife1_1_1"},
		{"predicate": {"custom_model_data": 168},"model": "item/knife_1/knife1_2_1"},
		{"predicate": {"custom_model_data": 169},"model": "item/knife_1/knife1_3_1"},
		{"predicate": {"custom_model_data": 170},"model": "item/knife_1/knife1_4_1"},
		{"predicate": {"custom_model_data": 171},"model": "item/knife_1/knife1_5_1"},
		{"predicate": {"custom_model_data": 172},"model": "item/knife_1/knife1_6_1"},
		{"predicate": {"custom_model_data": 173},"model": "item/knife_1/knife1_7_1"},
		{"predicate": {"custom_model_data": 174},"model": "item/knife_1/knife1_8_1"},
		{"predicate": {"custom_model_data": 175},"model": "item/knife_1/knife1_1_2"},
		{"predicate": {"custom_model_data": 176},"model": "item/knife_1/knife1_2_2"},
		{"predicate": {"custom_model_data": 177},"model": "item/knife_1/knife1_3_2"},
		{"predicate": {"custom_model_data": 178},"model": "item/knife_1/knife1_4_2"},
		{"predicate": {"custom_model_data": 179},"model": "item/knife_1/knife1_5_2"},
		{"predicate": {"custom_model_data": 180},"model": "item/knife_1/knife1_6_2"},
		{"predicate": {"custom_model_data": 181},"model": "item/knife_1/knife1_7_2"},
		{"predicate": {"custom_model_data": 182},"model": "item/thrown/grenade_0"},
		{"predicate": {"custom_model_data": 183},"model": "item/thrown/grenade_1"},
		{"predicate": {"custom_model_data": 184},"model": "item/thrown/grenade_2"},
		{"predicate": {"custom_model_data": 185},"model": "item/thrown/grenade_3"},
		{"predicate": {"custom_model_data": 186},"model": "item/thrown/grenade_4"},
		{"predicate": {"custom_model_data": 187},"model": "item/thrown/grenade_5"},
		{"predicate": {"custom_model_data": 188},"model": "item/thrown/grenade_6"},
		{"predicate": {"custom_model_data": 189},"model": "item/thrown/grenade_7"},
		{"predicate": {"custom_model_data": 190},"model": "item/thrown/grenade_8"},
		{"predicate": {"custom_model_data": 191},"model": "item/thrown/grenade_9"},
		{"predicate": {"custom_model_data": 192},"model": "item/thrown/grenade_throw"},
		{"predicate": {"custom_model_data": 193},"model": "item/_gun/invis_gun_1/gun_101_0"},
		{"predicate": {"custom_model_data": 194},"model": "item/_gun/invis_gun_1/gun_101_1"},
		{"predicate": {"custom_model_data": 195},"model": "item/_gun/invis_gun_1/gun_101_2"},
		{"predicate": {"custom_model_data": 196},"model": "item/_gun/invis_gun_1/gun_101_3"},
		{"predicate": {"custom_model_data": 197},"model": "item/_gun/invis_gun_1/gun_101_fire"},
		{"predicate": {"custom_model_data": 198},"model": "item/_gun/invis_gun_1/gun_101_zoom_0"},
		{"predicate": {"custom_model_data": 199},"model": "item/_gun/invis_gun_1/gun_101_zoom_1"},
		{"predicate": {"custom_model_data": 200},"model": "item/_gun/invis_gun_1/gun_101_zoom_2"},
		{"predicate": {"custom_model_data": 201},"model": "item/_gun/invis_gun_1/gun_101_zoom_3"},
		{"predicate": {"custom_model_data": 202},"model": "item/_gun/invis_gun_1/gun_101_zoom_4"},
		{"predicate": {"custom_model_data": 203},"model": "item/_gun/invis_gun_1/gun_101_zoom_5"},
		{"predicate": {"custom_model_data": 204},"model": "item/_gun/invis_gun_1/gun_101_zoom_fire"},
		{"predicate": {"custom_model_data": 205},"model": "item/icon/ready"},
		{"predicate": {"custom_model_data": 206},"model": "item/icon/no_ready"},
		{"predicate": {"custom_model_data": 207},"model": "item/sec_gun_1/sec_gun_1_4_zoom"},
		{"predicate": {"custom_model_data": 208},"model": "item/gun_7/gun_7_2"},
		{"predicate": {"custom_model_data": 209},"model": "item/gun_7/gun_7_3"},
		{"predicate": {"custom_model_data": 210},"model": "item/gun_7/gun_7_4"},
		{"predicate": {"custom_model_data": 211},"model": "item/gun_13/gun_13_0"},
		{"predicate": {"custom_model_data": 212},"model": "item/gun_13/gun_13_1"},
		{"predicate": {"custom_model_data": 213},"model": "item/gun_13/gun_13_2"},
		{"predicate": {"custom_model_data": 214},"model": "item/gun_13/gun_13_3"},
		{"predicate": {"custom_model_data": 215},"model": "item/gun_13/gun_13_4"},
		{"predicate": {"custom_model_data": 216},"model": "item/gun_13/gun_13_fire"},
		{"predicate": {"custom_model_data": 217},"model": "item/gun_13/gun_13_noammo"},
		{"predicate": {"custom_model_data": 218},"model": "item/gun_13/gun_13_0_zoom"},
		{"predicate": {"custom_model_data": 219},"model": "item/gun_13/gun_13_1_zoom"},
		{"predicate": {"custom_model_data": 220},"model": "item/gun_13/gun_13_2_zoom"},
		{"predicate": {"custom_model_data": 221},"model": "item/gun_13/gun_13_3_zoom"},
		{"predicate": {"custom_model_data": 222},"model": "item/gun_13/gun_13_4_zoom"},
		{"predicate": {"custom_model_data": 223},"model": "item/gun_13/gun_13_zoom_fire"},
		{"predicate": {"custom_model_data": 224},"model": "item/gun_13/gun_13_zoom_noammo"},
		{"predicate": {"custom_model_data": 225},"model": "item/gun_15/gun_15_0"},
		{"predicate": {"custom_model_data": 226},"model": "item/gun_15/gun_15_0_ivs"},
		{"predicate": {"custom_model_data": 227},"model": "item/gun_15/gun_15_fire_1"},
		{"predicate": {"custom_model_data": 228},"model": "item/gun_15/gun_15_fire_2"},
		{"predicate": {"custom_model_data": 229},"model": "item/gun_15/gun_15_r_1"},
		{"predicate": {"custom_model_data": 230},"model": "item/gun_15/gun_15_r_2"},
		{"predicate": {"custom_model_data": 231},"model": "item/gun_15/gun_15_r_3"},
		{"predicate": {"custom_model_data": 232},"model": "item/gun_15/gun_15_r_4"},
		{"predicate": {"custom_model_data": 233},"model": "item/gun_15/gun_15_r_5"},
		{"predicate": {"custom_model_data": 234},"model": "item/gun_15/gun_15_l_1"},
		{"predicate": {"custom_model_data": 235},"model": "item/gun_15/gun_15_l_2"},
		{"predicate": {"custom_model_data": 236},"model": "item/gun_15/gun_15_l_3"},
		{"predicate": {"custom_model_data": 237},"model": "item/gun_15/gun_15_l_4"},
		{"predicate": {"custom_model_data": 238},"model": "item/gun_15/gun_15_l_5"}
]
}

