{
	"credit": "Made by MILENARY",
	"textures": {
		"0": "block/arrow",
		"particle": "block/arrow"
	},
	"elements": [
		{
			"from": [0, 0, 10],
			"to": [16, 16, 10],
			"faces": {
				"north": {"uv": [0, 0, 16, 16], "texture": "#0"},
				"east": {"uv": [0, 0, 16, 16], "texture": "#0"},
				"west": {"uv": [0, 0, 16, 16], "texture": "#0"},
				"up": {"uv": [0, 0, 16, 16], "texture": "#0"},
				"down": {"uv": [0, 0, 16, 16], "texture": "#0"}
			}
		}
	],
	"display": {
		"gui": {
			"rotation": [0, -180, 0],
			"translation": [0, -0.25, 4.75],
			"scale": [0.85, 0.85, 0]
		}
	}
}