{
	"credit": "Made by MILENARY",
	"textures": {
		"0": "block/green_gun_1",
		"1": "block/green_gun_2",
		"2": "block/green_gun_3",
		"3": "block/red_gun_1",
		"4": "block/green_skill_2",
		"particle": "block/green_gun_1"
	},
	"elements": [
		{
			"from": [6, 3, 4.75],
			"to": [10, 7, 7],
			"rotation": {"angle": -22.5, "axis": "x", "origin": [17, 8, 14]},
			"faces": {
				"north": {"uv": [0, 0, 4, 4], "texture": "#1"},
				"east": {"uv": [0, 0, 2.25, 4], "texture": "#1"},
				"south": {"uv": [0, 0, 4, 4], "texture": "#1"},
				"west": {"uv": [0, 0, 2.25, 4], "texture": "#1"},
				"up": {"uv": [0, 0, 4, 2.25], "texture": "#1"},
				"down": {"uv": [0, 0, 4, 2.25], "texture": "#1"}
			}
		},
		{
			"from": [7, 7, 5.25],
			"to": [9, 10.75, 7],
			"rotation": {"angle": -22.5, "axis": "x", "origin": [17, 8, 14]},
			"faces": {
				"north": {"uv": [0, 0, 2, 3.75], "texture": "#0"},
				"east": {"uv": [0, 0, 1.75, 3.75], "texture": "#0"},
				"south": {"uv": [0, 0, 2, 3.75], "texture": "#0"},
				"west": {"uv": [0, 0, 1.75, 3.75], "texture": "#0"},
				"up": {"uv": [0, 0, 2, 1.75], "texture": "#0"},
				"down": {"uv": [0, 0, 2, 1.75], "texture": "#0"}
			}
		},
		{
			"from": [7.25, 6.89602, 1.53834],
			"to": [8.75, 8.64602, 7.28834],
			"rotation": {"angle": 22.5, "axis": "x", "origin": [8, 7.77102, 4.41334]},
			"faces": {
				"north": {"uv": [0, 0, 1.5, 1.75], "rotation": 180, "texture": "#3"},
				"east": {"uv": [0, 0, 1.75, 5.75], "rotation": 90, "texture": "#3"},
				"south": {"uv": [0, 0, 1.5, 1.75], "texture": "#3"},
				"west": {"uv": [0, 0, 1.75, 5.75], "rotation": 270, "texture": "#3"},
				"up": {"uv": [0, 0, 1.5, 5.75], "texture": "#3"},
				"down": {"uv": [0, 0, 1.5, 5.75], "rotation": 180, "texture": "#3"}
			}
		},
		{
			"from": [7.5, 7.92963, -0.65796],
			"to": [8.5, 9.67963, 3.09204],
			"rotation": {"angle": 0, "axis": "x", "origin": [8, 8.80463, -0.78296]},
			"faces": {
				"north": {"uv": [0, 0, 1, 1.75], "rotation": 180, "texture": "#3"},
				"east": {"uv": [0, 0, 1.75, 4.25], "rotation": 90, "texture": "#3"},
				"south": {"uv": [0, 0, 1, 1.75], "texture": "#3"},
				"west": {"uv": [0, 0, 1.75, 4.25], "rotation": 270, "texture": "#3"},
				"up": {"uv": [0, 0, 1, 4.25], "texture": "#3"},
				"down": {"uv": [0, 0, 1, 4.25], "rotation": 180, "texture": "#3"}
			}
		},
		{
			"from": [7.55, 7.72963, -2.15796],
			"to": [8.45, 9.17963, -0.65796],
			"rotation": {"angle": 0, "axis": "x", "origin": [8, 8.80463, -0.78296]},
			"faces": {
				"north": {"uv": [0, 0, 1, 1.75], "rotation": 180, "texture": "#3"},
				"east": {"uv": [0, 0, 1.75, 4.25], "rotation": 90, "texture": "#3"},
				"south": {"uv": [0, 0, 1, 1.75], "texture": "#3"},
				"west": {"uv": [0, 0, 1.75, 4.25], "rotation": 270, "texture": "#3"},
				"up": {"uv": [0, 0, 1, 4.25], "texture": "#3"},
				"down": {"uv": [0, 0, 1, 4.25], "rotation": 180, "texture": "#3"}
			}
		},
		{
			"from": [7.6, 7.17963, -2.85796],
			"to": [8.4, 8.67963, -2.15796],
			"rotation": {"angle": 0, "axis": "x", "origin": [8, 8.80463, -0.78296]},
			"faces": {
				"north": {"uv": [0, 0, 1, 1.75], "rotation": 180, "texture": "#3"},
				"east": {"uv": [0, 0, 1.75, 4.25], "rotation": 90, "texture": "#3"},
				"south": {"uv": [0, 0, 1, 1.75], "texture": "#3"},
				"west": {"uv": [0, 0, 1.75, 4.25], "rotation": 270, "texture": "#3"},
				"up": {"uv": [0, 0, 1, 4.25], "texture": "#3"},
				"down": {"uv": [0, 0, 1, 4.25], "rotation": 180, "texture": "#3"}
			}
		},
		{
			"from": [6, 1.5, 5.75],
			"to": [10, 3, 7],
			"rotation": {"angle": -22.5, "axis": "x", "origin": [17, 8, 14]},
			"faces": {
				"north": {"uv": [0, 0, 4, 1.5], "texture": "#0"},
				"east": {"uv": [0, 0, 1.25, 1.5], "texture": "#0"},
				"south": {"uv": [0, 0, 4, 1.5], "texture": "#0"},
				"west": {"uv": [0, 0, 1.25, 1.5], "texture": "#0"},
				"up": {"uv": [0, 0, 4, 1.25], "texture": "#0"},
				"down": {"uv": [0, 0, 4, 1.25], "texture": "#0"}
			}
		},
		{
			"from": [10, 4, 5],
			"to": [12, 5, 5.5],
			"rotation": {"angle": -22.5, "axis": "x", "origin": [17, 8, 14]},
			"faces": {
				"north": {"uv": [0, 0, 2, 1], "texture": "#0"},
				"east": {"uv": [0, 0, 0.5, 1], "texture": "#0"},
				"south": {"uv": [0, 0, 2, 1], "texture": "#0"},
				"west": {"uv": [0, 0, 0.5, 1], "texture": "#0"},
				"up": {"uv": [0, 0, 2, 0.5], "texture": "#0"},
				"down": {"uv": [0, 0, 2, 0.5], "texture": "#0"}
			}
		},
		{
			"from": [4, 4, 5],
			"to": [6, 5, 5.5],
			"rotation": {"angle": -22.5, "axis": "x", "origin": [-1, 8, 14]},
			"faces": {
				"north": {"uv": [3, 0, 5, 1], "texture": "#0"},
				"east": {"uv": [0.5, 0, 1, 1], "texture": "#0"},
				"south": {"uv": [3, 0, 5, 1], "texture": "#0"},
				"west": {"uv": [0.5, 0, 1, 1], "texture": "#0"},
				"up": {"uv": [3, 0, 5, 0.5], "texture": "#0"},
				"down": {"uv": [3, 0, 5, 0.5], "texture": "#0"}
			}
		},
		{
			"from": [4, 1, 7],
			"to": [12, 3.5, 8],
			"rotation": {"angle": -22.5, "axis": "x", "origin": [17, 8, 14]},
			"faces": {
				"north": {"uv": [0, 0, 8, 2.5], "texture": "#0"},
				"east": {"uv": [0, 0, 1, 2.5], "texture": "#0"},
				"south": {"uv": [0, 0, 8, 2.5], "texture": "#0"},
				"west": {"uv": [0, 0, 1, 2.5], "texture": "#0"},
				"up": {"uv": [0, 0, 8, 1], "texture": "#0"},
				"down": {"uv": [0, 0, 8, 1], "texture": "#0"}
			}
		},
		{
			"from": [6.5, 1.5, 7.5],
			"to": [9.5, 4.5, 9.5],
			"rotation": {"angle": -22.5, "axis": "x", "origin": [17, 8, 14]},
			"faces": {
				"north": {"uv": [0, 0, 3, 3], "texture": "#0"},
				"east": {"uv": [0, 0, 2, 3], "texture": "#0"},
				"south": {"uv": [4, 4, 12.5, 12], "texture": "#4"},
				"west": {"uv": [0, 0, 2, 3], "texture": "#0"},
				"up": {"uv": [4, 4, 12.5, 12], "texture": "#0"},
				"down": {"uv": [0, 0, 3, 2], "texture": "#0"}
			}
		},
		{
			"from": [5.25, 1.25, 7.5],
			"to": [10.75, 1.75, 9],
			"rotation": {"angle": -22.5, "axis": "x", "origin": [17, 8, 14]},
			"faces": {
				"north": {"uv": [0, 0, 5.5, 0.5], "texture": "#2"},
				"east": {"uv": [0, 0, 1.5, 0.5], "texture": "#2"},
				"south": {"uv": [0, 0, 5.5, 0.5], "texture": "#2"},
				"west": {"uv": [0, 0, 1.5, 0.5], "texture": "#2"},
				"up": {"uv": [0, 0, 5.5, 1.5], "texture": "#2"},
				"down": {"uv": [0, 0, 5.5, 1.5], "texture": "#2"}
			}
		},
		{
			"from": [6.25, 1.13273, 8.98111],
			"to": [7.5, 4.13273, 9.98111],
			"rotation": {"angle": -45, "axis": "x", "origin": [7, 3.13273, 9.85611]},
			"faces": {
				"north": {"uv": [0, 0, 1.25, 3], "texture": "#2"},
				"east": {"uv": [0, 0, 1, 3], "texture": "#2"},
				"south": {"uv": [0, 0, 1.25, 3], "texture": "#2"},
				"west": {"uv": [0, 0, 1, 3], "texture": "#2"},
				"up": {"uv": [0, 0, 1.25, 1], "texture": "#2"},
				"down": {"uv": [0, 0, 1.25, 1], "texture": "#2"}
			}
		},
		{
			"from": [8.5, 1.13273, 8.98111],
			"to": [9.75, 4.13273, 9.98111],
			"rotation": {"angle": -45, "axis": "x", "origin": [7, 3.13273, 9.85611]},
			"faces": {
				"north": {"uv": [0, 0, 1.25, 3], "texture": "#2"},
				"east": {"uv": [0, 0, 1, 3], "texture": "#2"},
				"south": {"uv": [0, 0, 1.25, 3], "texture": "#2"},
				"west": {"uv": [0, 0, 1, 3], "texture": "#2"},
				"up": {"uv": [0, 0, 1.25, 1], "texture": "#2"},
				"down": {"uv": [0, 0, 1.25, 1], "texture": "#2"}
			}
		},
		{
			"from": [6, 3.5, 7],
			"to": [10, 5.5, 7.5],
			"rotation": {"angle": -22.5, "axis": "x", "origin": [17, 8, 14]},
			"faces": {
				"north": {"uv": [0, 0, 4, 2], "texture": "#0"},
				"east": {"uv": [0, 0, 0.5, 2], "texture": "#0"},
				"south": {"uv": [0, 0, 4, 2], "texture": "#0"},
				"west": {"uv": [0, 0, 0.5, 2], "texture": "#0"},
				"up": {"uv": [0, 0, 4, 0.5], "texture": "#0"},
				"down": {"uv": [0, 0, 4, 0.5], "texture": "#0"}
			}
		},
		{
			"from": [7.5, 5.5, 7],
			"to": [8.5, 7.5, 7.5],
			"rotation": {"angle": -22.5, "axis": "x", "origin": [17, 8, 14]},
			"faces": {
				"north": {"uv": [0, 0, 1, 2], "texture": "#0"},
				"east": {"uv": [0, 0, 0.5, 2], "texture": "#0"},
				"south": {"uv": [0, 0, 1, 2], "texture": "#0"},
				"west": {"uv": [0, 0, 0.5, 2], "texture": "#0"},
				"up": {"uv": [0, 0, 1, 0.5], "texture": "#0"},
				"down": {"uv": [0, 0, 1, 0.5], "texture": "#0"}
			}
		},
		{
			"from": [3, 2.5, 5.5],
			"to": [6, 6.25, 7],
			"rotation": {"angle": -22.5, "axis": "x", "origin": [17, 8, 14]},
			"faces": {
				"north": {"uv": [0, 0, 3, 3.75], "texture": "#1"},
				"east": {"uv": [0, 0, 1.5, 3.75], "texture": "#1"},
				"south": {"uv": [0, 0, 3, 3.75], "texture": "#1"},
				"west": {"uv": [0, 0, 1.5, 3.75], "texture": "#1"},
				"up": {"uv": [0, 0, 3, 1.5], "texture": "#1"},
				"down": {"uv": [0, 0, 3, 1.5], "texture": "#1"}
			}
		},
		{
			"from": [10, 2.5, 5.5],
			"to": [13, 6.25, 7],
			"rotation": {"angle": -22.5, "axis": "x", "origin": [25, 8, 14]},
			"faces": {
				"north": {"uv": [0, 0, 3, 3.75], "texture": "#1"},
				"east": {"uv": [0, 0, 1.5, 3.75], "texture": "#1"},
				"south": {"uv": [0, 0, 3, 3.75], "texture": "#1"},
				"west": {"uv": [0, 0, 1.5, 3.75], "texture": "#1"},
				"up": {"uv": [0, 0, 3, 1.5], "texture": "#1"},
				"down": {"uv": [0, 0, 3, 1.5], "texture": "#1"}
			}
		},
		{
			"from": [12, 2, 4.5],
			"to": [14, 5.75, 7.5],
			"rotation": {"angle": -22.5, "axis": "x", "origin": [25, 8, 14]},
			"faces": {
				"north": {"uv": [0, 0, 2, 3.75], "texture": "#2"},
				"east": {"uv": [0, 0, 3, 3.75], "texture": "#2"},
				"south": {"uv": [0, 0, 2, 3.75], "texture": "#2"},
				"west": {"uv": [0, 0, 3, 3.75], "texture": "#2"},
				"up": {"uv": [0, 0, 2, 3], "texture": "#2"},
				"down": {"uv": [0, 0, 2, 3], "texture": "#2"}
			}
		},
		{
			"from": [0.25, 0, 4],
			"to": [2, 2, 7.75],
			"rotation": {"angle": 22.5, "axis": "y", "origin": [1.61558, 1, 4.25314]},
			"faces": {
				"north": {"uv": [1, 0, 2.75, 2], "texture": "#0"},
				"east": {"uv": [1.5, 0, 5.25, 2], "texture": "#0"},
				"south": {"uv": [1, 0, 2.75, 2], "texture": "#0"},
				"west": {"uv": [1.5, 0, 5.25, 2], "texture": "#0"},
				"up": {"uv": [1, 0, 2.75, 3.75], "texture": "#0"},
				"down": {"uv": [1, 0, 2.75, 3.75], "texture": "#0"}
			}
		},
		{
			"from": [14, 0, 4],
			"to": [15.75, 2, 7.75],
			"rotation": {"angle": -22.5, "axis": "y", "origin": [14.38442, 1, 4.25314]},
			"faces": {
				"north": {"uv": [2.75, 0, 1, 2], "texture": "#0"},
				"east": {"uv": [5.25, 0, 1.5, 2], "texture": "#0"},
				"south": {"uv": [2.75, 0, 1, 2], "texture": "#0"},
				"west": {"uv": [5.25, 0, 1.5, 2], "texture": "#0"},
				"up": {"uv": [2.75, 0, 1, 3.75], "texture": "#0"},
				"down": {"uv": [2.75, 0, 1, 3.75], "texture": "#0"}
			}
		},
		{
			"from": [0.086, 0.25, 0.6709],
			"to": [1.836, 1.75, 5.4209],
			"rotation": {"angle": 0, "axis": "y", "origin": [1.18641, 1, 0.93921]},
			"faces": {
				"north": {"uv": [1, 0, 2.75, 1.5], "texture": "#3"},
				"east": {"uv": [1.5, 0, 6.25, 1.5], "texture": "#3"},
				"south": {"uv": [1, 0, 2.75, 1.5], "texture": "#3"},
				"west": {"uv": [1.5, 0, 6.25, 1.5], "texture": "#3"},
				"up": {"uv": [1, 0, 2.75, 4.75], "texture": "#3"},
				"down": {"uv": [1, 0, 2.75, 4.75], "texture": "#3"}
			}
		},
		{
			"from": [14.164, 0.25, 0.6709],
			"to": [15.914, 1.75, 5.4209],
			"rotation": {"angle": 0, "axis": "y", "origin": [14.81359, 1, 0.93921]},
			"faces": {
				"north": {"uv": [2.75, 0, 4.5, 1.5], "texture": "#3"},
				"east": {"uv": [7.25, 0, 12, 1.5], "texture": "#3"},
				"south": {"uv": [2.75, 0, 4.5, 1.5], "texture": "#3"},
				"west": {"uv": [7.25, 0, 12, 1.5], "texture": "#3"},
				"up": {"uv": [2.75, 0, 4.5, 4.75], "texture": "#3"},
				"down": {"uv": [2.75, 0, 4.5, 4.75], "texture": "#3"}
			}
		},
		{
			"from": [0.48191, 0.5, 0.08749],
			"to": [3.98191, 1.5, 1.83749],
			"rotation": {"angle": 45, "axis": "y", "origin": [1.18641, 1, 1.93921]},
			"faces": {
				"north": {"uv": [1.5, 0, 5, 1], "texture": "#3"},
				"east": {"uv": [1, 0, 2.75, 1], "texture": "#3"},
				"south": {"uv": [1.5, 0, 5, 1], "texture": "#3"},
				"west": {"uv": [1, 0, 2.75, 1], "texture": "#3"},
				"up": {"uv": [1, 0, 2.75, 3.5], "rotation": 90, "texture": "#3"},
				"down": {"uv": [1, 0, 2.75, 3.5], "rotation": 270, "texture": "#3"}
			}
		},
		{
			"from": [12.01809, 0.5, 0.08749],
			"to": [15.51809, 1.5, 1.83749],
			"rotation": {"angle": -45, "axis": "y", "origin": [14.81359, 1, 1.93921]},
			"faces": {
				"north": {"uv": [5.5, 0, 9, 1], "texture": "#3"},
				"east": {"uv": [2.75, 0, 4.5, 1], "texture": "#3"},
				"south": {"uv": [5.5, 0, 9, 1], "texture": "#3"},
				"west": {"uv": [2.75, 0, 4.5, 1], "texture": "#3"},
				"up": {"uv": [1, 4, 2.75, 7.5], "rotation": 90, "texture": "#3"},
				"down": {"uv": [1, 4, 2.75, 7.5], "rotation": 270, "texture": "#3"}
			}
		},
		{
			"from": [10.56809, 0.55, 0.18749],
			"to": [12.01809, 1.45, 1.38749],
			"rotation": {"angle": -45, "axis": "y", "origin": [14.81359, 1, 1.93921]},
			"faces": {
				"north": {"uv": [5.5, 0, 6.95, 0.9], "texture": "#3"},
				"east": {"uv": [2.75, 0, 3.95, 0.9], "texture": "#3"},
				"south": {"uv": [5.5, 0, 6.95, 0.9], "texture": "#3"},
				"west": {"uv": [2.75, 0, 3.95, 0.9], "texture": "#3"},
				"up": {"uv": [1, 4, 2.2, 5.45], "rotation": 90, "texture": "#3"},
				"down": {"uv": [1, 4, 2.2, 5.45], "rotation": 270, "texture": "#3"}
			}
		},
		{
			"from": [3.98191, 0.55, 0.18749],
			"to": [5.43191, 1.45, 1.38749],
			"rotation": {"angle": 45, "axis": "y", "origin": [1.18641, 1, 1.93921]},
			"faces": {
				"north": {"uv": [6.45, 0, 7.9, 0.9], "texture": "#3"},
				"east": {"uv": [3.95, 0, 5.15, 0.9], "texture": "#3"},
				"south": {"uv": [6.45, 0, 7.9, 0.9], "texture": "#3"},
				"west": {"uv": [3.95, 0, 5.15, 0.9], "texture": "#3"},
				"up": {"uv": [1, 4.95, 2.2, 6.4], "rotation": 90, "texture": "#3"},
				"down": {"uv": [1, 4.95, 2.2, 6.4], "rotation": 270, "texture": "#3"}
			}
		},
		{
			"from": [11.62669, 0.6, -2.54111],
			"to": [13.02669, 1.4, -1.74111],
			"rotation": {"angle": -22.5, "axis": "y", "origin": [12.20169, 1, -2.26611]},
			"faces": {
				"north": {"uv": [5.5, 0, 6.9, 0.8], "texture": "#3"},
				"east": {"uv": [2.75, 0, 3.55, 0.8], "texture": "#3"},
				"south": {"uv": [5.5, 0, 6.9, 0.8], "texture": "#3"},
				"west": {"uv": [2.75, 0, 3.55, 0.8], "texture": "#3"},
				"up": {"uv": [1, 4, 1.8, 5.4], "rotation": 90, "texture": "#3"},
				"down": {"uv": [1, 4, 1.8, 5.4], "rotation": 270, "texture": "#3"}
			}
		},
		{
			"from": [2.97331, 0.6, -2.54111],
			"to": [4.37331, 1.4, -1.74111],
			"rotation": {"angle": 22.5, "axis": "y", "origin": [3.79831, 1, -2.26611]},
			"faces": {
				"north": {"uv": [6.9, 0, 8.3, 0.8], "texture": "#3"},
				"east": {"uv": [3.55, 0, 4.35, 0.8], "texture": "#3"},
				"south": {"uv": [6.9, 0, 8.3, 0.8], "texture": "#3"},
				"west": {"uv": [3.55, 0, 4.35, 0.8], "texture": "#3"},
				"up": {"uv": [1, 5.4, 1.8, 6.8], "rotation": 90, "texture": "#3"},
				"down": {"uv": [1, 5.4, 1.8, 6.8], "rotation": 270, "texture": "#3"}
			}
		},
		{
			"from": [2, 2, 4.5],
			"to": [4, 5.75, 7.5],
			"rotation": {"angle": -22.5, "axis": "x", "origin": [-9, 8, 14]},
			"faces": {
				"north": {"uv": [1, 0, 3, 3.75], "texture": "#2"},
				"east": {"uv": [1.5, 0, 4.5, 3.75], "texture": "#2"},
				"south": {"uv": [1, 0, 3, 3.75], "texture": "#2"},
				"west": {"uv": [1.5, 0, 4.5, 3.75], "texture": "#2"},
				"up": {"uv": [1, 0, 3, 3], "texture": "#2"},
				"down": {"uv": [1, 0, 3, 3], "texture": "#2"}
			}
		}
	],
	"display": {
		"thirdperson_righthand": {
			"translation": [0, 6, 0]
		},
		"thirdperson_lefthand": {
			"translation": [0, 6, 0]
		},
		"firstperson_righthand": {
			"translation": [0, 7.25, 0]
		},
		"firstperson_lefthand": {
			"translation": [0, 7.25, 0]
		},
		"ground": {
			"translation": [0, 6.25, 0]
		},
		"gui": {
			"rotation": [31, 57, 0],
			"translation": [3.25, 2.75, 0]
		},
		"head": {
			"translation": [0, 8, 4.5],
			"scale": [1.5, 1.5, 1.5]
		},
		"fixed": {
			"translation": [0, 6.25, -0.5]
		}
	}
}