{
	"credit": "Made by MILENARY",
	"textures": {
		"0": "block/green_gun_1",
		"1": "block/green_gun_2",
		"2": "block/green_gun_3",
		"3": "block/red_gun_1",
		"4": "block/green_skill_2",
		"particle": "block/green_gun_1"
	},
	"elements": [
		{
			"from": [6, 3, 4.75],
			"to": [10, 7, 7],
			"rotation": {"angle": -22.5, "axis": "x", "origin": [17, 8, 14]},
			"faces": {
				"north": {"uv": [0, 0, 4, 4], "texture": "#1"},
				"east": {"uv": [0, 0, 2.25, 4], "texture": "#1"},
				"south": {"uv": [0, 0, 4, 4], "texture": "#1"},
				"west": {"uv": [0, 0, 2.25, 4], "texture": "#1"},
				"up": {"uv": [0, 0, 4, 2.25], "texture": "#1"},
				"down": {"uv": [0, 0, 4, 2.25], "texture": "#1"}
			}
		},
		{
			"from": [7, -0.25627, 3.653],
			"to": [9, 3.49373, 5.403],
			"rotation": {"angle": -45, "axis": "x", "origin": [8, 5.25094, 0.87081]},
			"faces": {
				"north": {"uv": [0, 0, 2, 3.75], "texture": "#0"},
				"east": {"uv": [0, 0, 1.75, 3.75], "texture": "#0"},
				"south": {"uv": [0, 0, 2, 3.75], "texture": "#0"},
				"west": {"uv": [0, 0, 1.75, 3.75], "texture": "#0"},
				"up": {"uv": [0, 0, 2, 1.75], "texture": "#0"},
				"down": {"uv": [0, 0, 2, 1.75], "texture": "#0"}
			}
		},
		{
			"from": [7.25, 5.46315, 0.56809],
			"to": [8.75, 7.21315, 6.31809],
			"rotation": {"angle": 0, "axis": "x", "origin": [8, 5.24652, -0.41779]},
			"faces": {
				"north": {"uv": [0, 0, 1.5, 1.75], "rotation": 180, "texture": "#3"},
				"east": {"uv": [0, 0, 1.75, 5.75], "rotation": 90, "texture": "#3"},
				"south": {"uv": [0, 0, 1.5, 1.75], "texture": "#3"},
				"west": {"uv": [0, 0, 1.75, 5.75], "rotation": 270, "texture": "#3"},
				"up": {"uv": [0, 0, 1.5, 5.75], "texture": "#3"},
				"down": {"uv": [0, 0, 1.5, 5.75], "rotation": 180, "texture": "#3"}
			}
		},
		{
			"from": [7.5, 4.68617, -0.75436],
			"to": [8.5, 6.43617, 2.99564],
			"rotation": {"angle": -45, "axis": "x", "origin": [8, 4.99652, 0.33221]},
			"faces": {
				"north": {"uv": [0, 0, 1, 1.75], "rotation": 180, "texture": "#3"},
				"east": {"uv": [0, 0, 1.75, 4.25], "rotation": 90, "texture": "#3"},
				"south": {"uv": [0, 0, 1, 1.75], "texture": "#3"},
				"west": {"uv": [0, 0, 1.75, 4.25], "rotation": 270, "texture": "#3"},
				"up": {"uv": [0, 0, 1, 4.25], "texture": "#3"},
				"down": {"uv": [0, 0, 1, 4.25], "rotation": 180, "texture": "#3"}
			}
		},
		{
			"from": [7.55, 4.48617, -2.25436],
			"to": [8.45, 5.93617, -0.75436],
			"rotation": {"angle": -45, "axis": "x", "origin": [8, 4.99652, 0.33221]},
			"faces": {
				"north": {"uv": [0, 0, 1, 1.75], "rotation": 180, "texture": "#3"},
				"east": {"uv": [0, 0, 1.75, 4.25], "rotation": 90, "texture": "#3"},
				"south": {"uv": [0, 0, 1, 1.75], "texture": "#3"},
				"west": {"uv": [0, 0, 1.75, 4.25], "rotation": 270, "texture": "#3"},
				"up": {"uv": [0, 0, 1, 4.25], "texture": "#3"},
				"down": {"uv": [0, 0, 1, 4.25], "rotation": 180, "texture": "#3"}
			}
		},
		{
			"from": [7.6, 3.93617, -2.95436],
			"to": [8.4, 5.43617, -2.25436],
			"rotation": {"angle": -45, "axis": "x", "origin": [8, 4.99652, 0.33221]},
			"faces": {
				"north": {"uv": [0, 0, 1, 1.75], "rotation": 180, "texture": "#3"},
				"east": {"uv": [0, 0, 1.75, 4.25], "rotation": 90, "texture": "#3"},
				"south": {"uv": [0, 0, 1, 1.75], "texture": "#3"},
				"west": {"uv": [0, 0, 1.75, 4.25], "rotation": 270, "texture": "#3"},
				"up": {"uv": [0, 0, 1, 4.25], "texture": "#3"},
				"down": {"uv": [0, 0, 1, 4.25], "rotation": 180, "texture": "#3"}
			}
		},
		{
			"from": [6, 1.5, 5.75],
			"to": [10, 3, 7],
			"rotation": {"angle": -22.5, "axis": "x", "origin": [17, 8, 14]},
			"faces": {
				"north": {"uv": [0, 0, 4, 1.5], "texture": "#0"},
				"east": {"uv": [0, 0, 1.25, 1.5], "texture": "#0"},
				"south": {"uv": [0, 0, 4, 1.5], "texture": "#0"},
				"west": {"uv": [0, 0, 1.25, 1.5], "texture": "#0"},
				"up": {"uv": [0, 0, 4, 1.25], "texture": "#0"},
				"down": {"uv": [0, 0, 4, 1.25], "texture": "#0"}
			}
		},
		{
			"from": [10, 4, 5],
			"to": [12, 5, 5.5],
			"rotation": {"angle": -22.5, "axis": "x", "origin": [17, 8, 14]},
			"faces": {
				"north": {"uv": [0, 0, 2, 1], "texture": "#0"},
				"east": {"uv": [0, 0, 0.5, 1], "texture": "#0"},
				"south": {"uv": [0, 0, 2, 1], "texture": "#0"},
				"west": {"uv": [0, 0, 0.5, 1], "texture": "#0"},
				"up": {"uv": [0, 0, 2, 0.5], "texture": "#0"},
				"down": {"uv": [0, 0, 2, 0.5], "texture": "#0"}
			}
		},
		{
			"from": [4, 4, 5],
			"to": [6, 5, 5.5],
			"rotation": {"angle": -22.5, "axis": "x", "origin": [-1, 8, 14]},
			"faces": {
				"north": {"uv": [3, 0, 5, 1], "texture": "#0"},
				"east": {"uv": [0.5, 0, 1, 1], "texture": "#0"},
				"south": {"uv": [3, 0, 5, 1], "texture": "#0"},
				"west": {"uv": [0.5, 0, 1, 1], "texture": "#0"},
				"up": {"uv": [3, 0, 5, 0.5], "texture": "#0"},
				"down": {"uv": [3, 0, 5, 0.5], "texture": "#0"}
			}
		},
		{
			"from": [4, 1, 7],
			"to": [12, 3.5, 8],
			"rotation": {"angle": -22.5, "axis": "x", "origin": [17, 8, 14]},
			"faces": {
				"north": {"uv": [0, 0, 8, 2.5], "texture": "#0"},
				"east": {"uv": [0, 0, 1, 2.5], "texture": "#0"},
				"south": {"uv": [0, 0, 8, 2.5], "texture": "#0"},
				"west": {"uv": [0, 0, 1, 2.5], "texture": "#0"},
				"up": {"uv": [0, 0, 8, 1], "texture": "#0"},
				"down": {"uv": [0, 0, 8, 1], "texture": "#0"}
			}
		},
		{
			"from": [6.5, 1.5, 7.5],
			"to": [9.5, 4.5, 9.5],
			"rotation": {"angle": -22.5, "axis": "x", "origin": [17, 8, 14]},
			"faces": {
				"north": {"uv": [0, 0, 3, 3], "texture": "#0"},
				"east": {"uv": [0, 0, 2, 3], "texture": "#0"},
				"south": {"uv": [4, 4, 12.5, 12], "texture": "#4"},
				"west": {"uv": [0, 0, 2, 3], "texture": "#0"},
				"up": {"uv": [4, 4, 12.5, 12], "texture": "#0"},
				"down": {"uv": [0, 0, 3, 2], "texture": "#0"}
			}
		},
		{
			"from": [5.25, 1.25, 7.5],
			"to": [10.75, 1.75, 9],
			"rotation": {"angle": -22.5, "axis": "x", "origin": [17, 8, 14]},
			"faces": {
				"north": {"uv": [0, 0, 5.5, 0.5], "texture": "#2"},
				"east": {"uv": [0, 0, 1.5, 0.5], "texture": "#2"},
				"south": {"uv": [0, 0, 5.5, 0.5], "texture": "#2"},
				"west": {"uv": [0, 0, 1.5, 0.5], "texture": "#2"},
				"up": {"uv": [0, 0, 5.5, 1.5], "texture": "#2"},
				"down": {"uv": [0, 0, 5.5, 1.5], "texture": "#2"}
			}
		},
		{
			"from": [6.25, 1.13273, 8.98111],
			"to": [7.5, 4.13273, 9.98111],
			"rotation": {"angle": -45, "axis": "x", "origin": [7, 3.13273, 9.85611]},
			"faces": {
				"north": {"uv": [0, 0, 1.25, 3], "texture": "#2"},
				"east": {"uv": [0, 0, 1, 3], "texture": "#2"},
				"south": {"uv": [0, 0, 1.25, 3], "texture": "#2"},
				"west": {"uv": [0, 0, 1, 3], "texture": "#2"},
				"up": {"uv": [0, 0, 1.25, 1], "texture": "#2"},
				"down": {"uv": [0, 0, 1.25, 1], "texture": "#2"}
			}
		},
		{
			"from": [8.5, 1.13273, 8.98111],
			"to": [9.75, 4.13273, 9.98111],
			"rotation": {"angle": -45, "axis": "x", "origin": [7, 3.13273, 9.85611]},
			"faces": {
				"north": {"uv": [0, 0, 1.25, 3], "texture": "#2"},
				"east": {"uv": [0, 0, 1, 3], "texture": "#2"},
				"south": {"uv": [0, 0, 1.25, 3], "texture": "#2"},
				"west": {"uv": [0, 0, 1, 3], "texture": "#2"},
				"up": {"uv": [0, 0, 1.25, 1], "texture": "#2"},
				"down": {"uv": [0, 0, 1.25, 1], "texture": "#2"}
			}
		},
		{
			"from": [6, 3.5, 7],
			"to": [10, 5.5, 7.5],
			"rotation": {"angle": -22.5, "axis": "x", "origin": [17, 8, 14]},
			"faces": {
				"north": {"uv": [0, 0, 4, 2], "texture": "#0"},
				"east": {"uv": [0, 0, 0.5, 2], "texture": "#0"},
				"south": {"uv": [0, 0, 4, 2], "texture": "#0"},
				"west": {"uv": [0, 0, 0.5, 2], "texture": "#0"},
				"up": {"uv": [0, 0, 4, 0.5], "texture": "#0"},
				"down": {"uv": [0, 0, 4, 0.5], "texture": "#0"}
			}
		},
		{
			"from": [7.5, 5.5, 7],
			"to": [8.5, 7.5, 7.5],
			"rotation": {"angle": -22.5, "axis": "x", "origin": [17, 8, 14]},
			"faces": {
				"north": {"uv": [0, 0, 1, 2], "texture": "#0"},
				"east": {"uv": [0, 0, 0.5, 2], "texture": "#0"},
				"south": {"uv": [0, 0, 1, 2], "texture": "#0"},
				"west": {"uv": [0, 0, 0.5, 2], "texture": "#0"},
				"up": {"uv": [0, 0, 1, 0.5], "texture": "#0"},
				"down": {"uv": [0, 0, 1, 0.5], "texture": "#0"}
			}
		},
		{
			"from": [3, 2.5, 5.5],
			"to": [6, 6.25, 7],
			"rotation": {"angle": -22.5, "axis": "x", "origin": [17, 8, 14]},
			"faces": {
				"north": {"uv": [0, 0, 3, 3.75], "texture": "#1"},
				"east": {"uv": [0, 0, 1.5, 3.75], "texture": "#1"},
				"south": {"uv": [0, 0, 3, 3.75], "texture": "#1"},
				"west": {"uv": [0, 0, 1.5, 3.75], "texture": "#1"},
				"up": {"uv": [0, 0, 3, 1.5], "texture": "#1"},
				"down": {"uv": [0, 0, 3, 1.5], "texture": "#1"}
			}
		},
		{
			"from": [10, 2.5, 5.5],
			"to": [13, 6.25, 7],
			"rotation": {"angle": -22.5, "axis": "x", "origin": [25, 8, 14]},
			"faces": {
				"north": {"uv": [0, 0, 3, 3.75], "texture": "#1"},
				"east": {"uv": [0, 0, 1.5, 3.75], "texture": "#1"},
				"south": {"uv": [0, 0, 3, 3.75], "texture": "#1"},
				"west": {"uv": [0, 0, 1.5, 3.75], "texture": "#1"},
				"up": {"uv": [0, 0, 3, 1.5], "texture": "#1"},
				"down": {"uv": [0, 0, 3, 1.5], "texture": "#1"}
			}
		},
		{
			"from": [12, 2, 4.5],
			"to": [14, 5.75, 7.5],
			"rotation": {"angle": -22.5, "axis": "x", "origin": [25, 8, 14]},
			"faces": {
				"north": {"uv": [0, 0, 2, 3.75], "texture": "#2"},
				"east": {"uv": [0, 0, 3, 3.75], "texture": "#2"},
				"south": {"uv": [0, 0, 2, 3.75], "texture": "#2"},
				"west": {"uv": [0, 0, 3, 3.75], "texture": "#2"},
				"up": {"uv": [0, 0, 2, 3], "texture": "#2"},
				"down": {"uv": [0, 0, 2, 3], "texture": "#2"}
			}
		},
		{
			"from": [1.1926, 0, 3.91364],
			"to": [2.9426, 2, 7.66364],
			"rotation": {"angle": 0, "axis": "y", "origin": [5.06422, 1, 2.55543]},
			"faces": {
				"north": {"uv": [1, 0, 2.75, 2], "texture": "#0"},
				"east": {"uv": [1.5, 0, 5.25, 2], "texture": "#0"},
				"south": {"uv": [1, 0, 2.75, 2], "texture": "#0"},
				"west": {"uv": [1.5, 0, 5.25, 2], "texture": "#0"},
				"up": {"uv": [1, 0, 2.75, 3.75], "texture": "#0"},
				"down": {"uv": [1, 0, 2.75, 3.75], "texture": "#0"}
			}
		},
		{
			"from": [13.0574, 0, 3.91364],
			"to": [14.8074, 2, 7.66364],
			"rotation": {"angle": 0, "axis": "y", "origin": [10.93578, 1, 2.55543]},
			"faces": {
				"north": {"uv": [2.75, 0, 1, 2], "texture": "#0"},
				"east": {"uv": [5.25, 0, 1.5, 2], "texture": "#0"},
				"south": {"uv": [2.75, 0, 1, 2], "texture": "#0"},
				"west": {"uv": [5.25, 0, 1.5, 2], "texture": "#0"},
				"up": {"uv": [2.75, 0, 1, 3.75], "texture": "#0"},
				"down": {"uv": [2.75, 0, 1, 3.75], "texture": "#0"}
			}
		},
		{
			"from": [2.20235, 0.25, 0.89606],
			"to": [3.95235, 1.75, 5.64606],
			"rotation": {"angle": -22.5, "axis": "y", "origin": [4.31338, 1, 0.24713]},
			"faces": {
				"north": {"uv": [1, 0, 2.75, 1.5], "texture": "#3"},
				"east": {"uv": [1.5, 0, 6.25, 1.5], "texture": "#3"},
				"south": {"uv": [1, 0, 2.75, 1.5], "texture": "#3"},
				"west": {"uv": [1.5, 0, 6.25, 1.5], "texture": "#3"},
				"up": {"uv": [1, 0, 2.75, 4.75], "texture": "#3"},
				"down": {"uv": [1, 0, 2.75, 4.75], "texture": "#3"}
			}
		},
		{
			"from": [12.04765, 0.25, 0.89606],
			"to": [13.79765, 1.75, 5.64606],
			"rotation": {"angle": 22.5, "axis": "y", "origin": [11.68662, 1, 0.24713]},
			"faces": {
				"north": {"uv": [2.75, 0, 1, 1.5], "texture": "#3"},
				"east": {"uv": [6.25, 0, 1.5, 1.5], "texture": "#3"},
				"south": {"uv": [2.75, 0, 1, 1.5], "texture": "#3"},
				"west": {"uv": [6.25, 0, 1.5, 1.5], "texture": "#3"},
				"up": {"uv": [2.75, 0, 1, 4.75], "texture": "#3"},
				"down": {"uv": [2.75, 0, 1, 4.75], "texture": "#3"}
			}
		},
		{
			"from": [1.53857, 0.5, -0.9635],
			"to": [5.03857, 1.5, 0.7865],
			"rotation": {"angle": 22.5, "axis": "y", "origin": [4.31338, 1, 0.24713]},
			"faces": {
				"north": {"uv": [1.5, 0, 5, 1], "texture": "#3"},
				"east": {"uv": [1, 0, 2.75, 1], "texture": "#3"},
				"south": {"uv": [1.5, 0, 5, 1], "texture": "#3"},
				"west": {"uv": [1, 0, 2.75, 1], "texture": "#3"},
				"up": {"uv": [1, 0, 2.75, 3.5], "rotation": 90, "texture": "#3"},
				"down": {"uv": [1, 0, 2.75, 3.5], "rotation": 270, "texture": "#3"}
			}
		},
		{
			"from": [10.96143, 0.5, -0.9635],
			"to": [14.46143, 1.5, 0.7865],
			"rotation": {"angle": -22.5, "axis": "y", "origin": [11.68662, 1, 0.24713]},
			"faces": {
				"north": {"uv": [5, 0, 1.5, 1], "texture": "#3"},
				"east": {"uv": [2.75, 0, 1, 1], "texture": "#3"},
				"south": {"uv": [5, 0, 1.5, 1], "texture": "#3"},
				"west": {"uv": [2.75, 0, 1, 1], "texture": "#3"},
				"up": {"uv": [1, 3.5, 2.75, 0], "rotation": 90, "texture": "#3"},
				"down": {"uv": [1, 3.5, 2.75, 0], "rotation": 270, "texture": "#3"}
			}
		},
		{
			"from": [5.03857, 0.55, -0.8635],
			"to": [6.48857, 1.45, 0.3365],
			"rotation": {"angle": 22.5, "axis": "y", "origin": [4.31338, 1, 0.24713]},
			"faces": {
				"north": {"uv": [6.45, 0, 7.9, 0.9], "texture": "#3"},
				"east": {"uv": [3.95, 0, 5.15, 0.9], "texture": "#3"},
				"south": {"uv": [6.45, 0, 7.9, 0.9], "texture": "#3"},
				"west": {"uv": [3.95, 0, 5.15, 0.9], "texture": "#3"},
				"up": {"uv": [1, 4.95, 2.2, 6.4], "rotation": 90, "texture": "#3"},
				"down": {"uv": [1, 4.95, 2.2, 6.4], "rotation": 270, "texture": "#3"}
			}
		},
		{
			"from": [9.51143, 0.55, -0.8635],
			"to": [10.96143, 1.45, 0.3365],
			"rotation": {"angle": -22.5, "axis": "y", "origin": [11.68662, 1, 0.24713]},
			"faces": {
				"north": {"uv": [7.9, 0, 6.45, 0.9], "texture": "#3"},
				"east": {"uv": [5.15, 0, 3.95, 0.9], "texture": "#3"},
				"south": {"uv": [7.9, 0, 6.45, 0.9], "texture": "#3"},
				"west": {"uv": [5.15, 0, 3.95, 0.9], "texture": "#3"},
				"up": {"uv": [1, 6.4, 2.2, 4.95], "rotation": 90, "texture": "#3"},
				"down": {"uv": [1, 6.4, 2.2, 4.95], "rotation": 270, "texture": "#3"}
			}
		},
		{
			"from": [5.84338, 0.6, -1.52899],
			"to": [7.24338, 1.4, -0.72899],
			"rotation": {"angle": 0, "axis": "y", "origin": [4.31338, 1, 0.24713]},
			"faces": {
				"north": {"uv": [6.9, 0, 8.3, 0.8], "texture": "#3"},
				"east": {"uv": [3.55, 0, 4.35, 0.8], "texture": "#3"},
				"south": {"uv": [6.9, 0, 8.3, 0.8], "texture": "#3"},
				"west": {"uv": [3.55, 0, 4.35, 0.8], "texture": "#3"},
				"up": {"uv": [1, 5.4, 1.8, 6.8], "rotation": 90, "texture": "#3"},
				"down": {"uv": [1, 5.4, 1.8, 6.8], "rotation": 270, "texture": "#3"}
			}
		},
		{
			"from": [8.75662, 0.6, -1.52899],
			"to": [10.15662, 1.4, -0.72899],
			"rotation": {"angle": 0, "axis": "y", "origin": [11.68662, 1, 0.24713]},
			"faces": {
				"north": {"uv": [8.3, 0, 6.9, 0.8], "texture": "#3"},
				"east": {"uv": [4.35, 0, 3.55, 0.8], "texture": "#3"},
				"south": {"uv": [8.3, 0, 6.9, 0.8], "texture": "#3"},
				"west": {"uv": [4.35, 0, 3.55, 0.8], "texture": "#3"},
				"up": {"uv": [1, 6.8, 1.8, 5.4], "rotation": 90, "texture": "#3"},
				"down": {"uv": [1, 6.8, 1.8, 5.4], "rotation": 270, "texture": "#3"}
			}
		},
		{
			"from": [2, 2, 4.5],
			"to": [4, 5.75, 7.5],
			"rotation": {"angle": -22.5, "axis": "x", "origin": [-9, 8, 14]},
			"faces": {
				"north": {"uv": [1, 0, 3, 3.75], "texture": "#2"},
				"east": {"uv": [1.5, 0, 4.5, 3.75], "texture": "#2"},
				"south": {"uv": [1, 0, 3, 3.75], "texture": "#2"},
				"west": {"uv": [1.5, 0, 4.5, 3.75], "texture": "#2"},
				"up": {"uv": [1, 0, 3, 3], "texture": "#2"},
				"down": {"uv": [1, 0, 3, 3], "texture": "#2"}
			}
		}
	],
	"display": {
		"thirdperson_righthand": {
			"translation": [0, 6, 0]
		},
		"thirdperson_lefthand": {
			"translation": [0, 6, 0]
		},
		"firstperson_righthand": {
			"translation": [0, 7.25, 0]
		},
		"firstperson_lefthand": {
			"translation": [0, 7.25, 0]
		},
		"ground": {
			"translation": [0, 6.25, 0]
		},
		"gui": {
			"rotation": [31, 57, 0],
			"translation": [3.25, 2.75, 0]
		},
		"head": {
			"translation": [0, 8, 4.5],
			"scale": [1.5, 1.5, 1.5]
		},
		"fixed": {
			"translation": [0, 6.25, -0.5]
		}
	}
}