{
	"credit": "Made by MILENARY",
	"texture_size": [8, 8],
	"textures": {
		"3": "block/gun_7"
	},
	"elements": [
		{
			"from": [7.5, 0.6, 8.25],
			"to": [8.5, 1.25, 10.25],
			"faces": {
				"east": {"uv": [9.5, 11.5, 13.5, 13], "texture": "#3"},
				"south": {"uv": [12, 11.5, 14, 13], "texture": "#3"},
				"west": {"uv": [9.5, 11.5, 13.5, 13], "texture": "#3"},
				"up": {"uv": [0, 0, 1, 7], "texture": "#3"},
				"down": {"uv": [9.5, 13, 11.5, 13.5], "texture": "#3"}
			}
		},
		{
			"from": [7.5, 0.95794, 6.70049],
			"to": [8.5, 1.60794, 8.45049],
			"rotation": {"angle": 22.5, "axis": "x", "origin": [8, 1.28294, 7.45049]},
			"faces": {
				"east": {"uv": [10.5, 11.5, 14, 13], "texture": "#3"},
				"west": {"uv": [9.5, 11.5, 13, 13], "texture": "#3"},
				"down": {"uv": [9.5, 13, 11.5, 13.5], "texture": "#3"}
			}
		},
		{
			"from": [7.4, 1.25, 6.5],
			"to": [8.65, 2, 10],
			"rotation": {"angle": 0, "axis": "y", "origin": [8, 9.25, 8]},
			"faces": {
				"north": {"uv": [7, 6, 9.5, 7.5], "texture": "#3"},
				"east": {"uv": [9, 3.5, 16, 5], "texture": "#3"},
				"south": {"uv": [7, 6, 9.5, 7.5], "texture": "#3"},
				"west": {"uv": [9, 3.5, 16, 5], "texture": "#3"},
				"up": {"uv": [9, 7.5, 16, 10], "rotation": 90, "texture": "#3"},
				"down": {"uv": [11, 7.5, 14.5, 8], "rotation": 90, "texture": "#3"}
			}
		},
		{
			"from": [7.55, -0.55, 13.5],
			"to": [8.45, 1.95, 14.75],
			"rotation": {"angle": -22.5, "axis": "x", "origin": [8, 0.2, 14.25]},
			"faces": {
				"north": {"uv": [0, 13.5, 5, 14], "rotation": 90, "texture": "#3"},
				"east": {"uv": [0, 13.5, 5, 16], "rotation": 90, "texture": "#3"},
				"south": {"uv": [0, 13.5, 5, 14], "rotation": 90, "texture": "#3"},
				"west": {"uv": [0, 13.5, 5, 16], "rotation": 90, "texture": "#3"},
				"down": {"uv": [4.5, 13.5, 5, 15.5], "texture": "#3"}
			}
		},
		{
			"from": [7.6, 1, 10],
			"to": [8.4, 1.5, 13.25],
			"rotation": {"angle": 0, "axis": "y", "origin": [8, 8.5, 8]},
			"faces": {
				"east": {"uv": [0, 10.5, 4.5, 11.5], "texture": "#3"},
				"west": {"uv": [0, 10.5, 4.5, 11.5], "texture": "#3"},
				"down": {"uv": [0, 6, 1.5, 7], "texture": "#3"}
			}
		},
		{
			"from": [7.85, 0.5, 12],
			"to": [8.15, 1, 12.25],
			"rotation": {"angle": 0, "axis": "y", "origin": [8, 8.5, 6]},
			"faces": {
				"north": {"uv": [6, 8, 6.5, 9], "texture": "#3"},
				"east": {"uv": [6, 8, 6.5, 9], "texture": "#3"},
				"south": {"uv": [6, 8, 6.5, 9], "texture": "#3"},
				"west": {"uv": [6, 8, 6.5, 9], "texture": "#3"},
				"down": {"uv": [6, 8, 6.5, 9], "texture": "#3"}
			}
		},
		{
			"from": [7.85, 0.6, 12.75],
			"to": [8.15, 1.1, 13],
			"rotation": {"angle": 22.5, "axis": "x", "origin": [8, 0.85, 12.875]},
			"faces": {
				"north": {"uv": [11, 3.5, 11.5, 4.5], "texture": "#3"},
				"east": {"uv": [11, 3.5, 11.5, 4.5], "texture": "#3"},
				"south": {"uv": [11, 3.5, 11.5, 4.5], "texture": "#3"},
				"west": {"uv": [11, 3.5, 11.5, 4.5], "texture": "#3"},
				"down": {"uv": [11, 3.5, 11.6, 4], "texture": "#3"}
			}
		},
		{
			"from": [7.85, 0.35, 12.1],
			"to": [8.15, 0.5, 13.35],
			"rotation": {"angle": 0, "axis": "y", "origin": [8, 8.5, 6]},
			"faces": {
				"north": {"uv": [6, 8, 6.5, 9], "texture": "#3"},
				"east": {"uv": [6, 8, 6.5, 9], "texture": "#3"},
				"south": {"uv": [6, 8, 6.5, 9], "texture": "#3"},
				"west": {"uv": [6, 8, 6.5, 9], "texture": "#3"},
				"up": {"uv": [6, 8, 6.5, 9], "texture": "#3"},
				"down": {"uv": [6, 8, 6.5, 9], "texture": "#3"}
			}
		},
		{
			"from": [7.55, 1.25, 1],
			"to": [8.5, 2, 6.5],
			"rotation": {"angle": 0, "axis": "y", "origin": [8, 9.25, 8]},
			"faces": {
				"north": {"uv": [12.5, 3, 14.5, 4.5], "texture": "#3"},
				"east": {"uv": [5, 2, 16, 3.5], "texture": "#3"},
				"west": {"uv": [5, 2, 16, 3.5], "texture": "#3"},
				"up": {"uv": [5, 5.5, 16, 7.5], "rotation": 90, "texture": "#3"},
				"down": {"uv": [11, 7.5, 14.5, 8], "rotation": 90, "texture": "#3"}
			}
		},
		{
			"from": [7.56, 1.31713, 0.83746],
			"to": [8.49, 1.81713, 1.33746],
			"rotation": {"angle": -22.5, "axis": "x", "origin": [7.9, 1.69213, 1.08746]},
			"faces": {
				"north": {"uv": [11, 7.5, 14.5, 8], "rotation": 90, "texture": "#3"},
				"east": {"uv": [11, 7.5, 14.5, 8], "rotation": 90, "texture": "#3"},
				"west": {"uv": [11, 7.5, 14.5, 8], "rotation": 90, "texture": "#3"}
			}
		},
		{
			"from": [7.56, 1.71194, 0.80866],
			"to": [8.49, 2.00094, 1.30866],
			"rotation": {"angle": 0, "axis": "x", "origin": [7.9, 2.08694, 1.05866]},
			"faces": {
				"north": {"uv": [11, 7.5, 14.5, 8], "rotation": 90, "texture": "#3"},
				"east": {"uv": [11, 7.5, 14.5, 8], "rotation": 90, "texture": "#3"},
				"south": {"uv": [11, 7.5, 14.5, 8], "rotation": 90, "texture": "#3"},
				"west": {"uv": [11, 7.5, 14.5, 8], "rotation": 90, "texture": "#3"},
				"up": {"uv": [5, 5.5, 6, 7.5], "rotation": 90, "texture": "#3"}
			}
		},
		{
			"from": [7.25, 2.75, 7.5],
			"to": [8.75, 4.05, 9.25],
			"rotation": {"angle": 0, "axis": "y", "origin": [8, 12, 8]},
			"faces": {
				"north": {"uv": [0, 4, 3, 6.5], "texture": "#3"},
				"east": {"uv": [0, 4, 3.5, 6.6], "texture": "#3"},
				"south": {"uv": [0, 4, 3, 6.5], "texture": "#3"},
				"west": {"uv": [0, 4, 3.5, 6.6], "texture": "#3"},
				"up": {"uv": [5, 12.5, 8, 16], "texture": "#3"},
				"down": {"uv": [0, 6, 3, 7], "texture": "#3"}
			}
		},
		{
			"from": [7.25, 2.5, 9],
			"to": [8.75, 2.75, 9.25],
			"rotation": {"angle": 0, "axis": "y", "origin": [8, 12, 8]},
			"faces": {
				"north": {"uv": [0, 6, 3, 7], "texture": "#3"},
				"east": {"uv": [1, 6, 1.5, 6.5], "texture": "#3"},
				"west": {"uv": [0, 6, 3, 7], "texture": "#3"},
				"down": {"uv": [0, 6, 3, 7], "texture": "#3"}
			}
		},
		{
			"from": [7.3, 3, 6],
			"to": [8.7, 3.8, 7.5],
			"rotation": {"angle": 0, "axis": "y", "origin": [8, 12, 8]},
			"faces": {
				"north": {"uv": [0, 5, 3, 6.5], "texture": "#3"},
				"east": {"uv": [0, 2.5, 3, 4], "texture": "#3"},
				"west": {"uv": [0, 2.5, 3, 4], "texture": "#3"},
				"up": {"uv": [5, 13, 8, 16], "texture": "#3"},
				"down": {"uv": [0, 6, 3, 7], "texture": "#3"}
			}
		},
		{
			"from": [7.4, 2.74127, 5.10065],
			"to": [8.6, 3.59127, 6.00065],
			"rotation": {"angle": 0, "axis": "x", "origin": [8, 3.19127, 5.07565]},
			"faces": {
				"north": {"uv": [0.5, 5, 3, 6.5], "texture": "#3"},
				"east": {"uv": [0, 1, 2, 2.5], "texture": "#3"},
				"south": {"uv": [0, 6, 3, 7], "texture": "#3"},
				"west": {"uv": [2, 1, 0, 2.5], "texture": "#3"},
				"up": {"uv": [5, 14, 7.5, 16], "texture": "#3"},
				"down": {"uv": [0, 6, 3, 7], "texture": "#3"}
			}
		},
		{
			"from": [7.5, 2.84127, 4.60065],
			"to": [8.5, 3.39127, 5.10065],
			"rotation": {"angle": 0, "axis": "x", "origin": [8, 3.19127, 4.52565]},
			"faces": {
				"north": {"uv": [0, 6, 3, 7], "texture": "#3"},
				"east": {"uv": [0, 0, 1, 1], "texture": "#3"},
				"west": {"uv": [0, 0, 1, 1], "rotation": 90, "texture": "#3"},
				"up": {"uv": [1.5, 13.5, 3.5, 14.5], "texture": "#3"},
				"down": {"uv": [0, 6, 3, 7], "texture": "#3"}
			}
		},
		{
			"from": [7.25, 2, 9.25],
			"to": [8.75, 3.8, 10.25],
			"rotation": {"angle": 0, "axis": "y", "origin": [8, 12, 8]},
			"faces": {
				"north": {"uv": [0, 6, 3, 7], "texture": "#3"},
				"east": {"uv": [0, 7, 2, 10.4], "texture": "#3"},
				"south": {"uv": [5, 12.5, 8, 15.9], "texture": "#3"},
				"west": {"uv": [0, 7, 2, 10.4], "texture": "#3"},
				"up": {"uv": [5, 13.5, 8, 15.5], "texture": "#3"},
				"down": {"uv": [0, 6, 3, 7], "texture": "#3"}
			}
		},
		{
			"from": [7.75, 2, 4.75],
			"to": [8.25, 2.8, 9.25],
			"rotation": {"angle": 0, "axis": "y", "origin": [8, 11.5, 7]},
			"faces": {
				"east": {"uv": [7, 0, 16, 1.6], "texture": "#3"},
				"west": {"uv": [7, 0, 16, 1.6], "texture": "#3"}
			}
		},
		{
			"from": [7.75, 2, 3.55],
			"to": [8.25, 2.3, 4.75],
			"rotation": {"angle": 0, "axis": "y", "origin": [8, 11.5, 7]},
			"faces": {
				"north": {"uv": [10, 1, 11, 1.5], "texture": "#3"},
				"east": {"uv": [7.5, 1, 9.9, 1.6], "texture": "#3"},
				"west": {"uv": [7.5, 1, 9.9, 1.6], "texture": "#3"}
			}
		},
		{
			"from": [7.5, 1.5, 10],
			"to": [8.5, 2.3, 12.5],
			"rotation": {"angle": 0, "axis": "y", "origin": [8, 11.25, 9.5]},
			"faces": {
				"east": {"uv": [10, 8, 15, 9.5], "texture": "#3"},
				"west": {"uv": [10, 8, 15, 9.5], "texture": "#3"},
				"down": {"uv": [10, 7.5, 15, 10], "rotation": 90, "texture": "#3"}
			}
		},
		{
			"from": [7.4, 1.5, 12.5],
			"to": [8.6, 2.8, 13.75],
			"rotation": {"angle": 0, "axis": "y", "origin": [8, 11.25, 12.25]},
			"faces": {
				"north": {"uv": [10, 10.5, 12.5, 13], "texture": "#3"},
				"east": {"uv": [10, 10.5, 12.5, 13], "texture": "#3"},
				"west": {"uv": [10, 10.5, 12.5, 13], "texture": "#3"},
				"up": {"uv": [11.5, 10, 14, 12.5], "texture": "#3"},
				"down": {"uv": [10.5, 12.5, 11.5, 13], "texture": "#3"}
			}
		},
		{
			"from": [7.65, 2.75, 12.5],
			"to": [8.35, 3.05, 13.75],
			"rotation": {"angle": 0, "axis": "y", "origin": [8, 11.25, 12.25]},
			"faces": {
				"east": {"uv": [11, 6, 13.5, 6.5], "texture": "#3"},
				"west": {"uv": [11.5, 8.5, 14, 9.1], "texture": "#3"},
				"up": {"uv": [11, 8, 13.5, 9.4], "rotation": 90, "texture": "#3"}
			}
		},
		{
			"from": [7.4, 1.25, 13.74],
			"to": [8.6, 3.3, 15],
			"rotation": {"angle": 0, "axis": "y", "origin": [8, 11.25, 13.5]},
			"faces": {
				"north": {"uv": [8.5, 12.5, 11.5, 13], "texture": "#3"},
				"east": {"uv": [2.5, 8, 6.5, 10], "rotation": 90, "texture": "#3"},
				"south": {"uv": [13.5, 12.5, 16, 13], "texture": "#3"},
				"west": {"uv": [2.5, 8, 6.5, 10], "rotation": 90, "texture": "#3"},
				"up": {"uv": [11, 10, 13.5, 12.5], "texture": "#3"},
				"down": {"uv": [10.5, 12.5, 11.5, 13], "texture": "#3"}
			}
		},
		{
			"from": [7.4, 1.25, 15],
			"to": [8.6, 2.8, 19.5],
			"rotation": {"angle": 0, "axis": "y", "origin": [8, 11.25, 13.5]},
			"faces": {
				"east": {"uv": [16, 10, 9, 13], "texture": "#3"},
				"south": {"uv": [13.5, 12.5, 16, 13.5], "texture": "#3"},
				"west": {"uv": [9, 10, 16, 13], "texture": "#3"},
				"up": {"uv": [13.5, 12.5, 16, 13], "texture": "#3"},
				"down": {"uv": [13.5, 12.5, 16, 13], "texture": "#3"}
			}
		},
		{
			"from": [7.45, 2.75, 15],
			"to": [8.55, 3.8, 20.25],
			"rotation": {"angle": 0, "axis": "y", "origin": [8, 12.75, 13.5]},
			"faces": {
				"north": {"uv": [1, 4.5, 3, 6.5], "texture": "#3"},
				"east": {"uv": [0, 4.5, 3.5, 6.5], "texture": "#3"},
				"south": {"uv": [1, 4.5, 3, 6.5], "texture": "#3"},
				"west": {"uv": [0, 4.5, 3.5, 6.5], "texture": "#3"},
				"up": {"uv": [0, 4, 3, 6], "rotation": 90, "texture": "#3"},
				"down": {"uv": [0, 6, 1, 7], "texture": "#3"}
			}
		},
		{
			"from": [7.4, 0.75, 16.25],
			"to": [8.6, 1.25, 19],
			"rotation": {"angle": 0, "axis": "y", "origin": [8, 11.25, 13.5]},
			"faces": {
				"north": {"uv": [8.5, 12.5, 11.5, 13], "texture": "#3"},
				"east": {"uv": [8.5, 12.5, 11.5, 13], "texture": "#3"},
				"south": {"uv": [13.5, 12.5, 16, 13], "texture": "#3"},
				"west": {"uv": [8.5, 12.5, 11.5, 13], "texture": "#3"},
				"down": {"uv": [13.5, 12.5, 16, 13], "texture": "#3"}
			}
		},
		{
			"from": [7.25, 2.25, 10.25],
			"to": [8.75, 2.9, 12.5],
			"rotation": {"angle": 0, "axis": "y", "origin": [8, 11.25, 9.5]},
			"faces": {
				"east": {"uv": [0, 10.5, 4.5, 11.8], "texture": "#3"},
				"south": {"uv": [0, 10.5, 3, 12], "texture": "#3"},
				"west": {"uv": [0, 10.5, 4.5, 11.8], "texture": "#3"},
				"up": {"uv": [5, 12.5, 8, 16], "texture": "#3"},
				"down": {"uv": [0, 6, 3, 7], "texture": "#3"}
			}
		},
		{
			"from": [7.25, 2.9, 10.25],
			"to": [8.75, 3.2, 10.75],
			"rotation": {"angle": 0, "axis": "y", "origin": [8, 11.25, 9.5]},
			"faces": {
				"east": {"uv": [6, 14.5, 7, 15], "texture": "#3"},
				"south": {"uv": [5, 14.5, 8, 15.1], "texture": "#3"},
				"west": {"uv": [5.5, 13, 6.5, 13.5], "texture": "#3"},
				"up": {"uv": [5, 13.5, 8, 14.5], "texture": "#3"}
			}
		},
		{
			"from": [7.5, 2.9, 10.25],
			"to": [8.5, 3.3, 12.5],
			"rotation": {"angle": 0, "axis": "y", "origin": [8, 11.25, 9.5]},
			"faces": {
				"east": {"uv": [10, 8, 14.5, 9], "texture": "#3"},
				"south": {"uv": [12, 2, 14, 3], "texture": "#3"},
				"west": {"uv": [10, 8, 14.5, 9], "texture": "#3"},
				"up": {"uv": [10, 8, 14.5, 9.5], "rotation": 90, "texture": "#3"}
			}
		},
		{
			"from": [7.5, 3.3, 10.25],
			"to": [8.5, 3.55, 10.95],
			"rotation": {"angle": 0, "axis": "y", "origin": [8, 11.25, 9.5]},
			"faces": {
				"east": {"uv": [11, 8, 12.5, 8.5], "texture": "#3"},
				"south": {"uv": [13, 2, 15, 2.5], "texture": "#3"},
				"west": {"uv": [11, 8, 12.5, 8.5], "texture": "#3"},
				"up": {"uv": [11.5, 8, 13.5, 9.5], "texture": "#3"}
			}
		},
		{
			"from": [7.6, 2.25, 3],
			"to": [8.4, 3.05, 4.75],
			"rotation": {"angle": 0, "axis": "y", "origin": [8, 11.5, 9.75]},
			"faces": {
				"north": {"uv": [7.5, 1.5, 10.5, 3.1], "texture": "#3"},
				"east": {"uv": [12, 5.5, 15.5, 7.5], "rotation": 180, "texture": "#3"},
				"south": {"uv": [12, 5.5, 15.5, 7.5], "rotation": 180, "texture": "#3"},
				"west": {"uv": [12, 3, 15.5, 4.5], "rotation": 180, "texture": "#3"},
				"up": {"uv": [10, 4.5, 10.5, 5], "texture": "#3"},
				"down": {"uv": [11, 7.5, 14.5, 8], "rotation": 90, "texture": "#3"}
			}
		},
		{
			"from": [7.6, 2.5, 4.75],
			"to": [8.4, 3.05, 7.5],
			"rotation": {"angle": 0, "axis": "y", "origin": [8, 11.5, 8]},
			"faces": {
				"east": {"uv": [10.5, 2, 16, 3], "texture": "#3"},
				"south": {"uv": [11, 7.5, 14.5, 8], "rotation": 90, "texture": "#3"},
				"west": {"uv": [10.5, 2, 16, 3], "texture": "#3"},
				"down": {"uv": [11, 7.5, 14.5, 8], "rotation": 90, "texture": "#3"}
			}
		},
		{
			"from": [7.61, 2.35199, 2.89268],
			"to": [8.39, 2.90199, 3.39268],
			"rotation": {"angle": -45, "axis": "x", "origin": [8, 2.50199, 3.01768]},
			"faces": {
				"east": {"uv": [10, 4.5, 10.5, 5], "texture": "#3"},
				"west": {"uv": [10, 4.5, 10.5, 5], "texture": "#3"},
				"up": {"uv": [10, 4.5, 10.5, 5], "texture": "#3"}
			}
		},
		{
			"from": [7.61, 2.25145, 2.64645],
			"to": [8.39, 2.69645, 3.00645],
			"rotation": {"angle": 0, "axis": "x", "origin": [8, 2.40145, 2.62145]},
			"faces": {
				"north": {"uv": [10, 4.5, 10.5, 5], "texture": "#3"},
				"east": {"uv": [10, 4.5, 10.5, 5], "texture": "#3"},
				"west": {"uv": [10, 4.5, 10.5, 5], "texture": "#3"},
				"down": {"uv": [11, 7.5, 14.5, 8], "rotation": 90, "texture": "#3"}
			}
		},
		{
			"from": [7.6, 3.55, 9],
			"to": [8.4, 3.9, 10.75],
			"rotation": {"angle": 0, "axis": "y", "origin": [8, 12, 8]},
			"faces": {
				"east": {"uv": [9, 6, 12.5, 6.5], "texture": "#3"},
				"south": {"uv": [10, 6, 11.5, 6.5], "texture": "#3"},
				"west": {"uv": [9, 6, 12.5, 6.5], "texture": "#3"},
				"up": {"uv": [11, 8, 14.5, 9.5], "rotation": 90, "texture": "#3"}
			}
		},
		{
			"from": [7.6, 3.9, 9.1],
			"to": [8.4, 4.1, 9.35],
			"rotation": {"angle": 0, "axis": "y", "origin": [8, 12, 8]},
			"faces": {
				"north": {"uv": [8.5, 12.5, 11.5, 13], "texture": "#3"},
				"east": {"uv": [8.5, 12.5, 11.5, 13], "texture": "#3"},
				"south": {"uv": [8.5, 12.5, 11.5, 13], "texture": "#3"},
				"west": {"uv": [8.5, 12.5, 11.5, 13], "texture": "#3"},
				"up": {"uv": [8.5, 12.5, 11.5, 13], "texture": "#3"}
			}
		},
		{
			"from": [7.6, 4.1, 9.2],
			"to": [8.4, 4.75, 9.25],
			"rotation": {"angle": 0, "axis": "y", "origin": [8, 12, 8]},
			"faces": {
				"north": {"uv": [3, 0, 4.8, 1.3], "texture": "#3"},
				"east": {"uv": [3, 0, 4.8, 1.3], "texture": "#3"},
				"south": {"uv": [3, 0, 4.8, 1.3], "texture": "#3"},
				"west": {"uv": [3, 0, 4.8, 1.3], "texture": "#3"},
				"up": {"uv": [3, 0, 4.8, 1.3], "texture": "#3"}
			}
		},
		{
			"from": [8.35, 4, 9.15],
			"to": [8.5, 4.45, 9.4],
			"rotation": {"angle": 0, "axis": "y", "origin": [8, 12, 8]},
			"faces": {
				"north": {"uv": [8.5, 12.5, 11.5, 13], "texture": "#3"},
				"east": {"uv": [8.5, 12.5, 11.5, 13], "texture": "#3"},
				"south": {"uv": [8.5, 12.5, 11.5, 13], "texture": "#3"},
				"west": {"uv": [8.5, 12.5, 11.5, 13], "texture": "#3"},
				"up": {"uv": [8.5, 12.5, 11.5, 13], "texture": "#3"},
				"down": {"uv": [8.5, 12.5, 11.5, 13], "texture": "#3"}
			}
		},
		{
			"from": [7.5, 4, 9.15],
			"to": [7.65, 4.45, 9.4],
			"rotation": {"angle": 0, "axis": "y", "origin": [7.2, 12, 8]},
			"faces": {
				"north": {"uv": [8.5, 12.5, 11.5, 13], "texture": "#3"},
				"east": {"uv": [8.5, 12.5, 11.5, 13], "texture": "#3"},
				"south": {"uv": [8.5, 12.5, 11.5, 13], "texture": "#3"},
				"west": {"uv": [8.5, 12.5, 11.5, 13], "texture": "#3"},
				"up": {"uv": [8.5, 12.5, 11.5, 13], "texture": "#3"},
				"down": {"uv": [8.5, 12.5, 11.5, 13], "texture": "#3"}
			}
		},
		{
			"from": [7.85, 3.9, 9.35],
			"to": [8.15, 4, 9.85],
			"rotation": {"angle": 0, "axis": "y", "origin": [8, 12, 8]},
			"faces": {
				"east": {"uv": [8.5, 12.5, 11.5, 13], "texture": "#3"},
				"south": {"uv": [8.5, 12.5, 11.5, 13], "texture": "#3"},
				"west": {"uv": [8.5, 12.5, 11.5, 13], "texture": "#3"},
				"up": {"uv": [8.5, 12.5, 11.5, 13], "texture": "#3"}
			}
		},
		{
			"from": [7.65, 3, 3.6],
			"to": [8.35, 3.25, 4.6],
			"rotation": {"angle": 0, "axis": "y", "origin": [8, 11.5, 4]},
			"faces": {
				"north": {"uv": [12, 12.5, 14, 13], "texture": "#3"},
				"east": {"uv": [12, 12.5, 14, 13], "texture": "#3"},
				"south": {"uv": [9.5, 0, 11.5, 0.5], "texture": "#3"},
				"west": {"uv": [12, 12.5, 14, 13], "texture": "#3"},
				"up": {"uv": [9.5, 10.5, 10.5, 11.5], "texture": "#3"}
			}
		},
		{
			"from": [7.75, 3, 3.05],
			"to": [8.25, 3.25, 3.6],
			"rotation": {"angle": 0, "axis": "y", "origin": [8, 11.5, 4]},
			"faces": {
				"east": {"uv": [12, 12.5, 14, 13], "texture": "#3"},
				"west": {"uv": [12, 12.5, 14, 13], "texture": "#3"},
				"up": {"uv": [9.5, 10.5, 10.5, 11.5], "texture": "#3"}
			}
		},
		{
			"from": [7.75, 2.84216, 2.66893],
			"to": [8.25, 3.09216, 3.21893],
			"rotation": {"angle": -45, "axis": "x", "origin": [8, 2.96716, 2.94393]},
			"faces": {
				"north": {"uv": [12, 12.5, 14, 13], "texture": "#3"},
				"east": {"uv": [12, 12.5, 14, 13], "texture": "#3"},
				"west": {"uv": [12, 12.5, 14, 13], "texture": "#3"},
				"up": {"uv": [9.5, 10.5, 10.5, 11.5], "texture": "#3"}
			}
		}
	],
	"display": {
		"thirdperson_righthand": {
			"translation": [0, 12.25, -3],
			"scale": [1.5, 1.5, 1.5]
		},
		"thirdperson_lefthand": {
			"translation": [0, 12.25, -3],
			"scale": [1.5, 1.5, 1.5]
		},
		"firstperson_righthand": {
			"rotation": [1, -5, 0],
			"translation": [0.75, 23, -0.5],
			"scale": [1.5, 1.5, 2]
		},
		"firstperson_lefthand": {
			"rotation": [1, -5, 0],
			"translation": [0.75, 23, -0.5],
			"scale": [1.5, 1.5, 2]
		},
		"ground": {
			"rotation": [0, 0, -90],
			"translation": [8, -1.5, -4.5],
			"scale": [1.5, 1.5, 1.75]
		},
		"gui": {
			"rotation": [67, 44, -65],
			"translation": [1.5, 13.25, 0],
			"scale": [1.5, 1.5, 1.75]
		},
		"head": {
			"rotation": [83, 43, -90],
			"translation": [0, -4.75, 3.5],
			"scale": [1.5, 1.5, 1.75]
		},
		"fixed": {
			"rotation": [0, 90, 0],
			"translation": [-6, 8.5, -0.75],
			"scale": [1.5, 1.5, 1.75]
		}
	},
	"groups": [0, 1, 2, 3, 4, 5, 6, 7, 8, 9, 10, 11, 12, 13, 14, 15, 16, 17, 18, 19, 20, 21, 22, 23, 24, 25, 26, 27, 28, 29, 30, 31, 32, 33, 34, 35, 36, 37, 38, 39, 40, 41, 42,
		{
			"name": "group",
			"origin": [8, 2.5, 1.75],
			"children": []
		},
		{
			"name": "group",
			"origin": [8, 2.5, 1.75],
			"children": []
		},
		{
			"name": "group",
			"origin": [8, 2.5, 1.75],
			"children": []
		}
	]
}