{
	"credit": "Made by MILENARY",
	"texture_size": [8, 8],
	"textures": {
		"0": "block/green_gun_1",
		"1": "block/green_gun_2",
		"2": "block/green_gun_3",
		"3": "block/green_mushroom",
		"4": "block/black",
		"5": "block/gun_smoke_2",
		"particle": "block/green_gun_1"
	},
	"elements": [
		{
			"from": [10.25, 1.25, -2.25],
			"to": [10.75, 4.75, 1.25],
			"rotation": {"angle": 0, "axis": "y", "origin": [15.25, 8, 13]},
			"faces": {
				"north": {"uv": [0, 0, 1, 7], "texture": "#0"},
				"east": {"uv": [0, 0, 6, 7], "texture": "#0"},
				"south": {"uv": [0, 0, 1, 7], "texture": "#0"},
				"west": {"uv": [0, 0, 6, 7], "texture": "#0"},
				"up": {"uv": [0, 0, 1, 6], "texture": "#0"},
				"down": {"uv": [0, 0, 1, 6], "texture": "#0"}
			}
		},
		{
			"from": [6, 5, -2.25],
			"to": [10, 5.5, 1.25],
			"rotation": {"angle": 0, "axis": "y", "origin": [15, 8, 13]},
			"faces": {
				"north": {"uv": [0, 0, 8, 1], "texture": "#0"},
				"east": {"uv": [0, 0, 6, 1], "texture": "#0"},
				"south": {"uv": [0, 0, 8, 1], "texture": "#0"},
				"west": {"uv": [0, 0, 6, 1], "texture": "#0"},
				"up": {"uv": [0, 0, 8, 6], "texture": "#0"},
				"down": {"uv": [0, 0, 8, 6], "texture": "#0"}
			}
		},
		{
			"from": [7.95, 5.5, 0],
			"to": [8.05, 6.1, 0.75],
			"rotation": {"angle": 0, "axis": "y", "origin": [15, 8, 13]},
			"faces": {
				"north": {"uv": [0, 0, 8, 1], "texture": "#0"},
				"east": {"uv": [0, 0, 6, 1], "texture": "#0"},
				"south": {"uv": [0, 0, 8, 1], "texture": "#1"},
				"west": {"uv": [0, 0, 6, 1], "texture": "#0"},
				"up": {"uv": [0, 0, 8, 6], "texture": "#0"},
				"down": {"uv": [0, 0, 8, 6], "texture": "#0"}
			}
		},
		{
			"from": [7.45, 5.5, 0],
			"to": [8.55, 5.6, 0.8],
			"rotation": {"angle": 0, "axis": "y", "origin": [15, 8, 13]},
			"faces": {
				"north": {"uv": [0, 0, 8, 1], "texture": "#0"},
				"east": {"uv": [0, 0, 6, 1], "texture": "#0"},
				"south": {"uv": [0, 0, 8, 1], "texture": "#0"},
				"west": {"uv": [0, 0, 6, 1], "texture": "#0"},
				"up": {"uv": [0, 0, 8, 6], "texture": "#0"},
				"down": {"uv": [0, 0, 8, 6], "texture": "#0"}
			}
		},
		{
			"from": [7.3, 5.5, 0],
			"to": [7.55, 6.1, 1.05],
			"rotation": {"angle": 0, "axis": "y", "origin": [15, 8, 13]},
			"faces": {
				"north": {"uv": [0, 0, 8, 1], "texture": "#0"},
				"east": {"uv": [0, 0, 6, 1], "texture": "#0"},
				"south": {"uv": [0, 0, 8, 1], "texture": "#0"},
				"west": {"uv": [0, 0, 6, 1], "texture": "#0"},
				"up": {"uv": [0, 0, 8, 6], "texture": "#0"},
				"down": {"uv": [0, 0, 8, 6], "texture": "#0"}
			}
		},
		{
			"from": [8.45, 5.5, 0],
			"to": [8.7, 6.1, 1.05],
			"rotation": {"angle": 0, "axis": "y", "origin": [1, 8, 13]},
			"faces": {
				"north": {"uv": [8, 0, 0, 1], "texture": "#0"},
				"east": {"uv": [6, 0, 0, 1], "texture": "#0"},
				"south": {"uv": [8, 0, 0, 1], "texture": "#0"},
				"west": {"uv": [6, 0, 0, 1], "texture": "#0"},
				"up": {"uv": [8, 0, 0, 6], "texture": "#0"},
				"down": {"uv": [8, 0, 0, 6], "texture": "#0"}
			}
		},
		{
			"from": [7, 4, 6.5],
			"to": [9, 4.5, 10.5],
			"rotation": {"angle": 0, "axis": "y", "origin": [15, 8, 14]},
			"faces": {
				"north": {"uv": [0, 0, 4, 1], "texture": "#1"},
				"east": {"uv": [0, 0, 8, 1], "texture": "#1"},
				"south": {"uv": [0, 0, 4, 1], "texture": "#1"},
				"west": {"uv": [0, 0, 8, 1], "texture": "#1"},
				"up": {"uv": [0, 0, 4, 8], "texture": "#1"},
				"down": {"uv": [0, 0, 4, 8], "texture": "#1"}
			}
		},
		{
			"from": [6.75, 4, 9.5],
			"to": [9.25, 5.25, 10.5],
			"rotation": {"angle": 0, "axis": "y", "origin": [15, 8, 14]},
			"faces": {
				"north": {"uv": [0, 0, 5, 2.5], "texture": "#0"},
				"east": {"uv": [0, 0, 2, 2.5], "texture": "#0"},
				"south": {"uv": [0, 0, 5, 2.5], "texture": "#0"},
				"west": {"uv": [0, 0, 2, 2.5], "texture": "#0"},
				"up": {"uv": [0, 0, 5, 2], "texture": "#0"},
				"down": {"uv": [0, 0, 5, 2], "texture": "#0"}
			}
		},
		{
			"from": [9.25, 4, 9.5],
			"to": [9.5, 5, 10.5],
			"rotation": {"angle": 0, "axis": "y", "origin": [17.75, 8, 14]},
			"faces": {
				"north": {"uv": [0, 0, 0.5, 2], "texture": "#1"},
				"east": {"uv": [0, 0, 2, 2], "texture": "#1"},
				"south": {"uv": [0, 0, 0.5, 2], "texture": "#1"},
				"west": {"uv": [0, 0, 2, 2], "texture": "#1"},
				"up": {"uv": [0, 0, 0.5, 2], "texture": "#1"},
				"down": {"uv": [0, 0, 0.5, 2], "texture": "#1"}
			}
		},
		{
			"from": [6.5, 4, 9.5],
			"to": [6.75, 5, 10.5],
			"rotation": {"angle": 0, "axis": "y", "origin": [15, 8, 14]},
			"faces": {
				"north": {"uv": [0, 0, 0.5, 2], "texture": "#0"},
				"east": {"uv": [0, 0, 2, 2], "texture": "#0"},
				"south": {"uv": [0, 0, 0.5, 2], "texture": "#0"},
				"west": {"uv": [0, 0, 2, 2], "texture": "#0"},
				"up": {"uv": [0, 0, 0.5, 2], "texture": "#0"},
				"down": {"uv": [0, 0, 0.5, 2], "texture": "#0"}
			}
		},
		{
			"from": [7, 5.25, 9.5],
			"to": [9, 5.75, 10.5],
			"rotation": {"angle": 0, "axis": "y", "origin": [15, 8, 14]},
			"faces": {
				"north": {"uv": [0, 0, 4, 1], "texture": "#0"},
				"east": {"uv": [0, 0, 2, 1], "texture": "#0"},
				"south": {"uv": [0, 0, 4, 1], "texture": "#0"},
				"west": {"uv": [0, 0, 2, 1], "texture": "#0"},
				"up": {"uv": [0, 0, 4, 2], "texture": "#0"},
				"down": {"uv": [0, 0, 4, 2], "texture": "#0"}
			}
		},
		{
			"from": [6.75, 4, 8.75],
			"to": [9.25, 5, 9.25],
			"rotation": {"angle": 0, "axis": "y", "origin": [15, 8, 12.75]},
			"faces": {
				"north": {"uv": [0, 0, 5, 2], "texture": "#0"},
				"east": {"uv": [0, 0, 1, 2], "texture": "#0"},
				"south": {"uv": [0, 0, 5, 2], "texture": "#0"},
				"west": {"uv": [0, 0, 1, 2], "texture": "#0"},
				"up": {"uv": [0, 0, 5, 1], "texture": "#0"},
				"down": {"uv": [0, 0, 5, 1], "texture": "#0"}
			}
		},
		{
			"from": [6.75, 4, 8],
			"to": [9.25, 5, 8.5],
			"rotation": {"angle": 0, "axis": "y", "origin": [15, 8, 12]},
			"faces": {
				"north": {"uv": [0, 0, 5, 2], "texture": "#0"},
				"east": {"uv": [0, 0, 1, 2], "texture": "#0"},
				"south": {"uv": [0, 0, 5, 2], "texture": "#0"},
				"west": {"uv": [0, 0, 1, 2], "texture": "#0"},
				"up": {"uv": [0, 0, 5, 1], "texture": "#0"},
				"down": {"uv": [0, 0, 5, 1], "texture": "#0"}
			}
		},
		{
			"from": [6.75, 4, 7.25],
			"to": [9.25, 5, 7.75],
			"rotation": {"angle": 0, "axis": "y", "origin": [15, 8, 11.25]},
			"faces": {
				"north": {"uv": [0, 0, 5, 2], "texture": "#0"},
				"east": {"uv": [0, 0, 1, 2], "texture": "#0"},
				"south": {"uv": [0, 0, 5, 2], "texture": "#0"},
				"west": {"uv": [0, 0, 1, 2], "texture": "#0"},
				"up": {"uv": [0, 0, 5, 1], "texture": "#0"},
				"down": {"uv": [0, 0, 5, 1], "texture": "#0"}
			}
		},
		{
			"from": [6.75, 4, 6.5],
			"to": [9.25, 5, 7],
			"rotation": {"angle": 0, "axis": "y", "origin": [15, 8, 10.5]},
			"faces": {
				"north": {"uv": [0, 0, 5, 2], "texture": "#0"},
				"east": {"uv": [0, 0, 1, 2], "texture": "#0"},
				"south": {"uv": [0, 0, 5, 2], "texture": "#0"},
				"west": {"uv": [0, 0, 1, 2], "texture": "#0"},
				"up": {"uv": [0, 0, 5, 1], "texture": "#0"},
				"down": {"uv": [0, 0, 5, 1], "texture": "#0"}
			}
		},
		{
			"from": [5.75, 4.5, -2.25],
			"to": [6.25, 5, 0.75],
			"rotation": {"angle": 0, "axis": "y", "origin": [15, 8, 14]},
			"faces": {
				"north": {"uv": [0, 0, 1, 1], "texture": "#0"},
				"east": {"uv": [0, 0, 6, 1], "texture": "#0"},
				"south": {"uv": [0, 0, 1, 1], "texture": "#0"},
				"west": {"uv": [0, 0, 6, 1], "texture": "#0"},
				"up": {"uv": [0, 0, 1, 6], "texture": "#0"},
				"down": {"uv": [0, 0, 1, 6], "texture": "#0"}
			}
		},
		{
			"from": [5.75, 1, 0.75],
			"to": [10.25, 5, 1.25],
			"rotation": {"angle": 0, "axis": "y", "origin": [15, 8, 14]},
			"faces": {
				"north": {"uv": [0, 0, 9, 8], "texture": "#4"},
				"east": {"uv": [0, 0, 1, 8], "texture": "#0"},
				"south": {"uv": [0, 0, 9, 8], "texture": "#0"},
				"west": {"uv": [0, 0, 1, 8], "texture": "#0"},
				"up": {"uv": [0, 0, 9, 1], "texture": "#0"},
				"down": {"uv": [0, 0, 9, 1], "texture": "#0"}
			}
		},
		{
			"from": [-1.25, -4, -3],
			"to": [18.25, 9, -3],
			"rotation": {"angle": 0, "axis": "y", "origin": [15, 8, 14]},
			"faces": {
				"north": {"uv": [16, 0, 0, 16], "texture": "#5"},
				"east": {"uv": [0, 0, 16, 16], "texture": "#5"},
				"south": {"uv": [0, 0, 16, 16], "texture": "#5"},
				"west": {"uv": [0, 0, 16, 16], "texture": "#5"},
				"up": {"uv": [0, 0, 16, 16], "texture": "#5"},
				"down": {"uv": [0, 0, 16, 16], "texture": "#5"}
			}
		},
		{
			"from": [6, 1, 6],
			"to": [10, 4.75, 6.5],
			"rotation": {"angle": 0, "axis": "y", "origin": [15, 8, 19.25]},
			"faces": {
				"north": {"uv": [0, 0, 8, 7.5], "texture": "#0"},
				"east": {"uv": [0, 0, 1, 7.5], "texture": "#0"},
				"south": {"uv": [0, 0, 8, 7.5], "texture": "#0"},
				"west": {"uv": [0, 0, 1, 7.5], "texture": "#0"},
				"up": {"uv": [0, 0, 8, 1], "texture": "#0"},
				"down": {"uv": [0, 0, 8, 1], "texture": "#0"}
			}
		},
		{
			"from": [6.5, 0.75, 0.75],
			"to": [9.5, 1, 6.5],
			"rotation": {"angle": 0, "axis": "y", "origin": [15, 8, 19.25]},
			"faces": {
				"north": {"uv": [0, 0, 6, 0.5], "texture": "#1"},
				"east": {"uv": [0, 0, 11.5, 0.5], "texture": "#1"},
				"south": {"uv": [0, 0, 6, 0.5], "texture": "#1"},
				"west": {"uv": [0, 0, 11.5, 0.5], "texture": "#1"},
				"up": {"uv": [0, 0, 6, 11.5], "texture": "#1"},
				"down": {"uv": [0, 0, 6, 11.5], "texture": "#1"}
			}
		},
		{
			"from": [6.75, 1, 1],
			"to": [9.25, 2, 6],
			"rotation": {"angle": 0, "axis": "y", "origin": [15, 8, 19.25]},
			"faces": {
				"north": {"uv": [0, 0, 5, 2], "texture": "#0"},
				"east": {"uv": [0, 0, 10, 2], "texture": "#0"},
				"south": {"uv": [0, 0, 5, 2], "texture": "#0"},
				"west": {"uv": [0, 0, 10, 2], "texture": "#0"},
				"up": {"uv": [0, 0, 5, 10], "texture": "#0"},
				"down": {"uv": [0, 0, 5, 10], "texture": "#0"}
			}
		},
		{
			"from": [6, 3.5, 1.25],
			"to": [10, 4, 6],
			"rotation": {"angle": 0, "axis": "y", "origin": [15, 8, 19.25]},
			"faces": {
				"north": {"uv": [0, 0, 8, 1], "texture": "#2"},
				"east": {"uv": [0, 0, 9.5, 1], "texture": "#2"},
				"south": {"uv": [0, 0, 8, 1], "texture": "#2"},
				"west": {"uv": [0, 0, 9.5, 1], "texture": "#2"},
				"up": {"uv": [0, 0, 8, 9.5], "texture": "#2"},
				"down": {"uv": [0, 0, 8, 9.5], "texture": "#2"}
			}
		},
		{
			"from": [6, 2.5, 1.25],
			"to": [10.25, 3.5, 6],
			"rotation": {"angle": 0, "axis": "y", "origin": [15, 8, 19.25]},
			"faces": {
				"north": {"uv": [0, 0, 8.7, 2], "texture": "#3"},
				"east": {"uv": [0, 0, 9.5, 2], "texture": "#3"},
				"south": {"uv": [0, 0, 8.7, 2], "texture": "#3"},
				"west": {"uv": [0, 0, 9.5, 2], "texture": "#3"},
				"up": {"uv": [0, 0, 8.7, 9.5], "texture": "#3"},
				"down": {"uv": [0, 0, 8.7, 9.5], "texture": "#3"}
			}
		},
		{
			"from": [4.65, 2.5, 2.5],
			"to": [6, 3.75, 5.5],
			"rotation": {"angle": 0, "axis": "y", "origin": [15, 8, 19.25]},
			"faces": {
				"north": {"uv": [0, 0, 2.7, 2.5], "texture": "#0"},
				"east": {"uv": [0, 0, 6, 2.5], "texture": "#0"},
				"south": {"uv": [0, 0, 2.7, 2.5], "texture": "#0"},
				"west": {"uv": [0, 0, 6, 2.5], "texture": "#0"},
				"up": {"uv": [0, 0, 2.7, 6], "texture": "#0"},
				"down": {"uv": [0, 0, 2.7, 6], "texture": "#0"}
			}
		},
		{
			"from": [-0.35, 2.5, 3.25],
			"to": [4.65, 3.5, 4.25],
			"rotation": {"angle": 0, "axis": "y", "origin": [15, 8, 19.25]},
			"faces": {
				"north": {"uv": [0, 0, 10, 2], "texture": "#2"},
				"east": {"uv": [0, 0, 2, 2], "texture": "#2"},
				"south": {"uv": [0, 0, 10, 2], "texture": "#2"},
				"west": {"uv": [0, 0, 2, 2], "texture": "#2"},
				"up": {"uv": [0, 0, 10, 2], "texture": "#2"},
				"down": {"uv": [0, 0, 10, 2], "texture": "#2"}
			}
		},
		{
			"from": [-0.85, 2.25, 3.25],
			"to": [-0.35, 3.5, 4.25],
			"rotation": {"angle": 0, "axis": "y", "origin": [15, 8, 19.25]},
			"faces": {
				"north": {"uv": [0, 0, 1, 2.5], "texture": "#0"},
				"east": {"uv": [0, 0, 2, 2.5], "texture": "#0"},
				"south": {"uv": [0, 0, 1, 2.5], "texture": "#0"},
				"west": {"uv": [0, 0, 2, 2.5], "texture": "#0"},
				"up": {"uv": [0, 0, 1, 2], "texture": "#0"},
				"down": {"uv": [0, 0, 1, 2], "texture": "#0"}
			}
		},
		{
			"from": [3.65, 2.75, 4],
			"to": [4.65, 3.25, 4.5],
			"rotation": {"angle": -22.5, "axis": "y", "origin": [4.15, 3, 4.25]},
			"faces": {
				"north": {"uv": [0, 3.5, 2, 4.5], "texture": "#1"},
				"east": {"uv": [0, 0, 9.5, 2], "texture": "#1"},
				"south": {"uv": [0, 0, 2, 1], "texture": "#1"},
				"west": {"uv": [0, 0, 9.5, 2], "texture": "#1"},
				"up": {"uv": [0, 0, 8.7, 9.5], "texture": "#1"},
				"down": {"uv": [0, 0, 8.7, 9.5], "texture": "#1"}
			}
		},
		{
			"from": [6, 2, 1],
			"to": [10, 2.5, 6],
			"rotation": {"angle": 0, "axis": "y", "origin": [15, 6.5, 19.25]},
			"faces": {
				"north": {"uv": [0, 0, 8, 1], "texture": "#2"},
				"east": {"uv": [0, 0, 10, 1], "texture": "#2"},
				"south": {"uv": [0, 0, 8, 1], "texture": "#2"},
				"west": {"uv": [0, 0, 10, 1], "texture": "#2"},
				"up": {"uv": [0, 0, 8, 10], "texture": "#2"},
				"down": {"uv": [0, 0, 8, 10], "texture": "#2"}
			}
		},
		{
			"from": [7, 4, 1.25],
			"to": [9, 4.75, 6],
			"rotation": {"angle": 0, "axis": "y", "origin": [15, 11, 19.25]},
			"faces": {
				"north": {"uv": [0, 0, 4, 1.5], "texture": "#1"},
				"east": {"uv": [0, 0, 9.5, 1.5], "texture": "#1"},
				"south": {"uv": [0, 0, 4, 1.5], "texture": "#1"},
				"west": {"uv": [0, 0, 9.5, 1.5], "texture": "#1"},
				"up": {"uv": [0, 0, 4, 9.5], "texture": "#1"},
				"down": {"uv": [0, 0, 4, 9.5], "texture": "#1"}
			}
		},
		{
			"from": [6.25, 2, 6.5],
			"to": [9.75, 4, 10.5],
			"rotation": {"angle": 0, "axis": "y", "origin": [15, 8, 14]},
			"faces": {
				"north": {"uv": [0, 0, 7, 4], "texture": "#1"},
				"east": {"uv": [0, 0, 8, 4], "texture": "#1"},
				"south": {"uv": [0, 0, 7, 4], "texture": "#1"},
				"west": {"uv": [0, 0, 8, 4], "texture": "#1"},
				"up": {"uv": [0, 0, 7, 8], "texture": "#1"},
				"down": {"uv": [0, 0, 7, 8], "texture": "#1"}
			}
		},
		{
			"from": [6, 1.25, 10.5],
			"to": [10, 5.5, 11],
			"rotation": {"angle": 0, "axis": "y", "origin": [15, 8, 14]},
			"faces": {
				"north": {"uv": [0, 0, 8, 8.5], "texture": "#0"},
				"east": {"uv": [0, 0, 1, 8.5], "texture": "#0"},
				"south": {"uv": [0, 0, 8, 8.5], "texture": "#0"},
				"west": {"uv": [0, 0, 1, 8.5], "texture": "#0"},
				"up": {"uv": [0, 0, 8, 1], "texture": "#0"},
				"down": {"uv": [0, 0, 8, 1], "texture": "#0"}
			}
		},
		{
			"from": [6.5, 1.75, 11],
			"to": [9.5, 5.75, 16.25],
			"rotation": {"angle": 0, "axis": "y", "origin": [15, 8.25, 14]},
			"faces": {
				"north": {"uv": [0, 0, 6, 8], "texture": "#3"},
				"east": {"uv": [0, 0, 10.5, 8], "texture": "#3"},
				"south": {"uv": [0, 0, 6, 8], "texture": "#3"},
				"west": {"uv": [0, 0, 10.5, 8], "texture": "#3"},
				"up": {"uv": [0, 0, 6, 10.5], "texture": "#3"},
				"down": {"uv": [0, 0, 6, 10.5], "texture": "#3"}
			}
		},
		{
			"from": [9.5, 1.75, 11],
			"to": [10, 4.75, 16.25],
			"rotation": {"angle": 0, "axis": "y", "origin": [15, 8.25, 14]},
			"faces": {
				"north": {"uv": [0, 0, 1, 6], "texture": "#3"},
				"east": {"uv": [0, 5, 10.5, 11], "texture": "#3"},
				"south": {"uv": [0, 0, 1, 6], "texture": "#3"},
				"west": {"uv": [0, 0, 10.5, 6], "texture": "#3"},
				"up": {"uv": [0, 0, 1, 10.5], "texture": "#3"},
				"down": {"uv": [0, 0, 1, 10.5], "texture": "#3"}
			}
		},
		{
			"from": [6, 1.75, 11],
			"to": [6.5, 4.75, 16.25],
			"rotation": {"angle": 0, "axis": "y", "origin": [11.5, 8.25, 14]},
			"faces": {
				"north": {"uv": [0, 0, 1, 6], "texture": "#3"},
				"east": {"uv": [0, 0, 10.5, 6], "texture": "#3"},
				"south": {"uv": [0, 0, 1, 6], "texture": "#3"},
				"west": {"uv": [5.5, 0, 16, 6], "texture": "#3"},
				"up": {"uv": [0, 0, 1, 10.5], "texture": "#3"},
				"down": {"uv": [0, 0, 1, 10.5], "texture": "#3"}
			}
		},
		{
			"from": [6, 1, 11],
			"to": [10, 1.75, 14.5],
			"rotation": {"angle": 0, "axis": "y", "origin": [15, 8, 14]},
			"faces": {
				"north": {"uv": [0, 0, 8, 1.5], "texture": "#2"},
				"east": {"uv": [0, 2, 7, 3.5], "texture": "#2"},
				"south": {"uv": [0, 0, 8, 1.5], "texture": "#2"},
				"west": {"uv": [9, 0, 16, 1.5], "texture": "#2"},
				"up": {"uv": [0, 0, 8, 7], "texture": "#2"},
				"down": {"uv": [0, 0, 8, 7], "texture": "#2"}
			}
		},
		{
			"from": [6.75, 0.5, 10.5],
			"to": [9.25, 1.25, 15],
			"rotation": {"angle": 0, "axis": "y", "origin": [15, 8, 14]},
			"faces": {
				"north": {"uv": [0, 0, 5, 1.5], "texture": "#0"},
				"east": {"uv": [0, 0, 10.5, 1.5], "texture": "#0"},
				"south": {"uv": [0, 0, 5, 1.5], "texture": "#0"},
				"west": {"uv": [0, 0, 10.5, 1.5], "texture": "#0"},
				"up": {"uv": [0, 0, 5, 10.5], "texture": "#0"},
				"down": {"uv": [0, 0, 5, 10.5], "texture": "#0"}
			}
		},
		{
			"from": [6.25, 0.5, 15],
			"to": [9.75, 1.25, 16.5],
			"rotation": {"angle": 0, "axis": "y", "origin": [15, 8, 14]},
			"faces": {
				"north": {"uv": [0, 0, 5, 1.5], "texture": "#0"},
				"east": {"uv": [0, 0, 10.5, 1.5], "texture": "#0"},
				"south": {"uv": [0, 0, 5, 1.5], "texture": "#0"},
				"west": {"uv": [0, 0, 10.5, 1.5], "texture": "#0"},
				"up": {"uv": [0, 0, 5, 10.5], "texture": "#0"},
				"down": {"uv": [0, 0, 5, 10.5], "texture": "#0"}
			}
		},
		{
			"from": [6.5, 0.5, 16],
			"to": [9.5, 4, 17.25],
			"rotation": {"angle": 0, "axis": "y", "origin": [15, 11, 14]},
			"faces": {
				"north": {"uv": [0, 0, 5, 1.5], "texture": "#0"},
				"east": {"uv": [0, 0, 10.5, 1.5], "texture": "#0"},
				"south": {"uv": [0, 0, 5, 1.5], "texture": "#0"},
				"west": {"uv": [0, 0, 10.5, 1.5], "texture": "#0"},
				"up": {"uv": [0, 0, 5, 10.5], "texture": "#0"},
				"down": {"uv": [0, 0, 5, 10.5], "texture": "#0"}
			}
		},
		{
			"from": [6.75, 0, 15.75],
			"to": [9.25, 2.75, 19.5],
			"rotation": {"angle": 22.5, "axis": "x", "origin": [8, 1.625, 18.875]},
			"faces": {
				"north": {"uv": [0, 0, 5, 1.5], "texture": "#0"},
				"east": {"uv": [0, 0, 10.5, 1.5], "texture": "#0"},
				"south": {"uv": [0, 0, 5, 1.5], "texture": "#0"},
				"west": {"uv": [0, 0, 10.5, 1.5], "texture": "#0"},
				"up": {"uv": [0, 0, 5, 10.5], "texture": "#0"},
				"down": {"uv": [0, 0, 5, 10.5], "texture": "#0"}
			}
		},
		{
			"from": [7.25, -3, 17.75],
			"to": [8.75, 2, 19.75],
			"rotation": {"angle": -22.5, "axis": "x", "origin": [8, 1.625, 18.875]},
			"faces": {
				"north": {"uv": [0, 0, 3, 10], "rotation": 180, "texture": "#2"},
				"east": {"uv": [0, 0, 10.5, 1.5], "rotation": 270, "texture": "#2"},
				"south": {"uv": [0, 0, 3, 10], "texture": "#2"},
				"west": {"uv": [0, 0, 10, 4], "rotation": 90, "texture": "#2"},
				"up": {"uv": [0, 0, 5, 1.5], "rotation": 180, "texture": "#2"},
				"down": {"uv": [0, 0, 3, 4], "texture": "#2"}
			}
		},
		{
			"from": [7.25, -3.75, 17.25],
			"to": [8.75, -3, 19.75],
			"rotation": {"angle": -22.5, "axis": "x", "origin": [8, 1.625, 18.875]},
			"faces": {
				"north": {"uv": [0, 0, 3, 1.5], "rotation": 180, "texture": "#0"},
				"east": {"uv": [0, 0, 1.5, 5], "rotation": 270, "texture": "#0"},
				"south": {"uv": [0, 0, 3, 1.5], "texture": "#0"},
				"west": {"uv": [0, 0, 1.5, 5], "rotation": 90, "texture": "#0"},
				"up": {"uv": [0, 0, 3, 5], "rotation": 180, "texture": "#0"},
				"down": {"uv": [0, 0, 3, 5], "texture": "#0"}
			}
		},
		{
			"from": [7, 5.75, 13],
			"to": [9, 6, 15],
			"rotation": {"angle": 0, "axis": "y", "origin": [15, 8, 14]},
			"faces": {
				"north": {"uv": [0, 0, 4, 0.5], "texture": "#2"},
				"east": {"uv": [0, 0, 4, 0.5], "texture": "#2"},
				"south": {"uv": [0, 0, 4, 0.5], "texture": "#2"},
				"west": {"uv": [0, 0, 4, 0.5], "texture": "#2"},
				"up": {"uv": [0, 0, 4, 4], "texture": "#2"},
				"down": {"uv": [0, 0, 4, 4], "texture": "#2"}
			}
		},
		{
			"from": [7.5, 6, 13.25],
			"to": [8.5, 6.15, 13.5],
			"rotation": {"angle": 0, "axis": "y", "origin": [15, 8, 14]},
			"faces": {
				"north": {"uv": [0, 0, 2, 0.3], "texture": "#0"},
				"east": {"uv": [0, 0, 0.5, 0.3], "texture": "#0"},
				"south": {"uv": [0, 0, 2, 0.3], "texture": "#0"},
				"west": {"uv": [0, 0, 0.5, 0.3], "texture": "#0"},
				"up": {"uv": [0, 0, 2, 0.5], "texture": "#0"},
				"down": {"uv": [0, 0, 2, 0.5], "texture": "#0"}
			}
		},
		{
			"from": [7.5, 6, 14.5],
			"to": [8.5, 6.15, 14.75],
			"rotation": {"angle": 0, "axis": "y", "origin": [15, 8, 15.25]},
			"faces": {
				"north": {"uv": [0, 0, 2, 0.3], "texture": "#0"},
				"east": {"uv": [0, 0, 0.5, 0.3], "texture": "#0"},
				"south": {"uv": [0, 0, 2, 0.3], "texture": "#0"},
				"west": {"uv": [0, 0, 0.5, 0.3], "texture": "#0"},
				"up": {"uv": [0, 0, 2, 0.5], "texture": "#0"},
				"down": {"uv": [0, 0, 2, 0.5], "texture": "#0"}
			}
		},
		{
			"from": [7.25, 6, 13.5],
			"to": [7.5, 6.15, 14.5],
			"rotation": {"angle": 0, "axis": "y", "origin": [15.25, 8, 15.25]},
			"faces": {
				"north": {"uv": [0, 0, 0.5, 0.3], "texture": "#0"},
				"east": {"uv": [0, 0, 2, 0.3], "texture": "#0"},
				"south": {"uv": [0, 0, 0.5, 0.3], "texture": "#0"},
				"west": {"uv": [0, 0, 2, 0.3], "texture": "#0"},
				"up": {"uv": [0, 0, 0.5, 2], "texture": "#0"},
				"down": {"uv": [0, 0, 0.5, 2], "texture": "#0"}
			}
		},
		{
			"from": [8.5, 6, 13.5],
			"to": [8.75, 6.15, 14.5],
			"rotation": {"angle": 0, "axis": "y", "origin": [16.5, 8, 15.25]},
			"faces": {
				"north": {"uv": [0, 0, 0.5, 0.3], "texture": "#0"},
				"east": {"uv": [0, 0, 2, 0.3], "texture": "#0"},
				"south": {"uv": [0, 0, 0.5, 0.3], "texture": "#0"},
				"west": {"uv": [0, 0, 2, 0.3], "texture": "#0"},
				"up": {"uv": [0, 0, 0.5, 2], "texture": "#0"},
				"down": {"uv": [0, 0, 0.5, 2], "texture": "#0"}
			}
		},
		{
			"from": [6.5, 5.5, 10.5],
			"to": [9.5, 6, 11],
			"rotation": {"angle": 0, "axis": "y", "origin": [15, 8.5, 14]},
			"faces": {
				"north": {"uv": [0, 0, 6, 1], "texture": "#0"},
				"east": {"uv": [0, 0, 1, 1], "texture": "#0"},
				"south": {"uv": [0, 0, 6, 1], "texture": "#0"},
				"west": {"uv": [0, 0, 1, 1], "texture": "#0"},
				"up": {"uv": [0, 0, 6, 1], "texture": "#0"},
				"down": {"uv": [0, 0, 6, 1], "texture": "#0"}
			}
		},
		{
			"from": [5.5, 1.75, 10.75],
			"to": [6, 3.75, 14.5],
			"rotation": {"angle": 0, "axis": "y", "origin": [10, 8, 19.75]},
			"faces": {
				"north": {"uv": [0, 0, 1, 4], "texture": "#2"},
				"east": {"uv": [0, 0, 7.5, 4], "texture": "#2"},
				"south": {"uv": [0, 0, 1, 4], "texture": "#2"},
				"west": {"uv": [8.5, 2, 16, 6], "texture": "#2"},
				"up": {"uv": [0, 0, 1, 7.5], "texture": "#2"},
				"down": {"uv": [0, 0, 1, 7.5], "texture": "#2"}
			}
		},
		{
			"from": [5.75, 1.25, 14.5],
			"to": [10.25, 5, 16.5],
			"rotation": {"angle": 0, "axis": "y", "origin": [10, 8, 19.75]},
			"faces": {
				"north": {"uv": [0, 0, 9, 7.5], "texture": "#0"},
				"east": {"uv": [0, 0, 4, 7.5], "texture": "#0"},
				"south": {"uv": [0, 0, 9, 7.5], "texture": "#0"},
				"west": {"uv": [0, 0, 4, 7.5], "texture": "#0"},
				"up": {"uv": [0, 0, 9, 4], "texture": "#0"},
				"down": {"uv": [0, 0, 9, 4], "texture": "#0"}
			}
		},
		{
			"from": [10, 1.75, 10.75],
			"to": [10.5, 3.75, 14.5],
			"rotation": {"angle": 0, "axis": "y", "origin": [14.75, 8, 19.75]},
			"faces": {
				"north": {"uv": [0, 0, 1, 4], "texture": "#2"},
				"east": {"uv": [0, 6, 7.5, 10], "texture": "#2"},
				"south": {"uv": [0, 0, 1, 4], "texture": "#2"},
				"west": {"uv": [0, 0, 7.5, 4], "texture": "#2"},
				"up": {"uv": [0, 0, 1, 7.5], "texture": "#2"},
				"down": {"uv": [0, 0, 1, 7.5], "texture": "#2"}
			}
		},
		{
			"from": [6.5, 4, 1.25],
			"to": [9.5, 4.25, 6],
			"rotation": {"angle": 0, "axis": "y", "origin": [15, 8, 14]},
			"faces": {
				"north": {"uv": [0, 0, 6, 0.5], "texture": "#0"},
				"east": {"uv": [0, 0, 9.5, 0.5], "texture": "#0"},
				"south": {"uv": [0, 0, 6, 0.5], "texture": "#0"},
				"west": {"uv": [0, 0, 9.5, 0.5], "texture": "#0"},
				"up": {"uv": [0, 0, 6, 9.5], "texture": "#0"},
				"down": {"uv": [0, 0, 6, 9.5], "texture": "#0"}
			}
		},
		{
			"from": [6.5, 4.75, 6],
			"to": [9.5, 5.25, 6.5],
			"rotation": {"angle": 0, "axis": "y", "origin": [15, 8, 14]},
			"faces": {
				"north": {"uv": [0, 0, 6, 1], "texture": "#0"},
				"east": {"uv": [0, 0, 1, 1], "texture": "#0"},
				"south": {"uv": [0, 0, 6, 1], "texture": "#0"},
				"west": {"uv": [0, 0, 1, 1], "texture": "#0"},
				"up": {"uv": [0, 0, 6, 1], "texture": "#0"},
				"down": {"uv": [0, 0, 6, 1], "texture": "#0"}
			}
		},
		{
			"from": [6.75, 1.5, 6.5],
			"to": [9.25, 2, 10.5],
			"rotation": {"angle": 0, "axis": "y", "origin": [15, 4, 14]},
			"faces": {
				"north": {"uv": [0, 0, 5, 1], "texture": "#0"},
				"east": {"uv": [0, 0, 8, 1], "texture": "#0"},
				"south": {"uv": [0, 0, 5, 1], "texture": "#0"},
				"west": {"uv": [0, 0, 8, 1], "texture": "#0"},
				"up": {"uv": [0, 0, 5, 8], "texture": "#0"},
				"down": {"uv": [0, 0, 5, 8], "texture": "#0"}
			}
		},
		{
			"from": [7.25, 0.75, 6.5],
			"to": [8.75, 2, 11],
			"rotation": {"angle": 0, "axis": "y", "origin": [15, 4, 14]},
			"faces": {
				"north": {"uv": [0, 0, 3, 2.5], "texture": "#1"},
				"east": {"uv": [0, 0, 9, 2.5], "texture": "#1"},
				"south": {"uv": [0, 0, 3, 2.5], "texture": "#1"},
				"west": {"uv": [0, 0, 9, 2.5], "texture": "#1"},
				"up": {"uv": [0, 0, 3, 9], "texture": "#1"},
				"down": {"uv": [0, 0, 3, 9], "texture": "#1"}
			}
		},
		{
			"from": [7.25, 0.5, 2.25],
			"to": [8.75, 0.75, 10.5],
			"rotation": {"angle": 0, "axis": "y", "origin": [15, 2.75, 14]},
			"faces": {
				"north": {"uv": [0, 0, 4, 0.5], "texture": "#0"},
				"east": {"uv": [0, 0, 15, 0.5], "texture": "#0"},
				"south": {"uv": [0, 0, 4, 0.5], "texture": "#0"},
				"west": {"uv": [0, 0, 15, 0.5], "texture": "#0"},
				"up": {"uv": [0, 0, 4, 15], "texture": "#0"},
				"down": {"uv": [0, 0, 4, 15], "texture": "#0"}
			}
		},
		{
			"from": [7.5, -0.25, 0.5],
			"to": [8.5, 1.25, 3.75],
			"rotation": {"angle": 22.5, "axis": "x", "origin": [8, -0.125, 2.375]},
			"faces": {
				"north": {"uv": [0, 0, 1, 2], "texture": "#0"},
				"east": {"uv": [0, 0, 6.5, 2], "texture": "#0"},
				"south": {"uv": [0, 0, 1, 2], "texture": "#0"},
				"west": {"uv": [0, 0, 6.5, 2], "texture": "#0"},
				"up": {"uv": [0, 0, 1, 6.5], "texture": "#0"},
				"down": {"uv": [0, 0, 1, 6.5], "texture": "#0"}
			}
		},
		{
			"from": [7.75, 0, 3.75],
			"to": [8.25, 0.75, 9],
			"rotation": {"angle": 0, "axis": "y", "origin": [15, 2.75, 14]},
			"faces": {
				"north": {"uv": [0, 0, 1, 1.5], "texture": "#1"},
				"east": {"uv": [0, 0, 9.5, 1.5], "texture": "#1"},
				"south": {"uv": [0, 0, 1, 1.5], "texture": "#1"},
				"west": {"uv": [0, 0, 9.5, 1.5], "texture": "#1"},
				"up": {"uv": [0, 0, 1, 9.5], "texture": "#1"},
				"down": {"uv": [0, 0, 1, 9.5], "texture": "#1"}
			}
		},
		{
			"from": [7.85, -0.25, 3.7],
			"to": [8.15, 0, 5.5],
			"rotation": {"angle": 0, "axis": "y", "origin": [15, 2.75, 14]},
			"faces": {
				"north": {"uv": [0, 0, 0.6, 0.5], "texture": "#0"},
				"east": {"uv": [0, 0, 2.1, 0.5], "texture": "#0"},
				"south": {"uv": [0, 0, 0.6, 0.5], "texture": "#0"},
				"west": {"uv": [0, 0, 2.1, 0.5], "texture": "#0"},
				"up": {"uv": [0, 0, 0.6, 2.1], "texture": "#0"},
				"down": {"uv": [0, 0, 0.6, 2.1], "texture": "#0"}
			}
		},
		{
			"from": [9.75, 4.5, -2.25],
			"to": [10.25, 5, 0.75],
			"rotation": {"angle": 0, "axis": "y", "origin": [18.5, 8, 14]},
			"faces": {
				"north": {"uv": [0, 0, 1, 1], "texture": "#0"},
				"east": {"uv": [0, 0, 6, 1], "texture": "#0"},
				"south": {"uv": [0, 0, 1, 1], "texture": "#0"},
				"west": {"uv": [0, 0, 6, 1], "texture": "#0"},
				"up": {"uv": [0, 0, 1, 6], "texture": "#0"},
				"down": {"uv": [0, 0, 1, 6], "texture": "#0"}
			}
		},
		{
			"from": [9.75, 1, -2.25],
			"to": [10.25, 1.5, 0.75],
			"rotation": {"angle": 0, "axis": "y", "origin": [18.5, 5, 14]},
			"faces": {
				"north": {"uv": [0, 0, 1, 1], "texture": "#0"},
				"east": {"uv": [0, 0, 6, 1], "texture": "#0"},
				"south": {"uv": [0, 0, 1, 1], "texture": "#0"},
				"west": {"uv": [0, 0, 6, 1], "texture": "#0"},
				"up": {"uv": [0, 0, 1, 6], "texture": "#0"},
				"down": {"uv": [0, 0, 1, 6], "texture": "#0"}
			}
		},
		{
			"from": [5.75, 1, -2.25],
			"to": [6.25, 1.5, 0.75],
			"rotation": {"angle": 0, "axis": "y", "origin": [15, 5, 14]},
			"faces": {
				"north": {"uv": [0, 0, 1, 1], "texture": "#0"},
				"east": {"uv": [0, 0, 6, 1], "texture": "#0"},
				"south": {"uv": [0, 0, 1, 1], "texture": "#0"},
				"west": {"uv": [0, 0, 6, 1], "texture": "#0"},
				"up": {"uv": [0, 0, 1, 6], "texture": "#0"},
				"down": {"uv": [0, 0, 1, 6], "texture": "#0"}
			}
		},
		{
			"from": [6, 0.5, -2.25],
			"to": [10, 1, 1.25],
			"rotation": {"angle": 0, "axis": "y", "origin": [15, 3, 13]},
			"faces": {
				"north": {"uv": [0, 0, 8, 1], "texture": "#0"},
				"east": {"uv": [0, 0, 6, 1], "texture": "#0"},
				"south": {"uv": [0, 0, 8, 1], "texture": "#0"},
				"west": {"uv": [0, 0, 6, 1], "texture": "#0"},
				"up": {"uv": [0, 0, 8, 6], "texture": "#0"},
				"down": {"uv": [0, 0, 8, 6], "texture": "#0"}
			}
		},
		{
			"from": [5.25, 1.25, -2.25],
			"to": [5.75, 4.75, 1.25],
			"rotation": {"angle": 0, "axis": "y", "origin": [14.75, 8, 13]},
			"faces": {
				"north": {"uv": [0, 0, 1, 7], "texture": "#0"},
				"east": {"uv": [0, 0, 6, 7], "texture": "#0"},
				"south": {"uv": [0, 0, 1, 7], "texture": "#0"},
				"west": {"uv": [0, 0, 6, 7], "texture": "#0"},
				"up": {"uv": [0, 0, 1, 6], "texture": "#0"},
				"down": {"uv": [0, 0, 1, 6], "texture": "#0"}
			}
		}
	],
	"display": {
		"thirdperson_righthand": {
			"translation": [0, 7.75, 2.25]
		},
		"thirdperson_lefthand": {
			"translation": [0, 7.75, 2.25]
		},
		"firstperson_righthand": {
			"translation": [0, 17.75, 2.25]
		},
		"firstperson_lefthand": {
			"translation": [0, 17.75, 2.25]
		},
		"ground": {
			"rotation": [0, 0, -90],
			"translation": [5.5, -1.5, 0]
		},
		"gui": {
			"rotation": [-86, 119, 88],
			"translation": [2.75, 7.25, 0]
		},
		"head": {
			"rotation": [0, 90, 0],
			"translation": [-1.5, 6.5, -1]
		},
		"fixed": {
			"rotation": [0, 90, 0],
			"translation": [-0.75, 5.75, -1]
		}
	}
}