{
	"credit": "Made by MILENARY",
	"textures": {
		"0": "block/gun_12",
		"particle": "block/gun_12"
	},
	"elements": [
		{
			"name": "1_0",
			"from": [7.74615, 12.15385, 7.69231],
			"to": [8.3, 16, 7.84615],
			"rotation": {"angle": 0, "axis": "y", "origin": [0.1, 8, 6]},
			"faces": {
				"north": {"uv": [9.69231, 0, 9.84615, 3.84615], "texture": "#0"},
				"east": {"uv": [9.69231, 3.84615, 9.84615, 0], "rotation": 180, "texture": "#0"},
				"south": {"uv": [9.69231, 0, 9.84615, 3.84615], "texture": "#0"},
				"west": {"uv": [9.69231, 0, 9.84615, 3.84615], "texture": "#0"},
				"up": {"uv": [9.84615, 0, 9.69231, 0.15385], "rotation": 270, "texture": "#0"},
				"down": {"uv": [9.69231, 3.69231, 9.84615, 3.84615], "rotation": 270, "texture": "#0"}
			}
		},
		{
			"name": "1_1",
			"from": [7.74615, 7.07692, 7.53846],
			"to": [8.3, 15.84615, 7.69231],
			"rotation": {"angle": 0, "axis": "y", "origin": [0.1, 8, 6]},
			"faces": {
				"north": {"uv": [9.53846, 0.15385, 9.69231, 8.92308], "texture": "#0"},
				"east": {"uv": [9.53846, 8.92308, 9.69231, 0.15385], "rotation": 180, "texture": "#0"},
				"south": {"uv": [9.53846, 0.15385, 9.69231, 8.92308], "texture": "#0"},
				"west": {"uv": [9.53846, 0.15385, 9.69231, 8.92308], "texture": "#0"},
				"up": {"uv": [9.69231, 0.15385, 9.53846, 0.30769], "rotation": 270, "texture": "#0"},
				"down": {"uv": [9.53846, 8.76923, 9.69231, 8.92308], "rotation": 270, "texture": "#0"}
			}
		},
		{
			"name": "1_2",
			"from": [7.74615, 7.07692, 7.38462],
			"to": [8.3, 15.69231, 7.53846],
			"rotation": {"angle": 0, "axis": "y", "origin": [0.1, 8, 6]},
			"faces": {
				"north": {"uv": [9.38462, 0.30769, 9.53846, 8.92308], "texture": "#0"},
				"east": {"uv": [9.38462, 8.92308, 9.53846, 0.30769], "rotation": 180, "texture": "#0"},
				"south": {"uv": [9.38462, 0.30769, 9.53846, 8.92308], "texture": "#0"},
				"west": {"uv": [9.38462, 0.30769, 9.53846, 8.92308], "texture": "#0"},
				"up": {"uv": [9.53846, 0.30769, 9.38462, 0.46154], "rotation": 270, "texture": "#0"},
				"down": {"uv": [9.38462, 8.76923, 9.53846, 8.92308], "rotation": 270, "texture": "#0"}
			}
		},
		{
			"name": "1_3",
			"from": [7.74615, 6.92308, 7.23077],
			"to": [8.3, 15.38462, 7.38462],
			"rotation": {"angle": 0, "axis": "y", "origin": [0.1, 8, 6]},
			"faces": {
				"north": {"uv": [9.23077, 0.61538, 9.38462, 9.07692], "texture": "#0"},
				"east": {"uv": [9.23077, 9.07692, 9.38462, 0.61538], "rotation": 180, "texture": "#0"},
				"south": {"uv": [9.23077, 0.61538, 9.38462, 9.07692], "texture": "#0"},
				"west": {"uv": [9.23077, 0.61538, 9.38462, 9.07692], "texture": "#0"},
				"up": {"uv": [9.38462, 0.61538, 9.23077, 0.76923], "rotation": 270, "texture": "#0"},
				"down": {"uv": [9.23077, 8.92308, 9.38462, 9.07692], "rotation": 270, "texture": "#0"}
			}
		},
		{
			"name": "1_4",
			"from": [7.74615, 6.76923, 7.07692],
			"to": [8.3, 15.23077, 7.23077],
			"rotation": {"angle": 0, "axis": "y", "origin": [0.1, 8, 6]},
			"faces": {
				"north": {"uv": [9.07692, 0.76923, 9.23077, 9.23077], "texture": "#0"},
				"east": {"uv": [9.07692, 9.23077, 9.23077, 0.76923], "rotation": 180, "texture": "#0"},
				"south": {"uv": [9.07692, 0.76923, 9.23077, 9.23077], "texture": "#0"},
				"west": {"uv": [9.07692, 0.76923, 9.23077, 9.23077], "texture": "#0"},
				"up": {"uv": [9.23077, 0.76923, 9.07692, 0.92308], "rotation": 270, "texture": "#0"},
				"down": {"uv": [9.07692, 9.07692, 9.23077, 9.23077], "rotation": 270, "texture": "#0"}
			}
		},
		{
			"name": "1_5",
			"from": [7.74615, 6.76923, 6.92308],
			"to": [8.3, 15.07692, 7.07692],
			"rotation": {"angle": 0, "axis": "y", "origin": [0.1, 8, 6]},
			"faces": {
				"north": {"uv": [8.92308, 0.92308, 9.07692, 9.23077], "texture": "#0"},
				"east": {"uv": [8.92308, 9.23077, 9.07692, 0.92308], "rotation": 180, "texture": "#0"},
				"south": {"uv": [8.92308, 0.92308, 9.07692, 9.23077], "texture": "#0"},
				"west": {"uv": [8.92308, 0.92308, 9.07692, 9.23077], "texture": "#0"},
				"up": {"uv": [9.07692, 0.92308, 8.92308, 1.07692], "rotation": 270, "texture": "#0"},
				"down": {"uv": [8.92308, 9.07692, 9.07692, 9.23077], "rotation": 270, "texture": "#0"}
			}
		},
		{
			"name": "1_6",
			"from": [7.74615, 6.61538, 6.76923],
			"to": [8.3, 14.76923, 6.92308],
			"rotation": {"angle": 0, "axis": "y", "origin": [0.1, 8, 6]},
			"faces": {
				"north": {"uv": [8.76923, 1.23077, 8.92308, 9.38462], "texture": "#0"},
				"east": {"uv": [8.76923, 9.38462, 8.92308, 1.23077], "rotation": 180, "texture": "#0"},
				"south": {"uv": [8.76923, 1.23077, 8.92308, 9.38462], "texture": "#0"},
				"west": {"uv": [8.76923, 1.23077, 8.92308, 9.38462], "texture": "#0"},
				"up": {"uv": [8.92308, 1.23077, 8.76923, 1.38462], "rotation": 270, "texture": "#0"},
				"down": {"uv": [8.76923, 9.23077, 8.92308, 9.38462], "rotation": 270, "texture": "#0"}
			}
		},
		{
			"name": "1_7",
			"from": [7.74615, 6.46154, 6.61538],
			"to": [8.3, 14.61538, 6.76923],
			"rotation": {"angle": 0, "axis": "y", "origin": [0.1, 8, 6]},
			"faces": {
				"north": {"uv": [8.61538, 1.38462, 8.76923, 9.53846], "texture": "#0"},
				"east": {"uv": [8.61538, 9.53846, 8.76923, 1.38462], "rotation": 180, "texture": "#0"},
				"south": {"uv": [8.61538, 1.38462, 8.76923, 9.53846], "texture": "#0"},
				"west": {"uv": [8.61538, 1.38462, 8.76923, 9.53846], "texture": "#0"},
				"up": {"uv": [8.76923, 1.38462, 8.61538, 1.53846], "rotation": 270, "texture": "#0"},
				"down": {"uv": [8.61538, 9.38462, 8.76923, 9.53846], "rotation": 270, "texture": "#0"}
			}
		},
		{
			"name": "1_8",
			"from": [7.74615, 6.30769, 6.46154],
			"to": [8.3, 14.46154, 6.61538],
			"rotation": {"angle": 0, "axis": "y", "origin": [0.1, 8, 6]},
			"faces": {
				"north": {"uv": [8.46154, 1.53846, 8.61538, 9.69231], "texture": "#0"},
				"east": {"uv": [8.46154, 9.69231, 8.61538, 1.53846], "rotation": 180, "texture": "#0"},
				"south": {"uv": [8.46154, 1.53846, 8.61538, 9.69231], "texture": "#0"},
				"west": {"uv": [8.46154, 1.53846, 8.61538, 9.69231], "texture": "#0"},
				"up": {"uv": [8.61538, 1.53846, 8.46154, 1.69231], "rotation": 270, "texture": "#0"},
				"down": {"uv": [8.46154, 9.53846, 8.61538, 9.69231], "rotation": 270, "texture": "#0"}
			}
		},
		{
			"name": "1_9",
			"from": [7.74615, 6.15385, 6.30769],
			"to": [8.3, 14.30769, 6.46154],
			"rotation": {"angle": 0, "axis": "y", "origin": [0.1, 8, 6]},
			"faces": {
				"north": {"uv": [8.30769, 1.69231, 8.46154, 9.84615], "texture": "#0"},
				"east": {"uv": [8.30769, 9.84615, 8.46154, 1.69231], "rotation": 180, "texture": "#0"},
				"south": {"uv": [8.30769, 1.69231, 8.46154, 9.84615], "texture": "#0"},
				"west": {"uv": [8.30769, 1.69231, 8.46154, 9.84615], "texture": "#0"},
				"up": {"uv": [8.46154, 1.69231, 8.30769, 1.84615], "rotation": 270, "texture": "#0"},
				"down": {"uv": [8.30769, 9.69231, 8.46154, 9.84615], "rotation": 270, "texture": "#0"}
			}
		},
		{
			"name": "1_10",
			"from": [7.74615, 5.84615, 6.15385],
			"to": [8.3, 14, 6.30769],
			"rotation": {"angle": 0, "axis": "y", "origin": [0.1, 8, 6]},
			"faces": {
				"north": {"uv": [8.15385, 2, 8.30769, 10.15385], "texture": "#0"},
				"east": {"uv": [8.15385, 10.15385, 8.30769, 2], "rotation": 180, "texture": "#0"},
				"south": {"uv": [8.15385, 2, 8.30769, 10.15385], "texture": "#0"},
				"west": {"uv": [8.15385, 2, 8.30769, 10.15385], "texture": "#0"},
				"up": {"uv": [8.30769, 2, 8.15385, 2.15385], "rotation": 270, "texture": "#0"},
				"down": {"uv": [8.15385, 10, 8.30769, 10.15385], "rotation": 270, "texture": "#0"}
			}
		},
		{
			"name": "1_11",
			"from": [7.74615, 6.46154, 6],
			"to": [8.3, 7.69231, 6.15385],
			"rotation": {"angle": 0, "axis": "y", "origin": [0.1, 8, 6]},
			"faces": {
				"north": {"uv": [8, 8.30769, 8.15385, 9.53846], "texture": "#0"},
				"east": {"uv": [8, 9.53846, 8.15385, 8.30769], "rotation": 180, "texture": "#0"},
				"south": {"uv": [8, 8.30769, 8.15385, 9.53846], "texture": "#0"},
				"west": {"uv": [8, 8.30769, 8.15385, 9.53846], "texture": "#0"},
				"up": {"uv": [8.15385, 8.30769, 8, 8.46154], "rotation": 270, "texture": "#0"},
				"down": {"uv": [8, 9.38462, 8.15385, 9.53846], "rotation": 270, "texture": "#0"}
			}
		},
		{
			"name": "2_0",
			"from": [7.54615, 6.76923, 8.30769],
			"to": [8.5, 7.69231, 8.46154],
			"rotation": {"angle": 0, "axis": "y", "origin": [0.1, 8, 6]},
			"faces": {
				"north": {"uv": [10.30769, 8.30769, 10.46154, 9.23077], "texture": "#0"},
				"east": {"uv": [10.30769, 9.23077, 10.46154, 8.30769], "rotation": 180, "texture": "#0"},
				"south": {"uv": [10.30769, 8.30769, 10.46154, 9.23077], "texture": "#0"},
				"west": {"uv": [10.30769, 8.30769, 10.46154, 9.23077], "texture": "#0"},
				"up": {"uv": [10.46154, 8.30769, 10.30769, 8.46154], "rotation": 270, "texture": "#0"},
				"down": {"uv": [10.30769, 9.07692, 10.46154, 9.23077], "rotation": 270, "texture": "#0"}
			}
		},
		{
			"name": "2_1",
			"from": [7.54615, 5.84615, 8],
			"to": [8.5, 7.53846, 8.30769],
			"rotation": {"angle": 0, "axis": "y", "origin": [0.1, 8, 6]},
			"faces": {
				"north": {"uv": [10, 8.46154, 10.15385, 10.15385], "texture": "#0"},
				"east": {"uv": [10, 10.15385, 10.30769, 8.46154], "rotation": 180, "texture": "#0"},
				"south": {"uv": [10.15385, 8.46154, 10.30769, 10.15385], "texture": "#0"},
				"west": {"uv": [10, 8.46154, 10.30769, 10.15385], "texture": "#0"},
				"up": {"uv": [10.30769, 8.46154, 10, 8.61538], "rotation": 270, "texture": "#0"},
				"down": {"uv": [10, 10, 10.30769, 10.15385], "rotation": 270, "texture": "#0"}
			}
		},
		{
			"name": "2_2",
			"from": [7.54615, 5.23077, 7.84615],
			"to": [8.5, 7.38462, 8],
			"rotation": {"angle": 0, "axis": "y", "origin": [0.1, 8, 6]},
			"faces": {
				"north": {"uv": [9.84615, 8.61538, 10, 10.76923], "texture": "#0"},
				"east": {"uv": [9.84615, 10.76923, 10, 8.61538], "rotation": 180, "texture": "#0"},
				"south": {"uv": [9.84615, 8.61538, 10, 10.76923], "texture": "#0"},
				"west": {"uv": [9.84615, 8.61538, 10, 10.76923], "texture": "#0"},
				"up": {"uv": [10, 8.61538, 9.84615, 8.76923], "rotation": 270, "texture": "#0"},
				"down": {"uv": [9.84615, 10.61538, 10, 10.76923], "rotation": 270, "texture": "#0"}
			}
		},
		{
			"name": "2_3",
			"from": [7.54615, 5.23077, 7.69231],
			"to": [8.5, 7.23077, 7.84615],
			"rotation": {"angle": 0, "axis": "y", "origin": [0.1, 8, 6]},
			"faces": {
				"north": {"uv": [9.69231, 8.76923, 9.84615, 10.76923], "texture": "#0"},
				"east": {"uv": [9.69231, 10.76923, 9.84615, 8.76923], "rotation": 180, "texture": "#0"},
				"south": {"uv": [9.69231, 8.76923, 9.84615, 10.76923], "texture": "#0"},
				"west": {"uv": [9.69231, 8.76923, 9.84615, 10.76923], "texture": "#0"},
				"up": {"uv": [9.84615, 8.76923, 9.69231, 8.92308], "rotation": 270, "texture": "#0"},
				"down": {"uv": [9.69231, 10.61538, 9.84615, 10.76923], "rotation": 270, "texture": "#0"}
			}
		},
		{
			"name": "2_4",
			"from": [7.54615, 5.23077, 7.38462],
			"to": [8.5, 7.07692, 7.69231],
			"rotation": {"angle": 0, "axis": "y", "origin": [0.1, 8, 6]},
			"faces": {
				"north": {"uv": [9.38462, 8.92308, 9.53846, 10.76923], "texture": "#0"},
				"east": {"uv": [9.38462, 10.76923, 9.69231, 8.92308], "rotation": 180, "texture": "#0"},
				"south": {"uv": [9.53846, 8.92308, 9.69231, 10.76923], "texture": "#0"},
				"west": {"uv": [9.38462, 8.92308, 9.69231, 10.76923], "texture": "#0"},
				"up": {"uv": [9.69231, 8.92308, 9.38462, 9.07692], "rotation": 270, "texture": "#0"},
				"down": {"uv": [9.38462, 10.61538, 9.69231, 10.76923], "rotation": 270, "texture": "#0"}
			}
		},
		{
			"name": "2_5",
			"from": [7.54615, 5.53846, 7.23077],
			"to": [8.5, 6.92308, 7.38462],
			"rotation": {"angle": 0, "axis": "y", "origin": [0.1, 8, 6]},
			"faces": {
				"north": {"uv": [9.23077, 9.07692, 9.38462, 10.46154], "texture": "#0"},
				"east": {"uv": [9.23077, 10.46154, 9.38462, 9.07692], "rotation": 180, "texture": "#0"},
				"south": {"uv": [9.23077, 9.07692, 9.38462, 10.46154], "texture": "#0"},
				"west": {"uv": [9.23077, 9.07692, 9.38462, 10.46154], "texture": "#0"},
				"up": {"uv": [9.38462, 9.07692, 9.23077, 9.23077], "rotation": 270, "texture": "#0"},
				"down": {"uv": [9.23077, 10.30769, 9.38462, 10.46154], "rotation": 270, "texture": "#0"}
			}
		},
		{
			"name": "2_6",
			"from": [7.54615, 5.84615, 6.92308],
			"to": [8.5, 6.76923, 7.23077],
			"rotation": {"angle": 0, "axis": "y", "origin": [0.1, 8, 6]},
			"faces": {
				"north": {"uv": [8.92308, 9.23077, 9.07692, 10.15385], "texture": "#0"},
				"east": {"uv": [8.92308, 10.15385, 9.23077, 9.23077], "rotation": 180, "texture": "#0"},
				"south": {"uv": [9.07692, 9.23077, 9.23077, 10.15385], "texture": "#0"},
				"west": {"uv": [8.92308, 9.23077, 9.23077, 10.15385], "texture": "#0"},
				"up": {"uv": [9.23077, 9.23077, 8.92308, 9.38462], "rotation": 270, "texture": "#0"},
				"down": {"uv": [8.92308, 10, 9.23077, 10.15385], "rotation": 270, "texture": "#0"}
			}
		},
		{
			"name": "2_7",
			"from": [7.54615, 6.15385, 6.76923],
			"to": [8.5, 6.61538, 6.92308],
			"rotation": {"angle": 0, "axis": "y", "origin": [0.1, 8, 6]},
			"faces": {
				"north": {"uv": [8.76923, 9.38462, 8.92308, 9.84615], "texture": "#0"},
				"east": {"uv": [8.76923, 9.84615, 8.92308, 9.38462], "rotation": 180, "texture": "#0"},
				"south": {"uv": [8.76923, 9.38462, 8.92308, 9.84615], "texture": "#0"},
				"west": {"uv": [8.76923, 9.38462, 8.92308, 9.84615], "texture": "#0"},
				"up": {"uv": [8.92308, 9.38462, 8.76923, 9.53846], "rotation": 270, "texture": "#0"},
				"down": {"uv": [8.76923, 9.69231, 8.92308, 9.84615], "rotation": 270, "texture": "#0"}
			}
		},
		{
			"name": "2_8",
			"from": [7.54615, 5.69231, 7.07692],
			"to": [8.5, 5.84615, 7.23077],
			"rotation": {"angle": 0, "axis": "y", "origin": [0.1, 8, 6]},
			"faces": {
				"north": {"uv": [9.07692, 10.15385, 9.23077, 10.30769], "texture": "#0"},
				"east": {"uv": [9.07692, 10.30769, 9.23077, 10.15385], "rotation": 180, "texture": "#0"},
				"south": {"uv": [9.07692, 10.15385, 9.23077, 10.30769], "texture": "#0"},
				"west": {"uv": [9.07692, 10.15385, 9.23077, 10.30769], "texture": "#0"},
				"up": {"uv": [9.23077, 10.15385, 9.07692, 10.30769], "rotation": 270, "texture": "#0"},
				"down": {"uv": [9.07692, 10.15385, 9.23077, 10.30769], "rotation": 270, "texture": "#0"}
			}
		},
		{
			"name": "2_9",
			"from": [7.54615, 5.53846, 8],
			"to": [8.5, 5.84615, 8.15385],
			"rotation": {"angle": 0, "axis": "y", "origin": [0.1, 8, 6]},
			"faces": {
				"north": {"uv": [10, 10.15385, 10.15385, 10.46154], "texture": "#0"},
				"east": {"uv": [10, 10.46154, 10.15385, 10.15385], "rotation": 180, "texture": "#0"},
				"south": {"uv": [10, 10.15385, 10.15385, 10.46154], "texture": "#0"},
				"west": {"uv": [10, 10.15385, 10.15385, 10.46154], "texture": "#0"},
				"up": {"uv": [10.15385, 10.15385, 10, 10.30769], "rotation": 270, "texture": "#0"},
				"down": {"uv": [10, 10.30769, 10.15385, 10.46154], "rotation": 270, "texture": "#0"}
			}
		},
		{
			"name": "3_0",
			"from": [7.69615, 4.46154, 5.84615],
			"to": [8.35, 7.53846, 6],
			"rotation": {"angle": 0, "axis": "y", "origin": [0.1, 8, 6]},
			"faces": {
				"north": {"uv": [7.84615, 8.46154, 8, 11.53846], "texture": "#0"},
				"east": {"uv": [7.84615, 11.53846, 8, 8.46154], "rotation": 180, "texture": "#0"},
				"south": {"uv": [7.84615, 8.46154, 8, 11.53846], "texture": "#0"},
				"west": {"uv": [7.84615, 8.46154, 8, 11.53846], "texture": "#0"},
				"up": {"uv": [8, 8.46154, 7.84615, 8.61538], "rotation": 270, "texture": "#0"},
				"down": {"uv": [7.84615, 11.38462, 8, 11.53846], "rotation": 270, "texture": "#0"}
			}
		},
		{
			"name": "3_1",
			"from": [7.69615, 4.15385, 5.69231],
			"to": [8.35, 6.92308, 5.84615],
			"rotation": {"angle": 0, "axis": "y", "origin": [0.1, 8, 6]},
			"faces": {
				"north": {"uv": [7.69231, 9.07692, 7.84615, 11.84615], "texture": "#0"},
				"east": {"uv": [7.69231, 11.84615, 7.84615, 9.07692], "rotation": 180, "texture": "#0"},
				"south": {"uv": [7.69231, 9.07692, 7.84615, 11.84615], "texture": "#0"},
				"west": {"uv": [7.69231, 9.07692, 7.84615, 11.84615], "texture": "#0"},
				"up": {"uv": [7.84615, 9.07692, 7.69231, 9.23077], "rotation": 270, "texture": "#0"},
				"down": {"uv": [7.69231, 11.69231, 7.84615, 11.84615], "rotation": 270, "texture": "#0"}
			}
		},
		{
			"name": "3_2",
			"from": [7.69615, 5.69231, 6],
			"to": [8.35, 6.46154, 6.15385],
			"rotation": {"angle": 0, "axis": "y", "origin": [0.1, 8, 6]},
			"faces": {
				"north": {"uv": [8, 9.53846, 8.15385, 10.30769], "texture": "#0"},
				"east": {"uv": [8, 10.30769, 8.15385, 9.53846], "rotation": 180, "texture": "#0"},
				"south": {"uv": [8, 9.53846, 8.15385, 10.30769], "texture": "#0"},
				"west": {"uv": [8, 9.53846, 8.15385, 10.30769], "texture": "#0"},
				"up": {"uv": [8.15385, 9.53846, 8, 9.69231], "rotation": 270, "texture": "#0"},
				"down": {"uv": [8, 10.15385, 8.15385, 10.30769], "rotation": 270, "texture": "#0"}
			}
		},
		{
			"name": "3_3",
			"from": [7.69615, 4.46154, 5.53846],
			"to": [8.35, 5.84615, 5.69231],
			"rotation": {"angle": 0, "axis": "y", "origin": [0.1, 8, 6]},
			"faces": {
				"north": {"uv": [7.53846, 10.15385, 7.69231, 11.53846], "texture": "#0"},
				"east": {"uv": [7.53846, 11.53846, 7.69231, 10.15385], "rotation": 180, "texture": "#0"},
				"south": {"uv": [7.53846, 10.15385, 7.69231, 11.53846], "texture": "#0"},
				"west": {"uv": [7.53846, 10.15385, 7.69231, 11.53846], "texture": "#0"},
				"up": {"uv": [7.69231, 10.15385, 7.53846, 10.30769], "rotation": 270, "texture": "#0"},
				"down": {"uv": [7.53846, 11.38462, 7.69231, 11.53846], "rotation": 270, "texture": "#0"}
			}
		},
		{
			"name": "3_4",
			"from": [7.69615, 4.61538, 5.38462],
			"to": [8.35, 5.53846, 5.53846],
			"rotation": {"angle": 0, "axis": "y", "origin": [0.1, 8, 6]},
			"faces": {
				"north": {"uv": [7.38462, 10.46154, 7.53846, 11.38462], "texture": "#0"},
				"east": {"uv": [7.38462, 11.38462, 7.53846, 10.46154], "rotation": 180, "texture": "#0"},
				"south": {"uv": [7.38462, 10.46154, 7.53846, 11.38462], "texture": "#0"},
				"west": {"uv": [7.38462, 10.46154, 7.53846, 11.38462], "texture": "#0"},
				"up": {"uv": [7.53846, 10.46154, 7.38462, 10.61538], "rotation": 270, "texture": "#0"},
				"down": {"uv": [7.38462, 11.23077, 7.53846, 11.38462], "rotation": 270, "texture": "#0"}
			}
		},
		{
			"name": "3_5",
			"from": [7.69615, 4.76923, 5.23077],
			"to": [8.35, 5.38462, 5.38462],
			"rotation": {"angle": 0, "axis": "y", "origin": [0.1, 8, 6]},
			"faces": {
				"north": {"uv": [7.23077, 10.61538, 7.38462, 11.23077], "texture": "#0"},
				"east": {"uv": [7.23077, 11.23077, 7.38462, 10.61538], "rotation": 180, "texture": "#0"},
				"south": {"uv": [7.23077, 10.61538, 7.38462, 11.23077], "texture": "#0"},
				"west": {"uv": [7.23077, 10.61538, 7.38462, 11.23077], "texture": "#0"},
				"up": {"uv": [7.38462, 10.61538, 7.23077, 10.76923], "rotation": 270, "texture": "#0"},
				"down": {"uv": [7.23077, 11.07692, 7.38462, 11.23077], "rotation": 270, "texture": "#0"}
			}
		},
		{
			"name": "3_6",
			"from": [7.69615, 4.92308, 5.07692],
			"to": [8.35, 5.07692, 5.23077],
			"rotation": {"angle": 0, "axis": "y", "origin": [0.1, 8, 6]},
			"faces": {
				"north": {"uv": [7.07692, 10.92308, 7.23077, 11.07692], "texture": "#0"},
				"east": {"uv": [7.07692, 11.07692, 7.23077, 10.92308], "rotation": 180, "texture": "#0"},
				"south": {"uv": [7.07692, 10.92308, 7.23077, 11.07692], "texture": "#0"},
				"west": {"uv": [7.07692, 10.92308, 7.23077, 11.07692], "texture": "#0"},
				"up": {"uv": [7.23077, 10.92308, 7.07692, 11.07692], "rotation": 270, "texture": "#0"},
				"down": {"uv": [7.07692, 10.92308, 7.23077, 11.07692], "rotation": 270, "texture": "#0"}
			}
		},
		{
			"name": "4_0",
			"from": [7.69615, 2.92308, 6.61538],
			"to": [8.35, 5.23077, 6.76923],
			"rotation": {"angle": 0, "axis": "y", "origin": [0.1, 8, 6]},
			"faces": {
				"north": {"uv": [8.61538, 10.76923, 8.76923, 13.07692], "texture": "#0"},
				"east": {"uv": [8.61538, 13.07692, 8.76923, 10.76923], "rotation": 180, "texture": "#0"},
				"south": {"uv": [8.61538, 10.76923, 8.76923, 13.07692], "texture": "#0"},
				"west": {"uv": [8.61538, 10.76923, 8.76923, 13.07692], "texture": "#0"},
				"up": {"uv": [8.76923, 10.76923, 8.61538, 10.92308], "rotation": 270, "texture": "#0"},
				"down": {"uv": [8.61538, 12.92308, 8.76923, 13.07692], "rotation": 270, "texture": "#0"}
			}
		},
		{
			"name": "4_1",
			"from": [7.69615, 2.92308, 6.76923],
			"to": [8.35, 4.92308, 6.92308],
			"rotation": {"angle": 0, "axis": "y", "origin": [0.1, 8, 6]},
			"faces": {
				"north": {"uv": [8.76923, 11.07692, 8.92308, 13.07692], "texture": "#0"},
				"east": {"uv": [8.76923, 13.07692, 8.92308, 11.07692], "rotation": 180, "texture": "#0"},
				"south": {"uv": [8.76923, 11.07692, 8.92308, 13.07692], "texture": "#0"},
				"west": {"uv": [8.76923, 11.07692, 8.92308, 13.07692], "texture": "#0"},
				"up": {"uv": [8.92308, 11.07692, 8.76923, 11.23077], "rotation": 270, "texture": "#0"},
				"down": {"uv": [8.76923, 12.92308, 8.92308, 13.07692], "rotation": 270, "texture": "#0"}
			}
		},
		{
			"name": "4_2",
			"from": [7.69615, 2.92308, 6.92308],
			"to": [8.35, 4.76923, 7.07692],
			"rotation": {"angle": 0, "axis": "y", "origin": [0.1, 8, 6]},
			"faces": {
				"north": {"uv": [8.92308, 11.23077, 9.07692, 13.07692], "texture": "#0"},
				"east": {"uv": [8.92308, 13.07692, 9.07692, 11.23077], "rotation": 180, "texture": "#0"},
				"south": {"uv": [8.92308, 11.23077, 9.07692, 13.07692], "texture": "#0"},
				"west": {"uv": [8.92308, 11.23077, 9.07692, 13.07692], "texture": "#0"},
				"up": {"uv": [9.07692, 11.23077, 8.92308, 11.38462], "rotation": 270, "texture": "#0"},
				"down": {"uv": [8.92308, 12.92308, 9.07692, 13.07692], "rotation": 270, "texture": "#0"}
			}
		},
		{
			"name": "4_3",
			"from": [7.69615, 2.46154, 7.07692],
			"to": [8.35, 4.46154, 7.23077],
			"rotation": {"angle": 0, "axis": "y", "origin": [0.1, 8, 6]},
			"faces": {
				"north": {"uv": [9.07692, 11.53846, 9.23077, 13.53846], "texture": "#0"},
				"east": {"uv": [9.07692, 13.53846, 9.23077, 11.53846], "rotation": 180, "texture": "#0"},
				"south": {"uv": [9.07692, 11.53846, 9.23077, 13.53846], "texture": "#0"},
				"west": {"uv": [9.07692, 11.53846, 9.23077, 13.53846], "texture": "#0"},
				"up": {"uv": [9.23077, 11.53846, 9.07692, 11.69231], "rotation": 270, "texture": "#0"},
				"down": {"uv": [9.07692, 13.38462, 9.23077, 13.53846], "rotation": 270, "texture": "#0"}
			}
		},
		{
			"name": "4_4",
			"from": [7.69615, 2.46154, 7.23077],
			"to": [8.35, 4.30769, 7.38462],
			"rotation": {"angle": 0, "axis": "y", "origin": [0.1, 8, 6]},
			"faces": {
				"north": {"uv": [9.23077, 11.69231, 9.38462, 13.53846], "texture": "#0"},
				"east": {"uv": [9.23077, 13.53846, 9.38462, 11.69231], "rotation": 180, "texture": "#0"},
				"south": {"uv": [9.23077, 11.69231, 9.38462, 13.53846], "texture": "#0"},
				"west": {"uv": [9.23077, 11.69231, 9.38462, 13.53846], "texture": "#0"},
				"up": {"uv": [9.38462, 11.69231, 9.23077, 11.84615], "rotation": 270, "texture": "#0"},
				"down": {"uv": [9.23077, 13.38462, 9.38462, 13.53846], "rotation": 270, "texture": "#0"}
			}
		},
		{
			"name": "5_0",
			"from": [7.59615, 2.92308, 6.15385],
			"to": [8.45, 5.84615, 6.30769],
			"rotation": {"angle": 0, "axis": "y", "origin": [0.1, 8, 6]},
			"faces": {
				"north": {"uv": [8.15385, 10.15385, 8.30769, 13.07692], "texture": "#0"},
				"east": {"uv": [8.15385, 13.07692, 8.30769, 10.15385], "rotation": 180, "texture": "#0"},
				"south": {"uv": [8.15385, 10.15385, 8.30769, 13.07692], "texture": "#0"},
				"west": {"uv": [8.15385, 10.15385, 8.30769, 13.07692], "texture": "#0"},
				"up": {"uv": [8.30769, 10.15385, 8.15385, 10.30769], "rotation": 270, "texture": "#0"},
				"down": {"uv": [8.15385, 12.92308, 8.30769, 13.07692], "rotation": 270, "texture": "#0"}
			}
		},
		{
			"name": "5_1",
			"from": [7.59615, 4, 6],
			"to": [8.45, 5.69231, 6.15385],
			"rotation": {"angle": 0, "axis": "y", "origin": [0.1, 8, 6]},
			"faces": {
				"north": {"uv": [8, 10.30769, 8.15385, 12], "texture": "#0"},
				"east": {"uv": [8, 12, 8.15385, 10.30769], "rotation": 180, "texture": "#0"},
				"south": {"uv": [8, 10.30769, 8.15385, 12], "texture": "#0"},
				"west": {"uv": [8, 10.30769, 8.15385, 12], "texture": "#0"},
				"up": {"uv": [8.15385, 10.30769, 8, 10.46154], "rotation": 270, "texture": "#0"},
				"down": {"uv": [8, 11.84615, 8.15385, 12], "rotation": 270, "texture": "#0"}
			}
		},
		{
			"name": "5_2",
			"from": [7.59615, 2.76923, 6.30769],
			"to": [8.45, 5.69231, 6.46154],
			"rotation": {"angle": 0, "axis": "y", "origin": [0.1, 8, 6]},
			"faces": {
				"north": {"uv": [8.30769, 10.30769, 8.46154, 13.23077], "texture": "#0"},
				"east": {"uv": [8.30769, 13.23077, 8.46154, 10.30769], "rotation": 180, "texture": "#0"},
				"south": {"uv": [8.30769, 10.30769, 8.46154, 13.23077], "texture": "#0"},
				"west": {"uv": [8.30769, 10.30769, 8.46154, 13.23077], "texture": "#0"},
				"up": {"uv": [8.46154, 10.30769, 8.30769, 10.46154], "rotation": 270, "texture": "#0"},
				"down": {"uv": [8.30769, 13.07692, 8.46154, 13.23077], "rotation": 270, "texture": "#0"}
			}
		},
		{
			"name": "5_3",
			"from": [7.59615, 2.92308, 6.46154],
			"to": [8.45, 5.38462, 6.61538],
			"rotation": {"angle": 0, "axis": "y", "origin": [0.1, 8, 6]},
			"faces": {
				"north": {"uv": [8.46154, 10.61538, 8.61538, 13.07692], "texture": "#0"},
				"east": {"uv": [8.46154, 13.07692, 8.61538, 10.61538], "rotation": 180, "texture": "#0"},
				"south": {"uv": [8.46154, 10.61538, 8.61538, 13.07692], "texture": "#0"},
				"west": {"uv": [8.46154, 10.61538, 8.61538, 13.07692], "texture": "#0"},
				"up": {"uv": [8.61538, 10.61538, 8.46154, 10.76923], "rotation": 270, "texture": "#0"},
				"down": {"uv": [8.46154, 12.92308, 8.61538, 13.07692], "rotation": 270, "texture": "#0"}
			}
		},
		{
			"name": "6_0",
			"from": [7.79615, 3.38462, 5.84615],
			"to": [8.25, 4.46154, 6],
			"rotation": {"angle": 0, "axis": "y", "origin": [0.1, 8, 6]},
			"faces": {
				"north": {"uv": [7.84615, 11.53846, 8, 12.61538], "texture": "#0"},
				"east": {"uv": [7.84615, 12.61538, 8, 11.53846], "rotation": 180, "texture": "#0"},
				"south": {"uv": [7.84615, 11.53846, 8, 12.61538], "texture": "#0"},
				"west": {"uv": [7.84615, 11.53846, 8, 12.61538], "texture": "#0"},
				"up": {"uv": [8, 11.53846, 7.84615, 11.69231], "rotation": 270, "texture": "#0"},
				"down": {"uv": [7.84615, 12.46154, 8, 12.61538], "rotation": 270, "texture": "#0"}
			}
		},
		{
			"name": "6_1",
			"from": [7.79615, 3.23077, 5.69231],
			"to": [8.25, 4.15385, 5.84615],
			"rotation": {"angle": 0, "axis": "y", "origin": [0.1, 8, 6]},
			"faces": {
				"north": {"uv": [7.69231, 11.84615, 7.84615, 12.76923], "texture": "#0"},
				"east": {"uv": [7.69231, 12.76923, 7.84615, 11.84615], "rotation": 180, "texture": "#0"},
				"south": {"uv": [7.69231, 11.84615, 7.84615, 12.76923], "texture": "#0"},
				"west": {"uv": [7.69231, 11.84615, 7.84615, 12.76923], "texture": "#0"},
				"up": {"uv": [7.84615, 11.84615, 7.69231, 12], "rotation": 270, "texture": "#0"},
				"down": {"uv": [7.69231, 12.61538, 7.84615, 12.76923], "rotation": 270, "texture": "#0"}
			}
		},
		{
			"name": "6_2",
			"from": [7.79615, 3.38462, 6],
			"to": [8.25, 4, 6.15385],
			"rotation": {"angle": 0, "axis": "y", "origin": [0.1, 8, 6]},
			"faces": {
				"north": {"uv": [8, 12, 8.15385, 12.61538], "texture": "#0"},
				"east": {"uv": [8, 12.61538, 8.15385, 12], "rotation": 180, "texture": "#0"},
				"south": {"uv": [8, 12, 8.15385, 12.61538], "texture": "#0"},
				"west": {"uv": [8, 12, 8.15385, 12.61538], "texture": "#0"},
				"up": {"uv": [8.15385, 12, 8, 12.15385], "rotation": 270, "texture": "#0"},
				"down": {"uv": [8, 12.46154, 8.15385, 12.61538], "rotation": 270, "texture": "#0"}
			}
		},
		{
			"name": "6_3",
			"from": [7.79615, 3.23077, 5.53846],
			"to": [8.25, 3.84615, 5.69231],
			"rotation": {"angle": 0, "axis": "y", "origin": [0.1, 8, 6]},
			"faces": {
				"north": {"uv": [7.53846, 12.15385, 7.69231, 12.76923], "texture": "#0"},
				"east": {"uv": [7.53846, 12.76923, 7.69231, 12.15385], "rotation": 180, "texture": "#0"},
				"south": {"uv": [7.53846, 12.15385, 7.69231, 12.76923], "texture": "#0"},
				"west": {"uv": [7.53846, 12.15385, 7.69231, 12.76923], "texture": "#0"},
				"up": {"uv": [7.69231, 12.15385, 7.53846, 12.30769], "rotation": 270, "texture": "#0"},
				"down": {"uv": [7.53846, 12.61538, 7.69231, 12.76923], "rotation": 270, "texture": "#0"}
			}
		},
		{
			"name": "7_0",
			"from": [7.44615, 5.23077, 6.61538],
			"to": [8.6, 6.46154, 6.76923],
			"rotation": {"angle": 0, "axis": "y", "origin": [0.1, 8, 6]},
			"faces": {
				"north": {"uv": [8.61538, 9.53846, 8.76923, 10.76923], "texture": "#0"},
				"east": {"uv": [8.61538, 10.76923, 8.76923, 9.53846], "rotation": 180, "texture": "#0"},
				"south": {"uv": [8.61538, 9.53846, 8.76923, 10.76923], "texture": "#0"},
				"west": {"uv": [8.61538, 9.53846, 8.76923, 10.76923], "texture": "#0"},
				"up": {"uv": [8.76923, 9.53846, 8.61538, 9.69231], "rotation": 270, "texture": "#0"},
				"down": {"uv": [8.61538, 10.61538, 8.76923, 10.76923], "rotation": 270, "texture": "#0"}
			}
		},
		{
			"name": "7_1",
			"from": [7.44615, 5.38462, 6.46154],
			"to": [8.6, 6.30769, 6.61538],
			"rotation": {"angle": 0, "axis": "y", "origin": [0.1, 8, 6]},
			"faces": {
				"north": {"uv": [8.46154, 9.69231, 8.61538, 10.61538], "texture": "#0"},
				"east": {"uv": [8.46154, 10.61538, 8.61538, 9.69231], "rotation": 180, "texture": "#0"},
				"south": {"uv": [8.46154, 9.69231, 8.61538, 10.61538], "texture": "#0"},
				"west": {"uv": [8.46154, 9.69231, 8.61538, 10.61538], "texture": "#0"},
				"up": {"uv": [8.61538, 9.69231, 8.46154, 9.84615], "rotation": 270, "texture": "#0"},
				"down": {"uv": [8.46154, 10.46154, 8.61538, 10.61538], "rotation": 270, "texture": "#0"}
			}
		},
		{
			"name": "7_2",
			"from": [7.44615, 5.69231, 6.30769],
			"to": [8.6, 6.15385, 6.46154],
			"rotation": {"angle": 0, "axis": "y", "origin": [0.1, 8, 6]},
			"faces": {
				"north": {"uv": [8.30769, 9.84615, 8.46154, 10.30769], "texture": "#0"},
				"east": {"uv": [8.30769, 10.30769, 8.46154, 9.84615], "rotation": 180, "texture": "#0"},
				"south": {"uv": [8.30769, 9.84615, 8.46154, 10.30769], "texture": "#0"},
				"west": {"uv": [8.30769, 9.84615, 8.46154, 10.30769], "texture": "#0"},
				"up": {"uv": [8.46154, 9.84615, 8.30769, 10], "rotation": 270, "texture": "#0"},
				"down": {"uv": [8.30769, 10.15385, 8.46154, 10.30769], "rotation": 270, "texture": "#0"}
			}
		},
		{
			"name": "7_3",
			"from": [7.44615, 4.92308, 6.76923],
			"to": [8.6, 6.15385, 6.92308],
			"rotation": {"angle": 0, "axis": "y", "origin": [0.1, 8, 6]},
			"faces": {
				"north": {"uv": [8.76923, 9.84615, 8.92308, 11.07692], "texture": "#0"},
				"east": {"uv": [8.76923, 11.07692, 8.92308, 9.84615], "rotation": 180, "texture": "#0"},
				"south": {"uv": [8.76923, 9.84615, 8.92308, 11.07692], "texture": "#0"},
				"west": {"uv": [8.76923, 9.84615, 8.92308, 11.07692], "texture": "#0"},
				"up": {"uv": [8.92308, 9.84615, 8.76923, 10], "rotation": 270, "texture": "#0"},
				"down": {"uv": [8.76923, 10.92308, 8.92308, 11.07692], "rotation": 270, "texture": "#0"}
			}
		},
		{
			"name": "7_4",
			"from": [7.44615, 4.76923, 6.92308],
			"to": [8.6, 5.84615, 7.07692],
			"rotation": {"angle": 0, "axis": "y", "origin": [0.1, 8, 6]},
			"faces": {
				"north": {"uv": [8.92308, 10.15385, 9.07692, 11.23077], "texture": "#0"},
				"east": {"uv": [8.92308, 11.23077, 9.07692, 10.15385], "rotation": 180, "texture": "#0"},
				"south": {"uv": [8.92308, 10.15385, 9.07692, 11.23077], "texture": "#0"},
				"west": {"uv": [8.92308, 10.15385, 9.07692, 11.23077], "texture": "#0"},
				"up": {"uv": [9.07692, 10.15385, 8.92308, 10.30769], "rotation": 270, "texture": "#0"},
				"down": {"uv": [8.92308, 11.07692, 9.07692, 11.23077], "rotation": 270, "texture": "#0"}
			}
		},
		{
			"name": "7_5",
			"from": [7.44615, 4.46154, 7.07692],
			"to": [8.6, 5.69231, 7.23077],
			"rotation": {"angle": 0, "axis": "y", "origin": [0.1, 8, 6]},
			"faces": {
				"north": {"uv": [9.07692, 10.30769, 9.23077, 11.53846], "texture": "#0"},
				"east": {"uv": [9.07692, 11.53846, 9.23077, 10.30769], "rotation": 180, "texture": "#0"},
				"south": {"uv": [9.07692, 10.30769, 9.23077, 11.53846], "texture": "#0"},
				"west": {"uv": [9.07692, 10.30769, 9.23077, 11.53846], "texture": "#0"},
				"up": {"uv": [9.23077, 10.30769, 9.07692, 10.46154], "rotation": 270, "texture": "#0"},
				"down": {"uv": [9.07692, 11.38462, 9.23077, 11.53846], "rotation": 270, "texture": "#0"}
			}
		},
		{
			"name": "7_6",
			"from": [7.44615, 4.30769, 7.23077],
			"to": [8.6, 5.53846, 7.38462],
			"rotation": {"angle": 0, "axis": "y", "origin": [0.1, 8, 6]},
			"faces": {
				"north": {"uv": [9.23077, 10.46154, 9.38462, 11.69231], "texture": "#0"},
				"east": {"uv": [9.23077, 11.69231, 9.38462, 10.46154], "rotation": 180, "texture": "#0"},
				"south": {"uv": [9.23077, 10.46154, 9.38462, 11.69231], "texture": "#0"},
				"west": {"uv": [9.23077, 10.46154, 9.38462, 11.69231], "texture": "#0"},
				"up": {"uv": [9.38462, 10.46154, 9.23077, 10.61538], "rotation": 270, "texture": "#0"},
				"down": {"uv": [9.23077, 11.53846, 9.38462, 11.69231], "rotation": 270, "texture": "#0"}
			}
		},
		{
			"name": "8_0",
			"from": [7.44615, 2.61538, 8],
			"to": [8.6, 5.53846, 8.15385],
			"rotation": {"angle": 0, "axis": "y", "origin": [0.1, 8, 6]},
			"faces": {
				"north": {"uv": [10, 10.46154, 10.15385, 13.38462], "texture": "#0"},
				"east": {"uv": [10, 13.38462, 10.15385, 10.46154], "rotation": 180, "texture": "#0"},
				"south": {"uv": [10, 10.46154, 10.15385, 13.38462], "texture": "#0"},
				"west": {"uv": [10, 10.46154, 10.15385, 13.38462], "texture": "#0"},
				"up": {"uv": [10.15385, 10.46154, 10, 10.61538], "rotation": 270, "texture": "#0"},
				"down": {"uv": [10, 13.23077, 10.15385, 13.38462], "rotation": 270, "texture": "#0"}
			}
		},
		{
			"name": "8_1",
			"from": [7.44615, 2.92308, 7.38462],
			"to": [8.6, 5.23077, 8],
			"rotation": {"angle": 0, "axis": "y", "origin": [0.1, 8, 6]},
			"faces": {
				"north": {"uv": [9.38462, 10.76923, 9.53846, 13.07692], "texture": "#0"},
				"east": {"uv": [9.38462, 13.07692, 10, 10.76923], "rotation": 180, "texture": "#0"},
				"south": {"uv": [9.84615, 10.76923, 10, 13.07692], "texture": "#0"},
				"west": {"uv": [9.38462, 10.76923, 10, 13.07692], "texture": "#0"},
				"up": {"uv": [10, 10.76923, 9.38462, 10.92308], "rotation": 270, "texture": "#0"},
				"down": {"uv": [9.38462, 12.92308, 10, 13.07692], "rotation": 270, "texture": "#0"}
			}
		},
		{
			"name": "8_2",
			"from": [7.44615, 2.46154, 8.15385],
			"to": [8.6, 5.23077, 8.30769],
			"rotation": {"angle": 0, "axis": "y", "origin": [0.1, 8, 6]},
			"faces": {
				"north": {"uv": [10.15385, 10.76923, 10.30769, 13.53846], "texture": "#0"},
				"east": {"uv": [10.15385, 13.53846, 10.30769, 10.76923], "rotation": 180, "texture": "#0"},
				"south": {"uv": [10.15385, 10.76923, 10.30769, 13.53846], "texture": "#0"},
				"west": {"uv": [10.15385, 10.76923, 10.30769, 13.53846], "texture": "#0"},
				"up": {"uv": [10.30769, 10.76923, 10.15385, 10.92308], "rotation": 270, "texture": "#0"},
				"down": {"uv": [10.15385, 13.38462, 10.30769, 13.53846], "rotation": 270, "texture": "#0"}
			}
		},
		{
			"name": "8_3",
			"from": [7.44615, 2.46154, 8.30769],
			"to": [8.6, 4.46154, 8.46154],
			"rotation": {"angle": 0, "axis": "y", "origin": [0.1, 8, 6]},
			"faces": {
				"north": {"uv": [10.30769, 11.53846, 10.46154, 13.53846], "texture": "#0"},
				"east": {"uv": [10.30769, 13.53846, 10.46154, 11.53846], "rotation": 180, "texture": "#0"},
				"south": {"uv": [10.30769, 11.53846, 10.46154, 13.53846], "texture": "#0"},
				"west": {"uv": [10.30769, 11.53846, 10.46154, 13.53846], "texture": "#0"},
				"up": {"uv": [10.46154, 11.53846, 10.30769, 11.69231], "rotation": 270, "texture": "#0"},
				"down": {"uv": [10.30769, 13.38462, 10.46154, 13.53846], "rotation": 270, "texture": "#0"}
			}
		},
		{
			"name": "8_4",
			"from": [7.44615, 2.30769, 8.46154],
			"to": [8.6, 3.69231, 8.61538],
			"rotation": {"angle": 0, "axis": "y", "origin": [0.1, 8, 6]},
			"faces": {
				"north": {"uv": [10.46154, 12.30769, 10.61538, 13.69231], "texture": "#0"},
				"east": {"uv": [10.46154, 13.69231, 10.61538, 12.30769], "rotation": 180, "texture": "#0"},
				"south": {"uv": [10.46154, 12.30769, 10.61538, 13.69231], "texture": "#0"},
				"west": {"uv": [10.46154, 12.30769, 10.61538, 13.69231], "texture": "#0"},
				"up": {"uv": [10.61538, 12.30769, 10.46154, 12.46154], "rotation": 270, "texture": "#0"},
				"down": {"uv": [10.46154, 13.53846, 10.61538, 13.69231], "rotation": 270, "texture": "#0"}
			}
		},
		{
			"name": "8_5",
			"from": [7.44615, 2.76923, 7.53846],
			"to": [8.6, 2.92308, 8],
			"rotation": {"angle": 0, "axis": "y", "origin": [0.1, 8, 6]},
			"faces": {
				"north": {"uv": [9.53846, 13.07692, 9.69231, 13.23077], "texture": "#0"},
				"east": {"uv": [9.53846, 13.23077, 10, 13.07692], "rotation": 180, "texture": "#0"},
				"south": {"uv": [9.84615, 13.07692, 10, 13.23077], "texture": "#0"},
				"west": {"uv": [9.53846, 13.07692, 10, 13.23077], "texture": "#0"},
				"up": {"uv": [10, 13.07692, 9.53846, 13.23077], "rotation": 270, "texture": "#0"},
				"down": {"uv": [9.53846, 13.07692, 10, 13.23077], "rotation": 270, "texture": "#0"}
			}
		},
		{
			"name": "8_6",
			"from": [7.44615, 2.61538, 7.84615],
			"to": [8.6, 2.76923, 8],
			"rotation": {"angle": 0, "axis": "y", "origin": [0.1, 8, 6]},
			"faces": {
				"north": {"uv": [9.84615, 13.23077, 10, 13.38462], "texture": "#0"},
				"east": {"uv": [9.84615, 13.38462, 10, 13.23077], "rotation": 180, "texture": "#0"},
				"south": {"uv": [9.84615, 13.23077, 10, 13.38462], "texture": "#0"},
				"west": {"uv": [9.84615, 13.23077, 10, 13.38462], "texture": "#0"},
				"up": {"uv": [10, 13.23077, 9.84615, 13.38462], "rotation": 270, "texture": "#0"},
				"down": {"uv": [9.84615, 13.23077, 10, 13.38462], "rotation": 270, "texture": "#0"}
			}
		},
		{
			"name": "8_7",
			"from": [7.44615, 2.30769, 8.61538],
			"to": [8.6, 2.76923, 8.76923],
			"rotation": {"angle": 0, "axis": "y", "origin": [0.1, 8, 6]},
			"faces": {
				"north": {"uv": [10.61538, 13.23077, 10.76923, 13.69231], "texture": "#0"},
				"east": {"uv": [10.61538, 13.69231, 10.76923, 13.23077], "rotation": 180, "texture": "#0"},
				"south": {"uv": [10.61538, 13.23077, 10.76923, 13.69231], "texture": "#0"},
				"west": {"uv": [10.61538, 13.23077, 10.76923, 13.69231], "texture": "#0"},
				"up": {"uv": [10.76923, 13.23077, 10.61538, 13.38462], "rotation": 270, "texture": "#0"},
				"down": {"uv": [10.61538, 13.53846, 10.76923, 13.69231], "rotation": 270, "texture": "#0"}
			}
		},
		{
			"name": "9_0",
			"from": [7.79615, 0.30769, 6.46154],
			"to": [8.25, 2.92308, 7.07692],
			"rotation": {"angle": 0, "axis": "y", "origin": [0.1, 8, 6]},
			"faces": {
				"north": {"uv": [8.46154, 13.07692, 8.61538, 15.69231], "texture": "#0"},
				"east": {"uv": [8.46154, 15.69231, 9.07692, 13.07692], "rotation": 180, "texture": "#0"},
				"south": {"uv": [8.92308, 13.07692, 9.07692, 15.69231], "texture": "#0"},
				"west": {"uv": [8.46154, 13.07692, 9.07692, 15.69231], "texture": "#0"},
				"up": {"uv": [9.07692, 13.07692, 8.46154, 13.23077], "rotation": 270, "texture": "#0"},
				"down": {"uv": [8.46154, 15.53846, 9.07692, 15.69231], "rotation": 270, "texture": "#0"}
			}
		},
		{
			"name": "10_0",
			"from": [7.89615, 2.30769, 6.30769],
			"to": [8.15, 2.76923, 6.46154],
			"rotation": {"angle": 0, "axis": "y", "origin": [0.1, 8, 6]},
			"faces": {
				"north": {"uv": [8.30769, 13.23077, 8.46154, 13.69231], "texture": "#0"},
				"east": {"uv": [8.30769, 13.69231, 8.46154, 13.23077], "rotation": 180, "texture": "#0"},
				"south": {"uv": [8.30769, 13.23077, 8.46154, 13.69231], "texture": "#0"},
				"west": {"uv": [8.30769, 13.23077, 8.46154, 13.69231], "texture": "#0"},
				"up": {"uv": [8.46154, 13.23077, 8.30769, 13.38462], "rotation": 270, "texture": "#0"},
				"down": {"uv": [8.30769, 13.53846, 8.46154, 13.69231], "rotation": 270, "texture": "#0"}
			}
		},
		{
			"name": "10_1",
			"from": [7.89615, 2.15385, 6.15385],
			"to": [8.15, 2.61538, 6.30769],
			"rotation": {"angle": 0, "axis": "y", "origin": [0.1, 8, 6]},
			"faces": {
				"north": {"uv": [8.15385, 13.38462, 8.30769, 13.84615], "texture": "#0"},
				"east": {"uv": [8.15385, 13.84615, 8.30769, 13.38462], "rotation": 180, "texture": "#0"},
				"south": {"uv": [8.15385, 13.38462, 8.30769, 13.84615], "texture": "#0"},
				"west": {"uv": [8.15385, 13.38462, 8.30769, 13.84615], "texture": "#0"},
				"up": {"uv": [8.30769, 13.38462, 8.15385, 13.53846], "rotation": 270, "texture": "#0"},
				"down": {"uv": [8.15385, 13.69231, 8.30769, 13.84615], "rotation": 270, "texture": "#0"}
			}
		},
		{
			"name": "10_2",
			"from": [7.89615, 2, 6],
			"to": [8.15, 2.46154, 6.15385],
			"rotation": {"angle": 0, "axis": "y", "origin": [0.1, 8, 6]},
			"faces": {
				"north": {"uv": [8, 13.53846, 8.15385, 14], "texture": "#0"},
				"east": {"uv": [8, 14, 8.15385, 13.53846], "rotation": 180, "texture": "#0"},
				"south": {"uv": [8, 13.53846, 8.15385, 14], "texture": "#0"},
				"west": {"uv": [8, 13.53846, 8.15385, 14], "texture": "#0"},
				"up": {"uv": [8.15385, 13.53846, 8, 13.69231], "rotation": 270, "texture": "#0"},
				"down": {"uv": [8, 13.84615, 8.15385, 14], "rotation": 270, "texture": "#0"}
			}
		},
		{
			"name": "11_0",
			"from": [7.74615, 3.07692, 5.84615],
			"to": [8.3, 3.38462, 6.15385],
			"rotation": {"angle": 0, "axis": "y", "origin": [0.1, 8, 6]},
			"faces": {
				"north": {"uv": [7.84615, 12.61538, 8, 12.92308], "texture": "#0"},
				"east": {"uv": [7.84615, 12.92308, 8.15385, 12.61538], "rotation": 180, "texture": "#0"},
				"south": {"uv": [8, 12.61538, 8.15385, 12.92308], "texture": "#0"},
				"west": {"uv": [7.84615, 12.61538, 8.15385, 12.92308], "texture": "#0"},
				"up": {"uv": [8.15385, 12.61538, 7.84615, 12.76923], "rotation": 270, "texture": "#0"},
				"down": {"uv": [7.84615, 12.76923, 8.15385, 12.92308], "rotation": 270, "texture": "#0"}
			}
		},
		{
			"name": "11_1",
			"from": [7.74615, 2.76923, 5.53846],
			"to": [8.3, 3.23077, 5.84615],
			"rotation": {"angle": 0, "axis": "y", "origin": [0.1, 8, 6]},
			"faces": {
				"north": {"uv": [7.53846, 12.76923, 7.69231, 13.23077], "texture": "#0"},
				"east": {"uv": [7.53846, 13.23077, 7.84615, 12.76923], "rotation": 180, "texture": "#0"},
				"south": {"uv": [7.69231, 12.76923, 7.84615, 13.23077], "texture": "#0"},
				"west": {"uv": [7.53846, 12.76923, 7.84615, 13.23077], "texture": "#0"},
				"up": {"uv": [7.84615, 12.76923, 7.53846, 12.92308], "rotation": 270, "texture": "#0"},
				"down": {"uv": [7.53846, 13.07692, 7.84615, 13.23077], "rotation": 270, "texture": "#0"}
			}
		},
		{
			"name": "11_2",
			"from": [7.74615, 2.46154, 5.38462],
			"to": [8.3, 3.07692, 5.53846],
			"rotation": {"angle": 0, "axis": "y", "origin": [0.1, 8, 6]},
			"faces": {
				"north": {"uv": [7.38462, 12.92308, 7.53846, 13.53846], "texture": "#0"},
				"east": {"uv": [7.38462, 13.53846, 7.53846, 12.92308], "rotation": 180, "texture": "#0"},
				"south": {"uv": [7.38462, 12.92308, 7.53846, 13.53846], "texture": "#0"},
				"west": {"uv": [7.38462, 12.92308, 7.53846, 13.53846], "texture": "#0"},
				"up": {"uv": [7.53846, 12.92308, 7.38462, 13.07692], "rotation": 270, "texture": "#0"},
				"down": {"uv": [7.38462, 13.38462, 7.53846, 13.53846], "rotation": 270, "texture": "#0"}
			}
		},
		{
			"name": "11_3",
			"from": [7.74615, 2.92308, 5.84615],
			"to": [8.3, 3.07692, 6],
			"rotation": {"angle": 0, "axis": "y", "origin": [0.1, 8, 6]},
			"faces": {
				"north": {"uv": [7.84615, 12.92308, 8, 13.07692], "texture": "#0"},
				"east": {"uv": [7.84615, 13.07692, 8, 12.92308], "rotation": 180, "texture": "#0"},
				"south": {"uv": [7.84615, 12.92308, 8, 13.07692], "texture": "#0"},
				"west": {"uv": [7.84615, 12.92308, 8, 13.07692], "texture": "#0"},
				"up": {"uv": [8, 12.92308, 7.84615, 13.07692], "rotation": 270, "texture": "#0"},
				"down": {"uv": [7.84615, 12.92308, 8, 13.07692], "rotation": 270, "texture": "#0"}
			}
		},
		{
			"name": "11_4",
			"from": [7.74615, 2.46154, 5.07692],
			"to": [8.3, 2.92308, 5.38462],
			"rotation": {"angle": 0, "axis": "y", "origin": [0.1, 8, 6]},
			"faces": {
				"north": {"uv": [7.07692, 13.07692, 7.23077, 13.53846], "texture": "#0"},
				"east": {"uv": [7.07692, 13.53846, 7.38462, 13.07692], "rotation": 180, "texture": "#0"},
				"south": {"uv": [7.23077, 13.07692, 7.38462, 13.53846], "texture": "#0"},
				"west": {"uv": [7.07692, 13.07692, 7.38462, 13.53846], "texture": "#0"},
				"up": {"uv": [7.38462, 13.07692, 7.07692, 13.23077], "rotation": 270, "texture": "#0"},
				"down": {"uv": [7.07692, 13.38462, 7.38462, 13.53846], "rotation": 270, "texture": "#0"}
			}
		},
		{
			"name": "11_5",
			"from": [7.74615, 2.15385, 4.92308],
			"to": [8.3, 2.76923, 5.07692],
			"rotation": {"angle": 0, "axis": "y", "origin": [0.1, 8, 6]},
			"faces": {
				"north": {"uv": [6.92308, 13.23077, 7.07692, 13.84615], "texture": "#0"},
				"east": {"uv": [6.92308, 13.84615, 7.07692, 13.23077], "rotation": 180, "texture": "#0"},
				"south": {"uv": [6.92308, 13.23077, 7.07692, 13.84615], "texture": "#0"},
				"west": {"uv": [6.92308, 13.23077, 7.07692, 13.84615], "texture": "#0"},
				"up": {"uv": [7.07692, 13.23077, 6.92308, 13.38462], "rotation": 270, "texture": "#0"},
				"down": {"uv": [6.92308, 13.69231, 7.07692, 13.84615], "rotation": 270, "texture": "#0"}
			}
		},
		{
			"name": "11_6",
			"from": [7.74615, 2.61538, 5.53846],
			"to": [8.3, 2.76923, 5.69231],
			"rotation": {"angle": 0, "axis": "y", "origin": [0.1, 8, 6]},
			"faces": {
				"north": {"uv": [7.53846, 13.23077, 7.69231, 13.38462], "texture": "#0"},
				"east": {"uv": [7.53846, 13.38462, 7.69231, 13.23077], "rotation": 180, "texture": "#0"},
				"south": {"uv": [7.53846, 13.23077, 7.69231, 13.38462], "texture": "#0"},
				"west": {"uv": [7.53846, 13.23077, 7.69231, 13.38462], "texture": "#0"},
				"up": {"uv": [7.69231, 13.23077, 7.53846, 13.38462], "rotation": 270, "texture": "#0"},
				"down": {"uv": [7.53846, 13.23077, 7.69231, 13.38462], "rotation": 270, "texture": "#0"}
			}
		},
		{
			"name": "11_7",
			"from": [7.74615, 2, 4.61538],
			"to": [8.3, 2.61538, 4.92308],
			"rotation": {"angle": 0, "axis": "y", "origin": [0.1, 8, 6]},
			"faces": {
				"north": {"uv": [6.61538, 13.38462, 6.76923, 14], "texture": "#0"},
				"east": {"uv": [6.61538, 14, 6.92308, 13.38462], "rotation": 180, "texture": "#0"},
				"south": {"uv": [6.76923, 13.38462, 6.92308, 14], "texture": "#0"},
				"west": {"uv": [6.61538, 13.38462, 6.92308, 14], "texture": "#0"},
				"up": {"uv": [6.92308, 13.38462, 6.61538, 13.53846], "rotation": 270, "texture": "#0"},
				"down": {"uv": [6.61538, 13.84615, 6.92308, 14], "rotation": 270, "texture": "#0"}
			}
		},
		{
			"name": "11_8",
			"from": [7.74615, 2.15385, 4.46154],
			"to": [8.3, 2.46154, 4.61538],
			"rotation": {"angle": 0, "axis": "y", "origin": [0.1, 8, 6]},
			"faces": {
				"north": {"uv": [6.46154, 13.53846, 6.61538, 13.84615], "texture": "#0"},
				"east": {"uv": [6.46154, 13.84615, 6.61538, 13.53846], "rotation": 180, "texture": "#0"},
				"south": {"uv": [6.46154, 13.53846, 6.61538, 13.84615], "texture": "#0"},
				"west": {"uv": [6.46154, 13.53846, 6.61538, 13.84615], "texture": "#0"},
				"up": {"uv": [6.61538, 13.53846, 6.46154, 13.69231], "rotation": 270, "texture": "#0"},
				"down": {"uv": [6.46154, 13.69231, 6.61538, 13.84615], "rotation": 270, "texture": "#0"}
			}
		},
		{
			"name": "11_9",
			"from": [7.74615, 2.30769, 5.07692],
			"to": [8.3, 2.46154, 5.23077],
			"rotation": {"angle": 0, "axis": "y", "origin": [0.1, 8, 6]},
			"faces": {
				"north": {"uv": [7.07692, 13.53846, 7.23077, 13.69231], "texture": "#0"},
				"east": {"uv": [7.07692, 13.69231, 7.23077, 13.53846], "rotation": 180, "texture": "#0"},
				"south": {"uv": [7.07692, 13.53846, 7.23077, 13.69231], "texture": "#0"},
				"west": {"uv": [7.07692, 13.53846, 7.23077, 13.69231], "texture": "#0"},
				"up": {"uv": [7.23077, 13.53846, 7.07692, 13.69231], "rotation": 270, "texture": "#0"},
				"down": {"uv": [7.07692, 13.53846, 7.23077, 13.69231], "rotation": 270, "texture": "#0"}
			}
		},
		{
			"name": "12_0",
			"from": [7.79615, 2.61538, 6],
			"to": [8.25, 3.07692, 6.15385],
			"rotation": {"angle": 0, "axis": "y", "origin": [0.1, 8, 6]},
			"faces": {
				"north": {"uv": [8, 12.92308, 8.15385, 13.38462], "texture": "#0"},
				"east": {"uv": [8, 13.38462, 8.15385, 12.92308], "rotation": 180, "texture": "#0"},
				"south": {"uv": [8, 12.92308, 8.15385, 13.38462], "texture": "#0"},
				"west": {"uv": [8, 12.92308, 8.15385, 13.38462], "texture": "#0"},
				"up": {"uv": [8.15385, 12.92308, 8, 13.07692], "rotation": 270, "texture": "#0"},
				"down": {"uv": [8, 13.23077, 8.15385, 13.38462], "rotation": 270, "texture": "#0"}
			}
		},
		{
			"name": "12_1",
			"from": [7.79615, 2.30769, 5.84615],
			"to": [8.25, 2.92308, 6],
			"rotation": {"angle": 0, "axis": "y", "origin": [0.1, 8, 6]},
			"faces": {
				"north": {"uv": [7.84615, 13.07692, 8, 13.69231], "texture": "#0"},
				"east": {"uv": [7.84615, 13.69231, 8, 13.07692], "rotation": 180, "texture": "#0"},
				"south": {"uv": [7.84615, 13.07692, 8, 13.69231], "texture": "#0"},
				"west": {"uv": [7.84615, 13.07692, 8, 13.69231], "texture": "#0"},
				"up": {"uv": [8, 13.07692, 7.84615, 13.23077], "rotation": 270, "texture": "#0"},
				"down": {"uv": [7.84615, 13.53846, 8, 13.69231], "rotation": 270, "texture": "#0"}
			}
		},
		{
			"name": "12_2",
			"from": [7.79615, 2, 5.69231],
			"to": [8.25, 2.76923, 5.84615],
			"rotation": {"angle": 0, "axis": "y", "origin": [0.1, 8, 6]},
			"faces": {
				"north": {"uv": [7.69231, 13.23077, 7.84615, 14], "texture": "#0"},
				"east": {"uv": [7.69231, 14, 7.84615, 13.23077], "rotation": 180, "texture": "#0"},
				"south": {"uv": [7.69231, 13.23077, 7.84615, 14], "texture": "#0"},
				"west": {"uv": [7.69231, 13.23077, 7.84615, 14], "texture": "#0"},
				"up": {"uv": [7.84615, 13.23077, 7.69231, 13.38462], "rotation": 270, "texture": "#0"},
				"down": {"uv": [7.69231, 13.84615, 7.84615, 14], "rotation": 270, "texture": "#0"}
			}
		},
		{
			"name": "12_3",
			"from": [7.79615, 1.69231, 5.53846],
			"to": [8.25, 2.61538, 5.69231],
			"rotation": {"angle": 0, "axis": "y", "origin": [0.1, 8, 6]},
			"faces": {
				"north": {"uv": [7.53846, 13.38462, 7.69231, 14.30769], "texture": "#0"},
				"east": {"uv": [7.53846, 14.30769, 7.69231, 13.38462], "rotation": 180, "texture": "#0"},
				"south": {"uv": [7.53846, 13.38462, 7.69231, 14.30769], "texture": "#0"},
				"west": {"uv": [7.53846, 13.38462, 7.69231, 14.30769], "texture": "#0"},
				"up": {"uv": [7.69231, 13.38462, 7.53846, 13.53846], "rotation": 270, "texture": "#0"},
				"down": {"uv": [7.53846, 14.15385, 7.69231, 14.30769], "rotation": 270, "texture": "#0"}
			}
		},
		{
			"name": "12_4",
			"from": [7.79615, 1.69231, 5.23077],
			"to": [8.25, 2.46154, 5.53846],
			"rotation": {"angle": 0, "axis": "y", "origin": [0.1, 8, 6]},
			"faces": {
				"north": {"uv": [7.23077, 13.53846, 7.38462, 14.30769], "texture": "#0"},
				"east": {"uv": [7.23077, 14.30769, 7.53846, 13.53846], "rotation": 180, "texture": "#0"},
				"south": {"uv": [7.38462, 13.53846, 7.53846, 14.30769], "texture": "#0"},
				"west": {"uv": [7.23077, 13.53846, 7.53846, 14.30769], "texture": "#0"},
				"up": {"uv": [7.53846, 13.53846, 7.23077, 13.69231], "rotation": 270, "texture": "#0"},
				"down": {"uv": [7.23077, 14.15385, 7.53846, 14.30769], "rotation": 270, "texture": "#0"}
			}
		},
		{
			"name": "12_5",
			"from": [7.79615, 1.69231, 5.07692],
			"to": [8.25, 2.30769, 5.23077],
			"rotation": {"angle": 0, "axis": "y", "origin": [0.1, 8, 6]},
			"faces": {
				"north": {"uv": [7.07692, 13.69231, 7.23077, 14.30769], "texture": "#0"},
				"east": {"uv": [7.07692, 14.30769, 7.23077, 13.69231], "rotation": 180, "texture": "#0"},
				"south": {"uv": [7.07692, 13.69231, 7.23077, 14.30769], "texture": "#0"},
				"west": {"uv": [7.07692, 13.69231, 7.23077, 14.30769], "texture": "#0"},
				"up": {"uv": [7.23077, 13.69231, 7.07692, 13.84615], "rotation": 270, "texture": "#0"},
				"down": {"uv": [7.07692, 14.15385, 7.23077, 14.30769], "rotation": 270, "texture": "#0"}
			}
		},
		{
			"name": "12_6",
			"from": [7.79615, 1.69231, 4.92308],
			"to": [8.25, 2.15385, 5.07692],
			"rotation": {"angle": 0, "axis": "y", "origin": [0.1, 8, 6]},
			"faces": {
				"north": {"uv": [6.92308, 13.84615, 7.07692, 14.30769], "texture": "#0"},
				"east": {"uv": [6.92308, 14.30769, 7.07692, 13.84615], "rotation": 180, "texture": "#0"},
				"south": {"uv": [6.92308, 13.84615, 7.07692, 14.30769], "texture": "#0"},
				"west": {"uv": [6.92308, 13.84615, 7.07692, 14.30769], "texture": "#0"},
				"up": {"uv": [7.07692, 13.84615, 6.92308, 14], "rotation": 270, "texture": "#0"},
				"down": {"uv": [6.92308, 14.15385, 7.07692, 14.30769], "rotation": 270, "texture": "#0"}
			}
		},
		{
			"name": "12_7",
			"from": [7.79615, 1.69231, 4.76923],
			"to": [8.25, 2, 4.92308],
			"rotation": {"angle": 0, "axis": "y", "origin": [0.1, 8, 6]},
			"faces": {
				"north": {"uv": [6.76923, 14, 6.92308, 14.30769], "texture": "#0"},
				"east": {"uv": [6.76923, 14.30769, 6.92308, 14], "rotation": 180, "texture": "#0"},
				"south": {"uv": [6.76923, 14, 6.92308, 14.30769], "texture": "#0"},
				"west": {"uv": [6.76923, 14, 6.92308, 14.30769], "texture": "#0"},
				"up": {"uv": [6.92308, 14, 6.76923, 14.15385], "rotation": 270, "texture": "#0"},
				"down": {"uv": [6.76923, 14.15385, 6.92308, 14.30769], "rotation": 270, "texture": "#0"}
			}
		},
		{
			"name": "13_0",
			"from": [7.89615, 1.38462, 4.92308],
			"to": [8.15, 1.69231, 5.53846],
			"rotation": {"angle": 0, "axis": "y", "origin": [0.1, 8, 6]},
			"faces": {
				"north": {"uv": [6.92308, 14.30769, 7.07692, 14.61538], "texture": "#0"},
				"east": {"uv": [6.92308, 14.61538, 7.53846, 14.30769], "rotation": 180, "texture": "#0"},
				"south": {"uv": [7.38462, 14.30769, 7.53846, 14.61538], "texture": "#0"},
				"west": {"uv": [6.92308, 14.30769, 7.53846, 14.61538], "texture": "#0"},
				"up": {"uv": [7.53846, 14.30769, 6.92308, 14.46154], "rotation": 270, "texture": "#0"},
				"down": {"uv": [6.92308, 14.46154, 7.53846, 14.61538], "rotation": 270, "texture": "#0"}
			}
		},
		{
			"name": "13_1",
			"from": [7.89615, 0.61538, 5.53846],
			"to": [8.15, 1.53846, 5.69231],
			"rotation": {"angle": 0, "axis": "y", "origin": [0.1, 8, 6]},
			"faces": {
				"north": {"uv": [7.53846, 14.46154, 7.69231, 15.38462], "texture": "#0"},
				"east": {"uv": [7.53846, 15.38462, 7.69231, 14.46154], "rotation": 180, "texture": "#0"},
				"south": {"uv": [7.53846, 14.46154, 7.69231, 15.38462], "texture": "#0"},
				"west": {"uv": [7.53846, 14.46154, 7.69231, 15.38462], "texture": "#0"},
				"up": {"uv": [7.69231, 14.46154, 7.53846, 14.61538], "rotation": 270, "texture": "#0"},
				"down": {"uv": [7.53846, 15.23077, 7.69231, 15.38462], "rotation": 270, "texture": "#0"}
			}
		},
		{
			"name": "13_2",
			"from": [7.89615, 1.23077, 5.07692],
			"to": [8.15, 1.38462, 5.53846],
			"rotation": {"angle": 0, "axis": "y", "origin": [0.1, 8, 6]},
			"faces": {
				"north": {"uv": [7.07692, 14.61538, 7.23077, 14.76923], "texture": "#0"},
				"east": {"uv": [7.07692, 14.76923, 7.53846, 14.61538], "rotation": 180, "texture": "#0"},
				"south": {"uv": [7.38462, 14.61538, 7.53846, 14.76923], "texture": "#0"},
				"west": {"uv": [7.07692, 14.61538, 7.53846, 14.76923], "texture": "#0"},
				"up": {"uv": [7.53846, 14.61538, 7.07692, 14.76923], "rotation": 270, "texture": "#0"},
				"down": {"uv": [7.07692, 14.61538, 7.53846, 14.76923], "rotation": 270, "texture": "#0"}
			}
		},
		{
			"name": "13_3",
			"from": [7.89615, 1.07692, 5.23077],
			"to": [8.15, 1.23077, 5.53846],
			"rotation": {"angle": 0, "axis": "y", "origin": [0.1, 8, 6]},
			"faces": {
				"north": {"uv": [7.23077, 14.76923, 7.38462, 14.92308], "texture": "#0"},
				"east": {"uv": [7.23077, 14.92308, 7.53846, 14.76923], "rotation": 180, "texture": "#0"},
				"south": {"uv": [7.38462, 14.76923, 7.53846, 14.92308], "texture": "#0"},
				"west": {"uv": [7.23077, 14.76923, 7.53846, 14.92308], "texture": "#0"},
				"up": {"uv": [7.53846, 14.76923, 7.23077, 14.92308], "rotation": 270, "texture": "#0"},
				"down": {"uv": [7.23077, 14.76923, 7.53846, 14.92308], "rotation": 270, "texture": "#0"}
			}
		},
		{
			"name": "13_4",
			"from": [7.89615, 0.30769, 5.69231],
			"to": [8.15, 1.23077, 5.84615],
			"rotation": {"angle": 0, "axis": "y", "origin": [0.1, 8, 6]},
			"faces": {
				"north": {"uv": [7.69231, 14.76923, 7.84615, 15.69231], "texture": "#0"},
				"east": {"uv": [7.69231, 15.69231, 7.84615, 14.76923], "rotation": 180, "texture": "#0"},
				"south": {"uv": [7.69231, 14.76923, 7.84615, 15.69231], "texture": "#0"},
				"west": {"uv": [7.69231, 14.76923, 7.84615, 15.69231], "texture": "#0"},
				"up": {"uv": [7.84615, 14.76923, 7.69231, 14.92308], "rotation": 270, "texture": "#0"},
				"down": {"uv": [7.69231, 15.53846, 7.84615, 15.69231], "rotation": 270, "texture": "#0"}
			}
		},
		{
			"name": "13_5",
			"from": [7.89615, 0.76923, 5.38462],
			"to": [8.15, 1.07692, 5.53846],
			"rotation": {"angle": 0, "axis": "y", "origin": [0.1, 8, 6]},
			"faces": {
				"north": {"uv": [7.38462, 14.92308, 7.53846, 15.23077], "texture": "#0"},
				"east": {"uv": [7.38462, 15.23077, 7.53846, 14.92308], "rotation": 180, "texture": "#0"},
				"south": {"uv": [7.38462, 14.92308, 7.53846, 15.23077], "texture": "#0"},
				"west": {"uv": [7.38462, 14.92308, 7.53846, 15.23077], "texture": "#0"},
				"up": {"uv": [7.53846, 14.92308, 7.38462, 15.07692], "rotation": 270, "texture": "#0"},
				"down": {"uv": [7.38462, 15.07692, 7.53846, 15.23077], "rotation": 270, "texture": "#0"}
			}
		},
		{
			"name": "13_6",
			"from": [7.89615, 0.15385, 5.84615],
			"to": [8.15, 0.92308, 6],
			"rotation": {"angle": 0, "axis": "y", "origin": [0.1, 8, 6]},
			"faces": {
				"north": {"uv": [7.84615, 15.07692, 8, 15.84615], "texture": "#0"},
				"east": {"uv": [7.84615, 15.84615, 8, 15.07692], "rotation": 180, "texture": "#0"},
				"south": {"uv": [7.84615, 15.07692, 8, 15.84615], "texture": "#0"},
				"west": {"uv": [7.84615, 15.07692, 8, 15.84615], "texture": "#0"},
				"up": {"uv": [8, 15.07692, 7.84615, 15.23077], "rotation": 270, "texture": "#0"},
				"down": {"uv": [7.84615, 15.69231, 8, 15.84615], "rotation": 270, "texture": "#0"}
			}
		},
		{
			"name": "13_7",
			"from": [7.89615, 0, 6],
			"to": [8.15, 0.76923, 6.15385],
			"rotation": {"angle": 0, "axis": "y", "origin": [0.1, 8, 6]},
			"faces": {
				"north": {"uv": [8, 15.23077, 8.15385, 16], "texture": "#0"},
				"east": {"uv": [8, 16, 8.15385, 15.23077], "rotation": 180, "texture": "#0"},
				"south": {"uv": [8, 15.23077, 8.15385, 16], "texture": "#0"},
				"west": {"uv": [8, 15.23077, 8.15385, 16], "texture": "#0"},
				"up": {"uv": [8.15385, 15.23077, 8, 15.38462], "rotation": 270, "texture": "#0"},
				"down": {"uv": [8, 15.84615, 8.15385, 16], "rotation": 270, "texture": "#0"}
			}
		},
		{
			"name": "13_8",
			"from": [7.89615, 0.15385, 6.15385],
			"to": [8.15, 0.61538, 6.30769],
			"rotation": {"angle": 0, "axis": "y", "origin": [0.1, 8, 6]},
			"faces": {
				"north": {"uv": [8.15385, 15.38462, 8.30769, 15.84615], "texture": "#0"},
				"east": {"uv": [8.15385, 15.84615, 8.30769, 15.38462], "rotation": 180, "texture": "#0"},
				"south": {"uv": [8.15385, 15.38462, 8.30769, 15.84615], "texture": "#0"},
				"west": {"uv": [8.15385, 15.38462, 8.30769, 15.84615], "texture": "#0"},
				"up": {"uv": [8.30769, 15.38462, 8.15385, 15.53846], "rotation": 270, "texture": "#0"},
				"down": {"uv": [8.15385, 15.69231, 8.30769, 15.84615], "rotation": 270, "texture": "#0"}
			}
		},
		{
			"name": "13_9",
			"from": [7.89615, 0.30769, 6.30769],
			"to": [8.15, 0.46154, 6.46154],
			"rotation": {"angle": 0, "axis": "y", "origin": [0.1, 8, 6]},
			"faces": {
				"north": {"uv": [8.30769, 15.53846, 8.46154, 15.69231], "texture": "#0"},
				"east": {"uv": [8.30769, 15.69231, 8.46154, 15.53846], "rotation": 180, "texture": "#0"},
				"south": {"uv": [8.30769, 15.53846, 8.46154, 15.69231], "texture": "#0"},
				"west": {"uv": [8.30769, 15.53846, 8.46154, 15.69231], "texture": "#0"},
				"up": {"uv": [8.46154, 15.53846, 8.30769, 15.69231], "rotation": 270, "texture": "#0"},
				"down": {"uv": [8.30769, 15.53846, 8.46154, 15.69231], "rotation": 270, "texture": "#0"}
			}
		},
		{
			"name": "14_0",
			"from": [7.74615, 0, 6.30769],
			"to": [8.3, 0.30769, 7.23077],
			"rotation": {"angle": 0, "axis": "y", "origin": [0.1, 8, 6]},
			"faces": {
				"north": {"uv": [8.30769, 15.69231, 8.46154, 16], "texture": "#0"},
				"east": {"uv": [8.30769, 16, 9.23077, 15.69231], "rotation": 180, "texture": "#0"},
				"south": {"uv": [9.07692, 15.69231, 9.23077, 16], "texture": "#0"},
				"west": {"uv": [8.30769, 15.69231, 9.23077, 16], "texture": "#0"},
				"up": {"uv": [9.23077, 15.69231, 8.30769, 15.84615], "rotation": 270, "texture": "#0"},
				"down": {"uv": [8.30769, 15.84615, 9.23077, 16], "rotation": 270, "texture": "#0"}
			}
		},
		{
			"name": "14_1",
			"from": [7.74615, 0, 6.15385],
			"to": [8.3, 0.15385, 6.30769],
			"rotation": {"angle": 0, "axis": "y", "origin": [0.1, 8, 6]},
			"faces": {
				"north": {"uv": [8.15385, 15.84615, 8.30769, 16], "texture": "#0"},
				"east": {"uv": [8.15385, 16, 8.30769, 15.84615], "rotation": 180, "texture": "#0"},
				"south": {"uv": [8.15385, 15.84615, 8.30769, 16], "texture": "#0"},
				"west": {"uv": [8.15385, 15.84615, 8.30769, 16], "texture": "#0"},
				"up": {"uv": [8.30769, 15.84615, 8.15385, 16], "rotation": 270, "texture": "#0"},
				"down": {"uv": [8.15385, 15.84615, 8.30769, 16], "rotation": 270, "texture": "#0"}
			}
		}
	],
	"display": {
		"thirdperson_righthand": {
			"translation": [0, 17, 5.5],
			"scale": [2, 3, 2.5]
		},
		"thirdperson_lefthand": {
			"translation": [0, 17, 5.5],
			"scale": [2, 3, 2.5]
		},
		"firstperson_righthand": {
			"rotation": [-40, 0, 0],
			"translation": [0, 14.75, -0.5],
			"scale": [2, 3, 2.5]
		},
		"firstperson_lefthand": {
			"rotation": [-40, 0, 0],
			"translation": [0, 14.75, -0.5],
			"scale": [2, 3, 2.5]
		},
		"ground": {
			"rotation": [90, 90, 0],
			"translation": [0, -2.75, 0],
			"scale": [1, 2, 1.5]
		},
		"gui": {
			"rotation": [84, 145, -91],
			"translation": [0, 3.5, 0],
			"scale": [1, 2, 1.5]
		},
		"head": {
			"rotation": [-180, 90, 0],
			"translation": [3.5, -13.5, 0.25],
			"scale": [2, 3, 2.5]
		},
		"fixed": {
			"rotation": [90, 0, 90],
			"translation": [-0.5, -3.25, -1.25],
			"scale": [2, 2.5, 2]
		}
	},
	"groups": [
		{
			"name": "1",
			"origin": [8, 8, 8],
			"children": [0, 1, 2, 3, 4, 5, 6, 7, 8, 9, 10, 11]
		},
		{
			"name": "2",
			"origin": [8, 8, 8],
			"children": [12, 13, 14, 15, 16, 17, 18, 19, 20, 21]
		},
		{
			"name": "3",
			"origin": [8, 8, 8],
			"children": [22, 23, 24, 25, 26, 27, 28]
		},
		{
			"name": "4",
			"origin": [8, 8, 8],
			"children": [29, 30, 31, 32, 33]
		},
		{
			"name": "5",
			"origin": [8, 8, 8],
			"children": [34, 35, 36, 37]
		},
		{
			"name": "6",
			"origin": [8, 8, 8],
			"children": [38, 39, 40, 41]
		},
		{
			"name": "7",
			"origin": [8, 8, 8],
			"children": [42, 43, 44, 45, 46, 47, 48]
		},
		{
			"name": "8",
			"origin": [8, 8, 8],
			"children": [49, 50, 51, 52, 53, 54, 55, 56]
		},
		{
			"name": "9",
			"origin": [8, 8, 8],
			"children": [57]
		},
		{
			"name": "10",
			"origin": [8, 8, 8],
			"children": [58, 59, 60]
		},
		{
			"name": "11",
			"origin": [8, 8, 8],
			"children": [61, 62, 63, 64, 65, 66, 67, 68, 69, 70]
		},
		{
			"name": "12",
			"origin": [8, 8, 8],
			"children": [71, 72, 73, 74, 75, 76, 77, 78]
		},
		{
			"name": "13",
			"origin": [8, 8, 8],
			"children": [79, 80, 81, 82, 83, 84, 85, 86, 87, 88]
		},
		{
			"name": "14",
			"origin": [8, 8, 8],
			"children": [89, 90]
		}
	]
}