{
	"credit": "Made with Blockbench",
	"textures": {
		"0": "block/task3boss",
		"1": "block/weapon3",
		"2": "block/weapon1",
		"particle": "block/task3boss"
	},
	"elements": [
		{
			"from": [2.75, 9.5, 2.75],
			"to": [13.25, 19.5, 13.25],
			"rotation": {"angle": 0, "axis": "x", "origin": [16, 17, 8]},
			"faces": {
				"north": {"uv": [2.75, 4, 13.25, 14], "texture": "#0"},
				"east": {"uv": [0, 0, 10.5, 10], "texture": "#0"},
				"south": {"uv": [0, 0, 10.5, 10], "texture": "#0"},
				"west": {"uv": [5.75, 6, 16.25, 16], "texture": "#0"},
				"up": {"uv": [0, 0, 8.5, 8.5], "texture": "#0"},
				"down": {"uv": [0, 0, 8.5, 8.5], "texture": "#0"}
			}
		},
		{
			"from": [3.75, 4.5, 3.75],
			"to": [12.25, 24.5, 12.25],
			"rotation": {"angle": 0, "axis": "x", "origin": [16, 17, 8]},
			"faces": {
				"north": {"uv": [0, 0, 8.5, 16], "texture": "#0"},
				"east": {"uv": [7.5, 0, 16, 16], "texture": "#0"},
				"south": {"uv": [8, 0, 16.5, 16], "texture": "#0"},
				"west": {"uv": [1, 0, 9.5, 16], "texture": "#0"},
				"up": {"uv": [0, 0, 6.5, 6.5], "texture": "#0"},
				"down": {"uv": [0, 0, 6.5, 6.5], "texture": "#0"}
			}
		},
		{
			"from": [3, 8, 3],
			"to": [13, 9.5, 13],
			"rotation": {"angle": 0, "axis": "x", "origin": [16, 17, 8]},
			"faces": {
				"north": {"uv": [0, 10.75, 2.75, 11.625], "texture": "#1"},
				"east": {"uv": [0, 10.75, 2.75, 11.625], "texture": "#1"},
				"south": {"uv": [0, 10.75, 2.75, 11.625], "texture": "#1"},
				"west": {"uv": [0, 10.75, 2.75, 11.625], "texture": "#1"},
				"up": {"uv": [0, 10.75, 2.75, 11.625], "texture": "#1"},
				"down": {"uv": [0, 10.75, 2.75, 11.625], "texture": "#1"}
			}
		},
		{
			"from": [-2.85903, 11, 2.52968],
			"to": [9.14097, 12, 3.87968],
			"rotation": {"angle": 45, "axis": "y", "origin": [3.14097, 11.5, 3.20468]},
			"faces": {
				"north": {"uv": [0, 10.75, 2.75, 11.625], "texture": "#1"},
				"east": {"uv": [0, 10.75, 2.75, 11.625], "texture": "#1"},
				"south": {"uv": [0, 10.75, 2.75, 11.625], "texture": "#1"},
				"west": {"uv": [0, 10.75, 2.75, 11.625], "texture": "#1"},
				"up": {"uv": [0, 10.75, 2.75, 11.625], "texture": "#1"},
				"down": {"uv": [0, 10.75, 2.75, 11.625], "texture": "#1"}
			}
		},
		{
			"from": [-2.85903, 21.75, -1.97032],
			"to": [9.14097, 23.25, 0.37968],
			"rotation": {"angle": 45, "axis": "y", "origin": [3.14097, 22.75, 3.20468]},
			"faces": {
				"north": {"uv": [0, 10.75, 2.75, 11.625], "texture": "#1"},
				"east": {"uv": [0, 10.75, 2.75, 11.625], "texture": "#1"},
				"south": {"uv": [0, 10.75, 2.75, 11.625], "texture": "#1"},
				"west": {"uv": [0, 10.75, 2.75, 11.625], "texture": "#1"},
				"up": {"uv": [0, 10.75, 2.75, 11.625], "texture": "#1"},
				"down": {"uv": [0, 10.75, 2.75, 11.625], "texture": "#1"}
			}
		},
		{
			"from": [1.64097, 17.5, -1.47032],
			"to": [4.89097, 21.75, 0.37968],
			"rotation": {"angle": 45, "axis": "y", "origin": [3.14097, 22.75, 3.20468]},
			"faces": {
				"north": {"uv": [0, 10.75, 2.75, 11.625], "texture": "#1"},
				"east": {"uv": [0, 10.75, 2.75, 11.625], "texture": "#1"},
				"south": {"uv": [0, 10.75, 2.75, 11.625], "texture": "#1"},
				"west": {"uv": [0, 10.75, 2.75, 11.625], "texture": "#1"},
				"up": {"uv": [0, 10.75, 2.75, 11.625], "texture": "#1"},
				"down": {"uv": [0, 10.75, 2.75, 11.625], "texture": "#1"}
			}
		},
		{
			"from": [1.64097, 17.5, 15.62032],
			"to": [4.89097, 21.75, 17.47032],
			"rotation": {"angle": -45, "axis": "y", "origin": [3.14097, 22.75, 12.79532]},
			"faces": {
				"north": {"uv": [2.75, 10.75, 0, 11.625], "texture": "#1"},
				"east": {"uv": [2.75, 10.75, 0, 11.625], "texture": "#1"},
				"south": {"uv": [2.75, 10.75, 0, 11.625], "texture": "#1"},
				"west": {"uv": [2.75, 10.75, 0, 11.625], "texture": "#1"},
				"up": {"uv": [0, 11.625, 2.75, 10.75], "texture": "#1"},
				"down": {"uv": [0, 11.625, 2.75, 10.75], "texture": "#1"}
			}
		},
		{
			"from": [11.10903, 17.5, 15.62032],
			"to": [14.35903, 21.75, 17.47032],
			"rotation": {"angle": 45, "axis": "y", "origin": [12.85903, 22.75, 12.79532]},
			"faces": {
				"north": {"uv": [0, 10.75, 2.75, 11.625], "texture": "#1"},
				"east": {"uv": [0, 10.75, 2.75, 11.625], "texture": "#1"},
				"south": {"uv": [0, 10.75, 2.75, 11.625], "texture": "#1"},
				"west": {"uv": [0, 10.75, 2.75, 11.625], "texture": "#1"},
				"up": {"uv": [2.75, 11.625, 0, 10.75], "texture": "#1"},
				"down": {"uv": [2.75, 11.625, 0, 10.75], "texture": "#1"}
			}
		},
		{
			"from": [11.10903, 17.5, -1.47032],
			"to": [14.35903, 21.75, 0.37968],
			"rotation": {"angle": -45, "axis": "y", "origin": [12.85903, 22.75, 3.20468]},
			"faces": {
				"north": {"uv": [2.75, 10.75, 0, 11.625], "texture": "#1"},
				"east": {"uv": [2.75, 10.75, 0, 11.625], "texture": "#1"},
				"south": {"uv": [2.75, 10.75, 0, 11.625], "texture": "#1"},
				"west": {"uv": [2.75, 10.75, 0, 11.625], "texture": "#1"},
				"up": {"uv": [2.75, 10.75, 0, 11.625], "texture": "#1"},
				"down": {"uv": [2.75, 10.75, 0, 11.625], "texture": "#1"}
			}
		},
		{
			"from": [2.14097, 14.25, -1.22032],
			"to": [4.39097, 17.5, 0.37968],
			"rotation": {"angle": 45, "axis": "y", "origin": [3.14097, 22.75, 3.20468]},
			"faces": {
				"north": {"uv": [0, 10.75, 2.75, 11.625], "texture": "#1"},
				"east": {"uv": [0, 10.75, 2.75, 11.625], "texture": "#1"},
				"south": {"uv": [0, 10.75, 2.75, 11.625], "texture": "#1"},
				"west": {"uv": [0, 10.75, 2.75, 11.625], "texture": "#1"},
				"up": {"uv": [0, 10.75, 2.75, 11.625], "texture": "#1"},
				"down": {"uv": [0, 10.75, 2.75, 11.625], "texture": "#1"}
			}
		},
		{
			"from": [2.14097, 14.25, 15.62032],
			"to": [4.39097, 17.5, 17.22032],
			"rotation": {"angle": -45, "axis": "y", "origin": [3.14097, 22.75, 12.79532]},
			"faces": {
				"north": {"uv": [2.75, 10.75, 0, 11.625], "texture": "#1"},
				"east": {"uv": [2.75, 10.75, 0, 11.625], "texture": "#1"},
				"south": {"uv": [2.75, 10.75, 0, 11.625], "texture": "#1"},
				"west": {"uv": [2.75, 10.75, 0, 11.625], "texture": "#1"},
				"up": {"uv": [0, 11.625, 2.75, 10.75], "texture": "#1"},
				"down": {"uv": [0, 11.625, 2.75, 10.75], "texture": "#1"}
			}
		},
		{
			"from": [11.60903, 14.25, 15.62032],
			"to": [13.85903, 17.5, 17.22032],
			"rotation": {"angle": 45, "axis": "y", "origin": [12.85903, 22.75, 12.79532]},
			"faces": {
				"north": {"uv": [0, 10.75, 2.75, 11.625], "texture": "#1"},
				"east": {"uv": [0, 10.75, 2.75, 11.625], "texture": "#1"},
				"south": {"uv": [0, 10.75, 2.75, 11.625], "texture": "#1"},
				"west": {"uv": [0, 10.75, 2.75, 11.625], "texture": "#1"},
				"up": {"uv": [2.75, 11.625, 0, 10.75], "texture": "#1"},
				"down": {"uv": [2.75, 11.625, 0, 10.75], "texture": "#1"}
			}
		},
		{
			"from": [11.60903, 14.25, -1.22032],
			"to": [13.85903, 17.5, 0.37968],
			"rotation": {"angle": -45, "axis": "y", "origin": [12.85903, 22.75, 3.20468]},
			"faces": {
				"north": {"uv": [2.75, 10.75, 0, 11.625], "texture": "#1"},
				"east": {"uv": [2.75, 10.75, 0, 11.625], "texture": "#1"},
				"south": {"uv": [2.75, 10.75, 0, 11.625], "texture": "#1"},
				"west": {"uv": [2.75, 10.75, 0, 11.625], "texture": "#1"},
				"up": {"uv": [2.75, 10.75, 0, 11.625], "texture": "#1"},
				"down": {"uv": [2.75, 10.75, 0, 11.625], "texture": "#1"}
			}
		},
		{
			"from": [6.85903, 21.75, -1.97032],
			"to": [18.85903, 23.25, 0.37968],
			"rotation": {"angle": -45, "axis": "y", "origin": [12.85903, 22.75, 3.20468]},
			"faces": {
				"north": {"uv": [2.75, 10.75, 0, 11.625], "texture": "#1"},
				"east": {"uv": [2.75, 10.75, 0, 11.625], "texture": "#1"},
				"south": {"uv": [2.75, 10.75, 0, 11.625], "texture": "#1"},
				"west": {"uv": [2.75, 10.75, 0, 11.625], "texture": "#1"},
				"up": {"uv": [2.75, 10.75, 0, 11.625], "texture": "#1"},
				"down": {"uv": [2.75, 10.75, 0, 11.625], "texture": "#1"}
			}
		},
		{
			"from": [6.85903, 21.75, 15.62032],
			"to": [18.85903, 23.25, 17.97032],
			"rotation": {"angle": 45, "axis": "y", "origin": [12.85903, 22.75, 12.79532]},
			"faces": {
				"north": {"uv": [0, 10.75, 2.75, 11.625], "texture": "#1"},
				"east": {"uv": [0, 10.75, 2.75, 11.625], "texture": "#1"},
				"south": {"uv": [0, 10.75, 2.75, 11.625], "texture": "#1"},
				"west": {"uv": [0, 10.75, 2.75, 11.625], "texture": "#1"},
				"up": {"uv": [2.75, 11.625, 0, 10.75], "texture": "#1"},
				"down": {"uv": [2.75, 11.625, 0, 10.75], "texture": "#1"}
			}
		},
		{
			"from": [-2.85903, 21.75, 15.62032],
			"to": [9.14097, 23.25, 17.97032],
			"rotation": {"angle": -45, "axis": "y", "origin": [3.14097, 22.75, 12.79532]},
			"faces": {
				"north": {"uv": [2.75, 10.75, 0, 11.625], "texture": "#1"},
				"east": {"uv": [2.75, 10.75, 0, 11.625], "texture": "#1"},
				"south": {"uv": [2.75, 10.75, 0, 11.625], "texture": "#1"},
				"west": {"uv": [2.75, 10.75, 0, 11.625], "texture": "#1"},
				"up": {"uv": [0, 11.625, 2.75, 10.75], "texture": "#1"},
				"down": {"uv": [0, 11.625, 2.75, 10.75], "texture": "#1"}
			}
		},
		{
			"from": [3.39097, 21, 17.12032],
			"to": [12.64097, 22.75, 19.47032],
			"rotation": {"angle": 0, "axis": "y", "origin": [3.14097, 22.75, 12.79532]},
			"faces": {
				"north": {"uv": [2.75, 10.75, 0, 11.625], "texture": "#1"},
				"east": {"uv": [2.75, 10.75, 0, 11.625], "texture": "#1"},
				"south": {"uv": [2.75, 10.75, 0, 11.625], "texture": "#1"},
				"west": {"uv": [2.75, 10.75, 0, 11.625], "texture": "#1"},
				"up": {"uv": [0, 11.625, 2.75, 10.75], "texture": "#1"},
				"down": {"uv": [0, 11.625, 2.75, 10.75], "texture": "#1"}
			}
		},
		{
			"from": [7.14097, 18.25, 18.37032],
			"to": [9.14097, 27.5, 19.97032],
			"rotation": {"angle": -22.5, "axis": "x", "origin": [8.14097, 18.25, 8.29532]},
			"faces": {
				"north": {"uv": [2.75, 10.75, 0, 11.625], "texture": "#1"},
				"east": {"uv": [2.75, 10.75, 0, 11.625], "texture": "#1"},
				"south": {"uv": [2.75, 10.75, 0, 11.625], "texture": "#1"},
				"west": {"uv": [2.75, 10.75, 0, 11.625], "texture": "#1"},
				"up": {"uv": [0, 11.625, 2.75, 10.75], "texture": "#1"},
				"down": {"uv": [0, 11.625, 2.75, 10.75], "texture": "#1"}
			}
		},
		{
			"from": [7.14097, 18.25, -3.97032],
			"to": [9.14097, 27.5, -2.37032],
			"rotation": {"angle": 22.5, "axis": "x", "origin": [8.14097, 18.25, 7.70468]},
			"faces": {
				"north": {"uv": [0, 10.75, 2.75, 11.625], "texture": "#1"},
				"east": {"uv": [0, 10.75, 2.75, 11.625], "texture": "#1"},
				"south": {"uv": [0, 10.75, 2.75, 11.625], "texture": "#1"},
				"west": {"uv": [0, 10.75, 2.75, 11.625], "texture": "#1"},
				"up": {"uv": [0, 10.75, 2.75, 11.625], "texture": "#1"},
				"down": {"uv": [0, 10.75, 2.75, 11.625], "texture": "#1"}
			}
		},
		{
			"from": [-4.03403, 18.25, 6.70468],
			"to": [-2.43403, 27.5, 8.70468],
			"rotation": {"angle": -22.5, "axis": "z", "origin": [7.64097, 18.25, 7.70468]},
			"faces": {
				"north": {"uv": [0, 10.75, 2.75, 11.625], "texture": "#1"},
				"east": {"uv": [0, 10.75, 2.75, 11.625], "texture": "#1"},
				"south": {"uv": [0, 10.75, 2.75, 11.625], "texture": "#1"},
				"west": {"uv": [0, 10.75, 2.75, 11.625], "texture": "#1"},
				"up": {"uv": [0, 10.75, 2.75, 11.625], "rotation": 270, "texture": "#1"},
				"down": {"uv": [0, 10.75, 2.75, 11.625], "rotation": 90, "texture": "#1"}
			}
		},
		{
			"from": [18.43403, 18.25, 6.70468],
			"to": [20.03403, 27.5, 8.70468],
			"rotation": {"angle": 22.5, "axis": "z", "origin": [8.35903, 18.25, 7.70468]},
			"faces": {
				"north": {"uv": [2.75, 10.75, 0, 11.625], "texture": "#1"},
				"east": {"uv": [2.75, 10.75, 0, 11.625], "texture": "#1"},
				"south": {"uv": [2.75, 10.75, 0, 11.625], "texture": "#1"},
				"west": {"uv": [2.75, 10.75, 0, 11.625], "texture": "#1"},
				"up": {"uv": [0, 11.625, 2.75, 10.75], "rotation": 270, "texture": "#1"},
				"down": {"uv": [0, 11.625, 2.75, 10.75], "rotation": 90, "texture": "#1"}
			}
		},
		{
			"from": [3.39097, 21, -3.47032],
			"to": [12.64097, 22.75, -1.12032],
			"rotation": {"angle": 0, "axis": "y", "origin": [3.14097, 22.75, 3.20468]},
			"faces": {
				"north": {"uv": [0, 10.75, 2.75, 11.625], "texture": "#1"},
				"east": {"uv": [0, 10.75, 2.75, 11.625], "texture": "#1"},
				"south": {"uv": [0, 10.75, 2.75, 11.625], "texture": "#1"},
				"west": {"uv": [0, 10.75, 2.75, 11.625], "texture": "#1"},
				"up": {"uv": [0, 10.75, 2.75, 11.625], "texture": "#1"},
				"down": {"uv": [0, 10.75, 2.75, 11.625], "texture": "#1"}
			}
		},
		{
			"from": [-3.63403, 21, 3.30468],
			"to": [-1.28403, 22.75, 12.55468],
			"rotation": {"angle": 0, "axis": "y", "origin": [3.04097, 22.75, 12.80468]},
			"faces": {
				"north": {"uv": [0, 10.75, 2.75, 11.625], "texture": "#1"},
				"east": {"uv": [0, 10.75, 2.75, 11.625], "texture": "#1"},
				"south": {"uv": [0, 10.75, 2.75, 11.625], "texture": "#1"},
				"west": {"uv": [0, 10.75, 2.75, 11.625], "texture": "#1"},
				"up": {"uv": [0, 10.75, 2.75, 11.625], "rotation": 270, "texture": "#1"},
				"down": {"uv": [0, 10.75, 2.75, 11.625], "rotation": 90, "texture": "#1"}
			}
		},
		{
			"from": [17.28403, 21, 3.30468],
			"to": [19.63403, 22.75, 12.55468],
			"rotation": {"angle": 0, "axis": "y", "origin": [12.95903, 22.75, 12.80468]},
			"faces": {
				"north": {"uv": [2.75, 10.75, 0, 11.625], "texture": "#1"},
				"east": {"uv": [2.75, 10.75, 0, 11.625], "texture": "#1"},
				"south": {"uv": [2.75, 10.75, 0, 11.625], "texture": "#1"},
				"west": {"uv": [2.75, 10.75, 0, 11.625], "texture": "#1"},
				"up": {"uv": [0, 11.625, 2.75, 10.75], "rotation": 270, "texture": "#1"},
				"down": {"uv": [0, 11.625, 2.75, 10.75], "rotation": 90, "texture": "#1"}
			}
		},
		{
			"from": [6.85903, 11, 2.52968],
			"to": [18.85903, 12, 3.87968],
			"rotation": {"angle": -45, "axis": "y", "origin": [12.85903, 11.5, 3.20468]},
			"faces": {
				"north": {"uv": [2.75, 10.75, 0, 11.625], "texture": "#1"},
				"east": {"uv": [2.75, 10.75, 0, 11.625], "texture": "#1"},
				"south": {"uv": [2.75, 10.75, 0, 11.625], "texture": "#1"},
				"west": {"uv": [2.75, 10.75, 0, 11.625], "texture": "#1"},
				"up": {"uv": [2.75, 10.75, 0, 11.625], "texture": "#1"},
				"down": {"uv": [2.75, 10.75, 0, 11.625], "texture": "#1"}
			}
		},
		{
			"from": [6.85903, 11, 12.12032],
			"to": [18.85903, 12, 13.47032],
			"rotation": {"angle": 45, "axis": "y", "origin": [12.85903, 11.5, 12.79532]},
			"faces": {
				"north": {"uv": [0, 10.75, 2.75, 11.625], "texture": "#1"},
				"east": {"uv": [0, 10.75, 2.75, 11.625], "texture": "#1"},
				"south": {"uv": [0, 10.75, 2.75, 11.625], "texture": "#1"},
				"west": {"uv": [0, 10.75, 2.75, 11.625], "texture": "#1"},
				"up": {"uv": [2.75, 11.625, 0, 10.75], "texture": "#1"},
				"down": {"uv": [2.75, 11.625, 0, 10.75], "texture": "#1"}
			}
		},
		{
			"from": [-2.85903, 11, 12.12032],
			"to": [9.14097, 12, 13.47032],
			"rotation": {"angle": -45, "axis": "y", "origin": [3.14097, 11.5, 12.79532]},
			"faces": {
				"north": {"uv": [2.75, 10.75, 0, 11.625], "texture": "#1"},
				"east": {"uv": [2.75, 10.75, 0, 11.625], "texture": "#1"},
				"south": {"uv": [2.75, 10.75, 0, 11.625], "texture": "#1"},
				"west": {"uv": [2.75, 10.75, 0, 11.625], "texture": "#1"},
				"up": {"uv": [0, 11.625, 2.75, 10.75], "texture": "#1"},
				"down": {"uv": [0, 11.625, 2.75, 10.75], "texture": "#1"}
			}
		},
		{
			"from": [0, 9.5, 7],
			"to": [6.25, 11.25, 9],
			"rotation": {"angle": -45, "axis": "z", "origin": [0.75, 10.625, 8]},
			"faces": {
				"north": {"uv": [0, 10.75, 2.75, 11.625], "texture": "#1"},
				"east": {"uv": [0, 10.75, 2.75, 11.625], "texture": "#1"},
				"south": {"uv": [0, 10.75, 2.75, 11.625], "texture": "#1"},
				"west": {"uv": [0, 10.75, 2.75, 11.625], "texture": "#1"},
				"up": {"uv": [0, 10.75, 2.75, 11.625], "texture": "#1"},
				"down": {"uv": [0, 10.75, 2.75, 11.625], "texture": "#1"}
			}
		},
		{
			"from": [9.75, 9.5, 7],
			"to": [16, 11.25, 9],
			"rotation": {"angle": 45, "axis": "z", "origin": [15.25, 10.625, 8]},
			"faces": {
				"north": {"uv": [2.75, 10.75, 0, 11.625], "texture": "#1"},
				"east": {"uv": [2.75, 10.75, 0, 11.625], "texture": "#1"},
				"south": {"uv": [2.75, 10.75, 0, 11.625], "texture": "#1"},
				"west": {"uv": [2.75, 10.75, 0, 11.625], "texture": "#1"},
				"up": {"uv": [2.75, 10.75, 0, 11.625], "texture": "#1"},
				"down": {"uv": [2.75, 10.75, 0, 11.625], "texture": "#1"}
			}
		},
		{
			"from": [7, 4.775, 14.525],
			"to": [9, 11.025, 16.275],
			"rotation": {"angle": 45, "axis": "x", "origin": [8, 10.275, 15.65]},
			"faces": {
				"north": {"uv": [2.75, 10.75, 0, 11.625], "rotation": 270, "texture": "#1"},
				"east": {"uv": [2.75, 10.75, 0, 11.625], "rotation": 270, "texture": "#1"},
				"south": {"uv": [2.75, 10.75, 0, 11.625], "rotation": 270, "texture": "#1"},
				"west": {"uv": [2.75, 10.75, 0, 11.625], "rotation": 90, "texture": "#1"},
				"up": {"uv": [2.75, 10.75, 0, 11.625], "rotation": 180, "texture": "#1"},
				"down": {"uv": [2.75, 10.75, 0, 11.625], "texture": "#1"}
			}
		},
		{
			"from": [7, 4.775, -0.275],
			"to": [9, 11.025, 1.475],
			"rotation": {"angle": -45, "axis": "x", "origin": [8, 10.275, 0.35]},
			"faces": {
				"north": {"uv": [2.75, 11.625, 0, 10.75], "rotation": 270, "texture": "#1"},
				"east": {"uv": [2.75, 11.625, 0, 10.75], "rotation": 270, "texture": "#1"},
				"south": {"uv": [2.75, 11.625, 0, 10.75], "rotation": 270, "texture": "#1"},
				"west": {"uv": [2.75, 11.625, 0, 10.75], "rotation": 90, "texture": "#1"},
				"up": {"uv": [2.75, 11.625, 0, 10.75], "rotation": 180, "texture": "#1"},
				"down": {"uv": [2.75, 11.625, 0, 10.75], "texture": "#1"}
			}
		},
		{
			"from": [-0.625, 10.375, 7.25],
			"to": [0.625, 13.625, 8.75],
			"rotation": {"angle": 0, "axis": "z", "origin": [0.5, 15.875, 8]},
			"faces": {
				"north": {"uv": [0, 10.75, 2.75, 11.625], "rotation": 270, "texture": "#1"},
				"east": {"uv": [0, 10.75, 2.75, 11.625], "rotation": 90, "texture": "#1"},
				"south": {"uv": [0, 10.75, 2.75, 11.625], "rotation": 90, "texture": "#1"},
				"west": {"uv": [0, 10.75, 2.75, 11.625], "rotation": 90, "texture": "#1"},
				"up": {"uv": [0, 10.75, 2.75, 11.625], "rotation": 90, "texture": "#1"},
				"down": {"uv": [0, 10.75, 2.75, 11.625], "rotation": 90, "texture": "#1"}
			}
		},
		{
			"from": [15.375, 10.375, 7.25],
			"to": [16.625, 13.625, 8.75],
			"rotation": {"angle": 0, "axis": "z", "origin": [15.5, 15.875, 8]},
			"faces": {
				"north": {"uv": [0, 11.625, 2.75, 10.75], "rotation": 270, "texture": "#1"},
				"east": {"uv": [0, 11.625, 2.75, 10.75], "rotation": 90, "texture": "#1"},
				"south": {"uv": [0, 11.625, 2.75, 10.75], "rotation": 90, "texture": "#1"},
				"west": {"uv": [0, 11.625, 2.75, 10.75], "rotation": 90, "texture": "#1"},
				"up": {"uv": [0, 11.625, 2.75, 10.75], "rotation": 90, "texture": "#1"},
				"down": {"uv": [0, 11.625, 2.75, 10.75], "rotation": 90, "texture": "#1"}
			}
		},
		{
			"from": [7.25, 10.375, 15.375],
			"to": [8.75, 13.625, 16.625],
			"rotation": {"angle": 0, "axis": "y", "origin": [8, 10.625, 16.75]},
			"faces": {
				"north": {"uv": [0, 11.625, 2.75, 10.75], "rotation": 90, "texture": "#1"},
				"east": {"uv": [0, 11.625, 2.75, 10.75], "rotation": 90, "texture": "#1"},
				"south": {"uv": [0, 11.625, 2.75, 10.75], "rotation": 90, "texture": "#1"},
				"west": {"uv": [0, 11.625, 2.75, 10.75], "rotation": 270, "texture": "#1"},
				"up": {"uv": [0, 11.625, 2.75, 10.75], "texture": "#1"},
				"down": {"uv": [0, 11.625, 2.75, 10.75], "rotation": 180, "texture": "#1"}
			}
		},
		{
			"from": [7.25, 10.375, -0.625],
			"to": [8.75, 13.625, 0.625],
			"rotation": {"angle": 0, "axis": "y", "origin": [8, 10.625, -0.75]},
			"faces": {
				"north": {"uv": [0, 10.75, 2.75, 11.625], "rotation": 90, "texture": "#1"},
				"east": {"uv": [0, 10.75, 2.75, 11.625], "rotation": 90, "texture": "#1"},
				"south": {"uv": [0, 10.75, 2.75, 11.625], "rotation": 90, "texture": "#1"},
				"west": {"uv": [0, 10.75, 2.75, 11.625], "rotation": 270, "texture": "#1"},
				"up": {"uv": [0, 10.75, 2.75, 11.625], "texture": "#1"},
				"down": {"uv": [0, 10.75, 2.75, 11.625], "rotation": 180, "texture": "#1"}
			}
		},
		{
			"from": [-0.625, 13.625, 7.5],
			"to": [0.375, 16.125, 8.5],
			"rotation": {"angle": 0, "axis": "z", "origin": [0.5, 18.625, 8]},
			"faces": {
				"north": {"uv": [0, 10.75, 2.75, 11.625], "rotation": 270, "texture": "#1"},
				"east": {"uv": [0, 10.75, 2.75, 11.625], "rotation": 90, "texture": "#1"},
				"south": {"uv": [0, 10.75, 2.75, 11.625], "rotation": 90, "texture": "#1"},
				"west": {"uv": [0, 10.75, 2.75, 11.625], "rotation": 90, "texture": "#1"},
				"up": {"uv": [0, 10.75, 2.75, 11.625], "rotation": 90, "texture": "#1"},
				"down": {"uv": [0, 10.75, 2.75, 11.625], "rotation": 90, "texture": "#1"}
			}
		},
		{
			"from": [15.625, 13.625, 7.5],
			"to": [16.625, 16.125, 8.5],
			"rotation": {"angle": 0, "axis": "z", "origin": [15.5, 18.625, 8]},
			"faces": {
				"north": {"uv": [0, 11.625, 2.75, 10.75], "rotation": 270, "texture": "#1"},
				"east": {"uv": [0, 11.625, 2.75, 10.75], "rotation": 90, "texture": "#1"},
				"south": {"uv": [0, 11.625, 2.75, 10.75], "rotation": 90, "texture": "#1"},
				"west": {"uv": [0, 11.625, 2.75, 10.75], "rotation": 90, "texture": "#1"},
				"up": {"uv": [0, 11.625, 2.75, 10.75], "rotation": 90, "texture": "#1"},
				"down": {"uv": [0, 11.625, 2.75, 10.75], "rotation": 90, "texture": "#1"}
			}
		},
		{
			"from": [7.5, 13.625, 15.625],
			"to": [8.5, 16.125, 16.625],
			"rotation": {"angle": 0, "axis": "y", "origin": [8, 10.625, 17]},
			"faces": {
				"north": {"uv": [0, 11.625, 2.75, 10.75], "rotation": 90, "texture": "#1"},
				"east": {"uv": [0, 11.625, 2.75, 10.75], "rotation": 90, "texture": "#1"},
				"south": {"uv": [0, 11.625, 2.75, 10.75], "rotation": 90, "texture": "#1"},
				"west": {"uv": [0, 11.625, 2.75, 10.75], "rotation": 270, "texture": "#1"},
				"up": {"uv": [0, 11.625, 2.75, 10.75], "texture": "#1"},
				"down": {"uv": [0, 11.625, 2.75, 10.75], "rotation": 180, "texture": "#1"}
			}
		},
		{
			"from": [7.5, 13.625, -0.625],
			"to": [8.5, 16.125, 0.375],
			"rotation": {"angle": 0, "axis": "y", "origin": [8, 10.625, -1]},
			"faces": {
				"north": {"uv": [0, 10.75, 2.75, 11.625], "rotation": 90, "texture": "#1"},
				"east": {"uv": [0, 10.75, 2.75, 11.625], "rotation": 90, "texture": "#1"},
				"south": {"uv": [0, 10.75, 2.75, 11.625], "rotation": 90, "texture": "#1"},
				"west": {"uv": [0, 10.75, 2.75, 11.625], "rotation": 270, "texture": "#1"},
				"up": {"uv": [0, 10.75, 2.75, 11.625], "texture": "#1"},
				"down": {"uv": [0, 10.75, 2.75, 11.625], "rotation": 180, "texture": "#1"}
			}
		},
		{
			"from": [4.75, 0.5, 4.75],
			"to": [11.25, 28.5, 11.25],
			"rotation": {"angle": 0, "axis": "x", "origin": [16, 17, 8]},
			"faces": {
				"north": {"uv": [4.75, 0, 11.25, 16], "texture": "#0"},
				"east": {"uv": [4.25, 0, 10.75, 16], "texture": "#0"},
				"south": {"uv": [1.5, 0, 8, 16], "texture": "#0"},
				"west": {"uv": [10.5, 0, 17, 16], "texture": "#0"},
				"up": {"uv": [0, 0, 4.5, 4.5], "texture": "#0"},
				"down": {"uv": [0, 0, 4.5, 4.5], "texture": "#0"}
			}
		},
		{
			"from": [5.75, 28.5, 5.75],
			"to": [10.25, 32, 10.25],
			"rotation": {"angle": 0, "axis": "x", "origin": [16, 17, 8]},
			"faces": {
				"north": {"uv": [4.75, 0, 9.25, 3.5], "texture": "#0"},
				"east": {"uv": [4.25, 0, 8.75, 3.5], "texture": "#0"},
				"south": {"uv": [1.5, 0, 6, 3.5], "texture": "#0"},
				"west": {"uv": [10.5, 0, 15, 3.5], "texture": "#0"},
				"up": {"uv": [0, 0, 4.5, 4.5], "texture": "#0"},
				"down": {"uv": [0, 0, 4.5, 4.5], "texture": "#0"}
			}
		},
		{
			"from": [2.5, 1, 6.25],
			"to": [4.75, 6.5, 9.75],
			"rotation": {"angle": 0, "axis": "x", "origin": [16, 17, 8]},
			"faces": {
				"north": {"uv": [13.25, 8.25, 15.875, 10.375], "texture": "#1"},
				"east": {"uv": [13.25, 8.25, 15.875, 10.375], "texture": "#1"},
				"south": {"uv": [13.25, 8.25, 15.875, 10.375], "texture": "#1"},
				"west": {"uv": [13.25, 8.25, 15.875, 10.375], "texture": "#1"},
				"up": {"uv": [13.25, 8.25, 15.875, 10.375], "texture": "#1"},
				"down": {"uv": [13.25, 8.25, 15.875, 10.375], "texture": "#1"}
			}
		},
		{
			"from": [6.125, 1, 11.375],
			"to": [9.625, 6.5, 13.625],
			"rotation": {"angle": 0, "axis": "y", "origin": [10.875, 2.625, 11.5]},
			"faces": {
				"north": {"uv": [13.25, 8.25, 15.875, 10.375], "texture": "#1"},
				"east": {"uv": [13.25, 8.25, 15.875, 10.375], "texture": "#1"},
				"south": {"uv": [13.25, 8.25, 15.875, 10.375], "texture": "#1"},
				"west": {"uv": [13.25, 8.25, 15.875, 10.375], "texture": "#1"},
				"up": {"uv": [15.875, 10.375, 13.25, 8.25], "rotation": 270, "texture": "#1"},
				"down": {"uv": [15.875, 10.375, 13.25, 8.25], "rotation": 90, "texture": "#1"}
			}
		},
		{
			"from": [6.375, -3.7, 10.125],
			"to": [9.375, 2.5, 12.375],
			"rotation": {"angle": 45, "axis": "x", "origin": [7.875, -0.25, 11.25]},
			"faces": {
				"north": {"uv": [13.25, 8.25, 15.875, 10.375], "texture": "#1"},
				"east": {"uv": [13.25, 8.25, 15.875, 10.375], "texture": "#1"},
				"south": {"uv": [13.25, 8.25, 15.875, 10.375], "texture": "#1"},
				"west": {"uv": [13.25, 8.25, 15.875, 10.375], "texture": "#1"},
				"up": {"uv": [15.875, 10.375, 13.25, 8.25], "rotation": 270, "texture": "#1"},
				"down": {"uv": [15.875, 10.375, 13.25, 8.25], "rotation": 90, "texture": "#1"}
			}
		},
		{
			"from": [6.375, -3.7, 3.625],
			"to": [9.375, 2.5, 5.875],
			"rotation": {"angle": -45, "axis": "x", "origin": [7.875, -0.25, 4.75]},
			"faces": {
				"north": {"uv": [15.875, 8.25, 13.25, 10.375], "texture": "#1"},
				"east": {"uv": [15.875, 8.25, 13.25, 10.375], "texture": "#1"},
				"south": {"uv": [15.875, 8.25, 13.25, 10.375], "texture": "#1"},
				"west": {"uv": [15.875, 8.25, 13.25, 10.375], "texture": "#1"},
				"up": {"uv": [13.25, 10.375, 15.875, 8.25], "rotation": 270, "texture": "#1"},
				"down": {"uv": [13.25, 10.375, 15.875, 8.25], "rotation": 90, "texture": "#1"}
			}
		},
		{
			"from": [3.6, -3.7, 6.5],
			"to": [5.85, 2.5, 9.5],
			"rotation": {"angle": 45, "axis": "z", "origin": [4.725, -0.25, 8]},
			"faces": {
				"north": {"uv": [15.875, 8.25, 13.25, 10.375], "texture": "#1"},
				"east": {"uv": [15.875, 8.25, 13.25, 10.375], "texture": "#1"},
				"south": {"uv": [15.875, 8.25, 13.25, 10.375], "texture": "#1"},
				"west": {"uv": [15.875, 8.25, 13.25, 10.375], "texture": "#1"},
				"up": {"uv": [13.25, 10.375, 15.875, 8.25], "rotation": 180, "texture": "#1"},
				"down": {"uv": [13.25, 10.375, 15.875, 8.25], "rotation": 180, "texture": "#1"}
			}
		},
		{
			"from": [10.15, -3.7, 6.5],
			"to": [12.4, 2.5, 9.5],
			"rotation": {"angle": -45, "axis": "z", "origin": [11.275, -0.25, 8]},
			"faces": {
				"north": {"uv": [13.25, 8.25, 15.875, 10.375], "texture": "#1"},
				"east": {"uv": [13.25, 8.25, 15.875, 10.375], "texture": "#1"},
				"south": {"uv": [13.25, 8.25, 15.875, 10.375], "texture": "#1"},
				"west": {"uv": [13.25, 8.25, 15.875, 10.375], "texture": "#1"},
				"up": {"uv": [15.875, 10.375, 13.25, 8.25], "rotation": 180, "texture": "#1"},
				"down": {"uv": [15.875, 10.375, 13.25, 8.25], "rotation": 180, "texture": "#1"}
			}
		},
		{
			"from": [6.125, 1, 2.375],
			"to": [9.625, 6.5, 4.625],
			"rotation": {"angle": 0, "axis": "y", "origin": [10.875, 2.625, 4.5]},
			"faces": {
				"north": {"uv": [15.875, 8.25, 13.25, 10.375], "texture": "#1"},
				"east": {"uv": [15.875, 8.25, 13.25, 10.375], "texture": "#1"},
				"south": {"uv": [15.875, 8.25, 13.25, 10.375], "texture": "#1"},
				"west": {"uv": [15.875, 8.25, 13.25, 10.375], "texture": "#1"},
				"up": {"uv": [13.25, 10.375, 15.875, 8.25], "rotation": 270, "texture": "#1"},
				"down": {"uv": [13.25, 10.375, 15.875, 8.25], "rotation": 90, "texture": "#1"}
			}
		},
		{
			"from": [11.25, 1, 6.25],
			"to": [13.5, 6.5, 9.75],
			"rotation": {"angle": 0, "axis": "x", "origin": [0, 17, 8]},
			"faces": {
				"north": {"uv": [15.875, 8.25, 13.25, 10.375], "texture": "#1"},
				"east": {"uv": [15.875, 8.25, 13.25, 10.375], "texture": "#1"},
				"south": {"uv": [15.875, 8.25, 13.25, 10.375], "texture": "#1"},
				"west": {"uv": [15.875, 8.25, 13.25, 10.375], "texture": "#1"},
				"up": {"uv": [15.875, 8.25, 13.25, 10.375], "texture": "#1"},
				"down": {"uv": [15.875, 8.25, 13.25, 10.375], "texture": "#1"}
			}
		},
		{
			"from": [2, -0.25, 4],
			"to": [3.25, 5.5, 6],
			"rotation": {"angle": 22.5, "axis": "x", "origin": [2.625, 2.625, 5]},
			"faces": {
				"north": {"uv": [13.25, 8.25, 15.875, 10.375], "texture": "#1"},
				"east": {"uv": [13.25, 8.25, 15.875, 10.375], "texture": "#1"},
				"south": {"uv": [13.25, 8.25, 15.875, 10.375], "texture": "#1"},
				"west": {"uv": [13.25, 8.25, 15.875, 10.375], "texture": "#1"},
				"up": {"uv": [13.25, 8.25, 15.875, 10.375], "texture": "#1"},
				"down": {"uv": [13.25, 8.25, 15.875, 10.375], "texture": "#1"}
			}
		},
		{
			"from": [9.375, -0.2, 12.875],
			"to": [11.375, 5.55, 14.125],
			"rotation": {"angle": 22.5, "axis": "z", "origin": [10.375, 2.675, 13.5]},
			"faces": {
				"north": {"uv": [13.25, 8.25, 15.875, 10.375], "texture": "#1"},
				"east": {"uv": [13.25, 8.25, 15.875, 10.375], "texture": "#1"},
				"south": {"uv": [13.25, 8.25, 15.875, 10.375], "texture": "#1"},
				"west": {"uv": [13.25, 8.25, 15.875, 10.375], "texture": "#1"},
				"up": {"uv": [15.875, 10.375, 13.25, 8.25], "rotation": 270, "texture": "#1"},
				"down": {"uv": [15.875, 10.375, 13.25, 8.25], "rotation": 90, "texture": "#1"}
			}
		},
		{
			"from": [9.375, -0.2, 1.875],
			"to": [11.375, 5.55, 3.125],
			"rotation": {"angle": 22.5, "axis": "z", "origin": [10.375, 2.675, 2.5]},
			"faces": {
				"north": {"uv": [15.875, 8.25, 13.25, 10.375], "texture": "#1"},
				"east": {"uv": [15.875, 8.25, 13.25, 10.375], "texture": "#1"},
				"south": {"uv": [15.875, 8.25, 13.25, 10.375], "texture": "#1"},
				"west": {"uv": [15.875, 8.25, 13.25, 10.375], "texture": "#1"},
				"up": {"uv": [13.25, 10.375, 15.875, 8.25], "rotation": 270, "texture": "#1"},
				"down": {"uv": [13.25, 10.375, 15.875, 8.25], "rotation": 90, "texture": "#1"}
			}
		},
		{
			"from": [12.75, -0.25, 4],
			"to": [14, 5.5, 6],
			"rotation": {"angle": 22.5, "axis": "x", "origin": [13.375, 2.625, 5]},
			"faces": {
				"north": {"uv": [15.875, 8.25, 13.25, 10.375], "texture": "#1"},
				"east": {"uv": [15.875, 8.25, 13.25, 10.375], "texture": "#1"},
				"south": {"uv": [15.875, 8.25, 13.25, 10.375], "texture": "#1"},
				"west": {"uv": [15.875, 8.25, 13.25, 10.375], "texture": "#1"},
				"up": {"uv": [15.875, 8.25, 13.25, 10.375], "texture": "#1"},
				"down": {"uv": [15.875, 8.25, 13.25, 10.375], "texture": "#1"}
			}
		},
		{
			"from": [2, -0.25, 10],
			"to": [3.25, 5.5, 12],
			"rotation": {"angle": -22.5, "axis": "x", "origin": [2.625, 2.625, 11]},
			"faces": {
				"north": {"uv": [15.875, 8.25, 13.25, 10.375], "texture": "#1"},
				"east": {"uv": [15.875, 8.25, 13.25, 10.375], "texture": "#1"},
				"south": {"uv": [15.875, 8.25, 13.25, 10.375], "texture": "#1"},
				"west": {"uv": [15.875, 8.25, 13.25, 10.375], "texture": "#1"},
				"up": {"uv": [13.25, 10.375, 15.875, 8.25], "texture": "#1"},
				"down": {"uv": [13.25, 10.375, 15.875, 8.25], "texture": "#1"}
			}
		},
		{
			"from": [3.875, -2.5, 12.875],
			"to": [5.875, 3.25, 14.125],
			"rotation": {"angle": -22.5, "axis": "z", "origin": [10.875, 0.375, 13.5]},
			"faces": {
				"north": {"uv": [15.875, 8.25, 13.25, 10.375], "texture": "#1"},
				"east": {"uv": [15.875, 8.25, 13.25, 10.375], "texture": "#1"},
				"south": {"uv": [15.875, 8.25, 13.25, 10.375], "texture": "#1"},
				"west": {"uv": [15.875, 8.25, 13.25, 10.375], "texture": "#1"},
				"up": {"uv": [15.875, 8.25, 13.25, 10.375], "rotation": 270, "texture": "#1"},
				"down": {"uv": [15.875, 8.25, 13.25, 10.375], "rotation": 90, "texture": "#1"}
			}
		},
		{
			"from": [3.875, -2.5, 1.875],
			"to": [5.875, 3.25, 3.125],
			"rotation": {"angle": -22.5, "axis": "z", "origin": [10.875, 0.375, 2.5]},
			"faces": {
				"north": {"uv": [13.25, 8.25, 15.875, 10.375], "texture": "#1"},
				"east": {"uv": [13.25, 8.25, 15.875, 10.375], "texture": "#1"},
				"south": {"uv": [13.25, 8.25, 15.875, 10.375], "texture": "#1"},
				"west": {"uv": [13.25, 8.25, 15.875, 10.375], "texture": "#1"},
				"up": {"uv": [13.25, 8.25, 15.875, 10.375], "rotation": 270, "texture": "#1"},
				"down": {"uv": [13.25, 8.25, 15.875, 10.375], "rotation": 90, "texture": "#1"}
			}
		},
		{
			"from": [12.75, -0.25, 10],
			"to": [14, 5.5, 12],
			"rotation": {"angle": -22.5, "axis": "x", "origin": [13.375, 2.625, 11]},
			"faces": {
				"north": {"uv": [13.25, 8.25, 15.875, 10.375], "texture": "#1"},
				"east": {"uv": [13.25, 8.25, 15.875, 10.375], "texture": "#1"},
				"south": {"uv": [13.25, 8.25, 15.875, 10.375], "texture": "#1"},
				"west": {"uv": [13.25, 8.25, 15.875, 10.375], "texture": "#1"},
				"up": {"uv": [15.875, 10.375, 13.25, 8.25], "texture": "#1"},
				"down": {"uv": [15.875, 10.375, 13.25, 8.25], "texture": "#1"}
			}
		},
		{
			"from": [5.75, -2.25, 5.75],
			"to": [10.25, 0.25, 10.25],
			"rotation": {"angle": 0, "axis": "x", "origin": [16, 17, 8]},
			"faces": {
				"north": {"uv": [10.125, 11.5, 11.375, 12], "texture": "#2"},
				"east": {"uv": [10.125, 11.5, 11.375, 12], "texture": "#2"},
				"south": {"uv": [10.125, 11.5, 11.375, 12], "texture": "#2"},
				"west": {"uv": [10.125, 11.5, 11.375, 12], "texture": "#2"},
				"up": {"uv": [10.125, 11.5, 11.375, 12], "texture": "#2"},
				"down": {"uv": [10.125, 11.5, 11.375, 12], "texture": "#2"}
			}
		}
	],
	"display": {
		"gui": {
			"rotation": [0, 90, 0],
			"translation": [0, -4, 0]
		},
		"head": {
			"rotation": [0, 90, 0],
			"translation": [0, -25, 0],
			"scale": [4, 4, 4]
		},
		"fixed": {
			"rotation": [0, 90, 0],
			"translation": [0, -2, -1.25]
		}
	}
}