{
	"credit": "Made by MILENARY",
	"texture_size": [64, 64],
	"textures": {
		"0": "block/gun_13",
		"particle": "block/gun_13"
	},
	"elements": [
		{
			"from": [6, 4, -9],
			"to": [10, 10, 3],
			"rotation": {"angle": 0, "axis": "y", "origin": [0, 0, 7]},
			"faces": {
				"north": {"uv": [6.75, 8.5, 7.75, 10], "texture": "#0"},
				"east": {"uv": [0, 3, 3, 4.5], "texture": "#0"},
				"south": {"uv": [8.5, 7.5, 9.5, 9], "texture": "#0"},
				"west": {"uv": [3, 3, 6, 4.5], "texture": "#0"},
				"up": {"uv": [2, 8.5, 1, 5.5], "texture": "#0"},
				"down": {"uv": [3, 5.5, 2, 8.5], "texture": "#0"}
			}
		},
		{
			"from": [7, 3.25, 11],
			"to": [9, 4.25, 19],
			"rotation": {"angle": 0, "axis": "y", "origin": [0, 0, 15]},
			"faces": {
				"north": {"uv": [9, 3.75, 9.5, 4], "texture": "#0"},
				"east": {"uv": [10.25, 6.25, 12.25, 6.5], "texture": "#0"},
				"south": {"uv": [11.5, 10.75, 12, 11], "texture": "#0"},
				"west": {"uv": [10.25, 6.5, 12.25, 6.75], "texture": "#0"},
				"up": {"uv": [10.25, 2, 9.75, 0], "texture": "#0"},
				"down": {"uv": [10.25, 2, 9.75, 4], "texture": "#0"}
			}
		},
		{
			"from": [7.5, 0.75, 13.75],
			"to": [8.5, 3.75, 14.25],
			"rotation": {"angle": -22.5, "axis": "x", "origin": [8, 2.25, 13.5]},
			"faces": {
				"north": {"uv": [8.25, 11.5, 8.5, 12.25], "texture": "#0"},
				"east": {"uv": [9, 11.75, 9.125, 12.5], "texture": "#0"},
				"south": {"uv": [9.5, 11.5, 9.75, 12.25], "texture": "#0"},
				"west": {"uv": [9.25, 11.75, 9.375, 12.5], "texture": "#0"},
				"up": {"uv": [0.5, 12.125, 0.25, 12], "texture": "#0"},
				"down": {"uv": [12.25, 0.25, 12, 0.375], "texture": "#0"}
			}
		},
		{
			"from": [7.5, 0.94187, 14.30776],
			"to": [8.5, 1.44187, 16.50776],
			"rotation": {"angle": 0, "axis": "x", "origin": [8, 0.94187, 15.20776]},
			"faces": {
				"north": {"uv": [12, 0.5, 12.25, 0.625], "texture": "#0"},
				"east": {"uv": [11.75, 8.75, 12.25, 8.875], "texture": "#0"},
				"south": {"uv": [12, 1, 12.25, 1.125], "texture": "#0"},
				"west": {"uv": [11.75, 10.25, 12.25, 10.375], "texture": "#0"},
				"up": {"uv": [12, 8, 11.75, 7.5], "texture": "#0"},
				"down": {"uv": [12, 8, 11.75, 8.5], "texture": "#0"}
			}
		},
		{
			"from": [7.5, -1.75, 16.5],
			"to": [8.5, 3.25, 18.75],
			"rotation": {"angle": 0, "axis": "y", "origin": [0, 0, 15]},
			"faces": {
				"north": {"uv": [11, 4.5, 11.25, 5.75], "texture": "#0"},
				"east": {"uv": [0, 10.25, 0.625, 11.5], "texture": "#0"},
				"south": {"uv": [11, 8, 11.25, 9.25], "texture": "#0"},
				"west": {"uv": [10.25, 0.75, 10.875, 2], "texture": "#0"},
				"up": {"uv": [10, 12.125, 9.75, 11.5], "texture": "#0"},
				"down": {"uv": [11.75, 9.75, 11.5, 10.375], "texture": "#0"}
			}
		},
		{
			"from": [7.5, 0.75, -8],
			"to": [8.5, 4.25, 3],
			"rotation": {"angle": 0, "axis": "y", "origin": [0, 0, 15]},
			"faces": {
				"north": {"uv": [7.75, 11.5, 8, 12.375], "texture": "#0"},
				"east": {"uv": [5.75, 7.5, 8.5, 8.375], "texture": "#0"},
				"south": {"uv": [8, 11.5, 8.25, 12.375], "texture": "#0"},
				"west": {"uv": [1, 8.5, 3.75, 9.375], "texture": "#0"},
				"up": {"uv": [8.75, 13.25, 8.5, 10.5], "texture": "#0"},
				"down": {"uv": [9, 10.5, 8.75, 13.25], "texture": "#0"}
			}
		},
		{
			"from": [7.25, 0.25, -8],
			"to": [8.75, 0.75, 3],
			"rotation": {"angle": 0, "axis": "y", "origin": [0, 0, 15]},
			"faces": {
				"north": {"uv": [11.25, 11.75, 11.625, 11.875], "texture": "#0"},
				"east": {"uv": [10.25, 6.75, 13, 6.875], "texture": "#0"},
				"south": {"uv": [11.75, 11.5, 12.125, 11.625], "texture": "#0"},
				"west": {"uv": [10.75, 10.5, 13.5, 10.625], "texture": "#0"},
				"up": {"uv": [3.625, 12.25, 3.25, 9.5], "texture": "#0"},
				"down": {"uv": [9.875, 7, 9.5, 9.75], "texture": "#0"}
			}
		},
		{
			"from": [7.25, -0.25, 3],
			"to": [8.75, 4.25, 4.5],
			"rotation": {"angle": 0, "axis": "y", "origin": [0, 0, 15]},
			"faces": {
				"north": {"uv": [4.75, 10.75, 5.125, 11.875], "texture": "#0"},
				"east": {"uv": [5.25, 10.75, 5.625, 11.875], "texture": "#0"},
				"south": {"uv": [5.75, 10.75, 6.125, 11.875], "texture": "#0"},
				"west": {"uv": [6.25, 10.75, 6.625, 11.875], "texture": "#0"},
				"up": {"uv": [11.875, 1.375, 11.5, 1], "texture": "#0"},
				"down": {"uv": [10.875, 11.5, 10.5, 11.875], "texture": "#0"}
			}
		},
		{
			"from": [7.75, 0.75, 14.75],
			"to": [8.25, 2.75, 15.5],
			"rotation": {"angle": 22.5, "axis": "x", "origin": [8, 0.75, 17.625]},
			"faces": {
				"north": {"uv": [11.75, 9.75, 11.875, 10.25], "texture": "#0"},
				"east": {"uv": [11.75, 5.75, 12, 6.25], "texture": "#0"},
				"south": {"uv": [11.75, 11, 11.875, 11.5], "texture": "#0"},
				"west": {"uv": [11.75, 7, 12, 7.5], "texture": "#0"},
				"up": {"uv": [11.875, 12, 11.75, 11.75], "texture": "#0"},
				"down": {"uv": [0.125, 12, 0, 12.25], "texture": "#0"}
			}
		},
		{
			"from": [6.25, 4.25, 3],
			"to": [9.75, 9.75, 22],
			"rotation": {"angle": 0, "axis": "y", "origin": [0, 0, 7]},
			"faces": {
				"north": {"uv": [8.5, 9, 9.375, 10.375], "texture": "#0"},
				"east": {"uv": [0, 0, 4.75, 1.375], "texture": "#0"},
				"south": {"uv": [4.75, 9.25, 5.625, 10.625], "texture": "#0"},
				"west": {"uv": [0, 1.5, 4.75, 2.875], "texture": "#0"},
				"up": {"uv": [5.625, 9.25, 4.75, 4.5], "texture": "#0"},
				"down": {"uv": [0.875, 5.5, 0, 10.25], "texture": "#0"}
			}
		},
		{
			"from": [7, 4, 22],
			"to": [9, 7, 27],
			"rotation": {"angle": 0, "axis": "y", "origin": [0, 0, 7]},
			"faces": {
				"north": {"uv": [9, 3, 9.5, 3.75], "texture": "#0"},
				"east": {"uv": [9.75, 4, 11, 4.75], "texture": "#0"},
				"south": {"uv": [11, 0.75, 11.5, 1.5], "texture": "#0"},
				"west": {"uv": [10.25, 0, 11.5, 0.75], "texture": "#0"},
				"up": {"uv": [9.5, 11.75, 9, 10.5], "texture": "#0"},
				"down": {"uv": [4.25, 10.75, 3.75, 12], "texture": "#0"}
			}
		},
		{
			"from": [5, 5, 22],
			"to": [7, 7, 23],
			"rotation": {"angle": 0, "axis": "y", "origin": [0, 0, 7]},
			"faces": {
				"north": {"uv": [8.25, 4, 8.75, 4.5], "texture": "#0"},
				"east": {"uv": [11, 11.5, 11.25, 12], "texture": "#0"},
				"south": {"uv": [11.25, 8, 11.75, 8.5], "texture": "#0"},
				"west": {"uv": [11.5, 11, 11.75, 11.5], "texture": "#0"},
				"up": {"uv": [11.75, 11.75, 11.25, 11.5], "texture": "#0"},
				"down": {"uv": [12.25, 0, 11.75, 0.25], "texture": "#0"}
			}
		},
		{
			"from": [9, 5, 22],
			"to": [11, 7, 23],
			"rotation": {"angle": 0, "axis": "y", "origin": [0, 0, 7]},
			"faces": {
				"north": {"uv": [11.25, 8.5, 11.75, 9], "texture": "#0"},
				"east": {"uv": [11.75, 0.25, 12, 0.75], "texture": "#0"},
				"south": {"uv": [0, 11.5, 0.5, 12], "texture": "#0"},
				"west": {"uv": [11.75, 4.5, 12, 5], "texture": "#0"},
				"up": {"uv": [12.25, 1, 11.75, 0.75], "texture": "#0"},
				"down": {"uv": [12.25, 5, 11.75, 5.25], "texture": "#0"}
			}
		},
		{
			"from": [5, 7, 22],
			"to": [11, 10, 28],
			"rotation": {"angle": 0, "axis": "y", "origin": [0, 0, 7]},
			"faces": {
				"north": {"uv": [8.75, 6.25, 10.25, 7], "texture": "#0"},
				"east": {"uv": [1.75, 9.5, 3.25, 10.25], "texture": "#0"},
				"south": {"uv": [9.5, 4.75, 11, 5.5], "texture": "#0"},
				"west": {"uv": [9.5, 5.5, 11, 6.25], "texture": "#0"},
				"up": {"uv": [4.5, 7, 3, 5.5], "texture": "#0"},
				"down": {"uv": [4.5, 7, 3, 8.5], "texture": "#0"}
			}
		},
		{
			"from": [6, 9.75, 18],
			"to": [10, 11, 27],
			"rotation": {"angle": 0, "axis": "y", "origin": [0, 0, 7]},
			"faces": {
				"north": {"uv": [11, 1.5, 12, 1.875], "texture": "#0"},
				"east": {"uv": [6, 4, 8.25, 4.375], "texture": "#0"},
				"south": {"uv": [11, 4, 12, 4.375], "texture": "#0"},
				"west": {"uv": [10, 9.25, 12.25, 9.625], "texture": "#0"},
				"up": {"uv": [4.75, 10.75, 3.75, 8.5], "texture": "#0"},
				"down": {"uv": [6.75, 8.5, 5.75, 10.75], "texture": "#0"}
			}
		},
		{
			"from": [5.25, 5.25, 3],
			"to": [6.25, 8.75, 22],
			"rotation": {"angle": 0, "axis": "y", "origin": [0, 0, 7]},
			"faces": {
				"north": {"uv": [11.5, 0, 11.75, 0.875], "texture": "#0"},
				"east": {"uv": [0, 4.5, 4.75, 5.375], "texture": "#0"},
				"south": {"uv": [0.5, 11.5, 0.75, 12.375], "texture": "#0"},
				"west": {"uv": [4.75, 0, 9.5, 0.875], "texture": "#0"},
				"up": {"uv": [9.75, 4.75, 9.5, 0], "texture": "#0"},
				"down": {"uv": [1.25, 9.5, 1, 14.25], "texture": "#0"}
			}
		},
		{
			"from": [2.75, 8.25, -1],
			"to": [5.25, 8.5, 8],
			"rotation": {"angle": 0, "axis": "y", "origin": [0, 0, 7]},
			"faces": {
				"north": {"uv": [11.75, 5.25, 12.375, 5.375], "texture": "#0"},
				"east": {"uv": [11.25, 2, 13.5, 2.125], "texture": "#0"},
				"south": {"uv": [11.75, 8.5, 12.375, 8.625], "texture": "#0"},
				"west": {"uv": [11.25, 2.25, 13.5, 2.375], "texture": "#0"},
				"up": {"uv": [8.375, 10.75, 7.75, 8.5], "texture": "#0"},
				"down": {"uv": [9.375, 4, 8.75, 6.25], "texture": "#0"}
			}
		},
		{
			"from": [2.5, 7.25, -1],
			"to": [2.75, 8.25, 8],
			"rotation": {"angle": 0, "axis": "y", "origin": [0, 0, 7]},
			"faces": {
				"north": {"uv": [12, 1.25, 12.125, 1.5], "texture": "#0"},
				"east": {"uv": [10.25, 3, 12.5, 3.25], "texture": "#0"},
				"south": {"uv": [12, 1.5, 12.125, 1.75], "texture": "#0"},
				"west": {"uv": [10.25, 3.25, 12.5, 3.5], "texture": "#0"},
				"up": {"uv": [2.375, 13.5, 2.25, 11.25], "texture": "#0"},
				"down": {"uv": [2.625, 11.25, 2.5, 13.5], "texture": "#0"}
			}
		},
		{
			"from": [2.75, 7, -1],
			"to": [3.75, 7.25, 8],
			"rotation": {"angle": 0, "axis": "y", "origin": [0, 0, 7]},
			"faces": {
				"north": {"uv": [2, 12, 2.25, 12.125], "texture": "#0"},
				"east": {"uv": [11.25, 2.5, 13.5, 2.625], "texture": "#0"},
				"south": {"uv": [3.75, 12, 4, 12.125], "texture": "#0"},
				"west": {"uv": [11.25, 2.75, 13.5, 2.875], "texture": "#0"},
				"up": {"uv": [4.5, 13, 4.25, 10.75], "texture": "#0"},
				"down": {"uv": [4.75, 10.75, 4.5, 13], "texture": "#0"}
			}
		},
		{
			"from": [3.2, 7.25, -1],
			"to": [3.3, 7.6, -0.75],
			"rotation": {"angle": 0, "axis": "y", "origin": [0, 0, 7]},
			"faces": {
				"north": {"uv": [4, 12, 4.125, 12.125], "texture": "#0"},
				"east": {"uv": [12, 4, 12.125, 4.125], "texture": "#0"},
				"south": {"uv": [12, 4.25, 12.125, 4.375], "texture": "#0"},
				"west": {"uv": [12, 4.5, 12.125, 4.625], "texture": "#0"},
				"up": {"uv": [4.875, 12.125, 4.75, 12], "texture": "#0"},
				"down": {"uv": [12.125, 4.75, 12, 4.875], "texture": "#0"}
			}
		},
		{
			"from": [3.75, 7.25, -1],
			"to": [4, 8.25, 8],
			"rotation": {"angle": 0, "axis": "y", "origin": [0, 0, 7]},
			"faces": {
				"north": {"uv": [1.75, 12, 1.875, 12.25], "texture": "#0"},
				"east": {"uv": [10.25, 3.5, 12.5, 3.75], "texture": "#0"},
				"south": {"uv": [12, 1.75, 12.125, 2], "texture": "#0"},
				"west": {"uv": [10.25, 3.75, 12.5, 4], "texture": "#0"},
				"up": {"uv": [6.875, 13.5, 6.75, 11.25], "texture": "#0"},
				"down": {"uv": [7.125, 11.25, 7, 13.5], "texture": "#0"}
			}
		},
		{
			"from": [9.75, 5.25, 3],
			"to": [10.75, 8.75, 22],
			"rotation": {"angle": 0, "axis": "y", "origin": [0, 0, 7]},
			"faces": {
				"north": {"uv": [11.5, 4.5, 11.75, 5.375], "texture": "#0"},
				"east": {"uv": [4.75, 1, 9.5, 1.875], "texture": "#0"},
				"south": {"uv": [11.5, 7, 11.75, 7.875], "texture": "#0"},
				"west": {"uv": [4.75, 2, 9.5, 2.875], "texture": "#0"},
				"up": {"uv": [1.5, 14.25, 1.25, 9.5], "texture": "#0"},
				"down": {"uv": [1.75, 9.5, 1.5, 14.25], "texture": "#0"}
			}
		},
		{
			"from": [5, 5, -9],
			"to": [6, 9, 3],
			"rotation": {"angle": 0, "axis": "y", "origin": [0, 0, 7]},
			"faces": {
				"north": {"uv": [11.25, 4.5, 11.5, 5.5], "texture": "#0"},
				"east": {"uv": [5.75, 4.5, 8.75, 5.5], "texture": "#0"},
				"south": {"uv": [11.25, 7, 11.5, 8], "texture": "#0"},
				"west": {"uv": [5.75, 5.5, 8.75, 6.5], "texture": "#0"},
				"up": {"uv": [4.75, 8.5, 4.5, 5.5], "texture": "#0"},
				"down": {"uv": [1, 10.25, 0.75, 13.25], "texture": "#0"}
			}
		},
		{
			"from": [10, 5, -9],
			"to": [11, 9, 3],
			"rotation": {"angle": 0, "axis": "y", "origin": [0, 0, 7]},
			"faces": {
				"north": {"uv": [7.25, 11.25, 7.5, 12.25], "texture": "#0"},
				"east": {"uv": [6, 3, 9, 4], "texture": "#0"},
				"south": {"uv": [7.5, 11.25, 7.75, 12.25], "texture": "#0"},
				"west": {"uv": [5.75, 6.5, 8.75, 7.5], "texture": "#0"},
				"up": {"uv": [3, 13.25, 2.75, 10.25], "texture": "#0"},
				"down": {"uv": [3.25, 10.25, 3, 13.25], "texture": "#0"}
			}
		}
	],
	"display": {
		"thirdperson_righthand": {
			"translation": [0, 3.75, 3.5],
			"scale": [0.75, 0.75, 0.75]
		},
		"thirdperson_lefthand": {
			"translation": [0, 3.75, 3.5],
			"scale": [0.75, 0.75, 0.75]
		},
		"firstperson_righthand": {
			"translation": [1.25, 15.75, 3]
		},
		"firstperson_lefthand": {
			"translation": [1.25, 15.75, 3]
		},
		"ground": {
			"translation": [0, 6.75, 0]
		},
		"gui": {
			"rotation": [64, 47, -69],
			"translation": [0.5, 0, 0],
			"scale": [0.75, 0.75, 0.75]
		},
		"fixed": {
			"rotation": [0, 90, 0],
			"translation": [0, 3, -2.25],
			"scale": [1.5, 1.5, 1.5]
		}
	}
}