{
	"credit": "Made by MILENARY",
	"textures": {
		"0": "block/buff_3",
		"particle": "block/buff_3"
	},
	"elements": [
		{
			"name": "buff_3_0",
			"from": [8.5, 0, 0],
			"to": [9, 0.5, 0.5],
			"faces": {
				"north": {"uv": [9, 0, 8.5, 0.5], "texture": "#0"},
				"east": {"uv": [8.5, 0, 9, 0.5], "rotation": 90, "texture": "#0"},
				"south": {"uv": [8.5, 0, 9, 0.5], "texture": "#0"},
				"west": {"uv": [8.5, 0, 9, 0.5], "rotation": 270, "texture": "#0"},
				"up": {"uv": [8.5, 0, 9, 0.5], "texture": "#0"},
				"down": {"uv": [8.5, 0.5, 9, 0], "texture": "#0"}
			}
		},
		{
			"name": "buff_3_1",
			"from": [9.5, 0, 0],
			"to": [11, 0.5, 0.5],
			"faces": {
				"north": {"uv": [11, 0, 9.5, 0.5], "texture": "#0"},
				"east": {"uv": [10.5, 0, 11, 0.5], "rotation": 90, "texture": "#0"},
				"south": {"uv": [9.5, 0, 11, 0.5], "texture": "#0"},
				"west": {"uv": [9.5, 0, 10, 0.5], "rotation": 270, "texture": "#0"},
				"up": {"uv": [9.5, 0, 11, 0.5], "texture": "#0"},
				"down": {"uv": [9.5, 0.5, 11, 0], "texture": "#0"}
			}
		},
		{
			"name": "buff_3_2",
			"from": [7.5, 0, 0.5],
			"to": [9.5, 0.5, 1],
			"faces": {
				"north": {"uv": [9.5, 0.5, 7.5, 1], "texture": "#0"},
				"east": {"uv": [9, 0.5, 9.5, 1], "rotation": 90, "texture": "#0"},
				"south": {"uv": [7.5, 0.5, 9.5, 1], "texture": "#0"},
				"west": {"uv": [7.5, 0.5, 8, 1], "rotation": 270, "texture": "#0"},
				"up": {"uv": [7.5, 0.5, 9.5, 1], "texture": "#0"},
				"down": {"uv": [7.5, 1, 9.5, 0.5], "texture": "#0"}
			}
		},
		{
			"name": "buff_3_3",
			"from": [10.5, 0, 0.5],
			"to": [11, 0.5, 1],
			"faces": {
				"north": {"uv": [11, 0.5, 10.5, 1], "texture": "#0"},
				"east": {"uv": [10.5, 0.5, 11, 1], "rotation": 90, "texture": "#0"},
				"south": {"uv": [10.5, 0.5, 11, 1], "texture": "#0"},
				"west": {"uv": [10.5, 0.5, 11, 1], "rotation": 270, "texture": "#0"},
				"up": {"uv": [10.5, 0.5, 11, 1], "texture": "#0"},
				"down": {"uv": [10.5, 1, 11, 0.5], "texture": "#0"}
			}
		},
		{
			"name": "buff_3_4",
			"from": [11.5, 0, 0.5],
			"to": [12, 0.5, 1],
			"faces": {
				"north": {"uv": [12, 0.5, 11.5, 1], "texture": "#0"},
				"east": {"uv": [11.5, 0.5, 12, 1], "rotation": 90, "texture": "#0"},
				"south": {"uv": [11.5, 0.5, 12, 1], "texture": "#0"},
				"west": {"uv": [11.5, 0.5, 12, 1], "rotation": 270, "texture": "#0"},
				"up": {"uv": [11.5, 0.5, 12, 1], "texture": "#0"},
				"down": {"uv": [11.5, 1, 12, 0.5], "texture": "#0"}
			}
		},
		{
			"name": "buff_3_5",
			"from": [9.5, 0, 1],
			"to": [12, 0.5, 1.5],
			"faces": {
				"north": {"uv": [12, 1, 9.5, 1.5], "texture": "#0"},
				"east": {"uv": [11.5, 1, 12, 1.5], "rotation": 90, "texture": "#0"},
				"south": {"uv": [9.5, 1, 12, 1.5], "texture": "#0"},
				"west": {"uv": [9.5, 1, 10, 1.5], "rotation": 270, "texture": "#0"},
				"up": {"uv": [9.5, 1, 12, 1.5], "texture": "#0"},
				"down": {"uv": [9.5, 1.5, 12, 1], "texture": "#0"}
			}
		},
		{
			"name": "buff_3_6",
			"from": [12.5, 0, 1],
			"to": [14, 0.5, 1.5],
			"faces": {
				"north": {"uv": [14, 1, 12.5, 1.5], "texture": "#0"},
				"east": {"uv": [13.5, 1, 14, 1.5], "rotation": 90, "texture": "#0"},
				"south": {"uv": [12.5, 1, 14, 1.5], "texture": "#0"},
				"west": {"uv": [12.5, 1, 13, 1.5], "rotation": 270, "texture": "#0"},
				"up": {"uv": [12.5, 1, 14, 1.5], "texture": "#0"},
				"down": {"uv": [12.5, 1.5, 14, 1], "texture": "#0"}
			}
		},
		{
			"name": "buff_3_7",
			"from": [10.5, 0, 1.5],
			"to": [13, 0.5, 2],
			"faces": {
				"north": {"uv": [13, 1.5, 10.5, 2], "texture": "#0"},
				"east": {"uv": [12.5, 1.5, 13, 2], "rotation": 90, "texture": "#0"},
				"south": {"uv": [10.5, 1.5, 13, 2], "texture": "#0"},
				"west": {"uv": [10.5, 1.5, 11, 2], "rotation": 270, "texture": "#0"},
				"up": {"uv": [10.5, 1.5, 13, 2], "texture": "#0"},
				"down": {"uv": [10.5, 2, 13, 1.5], "texture": "#0"}
			}
		},
		{
			"name": "buff_3_8",
			"from": [12, 0, 2],
			"to": [13.5, 0.5, 2.5],
			"faces": {
				"north": {"uv": [13.5, 2, 12, 2.5], "texture": "#0"},
				"east": {"uv": [13, 2, 13.5, 2.5], "rotation": 90, "texture": "#0"},
				"south": {"uv": [12, 2, 13.5, 2.5], "texture": "#0"},
				"west": {"uv": [12, 2, 12.5, 2.5], "rotation": 270, "texture": "#0"},
				"up": {"uv": [12, 2, 13.5, 2.5], "texture": "#0"},
				"down": {"uv": [12, 2.5, 13.5, 2], "texture": "#0"}
			}
		},
		{
			"name": "buff_3_9",
			"from": [11.5, 0, 2.5],
			"to": [12, 0.5, 3],
			"faces": {
				"north": {"uv": [12, 2.5, 11.5, 3], "texture": "#0"},
				"east": {"uv": [11.5, 2.5, 12, 3], "rotation": 90, "texture": "#0"},
				"south": {"uv": [11.5, 2.5, 12, 3], "texture": "#0"},
				"west": {"uv": [11.5, 2.5, 12, 3], "rotation": 270, "texture": "#0"},
				"up": {"uv": [11.5, 2.5, 12, 3], "texture": "#0"},
				"down": {"uv": [11.5, 3, 12, 2.5], "texture": "#0"}
			}
		},
		{
			"name": "buff_3_10",
			"from": [12.5, 0, 2.5],
			"to": [13, 0.5, 3],
			"faces": {
				"north": {"uv": [13, 2.5, 12.5, 3], "texture": "#0"},
				"east": {"uv": [12.5, 2.5, 13, 3], "rotation": 90, "texture": "#0"},
				"south": {"uv": [12.5, 2.5, 13, 3], "texture": "#0"},
				"west": {"uv": [12.5, 2.5, 13, 3], "rotation": 270, "texture": "#0"},
				"up": {"uv": [12.5, 2.5, 13, 3], "texture": "#0"},
				"down": {"uv": [12.5, 3, 13, 2.5], "texture": "#0"}
			}
		},
		{
			"name": "buff_3_11",
			"from": [13.5, 0, 2.5],
			"to": [14, 0.5, 3],
			"faces": {
				"north": {"uv": [14, 2.5, 13.5, 3], "texture": "#0"},
				"east": {"uv": [13.5, 2.5, 14, 3], "rotation": 90, "texture": "#0"},
				"south": {"uv": [13.5, 2.5, 14, 3], "texture": "#0"},
				"west": {"uv": [13.5, 2.5, 14, 3], "rotation": 270, "texture": "#0"},
				"up": {"uv": [13.5, 2.5, 14, 3], "texture": "#0"},
				"down": {"uv": [13.5, 3, 14, 2.5], "texture": "#0"}
			}
		},
		{
			"name": "buff_3_12",
			"from": [14.5, 0, 2.5],
			"to": [15.5, 0.5, 3],
			"faces": {
				"north": {"uv": [15.5, 2.5, 14.5, 3], "texture": "#0"},
				"east": {"uv": [15, 2.5, 15.5, 3], "rotation": 90, "texture": "#0"},
				"south": {"uv": [14.5, 2.5, 15.5, 3], "texture": "#0"},
				"west": {"uv": [14.5, 2.5, 15, 3], "rotation": 270, "texture": "#0"},
				"up": {"uv": [14.5, 2.5, 15.5, 3], "texture": "#0"},
				"down": {"uv": [14.5, 3, 15.5, 2.5], "texture": "#0"}
			}
		},
		{
			"name": "buff_3_13",
			"from": [6, -0.5, 3],
			"to": [10, 1, 3.5],
			"faces": {
				"north": {"uv": [10, 3, 6, 3.5], "texture": "#0"},
				"east": {"uv": [9.5, 3, 10, 3.5], "rotation": 90, "texture": "#0"},
				"south": {"uv": [6, 3, 10, 3.5], "texture": "#0"},
				"west": {"uv": [6, 3, 6.5, 3.5], "rotation": 270, "texture": "#0"},
				"up": {"uv": [6, 3, 10, 3.5], "texture": "#0"},
				"down": {"uv": [6, 3.5, 10, 3], "texture": "#0"}
			}
		},
		{
			"name": "buff_3_14",
			"from": [12, 0, 3],
			"to": [13.5, 0.5, 3.5],
			"faces": {
				"north": {"uv": [13.5, 3, 12, 3.5], "texture": "#0"},
				"east": {"uv": [13, 3, 13.5, 3.5], "rotation": 90, "texture": "#0"},
				"south": {"uv": [12, 3, 13.5, 3.5], "texture": "#0"},
				"west": {"uv": [12, 3, 12.5, 3.5], "rotation": 270, "texture": "#0"},
				"up": {"uv": [12, 3, 13.5, 3.5], "texture": "#0"},
				"down": {"uv": [12, 3.5, 13.5, 3], "texture": "#0"}
			}
		},
		{
			"name": "buff_3_15",
			"from": [14, 0, 3],
			"to": [14.5, 0.5, 3.5],
			"faces": {
				"north": {"uv": [14.5, 3, 14, 3.5], "texture": "#0"},
				"east": {"uv": [14, 3, 14.5, 3.5], "rotation": 90, "texture": "#0"},
				"south": {"uv": [14, 3, 14.5, 3.5], "texture": "#0"},
				"west": {"uv": [14, 3, 14.5, 3.5], "rotation": 270, "texture": "#0"},
				"up": {"uv": [14, 3, 14.5, 3.5], "texture": "#0"},
				"down": {"uv": [14, 3.5, 14.5, 3], "texture": "#0"}
			}
		},
		{
			"name": "buff_3_16",
			"from": [15, 0, 3],
			"to": [15.5, 0.5, 3.5],
			"faces": {
				"north": {"uv": [15.5, 3, 15, 3.5], "texture": "#0"},
				"east": {"uv": [15, 3, 15.5, 3.5], "rotation": 90, "texture": "#0"},
				"south": {"uv": [15, 3, 15.5, 3.5], "texture": "#0"},
				"west": {"uv": [15, 3, 15.5, 3.5], "rotation": 270, "texture": "#0"},
				"up": {"uv": [15, 3, 15.5, 3.5], "texture": "#0"},
				"down": {"uv": [15, 3.5, 15.5, 3], "texture": "#0"}
			}
		},
		{
			"name": "buff_3_17",
			"from": [4.5, -0.5, 3.5],
			"to": [11.5, 1, 4],
			"faces": {
				"north": {"uv": [11.5, 3.5, 4.5, 4], "texture": "#0"},
				"east": {"uv": [11, 3.5, 11.5, 4], "rotation": 90, "texture": "#0"},
				"south": {"uv": [4.5, 3.5, 11.5, 4], "texture": "#0"},
				"west": {"uv": [4.5, 3.5, 5, 4], "rotation": 270, "texture": "#0"},
				"up": {"uv": [4.5, 3.5, 11.5, 4], "texture": "#0"},
				"down": {"uv": [4.5, 4, 11.5, 3.5], "texture": "#0"}
			}
		},
		{
			"name": "buff_3_18",
			"from": [13, 0, 3.5],
			"to": [15, 0.5, 4],
			"faces": {
				"north": {"uv": [15, 3.5, 13, 4], "texture": "#0"},
				"east": {"uv": [14.5, 3.5, 15, 4], "rotation": 90, "texture": "#0"},
				"south": {"uv": [13, 3.5, 15, 4], "texture": "#0"},
				"west": {"uv": [13, 3.5, 13.5, 4], "rotation": 270, "texture": "#0"},
				"up": {"uv": [13, 3.5, 15, 4], "texture": "#0"},
				"down": {"uv": [13, 4, 15, 3.5], "texture": "#0"}
			}
		},
		{
			"name": "buff_3_19",
			"from": [15.5, 0, 3.5],
			"to": [16, 0.5, 4],
			"faces": {
				"north": {"uv": [16, 3.5, 15.5, 4], "texture": "#0"},
				"east": {"uv": [15.5, 3.5, 16, 4], "rotation": 90, "texture": "#0"},
				"south": {"uv": [15.5, 3.5, 16, 4], "texture": "#0"},
				"west": {"uv": [15.5, 3.5, 16, 4], "rotation": 270, "texture": "#0"},
				"up": {"uv": [15.5, 3.5, 16, 4], "texture": "#0"},
				"down": {"uv": [15.5, 4, 16, 3.5], "texture": "#0"}
			}
		},
		{
			"name": "buff_3_20",
			"from": [0.5, 0, 4],
			"to": [1, 0.5, 4.5],
			"faces": {
				"north": {"uv": [1, 4, 0.5, 4.5], "texture": "#0"},
				"east": {"uv": [0.5, 4, 1, 4.5], "rotation": 90, "texture": "#0"},
				"south": {"uv": [0.5, 4, 1, 4.5], "texture": "#0"},
				"west": {"uv": [0.5, 4, 1, 4.5], "rotation": 270, "texture": "#0"},
				"up": {"uv": [0.5, 4, 1, 4.5], "texture": "#0"},
				"down": {"uv": [0.5, 4.5, 1, 4], "texture": "#0"}
			}
		},
		{
			"name": "buff_3_21",
			"from": [3.5, -0.5, 4],
			"to": [12.5, 1, 4.5],
			"faces": {
				"north": {"uv": [12.5, 4, 3.5, 4.5], "texture": "#0"},
				"east": {"uv": [12, 4, 12.5, 4.5], "rotation": 90, "texture": "#0"},
				"south": {"uv": [3.5, 4, 12.5, 4.5], "texture": "#0"},
				"west": {"uv": [3.5, 4, 4, 4.5], "rotation": 270, "texture": "#0"},
				"up": {"uv": [3.5, 4, 12.5, 4.5], "texture": "#0"},
				"down": {"uv": [3.5, 4.5, 12.5, 4], "texture": "#0"}
			}
		},
		{
			"name": "buff_3_22",
			"from": [13, 0, 4],
			"to": [13.5, 0.5, 4.5],
			"faces": {
				"north": {"uv": [13.5, 4, 13, 4.5], "texture": "#0"},
				"east": {"uv": [13, 4, 13.5, 4.5], "rotation": 90, "texture": "#0"},
				"south": {"uv": [13, 4, 13.5, 4.5], "texture": "#0"},
				"west": {"uv": [13, 4, 13.5, 4.5], "rotation": 270, "texture": "#0"},
				"up": {"uv": [13, 4, 13.5, 4.5], "texture": "#0"},
				"down": {"uv": [13, 4.5, 13.5, 4], "texture": "#0"}
			}
		},
		{
			"name": "buff_3_23",
			"from": [14, 0, 4],
			"to": [15.5, 0.5, 4.5],
			"faces": {
				"north": {"uv": [15.5, 4, 14, 4.5], "texture": "#0"},
				"east": {"uv": [15, 4, 15.5, 4.5], "rotation": 90, "texture": "#0"},
				"south": {"uv": [14, 4, 15.5, 4.5], "texture": "#0"},
				"west": {"uv": [14, 4, 14.5, 4.5], "rotation": 270, "texture": "#0"},
				"up": {"uv": [14, 4, 15.5, 4.5], "texture": "#0"},
				"down": {"uv": [14, 4.5, 15.5, 4], "texture": "#0"}
			}
		},
		{
			"name": "buff_3_24",
			"from": [0.5, 0, 4.5],
			"to": [1, 0.5, 5],
			"faces": {
				"north": {"uv": [1, 4.5, 0.5, 5], "texture": "#0"},
				"east": {"uv": [0.5, 4.5, 1, 5], "rotation": 90, "texture": "#0"},
				"south": {"uv": [0.5, 4.5, 1, 5], "texture": "#0"},
				"west": {"uv": [0.5, 4.5, 1, 5], "rotation": 270, "texture": "#0"},
				"up": {"uv": [0.5, 4.5, 1, 5], "texture": "#0"},
				"down": {"uv": [0.5, 5, 1, 4.5], "texture": "#0"}
			}
		},
		{
			"name": "buff_3_25",
			"from": [3, -0.5, 4.5],
			"to": [13, 1, 5],
			"faces": {
				"north": {"uv": [13, 4.5, 3, 5], "texture": "#0"},
				"east": {"uv": [12.5, 4.5, 13, 5], "rotation": 90, "texture": "#0"},
				"south": {"uv": [3, 4.5, 13, 5], "texture": "#0"},
				"west": {"uv": [3, 4.5, 3.5, 5], "rotation": 270, "texture": "#0"},
				"up": {"uv": [3, 4.5, 13, 5], "texture": "#0"},
				"down": {"uv": [3, 5, 13, 4.5], "texture": "#0"}
			}
		},
		{
			"name": "buff_3_26",
			"from": [13.5, 0, 4.5],
			"to": [14, 0.5, 5],
			"faces": {
				"north": {"uv": [14, 4.5, 13.5, 5], "texture": "#0"},
				"east": {"uv": [13.5, 4.5, 14, 5], "rotation": 90, "texture": "#0"},
				"south": {"uv": [13.5, 4.5, 14, 5], "texture": "#0"},
				"west": {"uv": [13.5, 4.5, 14, 5], "rotation": 270, "texture": "#0"},
				"up": {"uv": [13.5, 4.5, 14, 5], "texture": "#0"},
				"down": {"uv": [13.5, 5, 14, 4.5], "texture": "#0"}
			}
		},
		{
			"name": "buff_3_27",
			"from": [14.5, 0, 4.5],
			"to": [16, 0.5, 5],
			"faces": {
				"north": {"uv": [16, 4.5, 14.5, 5], "texture": "#0"},
				"east": {"uv": [15.5, 4.5, 16, 5], "rotation": 90, "texture": "#0"},
				"south": {"uv": [14.5, 4.5, 16, 5], "texture": "#0"},
				"west": {"uv": [14.5, 4.5, 15, 5], "rotation": 270, "texture": "#0"},
				"up": {"uv": [14.5, 4.5, 16, 5], "texture": "#0"},
				"down": {"uv": [14.5, 5, 16, 4.5], "texture": "#0"}
			}
		},
		{
			"name": "buff_3_28",
			"from": [0.5, 0, 5],
			"to": [1, 0.5, 5.5],
			"faces": {
				"north": {"uv": [1, 5, 0.5, 5.5], "texture": "#0"},
				"east": {"uv": [0.5, 5, 1, 5.5], "rotation": 90, "texture": "#0"},
				"south": {"uv": [0.5, 5, 1, 5.5], "texture": "#0"},
				"west": {"uv": [0.5, 5, 1, 5.5], "rotation": 270, "texture": "#0"},
				"up": {"uv": [0.5, 5, 1, 5.5], "texture": "#0"},
				"down": {"uv": [0.5, 5.5, 1, 5], "texture": "#0"}
			}
		},
		{
			"name": "buff_3_29",
			"from": [2.5, -0.5, 5],
			"to": [13.5, 1, 5.5],
			"faces": {
				"north": {"uv": [13.5, 5, 2.5, 5.5], "texture": "#0"},
				"east": {"uv": [13, 5, 13.5, 5.5], "rotation": 90, "texture": "#0"},
				"south": {"uv": [2.5, 5, 13.5, 5.5], "texture": "#0"},
				"west": {"uv": [2.5, 5, 3, 5.5], "rotation": 270, "texture": "#0"},
				"up": {"uv": [2.5, 5, 13.5, 5.5], "texture": "#0"},
				"down": {"uv": [2.5, 5.5, 13.5, 5], "texture": "#0"}
			}
		},
		{
			"name": "buff_3_30",
			"from": [14.5, 0, 5],
			"to": [15, 0.5, 5.5],
			"faces": {
				"north": {"uv": [15, 5, 14.5, 5.5], "texture": "#0"},
				"east": {"uv": [14.5, 5, 15, 5.5], "rotation": 90, "texture": "#0"},
				"south": {"uv": [14.5, 5, 15, 5.5], "texture": "#0"},
				"west": {"uv": [14.5, 5, 15, 5.5], "rotation": 270, "texture": "#0"},
				"up": {"uv": [14.5, 5, 15, 5.5], "texture": "#0"},
				"down": {"uv": [14.5, 5.5, 15, 5], "texture": "#0"}
			}
		},
		{
			"name": "buff_3_31",
			"from": [15.5, 0, 5],
			"to": [16, 0.5, 5.5],
			"faces": {
				"north": {"uv": [16, 5, 15.5, 5.5], "texture": "#0"},
				"east": {"uv": [15.5, 5, 16, 5.5], "rotation": 90, "texture": "#0"},
				"south": {"uv": [15.5, 5, 16, 5.5], "texture": "#0"},
				"west": {"uv": [15.5, 5, 16, 5.5], "rotation": 270, "texture": "#0"},
				"up": {"uv": [15.5, 5, 16, 5.5], "texture": "#0"},
				"down": {"uv": [15.5, 5.5, 16, 5], "texture": "#0"}
			}
		},
		{
			"name": "buff_3_32",
			"from": [0.5, 0, 5.5],
			"to": [1.5, 0.5, 6],
			"faces": {
				"north": {"uv": [1.5, 5.5, 0.5, 6], "texture": "#0"},
				"east": {"uv": [1, 5.5, 1.5, 6], "rotation": 90, "texture": "#0"},
				"south": {"uv": [0.5, 5.5, 1.5, 6], "texture": "#0"},
				"west": {"uv": [0.5, 5.5, 1, 6], "rotation": 270, "texture": "#0"},
				"up": {"uv": [0.5, 5.5, 1.5, 6], "texture": "#0"},
				"down": {"uv": [0.5, 6, 1.5, 5.5], "texture": "#0"}
			}
		},
		{
			"name": "buff_3_33",
			"from": [2, -0.5, 5.5],
			"to": [14, 1, 6],
			"faces": {
				"north": {"uv": [14, 5.5, 2, 6], "texture": "#0"},
				"east": {"uv": [13.5, 5.5, 14, 6], "rotation": 90, "texture": "#0"},
				"south": {"uv": [2, 5.5, 14, 6], "texture": "#0"},
				"west": {"uv": [2, 5.5, 2.5, 6], "rotation": 270, "texture": "#0"},
				"up": {"uv": [2, 5.5, 14, 6], "texture": "#0"},
				"down": {"uv": [2, 6, 14, 5.5], "texture": "#0"}
			}
		},
		{
			"name": "buff_3_34",
			"from": [14.5, 0, 5.5],
			"to": [15, 0.5, 6],
			"faces": {
				"north": {"uv": [15, 5.5, 14.5, 6], "texture": "#0"},
				"east": {"uv": [14.5, 5.5, 15, 6], "rotation": 90, "texture": "#0"},
				"south": {"uv": [14.5, 5.5, 15, 6], "texture": "#0"},
				"west": {"uv": [14.5, 5.5, 15, 6], "rotation": 270, "texture": "#0"},
				"up": {"uv": [14.5, 5.5, 15, 6], "texture": "#0"},
				"down": {"uv": [14.5, 6, 15, 5.5], "texture": "#0"}
			}
		},
		{
			"name": "buff_3_35",
			"from": [15.5, 0, 5.5],
			"to": [16, 0.5, 6],
			"faces": {
				"north": {"uv": [16, 5.5, 15.5, 6], "texture": "#0"},
				"east": {"uv": [15.5, 5.5, 16, 6], "rotation": 90, "texture": "#0"},
				"south": {"uv": [15.5, 5.5, 16, 6], "texture": "#0"},
				"west": {"uv": [15.5, 5.5, 16, 6], "rotation": 270, "texture": "#0"},
				"up": {"uv": [15.5, 5.5, 16, 6], "texture": "#0"},
				"down": {"uv": [15.5, 6, 16, 5.5], "texture": "#0"}
			}
		},
		{
			"name": "buff_3_36",
			"from": [0.5, 0, 6],
			"to": [1, 0.5, 6.5],
			"faces": {
				"north": {"uv": [1, 6, 0.5, 6.5], "texture": "#0"},
				"east": {"uv": [0.5, 6, 1, 6.5], "rotation": 90, "texture": "#0"},
				"south": {"uv": [0.5, 6, 1, 6.5], "texture": "#0"},
				"west": {"uv": [0.5, 6, 1, 6.5], "rotation": 270, "texture": "#0"},
				"up": {"uv": [0.5, 6, 1, 6.5], "texture": "#0"},
				"down": {"uv": [0.5, 6.5, 1, 6], "texture": "#0"}
			}
		},
		{
			"name": "buff_3_37",
			"from": [2, -0.5, 6],
			"to": [14, 1, 6.5],
			"faces": {
				"north": {"uv": [14, 6, 2, 6.5], "texture": "#0"},
				"east": {"uv": [13.5, 6, 14, 6.5], "rotation": 90, "texture": "#0"},
				"south": {"uv": [2, 6, 14, 6.5], "texture": "#0"},
				"west": {"uv": [2, 6, 2.5, 6.5], "rotation": 270, "texture": "#0"},
				"up": {"uv": [2, 6, 14, 6.5], "texture": "#0"},
				"down": {"uv": [2, 6.5, 14, 6], "texture": "#0"}
			}
		},
		{
			"name": "buff_3_38",
			"from": [14.5, 0, 6],
			"to": [16, 0.5, 6.5],
			"faces": {
				"north": {"uv": [16, 6, 14.5, 6.5], "texture": "#0"},
				"east": {"uv": [15.5, 6, 16, 6.5], "rotation": 90, "texture": "#0"},
				"south": {"uv": [14.5, 6, 16, 6.5], "texture": "#0"},
				"west": {"uv": [14.5, 6, 15, 6.5], "rotation": 270, "texture": "#0"},
				"up": {"uv": [14.5, 6, 16, 6.5], "texture": "#0"},
				"down": {"uv": [14.5, 6.5, 16, 6], "texture": "#0"}
			}
		},
		{
			"name": "buff_3_39",
			"from": [0, 0, 6.5],
			"to": [1.5, 0.5, 7],
			"faces": {
				"north": {"uv": [1.5, 6.5, 0, 7], "texture": "#0"},
				"east": {"uv": [1, 6.5, 1.5, 7], "rotation": 90, "texture": "#0"},
				"south": {"uv": [0, 6.5, 1.5, 7], "texture": "#0"},
				"west": {"uv": [0, 6.5, 0.5, 7], "rotation": 270, "texture": "#0"},
				"up": {"uv": [0, 6.5, 1.5, 7], "texture": "#0"},
				"down": {"uv": [0, 7, 1.5, 6.5], "texture": "#0"}
			}
		},
		{
			"name": "buff_3_40",
			"from": [2, -0.5, 6.5],
			"to": [14, 1, 7],
			"faces": {
				"north": {"uv": [14, 6.5, 2, 7], "texture": "#0"},
				"east": {"uv": [13.5, 6.5, 14, 7], "rotation": 90, "texture": "#0"},
				"south": {"uv": [2, 6.5, 14, 7], "texture": "#0"},
				"west": {"uv": [2, 6.5, 2.5, 7], "rotation": 270, "texture": "#0"},
				"up": {"uv": [2, 6.5, 14, 7], "texture": "#0"},
				"down": {"uv": [2, 7, 14, 6.5], "texture": "#0"}
			}
		},
		{
			"name": "buff_3_41",
			"from": [14.5, 0, 6.5],
			"to": [15.5, 0.5, 7],
			"faces": {
				"north": {"uv": [15.5, 6.5, 14.5, 7], "texture": "#0"},
				"east": {"uv": [15, 6.5, 15.5, 7], "rotation": 90, "texture": "#0"},
				"south": {"uv": [14.5, 6.5, 15.5, 7], "texture": "#0"},
				"west": {"uv": [14.5, 6.5, 15, 7], "rotation": 270, "texture": "#0"},
				"up": {"uv": [14.5, 6.5, 15.5, 7], "texture": "#0"},
				"down": {"uv": [14.5, 7, 15.5, 6.5], "texture": "#0"}
			}
		},
		{
			"name": "buff_3_42",
			"from": [0, 0, 7],
			"to": [0.5, 0.5, 7.5],
			"faces": {
				"north": {"uv": [0.5, 7, 0, 7.5], "texture": "#0"},
				"east": {"uv": [0, 7, 0.5, 7.5], "rotation": 90, "texture": "#0"},
				"south": {"uv": [0, 7, 0.5, 7.5], "texture": "#0"},
				"west": {"uv": [0, 7, 0.5, 7.5], "rotation": 270, "texture": "#0"},
				"up": {"uv": [0, 7, 0.5, 7.5], "texture": "#0"},
				"down": {"uv": [0, 7.5, 0.5, 7], "texture": "#0"}
			}
		},
		{
			"name": "buff_3_43",
			"from": [1, 0, 7],
			"to": [1.5, 0.5, 7.5],
			"faces": {
				"north": {"uv": [1.5, 7, 1, 7.5], "texture": "#0"},
				"east": {"uv": [1, 7, 1.5, 7.5], "rotation": 90, "texture": "#0"},
				"south": {"uv": [1, 7, 1.5, 7.5], "texture": "#0"},
				"west": {"uv": [1, 7, 1.5, 7.5], "rotation": 270, "texture": "#0"},
				"up": {"uv": [1, 7, 1.5, 7.5], "texture": "#0"},
				"down": {"uv": [1, 7.5, 1.5, 7], "texture": "#0"}
			}
		},
		{
			"name": "buff_3_44",
			"from": [2.5, -0.5, 7],
			"to": [13.5, 1, 7.5],
			"faces": {
				"north": {"uv": [13.5, 7, 2.5, 7.5], "texture": "#0"},
				"east": {"uv": [13, 7, 13.5, 7.5], "rotation": 90, "texture": "#0"},
				"south": {"uv": [2.5, 7, 13.5, 7.5], "texture": "#0"},
				"west": {"uv": [2.5, 7, 3, 7.5], "rotation": 270, "texture": "#0"},
				"up": {"uv": [2.5, 7, 13.5, 7.5], "texture": "#0"},
				"down": {"uv": [2.5, 7.5, 13.5, 7], "texture": "#0"}
			}
		},
		{
			"name": "buff_3_45",
			"from": [14.5, 0, 7],
			"to": [15.5, 0.5, 7.5],
			"faces": {
				"north": {"uv": [15.5, 7, 14.5, 7.5], "texture": "#0"},
				"east": {"uv": [15, 7, 15.5, 7.5], "rotation": 90, "texture": "#0"},
				"south": {"uv": [14.5, 7, 15.5, 7.5], "texture": "#0"},
				"west": {"uv": [14.5, 7, 15, 7.5], "rotation": 270, "texture": "#0"},
				"up": {"uv": [14.5, 7, 15.5, 7.5], "texture": "#0"},
				"down": {"uv": [14.5, 7.5, 15.5, 7], "texture": "#0"}
			}
		},
		{
			"name": "buff_3_46",
			"from": [0, 0, 7.5],
			"to": [1, 0.5, 8],
			"faces": {
				"north": {"uv": [1, 7.5, 0, 8], "texture": "#0"},
				"east": {"uv": [0.5, 7.5, 1, 8], "rotation": 90, "texture": "#0"},
				"south": {"uv": [0, 7.5, 1, 8], "texture": "#0"},
				"west": {"uv": [0, 7.5, 0.5, 8], "rotation": 270, "texture": "#0"},
				"up": {"uv": [0, 7.5, 1, 8], "texture": "#0"},
				"down": {"uv": [0, 8, 1, 7.5], "texture": "#0"}
			}
		},
		{
			"name": "buff_3_47",
			"from": [1.5, 0, 7.5],
			"to": [2, 0.5, 8],
			"faces": {
				"north": {"uv": [2, 7.5, 1.5, 8], "texture": "#0"},
				"east": {"uv": [1.5, 7.5, 2, 8], "rotation": 90, "texture": "#0"},
				"south": {"uv": [1.5, 7.5, 2, 8], "texture": "#0"},
				"west": {"uv": [1.5, 7.5, 2, 8], "rotation": 270, "texture": "#0"},
				"up": {"uv": [1.5, 7.5, 2, 8], "texture": "#0"},
				"down": {"uv": [1.5, 8, 2, 7.5], "texture": "#0"}
			}
		},
		{
			"name": "buff_3_48",
			"from": [2.5, 0.5, 7.5],
			"to": [3.5, 1, 8],
			"rotation": {"angle": 0, "axis": "y", "origin": [8, 8.5, 8]},
			"faces": {
				"north": {"uv": [3.5, 7.5, 2.5, 8], "texture": "#0"},
				"east": {"uv": [3, 7.5, 3.5, 8], "rotation": 90, "texture": "#0"},
				"south": {"uv": [2.5, 7.5, 3.5, 8], "texture": "#0"},
				"west": {"uv": [2.5, 7.5, 3, 8], "rotation": 270, "texture": "#0"},
				"up": {"uv": [2.5, 7.5, 3.5, 8], "texture": "#0"},
				"down": {"uv": [2.5, 8, 3.5, 7.5], "texture": "#0"}
			}
		},
		{
			"name": "buff_3_49",
			"from": [3, -0.5, 7.5],
			"to": [4, 0, 8],
			"rotation": {"angle": 0, "axis": "y", "origin": [8.5, 7.5, 8]},
			"faces": {
				"north": {"uv": [3.5, 7.5, 2.5, 8], "texture": "#0"},
				"east": {"uv": [3, 7.5, 3.5, 8], "rotation": 90, "texture": "#0"},
				"south": {"uv": [2.5, 7.5, 3.5, 8], "texture": "#0"},
				"west": {"uv": [2.5, 7.5, 3, 8], "rotation": 270, "texture": "#0"},
				"up": {"uv": [2.5, 7.5, 3.5, 8], "texture": "#0"},
				"down": {"uv": [2.5, 8, 3.5, 7.5], "texture": "#0"}
			}
		},
		{
			"name": "buff_3_49",
			"from": [4, -0.5, 7.5],
			"to": [11.5, 1, 8],
			"faces": {
				"north": {"uv": [11.5, 7.5, 4, 8], "texture": "#0"},
				"east": {"uv": [11, 7.5, 11.5, 8], "rotation": 90, "texture": "#0"},
				"south": {"uv": [4, 7.5, 11.5, 8], "texture": "#0"},
				"west": {"uv": [4, 7.5, 4.5, 8], "rotation": 270, "texture": "#0"},
				"up": {"uv": [4, 7.5, 11.5, 8], "texture": "#0"},
				"down": {"uv": [4, 8, 11.5, 7.5], "texture": "#0"}
			}
		},
		{
			"name": "buff_3_50",
			"from": [12.5, 0.5, 7.5],
			"to": [13.5, 1, 8],
			"rotation": {"angle": 0, "axis": "y", "origin": [8, 8.5, 8]},
			"faces": {
				"north": {"uv": [13.5, 7.5, 12.5, 8], "texture": "#0"},
				"east": {"uv": [13, 7.5, 13.5, 8], "rotation": 90, "texture": "#0"},
				"south": {"uv": [12.5, 7.5, 13.5, 8], "texture": "#0"},
				"west": {"uv": [12.5, 7.5, 13, 8], "rotation": 270, "texture": "#0"},
				"up": {"uv": [12.5, 7.5, 13.5, 8], "texture": "#0"},
				"down": {"uv": [12.5, 8, 13.5, 7.5], "texture": "#0"}
			}
		},
		{
			"name": "buff_3_51",
			"from": [12, -0.5, 7.5],
			"to": [13, 0, 8],
			"rotation": {"angle": 0, "axis": "y", "origin": [7.5, 7.5, 8]},
			"faces": {
				"north": {"uv": [13.5, 7.5, 12.5, 8], "texture": "#0"},
				"east": {"uv": [13, 7.5, 13.5, 8], "rotation": 90, "texture": "#0"},
				"south": {"uv": [12.5, 7.5, 13.5, 8], "texture": "#0"},
				"west": {"uv": [12.5, 7.5, 13, 8], "rotation": 270, "texture": "#0"},
				"up": {"uv": [12.5, 7.5, 13.5, 8], "texture": "#0"},
				"down": {"uv": [12.5, 8, 13.5, 7.5], "texture": "#0"}
			}
		},
		{
			"name": "buff_3_51",
			"from": [14, 0, 7.5],
			"to": [14.5, 0.5, 8],
			"faces": {
				"north": {"uv": [14.5, 7.5, 14, 8], "texture": "#0"},
				"east": {"uv": [14, 7.5, 14.5, 8], "rotation": 90, "texture": "#0"},
				"south": {"uv": [14, 7.5, 14.5, 8], "texture": "#0"},
				"west": {"uv": [14, 7.5, 14.5, 8], "rotation": 270, "texture": "#0"},
				"up": {"uv": [14, 7.5, 14.5, 8], "texture": "#0"},
				"down": {"uv": [14, 8, 14.5, 7.5], "texture": "#0"}
			}
		},
		{
			"name": "buff_3_52",
			"from": [15, 0, 7.5],
			"to": [16, 0.5, 8],
			"faces": {
				"north": {"uv": [16, 7.5, 15, 8], "texture": "#0"},
				"east": {"uv": [15.5, 7.5, 16, 8], "rotation": 90, "texture": "#0"},
				"south": {"uv": [15, 7.5, 16, 8], "texture": "#0"},
				"west": {"uv": [15, 7.5, 15.5, 8], "rotation": 270, "texture": "#0"},
				"up": {"uv": [15, 7.5, 16, 8], "texture": "#0"},
				"down": {"uv": [15, 8, 16, 7.5], "texture": "#0"}
			}
		},
		{
			"name": "buff_3_53",
			"from": [0, 0, 8],
			"to": [1, 0.5, 8.5],
			"faces": {
				"north": {"uv": [1, 8, 0, 8.5], "texture": "#0"},
				"east": {"uv": [0.5, 8, 1, 8.5], "rotation": 90, "texture": "#0"},
				"south": {"uv": [0, 8, 1, 8.5], "texture": "#0"},
				"west": {"uv": [0, 8, 0.5, 8.5], "rotation": 270, "texture": "#0"},
				"up": {"uv": [0, 8, 1, 8.5], "texture": "#0"},
				"down": {"uv": [0, 8.5, 1, 8], "texture": "#0"}
			}
		},
		{
			"name": "buff_3_54",
			"from": [1.5, 0, 8],
			"to": [2, 0.5, 8.5],
			"faces": {
				"north": {"uv": [2, 8, 1.5, 8.5], "texture": "#0"},
				"east": {"uv": [1.5, 8, 2, 8.5], "rotation": 90, "texture": "#0"},
				"south": {"uv": [1.5, 8, 2, 8.5], "texture": "#0"},
				"west": {"uv": [1.5, 8, 2, 8.5], "rotation": 270, "texture": "#0"},
				"up": {"uv": [1.5, 8, 2, 8.5], "texture": "#0"},
				"down": {"uv": [1.5, 8.5, 2, 8], "texture": "#0"}
			}
		},
		{
			"name": "buff_3_55",
			"from": [3, 0.5, 8],
			"to": [3.5, 1, 8.5],
			"rotation": {"angle": 0, "axis": "y", "origin": [8, 8.5, 8]},
			"faces": {
				"north": {"uv": [3.5, 8, 3, 8.5], "texture": "#0"},
				"east": {"uv": [3, 8, 3.5, 8.5], "rotation": 90, "texture": "#0"},
				"south": {"uv": [3, 8, 3.5, 8.5], "texture": "#0"},
				"west": {"uv": [3, 8, 3.5, 8.5], "rotation": 270, "texture": "#0"},
				"up": {"uv": [3, 8, 3.5, 8.5], "texture": "#0"},
				"down": {"uv": [3, 8.5, 3.5, 8], "texture": "#0"}
			}
		},
		{
			"name": "buff_3_56",
			"from": [3.5, -0.5, 8],
			"to": [4, 0, 8.5],
			"rotation": {"angle": 0, "axis": "y", "origin": [8.5, 7.5, 8]},
			"faces": {
				"north": {"uv": [3.5, 8, 3, 8.5], "texture": "#0"},
				"east": {"uv": [3, 8, 3.5, 8.5], "rotation": 90, "texture": "#0"},
				"south": {"uv": [3, 8, 3.5, 8.5], "texture": "#0"},
				"west": {"uv": [3, 8, 3.5, 8.5], "rotation": 270, "texture": "#0"},
				"up": {"uv": [3, 8, 3.5, 8.5], "texture": "#0"},
				"down": {"uv": [3, 8.5, 3.5, 8], "texture": "#0"}
			}
		},
		{
			"name": "buff_3_56",
			"from": [5, -0.5, 8],
			"to": [11, 1, 8.5],
			"faces": {
				"north": {"uv": [11, 8, 5, 8.5], "texture": "#0"},
				"east": {"uv": [10.5, 8, 11, 8.5], "rotation": 90, "texture": "#0"},
				"south": {"uv": [5, 8, 11, 8.5], "texture": "#0"},
				"west": {"uv": [5, 8, 5.5, 8.5], "rotation": 270, "texture": "#0"},
				"up": {"uv": [5, 8, 11, 8.5], "texture": "#0"},
				"down": {"uv": [5, 8.5, 11, 8], "texture": "#0"}
			}
		},
		{
			"name": "buff_3_57",
			"from": [13, 0.5, 8],
			"to": [13.5, 1, 8.5],
			"rotation": {"angle": 0, "axis": "y", "origin": [8, 8.5, 8]},
			"faces": {
				"north": {"uv": [13.5, 8, 13, 8.5], "texture": "#0"},
				"east": {"uv": [13, 8, 13.5, 8.5], "rotation": 90, "texture": "#0"},
				"south": {"uv": [13, 8, 13.5, 8.5], "texture": "#0"},
				"west": {"uv": [13, 8, 13.5, 8.5], "rotation": 270, "texture": "#0"},
				"up": {"uv": [13, 8, 13.5, 8.5], "texture": "#0"},
				"down": {"uv": [13, 8.5, 13.5, 8], "texture": "#0"}
			}
		},
		{
			"name": "buff_3_58",
			"from": [12.5, -0.5, 8],
			"to": [13, 0, 8.5],
			"rotation": {"angle": 0, "axis": "y", "origin": [7.5, 7.5, 8]},
			"faces": {
				"north": {"uv": [13.5, 8, 13, 8.5], "texture": "#0"},
				"east": {"uv": [13, 8, 13.5, 8.5], "rotation": 90, "texture": "#0"},
				"south": {"uv": [13, 8, 13.5, 8.5], "texture": "#0"},
				"west": {"uv": [13, 8, 13.5, 8.5], "rotation": 270, "texture": "#0"},
				"up": {"uv": [13, 8, 13.5, 8.5], "texture": "#0"},
				"down": {"uv": [13, 8.5, 13.5, 8], "texture": "#0"}
			}
		},
		{
			"name": "buff_3_59",
			"from": [10.25, 0.5, 8.5],
			"to": [10.75, 1, 10.5],
			"rotation": {"angle": 0, "axis": "y", "origin": [5.25, 8.5, 8.5]},
			"faces": {
				"north": {"uv": [13.5, 8, 13, 8.5], "texture": "#0"},
				"east": {"uv": [13, 8, 13.5, 8.5], "rotation": 90, "texture": "#0"},
				"south": {"uv": [13, 8, 13.5, 8.5], "texture": "#0"},
				"west": {"uv": [13, 8, 13.5, 8.5], "rotation": 270, "texture": "#0"},
				"up": {"uv": [13, 8, 13.5, 8.5], "texture": "#0"},
				"down": {"uv": [13, 8.5, 13.5, 8], "texture": "#0"}
			}
		},
		{
			"name": "buff_3_60",
			"from": [9.75, -0.5, 8.5],
			"to": [10.25, 0, 10.5],
			"rotation": {"angle": 0, "axis": "y", "origin": [4.75, 7.5, 8.5]},
			"faces": {
				"north": {"uv": [13.5, 8, 13, 8.5], "texture": "#0"},
				"east": {"uv": [13, 8, 13.5, 8.5], "rotation": 90, "texture": "#0"},
				"south": {"uv": [13, 8, 13.5, 8.5], "texture": "#0"},
				"west": {"uv": [13, 8, 13.5, 8.5], "rotation": 270, "texture": "#0"},
				"up": {"uv": [13, 8, 13.5, 8.5], "texture": "#0"},
				"down": {"uv": [13, 8.5, 13.5, 8], "texture": "#0"}
			}
		},
		{
			"name": "buff_3_60",
			"from": [6, 0.5, 8.5],
			"to": [6.5, 1, 10.5],
			"rotation": {"angle": 0, "axis": "y", "origin": [1, 8.5, 8.5]},
			"faces": {
				"north": {"uv": [13.5, 8, 13, 8.5], "texture": "#0"},
				"east": {"uv": [13, 8, 13.5, 8.5], "rotation": 90, "texture": "#0"},
				"south": {"uv": [13, 8, 13.5, 8.5], "texture": "#0"},
				"west": {"uv": [13, 8, 13.5, 8.5], "rotation": 270, "texture": "#0"},
				"up": {"uv": [13, 8, 13.5, 8.5], "texture": "#0"},
				"down": {"uv": [13, 8.5, 13.5, 8], "texture": "#0"}
			}
		},
		{
			"name": "buff_3_61",
			"from": [5.5, -0.5, 8.5],
			"to": [6, 0, 10.5],
			"rotation": {"angle": 0, "axis": "y", "origin": [0.5, 7.5, 8.5]},
			"faces": {
				"north": {"uv": [13.5, 8, 13, 8.5], "texture": "#0"},
				"east": {"uv": [13, 8, 13.5, 8.5], "rotation": 90, "texture": "#0"},
				"south": {"uv": [13, 8, 13.5, 8.5], "texture": "#0"},
				"west": {"uv": [13, 8, 13.5, 8.5], "rotation": 270, "texture": "#0"},
				"up": {"uv": [13, 8, 13.5, 8.5], "texture": "#0"},
				"down": {"uv": [13, 8.5, 13.5, 8], "texture": "#0"}
			}
		},
		{
			"name": "buff_3_60",
			"from": [9.75, 0.5, 8.5],
			"to": [10.25, 1, 9.5],
			"rotation": {"angle": 0, "axis": "y", "origin": [4.75, 8.5, 8.5]},
			"faces": {
				"north": {"uv": [13.5, 8, 13, 8.5], "texture": "#0"},
				"east": {"uv": [13, 8, 13.5, 8.5], "rotation": 90, "texture": "#0"},
				"south": {"uv": [13, 8, 13.5, 8.5], "texture": "#0"},
				"west": {"uv": [13, 8, 13.5, 8.5], "rotation": 270, "texture": "#0"},
				"up": {"uv": [13, 8, 13.5, 8.5], "texture": "#0"},
				"down": {"uv": [13, 8.5, 13.5, 8], "texture": "#0"}
			}
		},
		{
			"name": "buff_3_61",
			"from": [9.25, -0.5, 8.5],
			"to": [9.75, 0, 9.5],
			"rotation": {"angle": 0, "axis": "y", "origin": [4.25, 7.5, 8.5]},
			"faces": {
				"north": {"uv": [13.5, 8, 13, 8.5], "texture": "#0"},
				"east": {"uv": [13, 8, 13.5, 8.5], "rotation": 90, "texture": "#0"},
				"south": {"uv": [13, 8, 13.5, 8.5], "texture": "#0"},
				"west": {"uv": [13, 8, 13.5, 8.5], "rotation": 270, "texture": "#0"},
				"up": {"uv": [13, 8, 13.5, 8.5], "texture": "#0"},
				"down": {"uv": [13, 8.5, 13.5, 8], "texture": "#0"}
			}
		},
		{
			"name": "buff_3_61",
			"from": [6.5, 0.5, 8.5],
			"to": [7, 1, 9.5],
			"rotation": {"angle": 0, "axis": "y", "origin": [1.5, 8.5, 8.5]},
			"faces": {
				"north": {"uv": [13.5, 8, 13, 8.5], "texture": "#0"},
				"east": {"uv": [13, 8, 13.5, 8.5], "rotation": 90, "texture": "#0"},
				"south": {"uv": [13, 8, 13.5, 8.5], "texture": "#0"},
				"west": {"uv": [13, 8, 13.5, 8.5], "rotation": 270, "texture": "#0"},
				"up": {"uv": [13, 8, 13.5, 8.5], "texture": "#0"},
				"down": {"uv": [13, 8.5, 13.5, 8], "texture": "#0"}
			}
		},
		{
			"name": "buff_3_62",
			"from": [6, -0.5, 8.5],
			"to": [6.5, 0, 9.5],
			"rotation": {"angle": 0, "axis": "y", "origin": [1, 7.5, 8.5]},
			"faces": {
				"north": {"uv": [13.5, 8, 13, 8.5], "texture": "#0"},
				"east": {"uv": [13, 8, 13.5, 8.5], "rotation": 90, "texture": "#0"},
				"south": {"uv": [13, 8, 13.5, 8.5], "texture": "#0"},
				"west": {"uv": [13, 8, 13.5, 8.5], "rotation": 270, "texture": "#0"},
				"up": {"uv": [13, 8, 13.5, 8.5], "texture": "#0"},
				"down": {"uv": [13, 8.5, 13.5, 8], "texture": "#0"}
			}
		},
		{
			"name": "buff_3_62",
			"from": [5.5, 0.5, 8.5],
			"to": [6, 1, 9],
			"rotation": {"angle": 0, "axis": "y", "origin": [0.5, 8.5, 8.5]},
			"faces": {
				"north": {"uv": [13.5, 8, 13, 8.5], "texture": "#0"},
				"east": {"uv": [13, 8, 13.5, 8.5], "rotation": 90, "texture": "#0"},
				"south": {"uv": [13, 8, 13.5, 8.5], "texture": "#0"},
				"west": {"uv": [13, 8, 13.5, 8.5], "rotation": 270, "texture": "#0"},
				"up": {"uv": [13, 8, 13.5, 8.5], "texture": "#0"},
				"down": {"uv": [13, 8.5, 13.5, 8], "texture": "#0"}
			}
		},
		{
			"name": "buff_3_63",
			"from": [5, -0.5, 8.5],
			"to": [5.5, 0, 9],
			"rotation": {"angle": 0, "axis": "y", "origin": [0, 7.5, 8.5]},
			"faces": {
				"north": {"uv": [13.5, 8, 13, 8.5], "texture": "#0"},
				"east": {"uv": [13, 8, 13.5, 8.5], "rotation": 90, "texture": "#0"},
				"south": {"uv": [13, 8, 13.5, 8.5], "texture": "#0"},
				"west": {"uv": [13, 8, 13.5, 8.5], "rotation": 270, "texture": "#0"},
				"up": {"uv": [13, 8, 13.5, 8.5], "texture": "#0"},
				"down": {"uv": [13, 8.5, 13.5, 8], "texture": "#0"}
			}
		},
		{
			"name": "buff_3_58",
			"from": [14, 0, 8],
			"to": [14.5, 0.5, 8.5],
			"faces": {
				"north": {"uv": [14.5, 8, 14, 8.5], "texture": "#0"},
				"east": {"uv": [14, 8, 14.5, 8.5], "rotation": 90, "texture": "#0"},
				"south": {"uv": [14, 8, 14.5, 8.5], "texture": "#0"},
				"west": {"uv": [14, 8, 14.5, 8.5], "rotation": 270, "texture": "#0"},
				"up": {"uv": [14, 8, 14.5, 8.5], "texture": "#0"},
				"down": {"uv": [14, 8.5, 14.5, 8], "texture": "#0"}
			}
		},
		{
			"name": "buff_3_59",
			"from": [15, 0, 8],
			"to": [16, 0.5, 8.5],
			"faces": {
				"north": {"uv": [16, 8, 15, 8.5], "texture": "#0"},
				"east": {"uv": [15.5, 8, 16, 8.5], "rotation": 90, "texture": "#0"},
				"south": {"uv": [15, 8, 16, 8.5], "texture": "#0"},
				"west": {"uv": [15, 8, 15.5, 8.5], "rotation": 270, "texture": "#0"},
				"up": {"uv": [15, 8, 16, 8.5], "texture": "#0"},
				"down": {"uv": [15, 8.5, 16, 8], "texture": "#0"}
			}
		},
		{
			"name": "buff_3_60",
			"from": [0.5, 0, 8.5],
			"to": [2, 0.5, 9],
			"faces": {
				"north": {"uv": [2, 8.5, 0.5, 9], "texture": "#0"},
				"east": {"uv": [1.5, 8.5, 2, 9], "rotation": 90, "texture": "#0"},
				"south": {"uv": [0.5, 8.5, 2, 9], "texture": "#0"},
				"west": {"uv": [0.5, 8.5, 1, 9], "rotation": 270, "texture": "#0"},
				"up": {"uv": [0.5, 8.5, 2, 9], "texture": "#0"},
				"down": {"uv": [0.5, 9, 2, 8.5], "texture": "#0"}
			}
		},
		{
			"name": "buff_3_61",
			"from": [3, 0.5, 8.5],
			"to": [3.5, 1, 9],
			"rotation": {"angle": 0, "axis": "y", "origin": [8, 8.5, 8]},
			"faces": {
				"north": {"uv": [3.5, 8.5, 3, 9], "texture": "#0"},
				"east": {"uv": [3, 8.5, 3.5, 9], "rotation": 90, "texture": "#0"},
				"south": {"uv": [3, 8.5, 3.5, 9], "texture": "#0"},
				"west": {"uv": [3, 8.5, 3.5, 9], "rotation": 270, "texture": "#0"},
				"up": {"uv": [3, 8.5, 3.5, 9], "texture": "#0"},
				"down": {"uv": [3, 9, 3.5, 8.5], "texture": "#0"}
			}
		},
		{
			"name": "buff_3_62",
			"from": [3.5, -0.5, 8.5],
			"to": [4, 0, 9],
			"rotation": {"angle": 0, "axis": "y", "origin": [8.5, 7.5, 8]},
			"faces": {
				"north": {"uv": [3.5, 8.5, 3, 9], "texture": "#0"},
				"east": {"uv": [3, 8.5, 3.5, 9], "rotation": 90, "texture": "#0"},
				"south": {"uv": [3, 8.5, 3.5, 9], "texture": "#0"},
				"west": {"uv": [3, 8.5, 3.5, 9], "rotation": 270, "texture": "#0"},
				"up": {"uv": [3, 8.5, 3.5, 9], "texture": "#0"},
				"down": {"uv": [3, 9, 3.5, 8.5], "texture": "#0"}
			}
		},
		{
			"name": "buff_3_62",
			"from": [5, 0, 8.5],
			"to": [10.5, 0.5, 9],
			"faces": {
				"north": {"uv": [11, 8.5, 5, 9], "texture": "#0"},
				"east": {"uv": [9.5, 8.5, 10, 9], "rotation": 90, "texture": "#0"},
				"south": {"uv": [5, 8.5, 11, 9], "texture": "#0"},
				"west": {"uv": [5, 8.5, 5.5, 9], "rotation": 270, "texture": "#0"},
				"up": {"uv": [10.5, 14, 16, 14.5], "texture": "#0"},
				"down": {"uv": [10.5, 14, 16, 14.5], "texture": "#0"}
			}
		},
		{
			"name": "buff_3_63",
			"from": [13, 0.5, 8.5],
			"to": [13.5, 1, 9],
			"rotation": {"angle": 0, "axis": "y", "origin": [8, 8.5, 8]},
			"faces": {
				"north": {"uv": [13.5, 8.5, 13, 9], "texture": "#0"},
				"east": {"uv": [13, 8.5, 13.5, 9], "rotation": 90, "texture": "#0"},
				"south": {"uv": [13, 8.5, 13.5, 9], "texture": "#0"},
				"west": {"uv": [13, 8.5, 13.5, 9], "rotation": 270, "texture": "#0"},
				"up": {"uv": [13, 8.5, 13.5, 9], "texture": "#0"},
				"down": {"uv": [13, 9, 13.5, 8.5], "texture": "#0"}
			}
		},
		{
			"name": "buff_3_64",
			"from": [12.5, -0.5, 8.5],
			"to": [13, 0, 9],
			"rotation": {"angle": 0, "axis": "y", "origin": [7.5, 7.5, 8]},
			"faces": {
				"north": {"uv": [13.5, 8.5, 13, 9], "texture": "#0"},
				"east": {"uv": [13, 8.5, 13.5, 9], "rotation": 90, "texture": "#0"},
				"south": {"uv": [13, 8.5, 13.5, 9], "texture": "#0"},
				"west": {"uv": [13, 8.5, 13.5, 9], "rotation": 270, "texture": "#0"},
				"up": {"uv": [13, 8.5, 13.5, 9], "texture": "#0"},
				"down": {"uv": [13, 9, 13.5, 8.5], "texture": "#0"}
			}
		},
		{
			"name": "buff_3_64",
			"from": [14, 0, 8.5],
			"to": [15, 0.5, 9],
			"faces": {
				"north": {"uv": [15, 8.5, 14, 9], "texture": "#0"},
				"east": {"uv": [14.5, 8.5, 15, 9], "rotation": 90, "texture": "#0"},
				"south": {"uv": [14, 8.5, 15, 9], "texture": "#0"},
				"west": {"uv": [14, 8.5, 14.5, 9], "rotation": 270, "texture": "#0"},
				"up": {"uv": [14, 8.5, 15, 9], "texture": "#0"},
				"down": {"uv": [14, 9, 15, 8.5], "texture": "#0"}
			}
		},
		{
			"name": "buff_3_65",
			"from": [15.5, 0, 8.5],
			"to": [16, 0.5, 9],
			"faces": {
				"north": {"uv": [16, 8.5, 15.5, 9], "texture": "#0"},
				"east": {"uv": [15.5, 8.5, 16, 9], "rotation": 90, "texture": "#0"},
				"south": {"uv": [15.5, 8.5, 16, 9], "texture": "#0"},
				"west": {"uv": [15.5, 8.5, 16, 9], "rotation": 270, "texture": "#0"},
				"up": {"uv": [15.5, 8.5, 16, 9], "texture": "#0"},
				"down": {"uv": [15.5, 9, 16, 8.5], "texture": "#0"}
			}
		},
		{
			"name": "buff_3_66",
			"from": [0.5, 0, 9],
			"to": [1.5, 0.5, 9.5],
			"faces": {
				"north": {"uv": [1.5, 9, 0.5, 9.5], "texture": "#0"},
				"east": {"uv": [1, 9, 1.5, 9.5], "rotation": 90, "texture": "#0"},
				"south": {"uv": [0.5, 9, 1.5, 9.5], "texture": "#0"},
				"west": {"uv": [0.5, 9, 1, 9.5], "rotation": 270, "texture": "#0"},
				"up": {"uv": [0.5, 9, 1.5, 9.5], "texture": "#0"},
				"down": {"uv": [0.5, 9.5, 1.5, 9], "texture": "#0"}
			}
		},
		{
			"name": "buff_3_67",
			"from": [5, 0, 9],
			"to": [10.5, 0.5, 9.5],
			"faces": {
				"north": {"uv": [11, 9, 5, 9.5], "texture": "#0"},
				"east": {"uv": [9.5, 9, 10, 9.5], "rotation": 90, "texture": "#0"},
				"south": {"uv": [5, 9, 11, 9.5], "texture": "#0"},
				"west": {"uv": [5, 9, 5.5, 9.5], "rotation": 270, "texture": "#0"},
				"up": {"uv": [10.5, 14, 16, 14.5], "texture": "#0"},
				"down": {"uv": [10.5, 14, 16, 14.5], "texture": "#0"}
			}
		},
		{
			"name": "buff_3_68",
			"from": [14.5, 0, 9],
			"to": [15.5, 0.5, 9.5],
			"faces": {
				"north": {"uv": [15.5, 9, 14.5, 9.5], "texture": "#0"},
				"east": {"uv": [15, 9, 15.5, 9.5], "rotation": 90, "texture": "#0"},
				"south": {"uv": [14.5, 9, 15.5, 9.5], "texture": "#0"},
				"west": {"uv": [14.5, 9, 15, 9.5], "rotation": 270, "texture": "#0"},
				"up": {"uv": [14.5, 9, 15.5, 9.5], "texture": "#0"},
				"down": {"uv": [14.5, 9.5, 15.5, 9], "texture": "#0"}
			}
		},
		{
			"name": "buff_3_69",
			"from": [0, 0, 9.5],
			"to": [1.5, 0.5, 10],
			"faces": {
				"north": {"uv": [1.5, 9.5, 0, 10], "texture": "#0"},
				"east": {"uv": [1, 9.5, 1.5, 10], "rotation": 90, "texture": "#0"},
				"south": {"uv": [0, 9.5, 1.5, 10], "texture": "#0"},
				"west": {"uv": [0, 9.5, 0.5, 10], "rotation": 270, "texture": "#0"},
				"up": {"uv": [0, 9.5, 1.5, 10], "texture": "#0"},
				"down": {"uv": [0, 10, 1.5, 9.5], "texture": "#0"}
			}
		},
		{
			"name": "buff_3_70",
			"from": [2, 0, 9.5],
			"to": [2.5, 0.5, 10],
			"faces": {
				"north": {"uv": [2.5, 9.5, 2, 10], "texture": "#0"},
				"east": {"uv": [2, 9.5, 2.5, 10], "rotation": 90, "texture": "#0"},
				"south": {"uv": [2, 9.5, 2.5, 10], "texture": "#0"},
				"west": {"uv": [2, 9.5, 2.5, 10], "rotation": 270, "texture": "#0"},
				"up": {"uv": [2, 9.5, 2.5, 10], "texture": "#0"},
				"down": {"uv": [2, 10, 2.5, 9.5], "texture": "#0"}
			}
		},
		{
			"name": "buff_3_71",
			"from": [5, 0, 9.5],
			"to": [10.5, 0.5, 10],
			"faces": {
				"north": {"uv": [11, 9.5, 5, 10], "texture": "#0"},
				"east": {"uv": [10, 9.5, 10.5, 10], "rotation": 90, "texture": "#0"},
				"south": {"uv": [5, 9.5, 11, 10], "texture": "#0"},
				"west": {"uv": [5, 9.5, 5.5, 10], "rotation": 270, "texture": "#0"},
				"up": {"uv": [10.5, 14.5, 16, 15], "texture": "#0"},
				"down": {"uv": [10.5, 14.5, 16, 15], "texture": "#0"}
			}
		},
		{
			"name": "buff_3_72",
			"from": [14.5, 0, 9.5],
			"to": [15.5, 0.5, 10],
			"faces": {
				"north": {"uv": [15.5, 9.5, 14.5, 10], "texture": "#0"},
				"east": {"uv": [15, 9.5, 15.5, 10], "rotation": 90, "texture": "#0"},
				"south": {"uv": [14.5, 9.5, 15.5, 10], "texture": "#0"},
				"west": {"uv": [14.5, 9.5, 15, 10], "rotation": 270, "texture": "#0"},
				"up": {"uv": [14.5, 9.5, 15.5, 10], "texture": "#0"},
				"down": {"uv": [14.5, 10, 15.5, 9.5], "texture": "#0"}
			}
		},
		{
			"name": "buff_3_73",
			"from": [1, 0, 10],
			"to": [2, 0.5, 10.5],
			"faces": {
				"north": {"uv": [2, 10, 1, 10.5], "texture": "#0"},
				"east": {"uv": [1.5, 10, 2, 10.5], "rotation": 90, "texture": "#0"},
				"south": {"uv": [1, 10, 2, 10.5], "texture": "#0"},
				"west": {"uv": [1, 10, 1.5, 10.5], "rotation": 270, "texture": "#0"},
				"up": {"uv": [1, 10, 2, 10.5], "texture": "#0"},
				"down": {"uv": [1, 10.5, 2, 10], "texture": "#0"}
			}
		},
		{
			"name": "buff_3_74",
			"from": [5, 0, 10],
			"to": [10.5, 0.5, 10.5],
			"faces": {
				"north": {"uv": [11, 10, 5, 10.5], "texture": "#0"},
				"east": {"uv": [5, 10.5, 10.5, 11], "texture": "#0"},
				"south": {"uv": [5, 10, 11, 10.5], "texture": "#0"},
				"west": {"uv": [5, 10, 5.5, 10.5], "rotation": 270, "texture": "#0"},
				"up": {"uv": [5, 10.5, 10.5, 11], "texture": "#0"},
				"down": {"uv": [5, 10.5, 10.5, 11], "texture": "#0"}
			}
		},
		{
			"name": "buff_3_75",
			"from": [15, 0, 10],
			"to": [15.5, 0.5, 10.5],
			"faces": {
				"north": {"uv": [15.5, 10, 15, 10.5], "texture": "#0"},
				"east": {"uv": [15, 10, 15.5, 10.5], "rotation": 90, "texture": "#0"},
				"south": {"uv": [15, 10, 15.5, 10.5], "texture": "#0"},
				"west": {"uv": [15, 10, 15.5, 10.5], "rotation": 270, "texture": "#0"},
				"up": {"uv": [15, 10, 15.5, 10.5], "texture": "#0"},
				"down": {"uv": [15, 10.5, 15.5, 10], "texture": "#0"}
			}
		},
		{
			"name": "buff_3_76",
			"from": [0.5, 0, 10.5],
			"to": [2.5, 0.5, 11],
			"faces": {
				"north": {"uv": [2.5, 10.5, 0.5, 11], "texture": "#0"},
				"east": {"uv": [2, 10.5, 2.5, 11], "rotation": 90, "texture": "#0"},
				"south": {"uv": [0.5, 10.5, 2.5, 11], "texture": "#0"},
				"west": {"uv": [0.5, 10.5, 1, 11], "rotation": 270, "texture": "#0"},
				"up": {"uv": [0.5, 10.5, 2.5, 11], "texture": "#0"},
				"down": {"uv": [0.5, 11, 2.5, 10.5], "texture": "#0"}
			}
		},
		{
			"name": "buff_3_77",
			"from": [5, 0, 10.5],
			"to": [10.5, 0.5, 11],
			"faces": {
				"north": {"uv": [10.5, 10.5, 5, 11], "texture": "#0"},
				"east": {"uv": [10, 10.5, 10.5, 11], "rotation": 90, "texture": "#0"},
				"south": {"uv": [5, 10.5, 10.5, 11], "texture": "#0"},
				"west": {"uv": [5, 10.5, 5.5, 11], "rotation": 270, "texture": "#0"},
				"up": {"uv": [5, 10.5, 10.5, 11], "texture": "#0"},
				"down": {"uv": [5, 11, 10.5, 10.5], "texture": "#0"}
			}
		},
		{
			"name": "buff_3_78",
			"from": [15, 0, 10.5],
			"to": [15.5, 0.5, 11],
			"faces": {
				"north": {"uv": [15.5, 10.5, 15, 11], "texture": "#0"},
				"east": {"uv": [15, 10.5, 15.5, 11], "rotation": 90, "texture": "#0"},
				"south": {"uv": [15, 10.5, 15.5, 11], "texture": "#0"},
				"west": {"uv": [15, 10.5, 15.5, 11], "rotation": 270, "texture": "#0"},
				"up": {"uv": [15, 10.5, 15.5, 11], "texture": "#0"},
				"down": {"uv": [15, 11, 15.5, 10.5], "texture": "#0"}
			}
		},
		{
			"name": "buff_3_79",
			"from": [0.5, 0, 11],
			"to": [2, 0.5, 11.5],
			"faces": {
				"north": {"uv": [2, 11, 0.5, 11.5], "texture": "#0"},
				"east": {"uv": [1.5, 11, 2, 11.5], "rotation": 90, "texture": "#0"},
				"south": {"uv": [0.5, 11, 2, 11.5], "texture": "#0"},
				"west": {"uv": [0.5, 11, 1, 11.5], "rotation": 270, "texture": "#0"},
				"up": {"uv": [0.5, 11, 2, 11.5], "texture": "#0"},
				"down": {"uv": [0.5, 11.5, 2, 11], "texture": "#0"}
			}
		},
		{
			"name": "buff_3_80",
			"from": [3, 0, 11],
			"to": [3.5, 0.5, 11.5],
			"faces": {
				"north": {"uv": [3.5, 11, 3, 11.5], "texture": "#0"},
				"east": {"uv": [3, 11, 3.5, 11.5], "rotation": 90, "texture": "#0"},
				"south": {"uv": [3, 11, 3.5, 11.5], "texture": "#0"},
				"west": {"uv": [3, 11, 3.5, 11.5], "rotation": 270, "texture": "#0"},
				"up": {"uv": [3, 11, 3.5, 11.5], "texture": "#0"},
				"down": {"uv": [3, 11.5, 3.5, 11], "texture": "#0"}
			}
		},
		{
			"name": "buff_3_81",
			"from": [5.5, 0, 11],
			"to": [10, 0.5, 11.5],
			"faces": {
				"north": {"uv": [10, 11, 5.5, 11.5], "texture": "#0"},
				"east": {"uv": [9.5, 11, 10, 11.5], "rotation": 90, "texture": "#0"},
				"south": {"uv": [5.5, 11, 10, 11.5], "texture": "#0"},
				"west": {"uv": [5.5, 11, 6, 11.5], "rotation": 270, "texture": "#0"},
				"up": {"uv": [5.5, 11, 10, 11.5], "texture": "#0"},
				"down": {"uv": [5.5, 11.5, 10, 11], "texture": "#0"}
			}
		},
		{
			"name": "buff_3_82",
			"from": [1, 0, 11.5],
			"to": [2.5, 0.5, 12],
			"faces": {
				"north": {"uv": [2.5, 11.5, 1, 12], "texture": "#0"},
				"east": {"uv": [2, 11.5, 2.5, 12], "rotation": 90, "texture": "#0"},
				"south": {"uv": [1, 11.5, 2.5, 12], "texture": "#0"},
				"west": {"uv": [1, 11.5, 1.5, 12], "rotation": 270, "texture": "#0"},
				"up": {"uv": [1, 11.5, 2.5, 12], "texture": "#0"},
				"down": {"uv": [1, 12, 2.5, 11.5], "texture": "#0"}
			}
		},
		{
			"name": "buff_3_83",
			"from": [6, 0, 11.5],
			"to": [9.5, 0.5, 12],
			"faces": {
				"north": {"uv": [9.5, 11.5, 6, 12], "texture": "#0"},
				"east": {"uv": [9, 11.5, 9.5, 12], "rotation": 90, "texture": "#0"},
				"south": {"uv": [6, 11.5, 9.5, 12], "texture": "#0"},
				"west": {"uv": [6, 11.5, 6.5, 12], "rotation": 270, "texture": "#0"},
				"up": {"uv": [6, 11.5, 9.5, 12], "texture": "#0"},
				"down": {"uv": [6, 12, 9.5, 11.5], "texture": "#0"}
			}
		},
		{
			"name": "buff_3_84",
			"from": [0.5, 0, 12],
			"to": [2.5, 0.5, 12.5],
			"faces": {
				"north": {"uv": [2.5, 12, 0.5, 12.5], "texture": "#0"},
				"east": {"uv": [2, 12, 2.5, 12.5], "rotation": 90, "texture": "#0"},
				"south": {"uv": [0.5, 12, 2.5, 12.5], "texture": "#0"},
				"west": {"uv": [0.5, 12, 1, 12.5], "rotation": 270, "texture": "#0"},
				"up": {"uv": [0.5, 12, 2.5, 12.5], "texture": "#0"},
				"down": {"uv": [0.5, 12.5, 2.5, 12], "texture": "#0"}
			}
		},
		{
			"name": "buff_3_85",
			"from": [3, 0, 12],
			"to": [3.5, 0.5, 12.5],
			"faces": {
				"north": {"uv": [3.5, 12, 3, 12.5], "texture": "#0"},
				"east": {"uv": [3, 12, 3.5, 12.5], "rotation": 90, "texture": "#0"},
				"south": {"uv": [3, 12, 3.5, 12.5], "texture": "#0"},
				"west": {"uv": [3, 12, 3.5, 12.5], "rotation": 270, "texture": "#0"},
				"up": {"uv": [3, 12, 3.5, 12.5], "texture": "#0"},
				"down": {"uv": [3, 12.5, 3.5, 12], "texture": "#0"}
			}
		},
		{
			"name": "buff_3_86",
			"from": [0.5, 0, 12.5],
			"to": [1, 0.5, 13],
			"faces": {
				"north": {"uv": [1, 12.5, 0.5, 13], "texture": "#0"},
				"east": {"uv": [0.5, 12.5, 1, 13], "rotation": 90, "texture": "#0"},
				"south": {"uv": [0.5, 12.5, 1, 13], "texture": "#0"},
				"west": {"uv": [0.5, 12.5, 1, 13], "rotation": 270, "texture": "#0"},
				"up": {"uv": [0.5, 12.5, 1, 13], "texture": "#0"},
				"down": {"uv": [0.5, 13, 1, 12.5], "texture": "#0"}
			}
		},
		{
			"name": "buff_3_87",
			"from": [1.5, 0, 12.5],
			"to": [3.5, 0.5, 13],
			"faces": {
				"north": {"uv": [3.5, 12.5, 1.5, 13], "texture": "#0"},
				"east": {"uv": [3, 12.5, 3.5, 13], "rotation": 90, "texture": "#0"},
				"south": {"uv": [1.5, 12.5, 3.5, 13], "texture": "#0"},
				"west": {"uv": [1.5, 12.5, 2, 13], "rotation": 270, "texture": "#0"},
				"up": {"uv": [1.5, 12.5, 3.5, 13], "texture": "#0"},
				"down": {"uv": [1.5, 13, 3.5, 12.5], "texture": "#0"}
			}
		},
		{
			"name": "buff_3_88",
			"from": [4.5, 0, 12.5],
			"to": [5.5, 0.5, 13],
			"faces": {
				"north": {"uv": [5.5, 12.5, 4.5, 13], "texture": "#0"},
				"east": {"uv": [5, 12.5, 5.5, 13], "rotation": 90, "texture": "#0"},
				"south": {"uv": [4.5, 12.5, 5.5, 13], "texture": "#0"},
				"west": {"uv": [4.5, 12.5, 5, 13], "rotation": 270, "texture": "#0"},
				"up": {"uv": [4.5, 12.5, 5.5, 13], "texture": "#0"},
				"down": {"uv": [4.5, 13, 5.5, 12.5], "texture": "#0"}
			}
		},
		{
			"name": "buff_3_89",
			"from": [0.5, 0, 13],
			"to": [1, 0.5, 13.5],
			"faces": {
				"north": {"uv": [1, 13, 0.5, 13.5], "texture": "#0"},
				"east": {"uv": [0.5, 13, 1, 13.5], "rotation": 90, "texture": "#0"},
				"south": {"uv": [0.5, 13, 1, 13.5], "texture": "#0"},
				"west": {"uv": [0.5, 13, 1, 13.5], "rotation": 270, "texture": "#0"},
				"up": {"uv": [0.5, 13, 1, 13.5], "texture": "#0"},
				"down": {"uv": [0.5, 13.5, 1, 13], "texture": "#0"}
			}
		},
		{
			"name": "buff_3_90",
			"from": [1.5, 0, 13],
			"to": [2, 0.5, 13.5],
			"faces": {
				"north": {"uv": [2, 13, 1.5, 13.5], "texture": "#0"},
				"east": {"uv": [1.5, 13, 2, 13.5], "rotation": 90, "texture": "#0"},
				"south": {"uv": [1.5, 13, 2, 13.5], "texture": "#0"},
				"west": {"uv": [1.5, 13, 2, 13.5], "rotation": 270, "texture": "#0"},
				"up": {"uv": [1.5, 13, 2, 13.5], "texture": "#0"},
				"down": {"uv": [1.5, 13.5, 2, 13], "texture": "#0"}
			}
		},
		{
			"name": "buff_3_91",
			"from": [2.5, 0, 13],
			"to": [3.5, 0.5, 13.5],
			"faces": {
				"north": {"uv": [3.5, 13, 2.5, 13.5], "texture": "#0"},
				"east": {"uv": [3, 13, 3.5, 13.5], "rotation": 90, "texture": "#0"},
				"south": {"uv": [2.5, 13, 3.5, 13.5], "texture": "#0"},
				"west": {"uv": [2.5, 13, 3, 13.5], "rotation": 270, "texture": "#0"},
				"up": {"uv": [2.5, 13, 3.5, 13.5], "texture": "#0"},
				"down": {"uv": [2.5, 13.5, 3.5, 13], "texture": "#0"}
			}
		},
		{
			"name": "buff_3_92",
			"from": [4, 0, 13],
			"to": [4.5, 0.5, 13.5],
			"faces": {
				"north": {"uv": [4.5, 13, 4, 13.5], "texture": "#0"},
				"east": {"uv": [4, 13, 4.5, 13.5], "rotation": 90, "texture": "#0"},
				"south": {"uv": [4, 13, 4.5, 13.5], "texture": "#0"},
				"west": {"uv": [4, 13, 4.5, 13.5], "rotation": 270, "texture": "#0"},
				"up": {"uv": [4, 13, 4.5, 13.5], "texture": "#0"},
				"down": {"uv": [4, 13.5, 4.5, 13], "texture": "#0"}
			}
		},
		{
			"name": "buff_3_93",
			"from": [5.5, 0, 13],
			"to": [6, 0.5, 13.5],
			"faces": {
				"north": {"uv": [6, 13, 5.5, 13.5], "texture": "#0"},
				"east": {"uv": [5.5, 13, 6, 13.5], "rotation": 90, "texture": "#0"},
				"south": {"uv": [5.5, 13, 6, 13.5], "texture": "#0"},
				"west": {"uv": [5.5, 13, 6, 13.5], "rotation": 270, "texture": "#0"},
				"up": {"uv": [5.5, 13, 6, 13.5], "texture": "#0"},
				"down": {"uv": [5.5, 13.5, 6, 13], "texture": "#0"}
			}
		},
		{
			"name": "buff_3_94",
			"from": [1, 0, 13.5],
			"to": [1.5, 0.5, 14],
			"faces": {
				"north": {"uv": [1.5, 13.5, 1, 14], "texture": "#0"},
				"east": {"uv": [1, 13.5, 1.5, 14], "rotation": 90, "texture": "#0"},
				"south": {"uv": [1, 13.5, 1.5, 14], "texture": "#0"},
				"west": {"uv": [1, 13.5, 1.5, 14], "rotation": 270, "texture": "#0"},
				"up": {"uv": [1, 13.5, 1.5, 14], "texture": "#0"},
				"down": {"uv": [1, 14, 1.5, 13.5], "texture": "#0"}
			}
		},
		{
			"name": "buff_3_95",
			"from": [2.5, 0, 13.5],
			"to": [4, 0.5, 14],
			"faces": {
				"north": {"uv": [4, 13.5, 2.5, 14], "texture": "#0"},
				"east": {"uv": [3.5, 13.5, 4, 14], "rotation": 90, "texture": "#0"},
				"south": {"uv": [2.5, 13.5, 4, 14], "texture": "#0"},
				"west": {"uv": [2.5, 13.5, 3, 14], "rotation": 270, "texture": "#0"},
				"up": {"uv": [2.5, 13.5, 4, 14], "texture": "#0"},
				"down": {"uv": [2.5, 14, 4, 13.5], "texture": "#0"}
			}
		},
		{
			"name": "buff_3_96",
			"from": [4.5, 0, 13.5],
			"to": [5.5, 0.5, 14],
			"faces": {
				"north": {"uv": [5.5, 13.5, 4.5, 14], "texture": "#0"},
				"east": {"uv": [5, 13.5, 5.5, 14], "rotation": 90, "texture": "#0"},
				"south": {"uv": [4.5, 13.5, 5.5, 14], "texture": "#0"},
				"west": {"uv": [4.5, 13.5, 5, 14], "rotation": 270, "texture": "#0"},
				"up": {"uv": [4.5, 13.5, 5.5, 14], "texture": "#0"},
				"down": {"uv": [4.5, 14, 5.5, 13.5], "texture": "#0"}
			}
		},
		{
			"name": "buff_3_97",
			"from": [7.5, 0, 13.5],
			"to": [8, 0.5, 14],
			"faces": {
				"north": {"uv": [8, 13.5, 7.5, 14], "texture": "#0"},
				"east": {"uv": [7.5, 13.5, 8, 14], "rotation": 90, "texture": "#0"},
				"south": {"uv": [7.5, 13.5, 8, 14], "texture": "#0"},
				"west": {"uv": [7.5, 13.5, 8, 14], "rotation": 270, "texture": "#0"},
				"up": {"uv": [7.5, 13.5, 8, 14], "texture": "#0"},
				"down": {"uv": [7.5, 14, 8, 13.5], "texture": "#0"}
			}
		},
		{
			"name": "buff_3_98",
			"from": [2.5, 0, 14],
			"to": [3, 0.5, 14.5],
			"faces": {
				"north": {"uv": [3, 14, 2.5, 14.5], "texture": "#0"},
				"east": {"uv": [2.5, 14, 3, 14.5], "rotation": 90, "texture": "#0"},
				"south": {"uv": [2.5, 14, 3, 14.5], "texture": "#0"},
				"west": {"uv": [2.5, 14, 3, 14.5], "rotation": 270, "texture": "#0"},
				"up": {"uv": [2.5, 14, 3, 14.5], "texture": "#0"},
				"down": {"uv": [2.5, 14.5, 3, 14], "texture": "#0"}
			}
		},
		{
			"name": "buff_3_99",
			"from": [3.5, 0, 14],
			"to": [6, 0.5, 14.5],
			"faces": {
				"north": {"uv": [6, 14, 3.5, 14.5], "texture": "#0"},
				"east": {"uv": [5.5, 14, 6, 14.5], "rotation": 90, "texture": "#0"},
				"south": {"uv": [3.5, 14, 6, 14.5], "texture": "#0"},
				"west": {"uv": [3.5, 14, 4, 14.5], "rotation": 270, "texture": "#0"},
				"up": {"uv": [3.5, 14, 6, 14.5], "texture": "#0"},
				"down": {"uv": [3.5, 14.5, 6, 14], "texture": "#0"}
			}
		},
		{
			"name": "buff_3_100",
			"from": [7, 0, 14],
			"to": [7.5, 0.5, 14.5],
			"faces": {
				"north": {"uv": [7.5, 14, 7, 14.5], "texture": "#0"},
				"east": {"uv": [7, 14, 7.5, 14.5], "rotation": 90, "texture": "#0"},
				"south": {"uv": [7, 14, 7.5, 14.5], "texture": "#0"},
				"west": {"uv": [7, 14, 7.5, 14.5], "rotation": 270, "texture": "#0"},
				"up": {"uv": [7, 14, 7.5, 14.5], "texture": "#0"},
				"down": {"uv": [7, 14.5, 7.5, 14], "texture": "#0"}
			}
		},
		{
			"name": "buff_3_101",
			"from": [8.5, 0, 14],
			"to": [9, 0.5, 14.5],
			"faces": {
				"north": {"uv": [9, 14, 8.5, 14.5], "texture": "#0"},
				"east": {"uv": [8.5, 14, 9, 14.5], "rotation": 90, "texture": "#0"},
				"south": {"uv": [8.5, 14, 9, 14.5], "texture": "#0"},
				"west": {"uv": [8.5, 14, 9, 14.5], "rotation": 270, "texture": "#0"},
				"up": {"uv": [8.5, 14, 9, 14.5], "texture": "#0"},
				"down": {"uv": [8.5, 14.5, 9, 14], "texture": "#0"}
			}
		},
		{
			"name": "buff_3_102",
			"from": [3, 0, 14.5],
			"to": [4.5, 0.5, 15],
			"faces": {
				"north": {"uv": [4.5, 14.5, 3, 15], "texture": "#0"},
				"east": {"uv": [4, 14.5, 4.5, 15], "rotation": 90, "texture": "#0"},
				"south": {"uv": [3, 14.5, 4.5, 15], "texture": "#0"},
				"west": {"uv": [3, 14.5, 3.5, 15], "rotation": 270, "texture": "#0"},
				"up": {"uv": [3, 14.5, 4.5, 15], "texture": "#0"},
				"down": {"uv": [3, 15, 4.5, 14.5], "texture": "#0"}
			}
		},
		{
			"name": "buff_3_103",
			"from": [5, 0, 14.5],
			"to": [8.5, 0.5, 15],
			"faces": {
				"north": {"uv": [8.5, 14.5, 5, 15], "texture": "#0"},
				"east": {"uv": [8, 14.5, 8.5, 15], "rotation": 90, "texture": "#0"},
				"south": {"uv": [5, 14.5, 8.5, 15], "texture": "#0"},
				"west": {"uv": [5, 14.5, 5.5, 15], "rotation": 270, "texture": "#0"},
				"up": {"uv": [5, 14.5, 8.5, 15], "texture": "#0"},
				"down": {"uv": [5, 15, 8.5, 14.5], "texture": "#0"}
			}
		},
		{
			"name": "buff_3_104",
			"from": [4.5, 0, 15],
			"to": [5, 0.5, 15.5],
			"faces": {
				"north": {"uv": [5, 15, 4.5, 15.5], "texture": "#0"},
				"east": {"uv": [4.5, 15, 5, 15.5], "rotation": 90, "texture": "#0"},
				"south": {"uv": [4.5, 15, 5, 15.5], "texture": "#0"},
				"west": {"uv": [4.5, 15, 5, 15.5], "rotation": 270, "texture": "#0"},
				"up": {"uv": [4.5, 15, 5, 15.5], "texture": "#0"},
				"down": {"uv": [4.5, 15.5, 5, 15], "texture": "#0"}
			}
		},
		{
			"name": "buff_3_105",
			"from": [6, 0, 15],
			"to": [9.5, 0.5, 15.5],
			"faces": {
				"north": {"uv": [9.5, 15, 6, 15.5], "texture": "#0"},
				"east": {"uv": [9, 15, 9.5, 15.5], "rotation": 90, "texture": "#0"},
				"south": {"uv": [6, 15, 9.5, 15.5], "texture": "#0"},
				"west": {"uv": [6, 15, 6.5, 15.5], "rotation": 270, "texture": "#0"},
				"up": {"uv": [6, 15, 9.5, 15.5], "texture": "#0"},
				"down": {"uv": [6, 15.5, 9.5, 15], "texture": "#0"}
			}
		},
		{
			"name": "buff_3_106",
			"from": [5, 0, 15.5],
			"to": [6.5, 0.5, 16],
			"faces": {
				"north": {"uv": [6.5, 15.5, 5, 16], "texture": "#0"},
				"east": {"uv": [6, 15.5, 6.5, 16], "rotation": 90, "texture": "#0"},
				"south": {"uv": [5, 15.5, 6.5, 16], "texture": "#0"},
				"west": {"uv": [5, 15.5, 5.5, 16], "rotation": 270, "texture": "#0"},
				"up": {"uv": [5, 15.5, 6.5, 16], "texture": "#0"},
				"down": {"uv": [5, 16, 6.5, 15.5], "texture": "#0"}
			}
		}
	],
	"display": {
		"thirdperson_righthand": {
			"rotation": [90, 0, 0],
			"translation": [0, 1.5, 7]
		},
		"thirdperson_lefthand": {
			"rotation": [90, 0, 0],
			"translation": [0, 1.5, 7]
		},
		"firstperson_righthand": {
			"rotation": [90, 0, 0],
			"translation": [-0.75, 4.25, 9.5]
		},
		"firstperson_lefthand": {
			"rotation": [90, 0, 0],
			"translation": [-0.75, 4.25, 9.5]
		},
		"ground": {
			"rotation": [90, 0, 0],
			"translation": [0, 4.25, 8]
		},
		"gui": {
			"rotation": [90, 0, 0],
			"translation": [0.5, 0.75, 0]
		},
		"head": {
			"rotation": [90, 0, 0],
			"translation": [0, -22, 15.25],
			"scale": [2, 2, 2]
		},
		"fixed": {
			"rotation": [90, 0, 0],
			"translation": [0, 0.75, 7.75]
		}
	},
	"groups": [
		{
			"name": "buff_3",
			"origin": [8, 8, 8],
			"children": [0, 1, 2, 3, 4, 5, 6, 7, 8, 9, 10, 11, 12, 13, 14, 15, 16, 17, 18, 19, 20, 21, 22, 23, 24, 25, 26, 27, 28, 29, 30, 31, 32, 33, 34, 35, 36, 37, 38, 39, 40, 41, 42, 43, 44, 45, 46, 47, 48, 49, 50, 51, 52, 53, 54, 55, 56, 57, 58, 59, 60, 61, 62, 63, 64, 65, 66, 67, 68, 69, 70, 71, 72, 73, 74, 75, 76, 77, 78, 79, 80, 81, 82, 83, 84, 85, 86, 87, 88, 89, 90, 91, 92, 93, 94, 95, 96, 97, 98, 99, 100, 101, 102, 103, 104, 105, 106, 107, 108, 109, 110, 111, 112, 113, 114, 115, 116, 117, 118, 119, 120, 121, 122]
		}
	]
}