{
	"credit": "Made by MILENARY",
	"textures": {
		"0": "block/buff_2",
		"particle": "block/buff_2"
	},
	"elements": [
		{
			"name": "buff_2_0",
			"from": [10, 0, 0],
			"to": [10.5, 0.5, 0.5],
			"faces": {
				"north": {"uv": [10.5, 0, 10, 0.5], "texture": "#0"},
				"east": {"uv": [10, 0, 10.5, 0.5], "rotation": 90, "texture": "#0"},
				"south": {"uv": [10, 0, 10.5, 0.5], "texture": "#0"},
				"west": {"uv": [10, 0, 10.5, 0.5], "rotation": 270, "texture": "#0"},
				"up": {"uv": [10, 0, 10.5, 0.5], "texture": "#0"},
				"down": {"uv": [10, 0.5, 10.5, 0], "texture": "#0"}
			}
		},
		{
			"name": "buff_2_1",
			"from": [9.5, 0, 0.5],
			"to": [10.5, 0.5, 1],
			"faces": {
				"north": {"uv": [10.5, 0.5, 9.5, 1], "texture": "#0"},
				"east": {"uv": [10, 0.5, 10.5, 1], "rotation": 90, "texture": "#0"},
				"south": {"uv": [9.5, 0.5, 10.5, 1], "texture": "#0"},
				"west": {"uv": [9.5, 0.5, 10, 1], "rotation": 270, "texture": "#0"},
				"up": {"uv": [9.5, 0.5, 10.5, 1], "texture": "#0"},
				"down": {"uv": [9.5, 1, 10.5, 0.5], "texture": "#0"}
			}
		},
		{
			"name": "buff_2_2",
			"from": [8, 0, 1],
			"to": [10, 0.5, 1.5],
			"faces": {
				"north": {"uv": [10, 1, 8, 1.5], "texture": "#0"},
				"east": {"uv": [9.5, 1, 10, 1.5], "rotation": 90, "texture": "#0"},
				"south": {"uv": [8, 1, 10, 1.5], "texture": "#0"},
				"west": {"uv": [8, 1, 8.5, 1.5], "rotation": 270, "texture": "#0"},
				"up": {"uv": [8, 1, 10, 1.5], "texture": "#0"},
				"down": {"uv": [8, 1.5, 10, 1], "texture": "#0"}
			}
		},
		{
			"name": "buff_2_3",
			"from": [13, 0, 1],
			"to": [14, 0.5, 1.5],
			"faces": {
				"north": {"uv": [14, 1, 13, 1.5], "texture": "#0"},
				"east": {"uv": [13.5, 1, 14, 1.5], "rotation": 90, "texture": "#0"},
				"south": {"uv": [13, 1, 14, 1.5], "texture": "#0"},
				"west": {"uv": [13, 1, 13.5, 1.5], "rotation": 270, "texture": "#0"},
				"up": {"uv": [13, 1, 14, 1.5], "texture": "#0"},
				"down": {"uv": [13, 1.5, 14, 1], "texture": "#0"}
			}
		},
		{
			"name": "buff_2_4",
			"from": [6.5, 0, 1.5],
			"to": [10, 0.5, 2],
			"faces": {
				"north": {"uv": [10, 1.5, 6.5, 2], "texture": "#0"},
				"east": {"uv": [9.5, 1.5, 10, 2], "rotation": 90, "texture": "#0"},
				"south": {"uv": [6.5, 1.5, 10, 2], "texture": "#0"},
				"west": {"uv": [6.5, 1.5, 7, 2], "rotation": 270, "texture": "#0"},
				"up": {"uv": [6.5, 1.5, 10, 2], "texture": "#0"},
				"down": {"uv": [6.5, 2, 10, 1.5], "texture": "#0"}
			}
		},
		{
			"name": "buff_2_5",
			"from": [10.5, 0, 1.5],
			"to": [11, 0.5, 2],
			"faces": {
				"north": {"uv": [11, 1.5, 10.5, 2], "texture": "#0"},
				"east": {"uv": [10.5, 1.5, 11, 2], "rotation": 90, "texture": "#0"},
				"south": {"uv": [10.5, 1.5, 11, 2], "texture": "#0"},
				"west": {"uv": [10.5, 1.5, 11, 2], "rotation": 270, "texture": "#0"},
				"up": {"uv": [10.5, 1.5, 11, 2], "texture": "#0"},
				"down": {"uv": [10.5, 2, 11, 1.5], "texture": "#0"}
			}
		},
		{
			"name": "buff_2_6",
			"from": [12.5, 0, 1.5],
			"to": [13.5, 0.5, 2],
			"faces": {
				"north": {"uv": [13.5, 1.5, 12.5, 2], "texture": "#0"},
				"east": {"uv": [13, 1.5, 13.5, 2], "rotation": 90, "texture": "#0"},
				"south": {"uv": [12.5, 1.5, 13.5, 2], "texture": "#0"},
				"west": {"uv": [12.5, 1.5, 13, 2], "rotation": 270, "texture": "#0"},
				"up": {"uv": [12.5, 1.5, 13.5, 2], "texture": "#0"},
				"down": {"uv": [12.5, 2, 13.5, 1.5], "texture": "#0"}
			}
		},
		{
			"name": "buff_2_7",
			"from": [5.5, 0, 2],
			"to": [8.5, 0.5, 2.5],
			"faces": {
				"north": {"uv": [8.5, 2, 5.5, 2.5], "texture": "#0"},
				"east": {"uv": [8, 2, 8.5, 2.5], "rotation": 90, "texture": "#0"},
				"south": {"uv": [5.5, 2, 8.5, 2.5], "texture": "#0"},
				"west": {"uv": [5.5, 2, 6, 2.5], "rotation": 270, "texture": "#0"},
				"up": {"uv": [5.5, 2, 8.5, 2.5], "texture": "#0"},
				"down": {"uv": [5.5, 2.5, 8.5, 2], "texture": "#0"}
			}
		},
		{
			"name": "buff_2_8",
			"from": [9.5, 0, 2],
			"to": [13, 0.5, 2.5],
			"faces": {
				"north": {"uv": [13, 2, 9.5, 2.5], "texture": "#0"},
				"east": {"uv": [12.5, 2, 13, 2.5], "rotation": 90, "texture": "#0"},
				"south": {"uv": [9.5, 2, 13, 2.5], "texture": "#0"},
				"west": {"uv": [9.5, 2, 10, 2.5], "rotation": 270, "texture": "#0"},
				"up": {"uv": [9.5, 2, 13, 2.5], "texture": "#0"},
				"down": {"uv": [9.5, 2.5, 13, 2], "texture": "#0"}
			}
		},
		{
			"name": "buff_2_9",
			"from": [5, 0, 2.5],
			"to": [6, 0.5, 3],
			"faces": {
				"north": {"uv": [6, 2.5, 5, 3], "texture": "#0"},
				"east": {"uv": [5.5, 2.5, 6, 3], "rotation": 90, "texture": "#0"},
				"south": {"uv": [5, 2.5, 6, 3], "texture": "#0"},
				"west": {"uv": [5, 2.5, 5.5, 3], "rotation": 270, "texture": "#0"},
				"up": {"uv": [5, 2.5, 6, 3], "texture": "#0"},
				"down": {"uv": [5, 3, 6, 2.5], "texture": "#0"}
			}
		},
		{
			"name": "buff_2_10",
			"from": [6.5, 0, 2.5],
			"to": [7, 0.5, 3],
			"faces": {
				"north": {"uv": [7, 2.5, 6.5, 3], "texture": "#0"},
				"east": {"uv": [6.5, 2.5, 7, 3], "rotation": 90, "texture": "#0"},
				"south": {"uv": [6.5, 2.5, 7, 3], "texture": "#0"},
				"west": {"uv": [6.5, 2.5, 7, 3], "rotation": 270, "texture": "#0"},
				"up": {"uv": [6.5, 2.5, 7, 3], "texture": "#0"},
				"down": {"uv": [6.5, 3, 7, 2.5], "texture": "#0"}
			}
		},
		{
			"name": "buff_2_11",
			"from": [8, 0, 2.5],
			"to": [9, 0.5, 3],
			"faces": {
				"north": {"uv": [9, 2.5, 8, 3], "texture": "#0"},
				"east": {"uv": [8.5, 2.5, 9, 3], "rotation": 90, "texture": "#0"},
				"south": {"uv": [8, 2.5, 9, 3], "texture": "#0"},
				"west": {"uv": [8, 2.5, 8.5, 3], "rotation": 270, "texture": "#0"},
				"up": {"uv": [8, 2.5, 9, 3], "texture": "#0"},
				"down": {"uv": [8, 3, 9, 2.5], "texture": "#0"}
			}
		},
		{
			"name": "buff_2_12",
			"from": [10, 0, 2.5],
			"to": [14, 0.5, 3],
			"faces": {
				"north": {"uv": [14, 2.5, 10, 3], "texture": "#0"},
				"east": {"uv": [13.5, 2.5, 14, 3], "rotation": 90, "texture": "#0"},
				"south": {"uv": [10, 2.5, 14, 3], "texture": "#0"},
				"west": {"uv": [10, 2.5, 10.5, 3], "rotation": 270, "texture": "#0"},
				"up": {"uv": [10, 2.5, 14, 3], "texture": "#0"},
				"down": {"uv": [10, 3, 14, 2.5], "texture": "#0"}
			}
		},
		{
			"name": "buff_2_13",
			"from": [10.5, 0, 3],
			"to": [11, 0.5, 3.5],
			"faces": {
				"north": {"uv": [11, 3, 10.5, 3.5], "texture": "#0"},
				"east": {"uv": [10.5, 3, 11, 3.5], "rotation": 90, "texture": "#0"},
				"south": {"uv": [10.5, 3, 11, 3.5], "texture": "#0"},
				"west": {"uv": [10.5, 3, 11, 3.5], "rotation": 270, "texture": "#0"},
				"up": {"uv": [10.5, 3, 11, 3.5], "texture": "#0"},
				"down": {"uv": [10.5, 3.5, 11, 3], "texture": "#0"}
			}
		},
		{
			"name": "buff_2_14",
			"from": [11.5, 0, 3],
			"to": [14.5, 0.5, 3.5],
			"faces": {
				"north": {"uv": [14.5, 3, 11.5, 3.5], "texture": "#0"},
				"east": {"uv": [14, 3, 14.5, 3.5], "rotation": 90, "texture": "#0"},
				"south": {"uv": [11.5, 3, 14.5, 3.5], "texture": "#0"},
				"west": {"uv": [11.5, 3, 12, 3.5], "rotation": 270, "texture": "#0"},
				"up": {"uv": [11.5, 3, 14.5, 3.5], "texture": "#0"},
				"down": {"uv": [11.5, 3.5, 14.5, 3], "texture": "#0"}
			}
		},
		{
			"name": "buff_2_15",
			"from": [15.5, 0, 3],
			"to": [16, 0.5, 3.5],
			"faces": {
				"north": {"uv": [16, 3, 15.5, 3.5], "texture": "#0"},
				"east": {"uv": [15.5, 3, 16, 3.5], "rotation": 90, "texture": "#0"},
				"south": {"uv": [15.5, 3, 16, 3.5], "texture": "#0"},
				"west": {"uv": [15.5, 3, 16, 3.5], "rotation": 270, "texture": "#0"},
				"up": {"uv": [15.5, 3, 16, 3.5], "texture": "#0"},
				"down": {"uv": [15.5, 3.5, 16, 3], "texture": "#0"}
			}
		},
		{
			"name": "buff_2_16",
			"from": [10.5, 0, 3.5],
			"to": [11, 0.5, 4],
			"faces": {
				"north": {"uv": [11, 3.5, 10.5, 4], "texture": "#0"},
				"east": {"uv": [10.5, 3.5, 11, 4], "rotation": 90, "texture": "#0"},
				"south": {"uv": [10.5, 3.5, 11, 4], "texture": "#0"},
				"west": {"uv": [10.5, 3.5, 11, 4], "rotation": 270, "texture": "#0"},
				"up": {"uv": [10.5, 3.5, 11, 4], "texture": "#0"},
				"down": {"uv": [10.5, 4, 11, 3.5], "texture": "#0"}
			}
		},
		{
			"name": "buff_2_17",
			"from": [11.5, 0, 3.5],
			"to": [12, 0.5, 4],
			"faces": {
				"north": {"uv": [12, 3.5, 11.5, 4], "texture": "#0"},
				"east": {"uv": [11.5, 3.5, 12, 4], "rotation": 90, "texture": "#0"},
				"south": {"uv": [11.5, 3.5, 12, 4], "texture": "#0"},
				"west": {"uv": [11.5, 3.5, 12, 4], "rotation": 270, "texture": "#0"},
				"up": {"uv": [11.5, 3.5, 12, 4], "texture": "#0"},
				"down": {"uv": [11.5, 4, 12, 3.5], "texture": "#0"}
			}
		},
		{
			"name": "buff_2_18",
			"from": [13, 0, 3.5],
			"to": [14.5, 0.5, 4],
			"faces": {
				"north": {"uv": [14.5, 3.5, 13, 4], "texture": "#0"},
				"east": {"uv": [14, 3.5, 14.5, 4], "rotation": 90, "texture": "#0"},
				"south": {"uv": [13, 3.5, 14.5, 4], "texture": "#0"},
				"west": {"uv": [13, 3.5, 13.5, 4], "rotation": 270, "texture": "#0"},
				"up": {"uv": [13, 3.5, 14.5, 4], "texture": "#0"},
				"down": {"uv": [13, 4, 14.5, 3.5], "texture": "#0"}
			}
		},
		{
			"name": "buff_2_19",
			"from": [15, 0, 3.5],
			"to": [16, 0.5, 4],
			"faces": {
				"north": {"uv": [16, 3.5, 15, 4], "texture": "#0"},
				"east": {"uv": [15.5, 3.5, 16, 4], "rotation": 90, "texture": "#0"},
				"south": {"uv": [15, 3.5, 16, 4], "texture": "#0"},
				"west": {"uv": [15, 3.5, 15.5, 4], "rotation": 270, "texture": "#0"},
				"up": {"uv": [15, 3.5, 16, 4], "texture": "#0"},
				"down": {"uv": [15, 4, 16, 3.5], "texture": "#0"}
			}
		},
		{
			"name": "buff_2_20",
			"from": [1, 0, 4],
			"to": [1.5, 0.5, 4.5],
			"faces": {
				"north": {"uv": [1.5, 4, 1, 4.5], "texture": "#0"},
				"east": {"uv": [1, 4, 1.5, 4.5], "rotation": 90, "texture": "#0"},
				"south": {"uv": [1, 4, 1.5, 4.5], "texture": "#0"},
				"west": {"uv": [1, 4, 1.5, 4.5], "rotation": 270, "texture": "#0"},
				"up": {"uv": [1, 4, 1.5, 4.5], "texture": "#0"},
				"down": {"uv": [1, 4.5, 1.5, 4], "texture": "#0"}
			}
		},
		{
			"name": "buff_2_21",
			"from": [6, 0, 4],
			"to": [10, 0.5, 4.5],
			"faces": {
				"north": {"uv": [10, 4, 6, 4.5], "texture": "#0"},
				"east": {"uv": [9.5, 4, 10, 4.5], "rotation": 90, "texture": "#0"},
				"south": {"uv": [6, 4, 10, 4.5], "texture": "#0"},
				"west": {"uv": [6, 4, 6.5, 4.5], "rotation": 270, "texture": "#0"},
				"up": {"uv": [6, 4, 10, 4.5], "texture": "#0"},
				"down": {"uv": [6, 4.5, 10, 4], "texture": "#0"}
			}
		},
		{
			"name": "buff_2_22",
			"from": [13, 0, 4],
			"to": [13.5, 0.5, 4.5],
			"faces": {
				"north": {"uv": [13.5, 4, 13, 4.5], "texture": "#0"},
				"east": {"uv": [13, 4, 13.5, 4.5], "rotation": 90, "texture": "#0"},
				"south": {"uv": [13, 4, 13.5, 4.5], "texture": "#0"},
				"west": {"uv": [13, 4, 13.5, 4.5], "rotation": 270, "texture": "#0"},
				"up": {"uv": [13, 4, 13.5, 4.5], "texture": "#0"},
				"down": {"uv": [13, 4.5, 13.5, 4], "texture": "#0"}
			}
		},
		{
			"name": "buff_2_23",
			"from": [14, 0, 4],
			"to": [16, 0.5, 4.5],
			"faces": {
				"north": {"uv": [16, 4, 14, 4.5], "texture": "#0"},
				"east": {"uv": [15.5, 4, 16, 4.5], "rotation": 90, "texture": "#0"},
				"south": {"uv": [14, 4, 16, 4.5], "texture": "#0"},
				"west": {"uv": [14, 4, 14.5, 4.5], "rotation": 270, "texture": "#0"},
				"up": {"uv": [14, 4, 16, 4.5], "texture": "#0"},
				"down": {"uv": [14, 4.5, 16, 4], "texture": "#0"}
			}
		},
		{
			"name": "buff_2_24",
			"from": [1, 0, 4.5],
			"to": [1.5, 0.5, 5],
			"faces": {
				"north": {"uv": [1.5, 4.5, 1, 5], "texture": "#0"},
				"east": {"uv": [1, 4.5, 1.5, 5], "rotation": 90, "texture": "#0"},
				"south": {"uv": [1, 4.5, 1.5, 5], "texture": "#0"},
				"west": {"uv": [1, 4.5, 1.5, 5], "rotation": 270, "texture": "#0"},
				"up": {"uv": [1, 4.5, 1.5, 5], "texture": "#0"},
				"down": {"uv": [1, 5, 1.5, 4.5], "texture": "#0"}
			}
		},
		{
			"name": "buff_2_25",
			"from": [4.5, 0, 4.5],
			"to": [11.5, 0.5, 5],
			"faces": {
				"north": {"uv": [11.5, 4.5, 4.5, 5], "texture": "#0"},
				"east": {"uv": [11, 4.5, 11.5, 5], "rotation": 90, "texture": "#0"},
				"south": {"uv": [4.5, 4.5, 11.5, 5], "texture": "#0"},
				"west": {"uv": [4.5, 4.5, 5, 5], "rotation": 270, "texture": "#0"},
				"up": {"uv": [4.5, 4.5, 11.5, 5], "texture": "#0"},
				"down": {"uv": [4.5, 5, 11.5, 4.5], "texture": "#0"}
			}
		},
		{
			"name": "buff_2_26",
			"from": [14, 0, 4.5],
			"to": [16, 0.5, 5],
			"faces": {
				"north": {"uv": [16, 4.5, 14, 5], "texture": "#0"},
				"east": {"uv": [15.5, 4.5, 16, 5], "rotation": 90, "texture": "#0"},
				"south": {"uv": [14, 4.5, 16, 5], "texture": "#0"},
				"west": {"uv": [14, 4.5, 14.5, 5], "rotation": 270, "texture": "#0"},
				"up": {"uv": [14, 4.5, 16, 5], "texture": "#0"},
				"down": {"uv": [14, 5, 16, 4.5], "texture": "#0"}
			}
		},
		{
			"name": "buff_2_27",
			"from": [0.5, 0, 5],
			"to": [1.5, 0.5, 5.5],
			"faces": {
				"north": {"uv": [1.5, 5, 0.5, 5.5], "texture": "#0"},
				"east": {"uv": [1, 5, 1.5, 5.5], "rotation": 90, "texture": "#0"},
				"south": {"uv": [0.5, 5, 1.5, 5.5], "texture": "#0"},
				"west": {"uv": [0.5, 5, 1, 5.5], "rotation": 270, "texture": "#0"},
				"up": {"uv": [0.5, 5, 1.5, 5.5], "texture": "#0"},
				"down": {"uv": [0.5, 5.5, 1.5, 5], "texture": "#0"}
			}
		},
		{
			"name": "buff_2_28",
			"from": [3.5, 0, 5],
			"to": [12.5, 0.5, 5.5],
			"faces": {
				"north": {"uv": [12.5, 5, 3.5, 5.5], "texture": "#0"},
				"east": {"uv": [12, 5, 12.5, 5.5], "rotation": 90, "texture": "#0"},
				"south": {"uv": [3.5, 5, 12.5, 5.5], "texture": "#0"},
				"west": {"uv": [3.5, 5, 4, 5.5], "rotation": 270, "texture": "#0"},
				"up": {"uv": [3.5, 5, 12.5, 5.5], "texture": "#0"},
				"down": {"uv": [3.5, 5.5, 12.5, 5], "texture": "#0"}
			}
		},
		{
			"name": "buff_2_29",
			"from": [14.5, 0, 5],
			"to": [16, 0.5, 5.5],
			"faces": {
				"north": {"uv": [16, 5, 14.5, 5.5], "texture": "#0"},
				"east": {"uv": [15.5, 5, 16, 5.5], "rotation": 90, "texture": "#0"},
				"south": {"uv": [14.5, 5, 16, 5.5], "texture": "#0"},
				"west": {"uv": [14.5, 5, 15, 5.5], "rotation": 270, "texture": "#0"},
				"up": {"uv": [14.5, 5, 16, 5.5], "texture": "#0"},
				"down": {"uv": [14.5, 5.5, 16, 5], "texture": "#0"}
			}
		},
		{
			"name": "buff_2_30",
			"from": [0.5, 0, 5.5],
			"to": [2, 0.5, 6],
			"faces": {
				"north": {"uv": [2, 5.5, 0.5, 6], "texture": "#0"},
				"east": {"uv": [1.5, 5.5, 2, 6], "rotation": 90, "texture": "#0"},
				"south": {"uv": [0.5, 5.5, 2, 6], "texture": "#0"},
				"west": {"uv": [0.5, 5.5, 1, 6], "rotation": 270, "texture": "#0"},
				"up": {"uv": [0.5, 5.5, 2, 6], "texture": "#0"},
				"down": {"uv": [0.5, 6, 2, 5.5], "texture": "#0"}
			}
		},
		{
			"name": "buff_2_31",
			"from": [3, 0, 5.5],
			"to": [13, 0.5, 6],
			"faces": {
				"north": {"uv": [13, 5.5, 3, 6], "texture": "#0"},
				"east": {"uv": [12.5, 5.5, 13, 6], "rotation": 90, "texture": "#0"},
				"south": {"uv": [3, 5.5, 13, 6], "texture": "#0"},
				"west": {"uv": [3, 5.5, 3.5, 6], "rotation": 270, "texture": "#0"},
				"up": {"uv": [3, 5.5, 13, 6], "texture": "#0"},
				"down": {"uv": [3, 6, 13, 5.5], "texture": "#0"}
			}
		},
		{
			"name": "buff_2_32",
			"from": [14, 0, 5.5],
			"to": [16, 0.5, 6],
			"faces": {
				"north": {"uv": [16, 5.5, 14, 6], "texture": "#0"},
				"east": {"uv": [15.5, 5.5, 16, 6], "rotation": 90, "texture": "#0"},
				"south": {"uv": [14, 5.5, 16, 6], "texture": "#0"},
				"west": {"uv": [14, 5.5, 14.5, 6], "rotation": 270, "texture": "#0"},
				"up": {"uv": [14, 5.5, 16, 6], "texture": "#0"},
				"down": {"uv": [14, 6, 16, 5.5], "texture": "#0"}
			}
		},
		{
			"name": "buff_2_33",
			"from": [0.5, 0, 6],
			"to": [2, 0.5, 6.5],
			"faces": {
				"north": {"uv": [2, 6, 0.5, 6.5], "texture": "#0"},
				"east": {"uv": [1.5, 6, 2, 6.5], "rotation": 90, "texture": "#0"},
				"south": {"uv": [0.5, 6, 2, 6.5], "texture": "#0"},
				"west": {"uv": [0.5, 6, 1, 6.5], "rotation": 270, "texture": "#0"},
				"up": {"uv": [0.5, 6, 2, 6.5], "texture": "#0"},
				"down": {"uv": [0.5, 6.5, 2, 6], "texture": "#0"}
			}
		},
		{
			"name": "buff_2_34",
			"from": [2.5, 0, 6],
			"to": [13.5, 0.5, 6.5],
			"faces": {
				"north": {"uv": [13.5, 6, 2.5, 6.5], "texture": "#0"},
				"east": {"uv": [13, 6, 13.5, 6.5], "rotation": 90, "texture": "#0"},
				"south": {"uv": [2.5, 6, 13.5, 6.5], "texture": "#0"},
				"west": {"uv": [2.5, 6, 3, 6.5], "rotation": 270, "texture": "#0"},
				"up": {"uv": [2.5, 6, 13.5, 6.5], "texture": "#0"},
				"down": {"uv": [2.5, 6.5, 13.5, 6], "texture": "#0"}
			}
		},
		{
			"name": "buff_2_35",
			"from": [14, 0, 6],
			"to": [15.5, 0.5, 6.5],
			"faces": {
				"north": {"uv": [15.5, 6, 14, 6.5], "texture": "#0"},
				"east": {"uv": [15, 6, 15.5, 6.5], "rotation": 90, "texture": "#0"},
				"south": {"uv": [14, 6, 15.5, 6.5], "texture": "#0"},
				"west": {"uv": [14, 6, 14.5, 6.5], "rotation": 270, "texture": "#0"},
				"up": {"uv": [14, 6, 15.5, 6.5], "texture": "#0"},
				"down": {"uv": [14, 6.5, 15.5, 6], "texture": "#0"}
			}
		},
		{
			"name": "buff_2_36",
			"from": [0.5, 0, 6.5],
			"to": [1.5, 0.5, 7],
			"faces": {
				"north": {"uv": [1.5, 6.5, 0.5, 7], "texture": "#0"},
				"east": {"uv": [1, 6.5, 1.5, 7], "rotation": 90, "texture": "#0"},
				"south": {"uv": [0.5, 6.5, 1.5, 7], "texture": "#0"},
				"west": {"uv": [0.5, 6.5, 1, 7], "rotation": 270, "texture": "#0"},
				"up": {"uv": [0.5, 6.5, 1.5, 7], "texture": "#0"},
				"down": {"uv": [0.5, 7, 1.5, 6.5], "texture": "#0"}
			}
		},
		{
			"name": "buff_2_37",
			"from": [2.5, 0, 6.5],
			"to": [13.5, 0.5, 7],
			"faces": {
				"north": {"uv": [13.5, 6.5, 2.5, 7], "texture": "#0"},
				"east": {"uv": [13, 6.5, 13.5, 7], "rotation": 90, "texture": "#0"},
				"south": {"uv": [2.5, 6.5, 13.5, 7], "texture": "#0"},
				"west": {"uv": [2.5, 6.5, 3, 7], "rotation": 270, "texture": "#0"},
				"up": {"uv": [2.5, 6.5, 13.5, 7], "texture": "#0"},
				"down": {"uv": [2.5, 7, 13.5, 6.5], "texture": "#0"}
			}
		},
		{
			"name": "buff_2_38",
			"from": [14.5, 0, 6.5],
			"to": [15.5, 0.5, 7],
			"faces": {
				"north": {"uv": [15.5, 6.5, 14.5, 7], "texture": "#0"},
				"east": {"uv": [15, 6.5, 15.5, 7], "rotation": 90, "texture": "#0"},
				"south": {"uv": [14.5, 6.5, 15.5, 7], "texture": "#0"},
				"west": {"uv": [14.5, 6.5, 15, 7], "rotation": 270, "texture": "#0"},
				"up": {"uv": [14.5, 6.5, 15.5, 7], "texture": "#0"},
				"down": {"uv": [14.5, 7, 15.5, 6.5], "texture": "#0"}
			}
		},
		{
			"name": "buff_2_39",
			"from": [1, 0, 7],
			"to": [1.5, 0.5, 7.5],
			"faces": {
				"north": {"uv": [1.5, 7, 1, 7.5], "texture": "#0"},
				"east": {"uv": [1, 7, 1.5, 7.5], "rotation": 90, "texture": "#0"},
				"south": {"uv": [1, 7, 1.5, 7.5], "texture": "#0"},
				"west": {"uv": [1, 7, 1.5, 7.5], "rotation": 270, "texture": "#0"},
				"up": {"uv": [1, 7, 1.5, 7.5], "texture": "#0"},
				"down": {"uv": [1, 7.5, 1.5, 7], "texture": "#0"}
			}
		},
		{
			"name": "buff_2_40",
			"from": [2, 0, 7],
			"to": [14, 0.5, 7.5],
			"faces": {
				"north": {"uv": [14, 7, 2, 7.5], "texture": "#0"},
				"east": {"uv": [13.5, 7, 14, 7.5], "rotation": 90, "texture": "#0"},
				"south": {"uv": [2, 7, 14, 7.5], "texture": "#0"},
				"west": {"uv": [2, 7, 2.5, 7.5], "rotation": 270, "texture": "#0"},
				"up": {"uv": [2, 7, 14, 7.5], "texture": "#0"},
				"down": {"uv": [2, 7.5, 14, 7], "texture": "#0"}
			}
		},
		{
			"name": "buff_2_41",
			"from": [14.5, 0, 7],
			"to": [15.5, 0.5, 7.5],
			"faces": {
				"north": {"uv": [15.5, 7, 14.5, 7.5], "texture": "#0"},
				"east": {"uv": [15, 7, 15.5, 7.5], "rotation": 90, "texture": "#0"},
				"south": {"uv": [14.5, 7, 15.5, 7.5], "texture": "#0"},
				"west": {"uv": [14.5, 7, 15, 7.5], "rotation": 270, "texture": "#0"},
				"up": {"uv": [14.5, 7, 15.5, 7.5], "texture": "#0"},
				"down": {"uv": [14.5, 7.5, 15.5, 7], "texture": "#0"}
			}
		},
		{
			"name": "buff_2_42",
			"from": [2, 0, 7.5],
			"to": [14, 0.5, 8],
			"faces": {
				"north": {"uv": [2, 7.5, 14, 8], "texture": "#0"},
				"east": {"uv": [2, 7.5, 2.5, 8], "texture": "#0"},
				"south": {"uv": [2, 7.5, 2.5, 8], "texture": "#0"},
				"west": {"uv": [2, 7.5, 2.5, 8], "texture": "#0"},
				"up": {"uv": [2, 7.5, 14, 8], "texture": "#0"},
				"down": {"uv": [2, 7.5, 14, 8], "texture": "#0"}
			}
		},
		{
			"name": "buff_2_43",
			"from": [0.5, 0, 7.5],
			"to": [2, 0.5, 8],
			"faces": {
				"north": {"uv": [0.5, 7.5, 2, 8], "texture": "#0"},
				"east": {"uv": [0.5, 7.5, 2, 8], "texture": "#0"},
				"south": {"uv": [0.5, 7.5, 2, 8], "texture": "#0"},
				"west": {"uv": [0.5, 7.5, 2, 8], "texture": "#0"},
				"up": {"uv": [0.5, 7.5, 2, 8], "texture": "#0"},
				"down": {"uv": [0.5, 7.5, 2, 8], "texture": "#0"}
			}
		},
		{
			"name": "buff_2_43",
			"from": [14.5, 0, 7.5],
			"to": [15.5, 0.5, 8],
			"faces": {
				"north": {"uv": [15.5, 7.5, 14.5, 8], "texture": "#0"},
				"east": {"uv": [15, 7.5, 15.5, 8], "rotation": 90, "texture": "#0"},
				"south": {"uv": [14.5, 7.5, 15.5, 8], "texture": "#0"},
				"west": {"uv": [14.5, 7.5, 15, 8], "rotation": 270, "texture": "#0"},
				"up": {"uv": [14.5, 7.5, 15.5, 8], "texture": "#0"},
				"down": {"uv": [14.5, 8, 15.5, 7.5], "texture": "#0"}
			}
		},
		{
			"name": "buff_2_44",
			"from": [0.5, 0, 8],
			"to": [1.5, 0.5, 8.5],
			"faces": {
				"north": {"uv": [1.5, 8, 0.5, 8.5], "texture": "#0"},
				"east": {"uv": [1, 8, 1.5, 8.5], "rotation": 90, "texture": "#0"},
				"south": {"uv": [0.5, 8, 1.5, 8.5], "texture": "#0"},
				"west": {"uv": [0.5, 8, 1, 8.5], "rotation": 270, "texture": "#0"},
				"up": {"uv": [0.5, 8, 1.5, 8.5], "texture": "#0"},
				"down": {"uv": [0.5, 8.5, 1.5, 8], "texture": "#0"}
			}
		},
		{
			"name": "buff_2_45",
			"from": [2.5, 0, 8],
			"to": [13.5, 0.5, 8.5],
			"faces": {
				"north": {"uv": [13.5, 8, 2.5, 8.5], "texture": "#0"},
				"east": {"uv": [13, 8, 13.5, 8.5], "rotation": 90, "texture": "#0"},
				"south": {"uv": [2.5, 8, 13.5, 8.5], "texture": "#0"},
				"west": {"uv": [2.5, 8, 3, 8.5], "rotation": 270, "texture": "#0"},
				"up": {"uv": [2.5, 8, 13.5, 8.5], "texture": "#0"},
				"down": {"uv": [2.5, 8.5, 13.5, 8], "texture": "#0"}
			}
		},
		{
			"name": "buff_2_46",
			"from": [14.5, 0, 8],
			"to": [16, 0.5, 8.5],
			"faces": {
				"north": {"uv": [16, 8, 14.5, 8.5], "texture": "#0"},
				"east": {"uv": [15.5, 8, 16, 8.5], "rotation": 90, "texture": "#0"},
				"south": {"uv": [14.5, 8, 16, 8.5], "texture": "#0"},
				"west": {"uv": [14.5, 8, 15, 8.5], "rotation": 270, "texture": "#0"},
				"up": {"uv": [14.5, 8, 16, 8.5], "texture": "#0"},
				"down": {"uv": [14.5, 8.5, 16, 8], "texture": "#0"}
			}
		},
		{
			"name": "buff_2_47",
			"from": [0.5, 0, 8.5],
			"to": [3, 0.5, 9],
			"faces": {
				"north": {"uv": [3, 8.5, 0.5, 9], "texture": "#0"},
				"east": {"uv": [2.5, 8.5, 3, 9], "rotation": 90, "texture": "#0"},
				"south": {"uv": [0.5, 8.5, 3, 9], "texture": "#0"},
				"west": {"uv": [0.5, 8.5, 1, 9], "rotation": 270, "texture": "#0"},
				"up": {"uv": [0.5, 8.5, 3, 9], "texture": "#0"},
				"down": {"uv": [0.5, 9, 3, 8.5], "texture": "#0"}
			}
		},
		{
			"name": "buff_2_48",
			"from": [3.5, 0, 8.5],
			"to": [12.5, 0.5, 9],
			"faces": {
				"north": {"uv": [12.5, 8.5, 3.5, 9], "texture": "#0"},
				"east": {"uv": [12, 8.5, 12.5, 9], "rotation": 90, "texture": "#0"},
				"south": {"uv": [3.5, 8.5, 12.5, 9], "texture": "#0"},
				"west": {"uv": [3.5, 8.5, 4, 9], "rotation": 270, "texture": "#0"},
				"up": {"uv": [3.5, 8.5, 12.5, 9], "texture": "#0"},
				"down": {"uv": [3.5, 9, 12.5, 8.5], "texture": "#0"}
			}
		},
		{
			"name": "buff_2_49",
			"from": [14.5, 0, 8.5],
			"to": [16, 0.5, 9],
			"faces": {
				"north": {"uv": [16, 8.5, 14.5, 9], "texture": "#0"},
				"east": {"uv": [15.5, 8.5, 16, 9], "rotation": 90, "texture": "#0"},
				"south": {"uv": [14.5, 8.5, 16, 9], "texture": "#0"},
				"west": {"uv": [14.5, 8.5, 15, 9], "rotation": 270, "texture": "#0"},
				"up": {"uv": [14.5, 8.5, 16, 9], "texture": "#0"},
				"down": {"uv": [14.5, 9, 16, 8.5], "texture": "#0"}
			}
		},
		{
			"name": "buff_2_50",
			"from": [1, 0, 9],
			"to": [2.5, 0.5, 9.5],
			"faces": {
				"north": {"uv": [2.5, 9, 1, 9.5], "texture": "#0"},
				"east": {"uv": [2, 9, 2.5, 9.5], "rotation": 90, "texture": "#0"},
				"south": {"uv": [1, 9, 2.5, 9.5], "texture": "#0"},
				"west": {"uv": [1, 9, 1.5, 9.5], "rotation": 270, "texture": "#0"},
				"up": {"uv": [1, 9, 2.5, 9.5], "texture": "#0"},
				"down": {"uv": [1, 9.5, 2.5, 9], "texture": "#0"}
			}
		},
		{
			"name": "buff_2_51",
			"from": [5.5, 0, 9],
			"to": [10.5, 0.5, 9.5],
			"faces": {
				"north": {"uv": [5.5, 9, 10.5, 9.5], "texture": "#0"},
				"east": {"uv": [5.5, 9, 10.5, 9.5], "texture": "#0"},
				"south": {"uv": [5.5, 9, 10.5, 9.5], "texture": "#0"},
				"west": {"uv": [5.5, 9, 10.5, 9.5], "texture": "#0"},
				"up": {"uv": [5.5, 9, 10.5, 9.5], "texture": "#0"},
				"down": {"uv": [5.5, 9, 10.5, 9.5], "texture": "#0"}
			}
		},
		{
			"name": "buff_2_52",
			"from": [14.5, 0, 9],
			"to": [16, 0.5, 9.5],
			"faces": {
				"north": {"uv": [16, 9, 14.5, 9.5], "texture": "#0"},
				"east": {"uv": [15.5, 9, 16, 9.5], "rotation": 90, "texture": "#0"},
				"south": {"uv": [14.5, 9, 16, 9.5], "texture": "#0"},
				"west": {"uv": [14.5, 9, 15, 9.5], "rotation": 270, "texture": "#0"},
				"up": {"uv": [14.5, 9, 16, 9.5], "texture": "#0"},
				"down": {"uv": [14.5, 9.5, 16, 9], "texture": "#0"}
			}
		},
		{
			"name": "buff_2_53",
			"from": [0.5, 0, 9.5],
			"to": [2, 0.5, 10],
			"faces": {
				"north": {"uv": [2, 9.5, 0.5, 10], "texture": "#0"},
				"east": {"uv": [1.5, 9.5, 2, 10], "rotation": 90, "texture": "#0"},
				"south": {"uv": [0.5, 9.5, 2, 10], "texture": "#0"},
				"west": {"uv": [0.5, 9.5, 1, 10], "rotation": 270, "texture": "#0"},
				"up": {"uv": [0.5, 9.5, 2, 10], "texture": "#0"},
				"down": {"uv": [0.5, 10, 2, 9.5], "texture": "#0"}
			}
		},
		{
			"name": "buff_2_54",
			"from": [5, 0, 9.5],
			"to": [11, 0.5, 10],
			"faces": {
				"north": {"uv": [11, 9.5, 5, 10], "texture": "#0"},
				"east": {"uv": [10.5, 9.5, 11, 10], "rotation": 90, "texture": "#0"},
				"south": {"uv": [5, 9.5, 11, 10], "texture": "#0"},
				"west": {"uv": [5, 9.5, 5.5, 10], "rotation": 270, "texture": "#0"},
				"up": {"uv": [5, 9.5, 11, 10], "texture": "#0"},
				"down": {"uv": [5, 10, 11, 9.5], "texture": "#0"}
			}
		},
		{
			"name": "buff_2_55",
			"from": [5, 0, 9],
			"to": [5.5, 0.5, 9.5],
			"faces": {
				"north": {"uv": [5, 9, 5.5, 9.5], "texture": "#0"},
				"east": {"uv": [5, 9, 5.5, 9.5], "texture": "#0"},
				"south": {"uv": [5, 9, 5.5, 9.5], "texture": "#0"},
				"west": {"uv": [5, 9, 5.5, 9.5], "texture": "#0"},
				"up": {"uv": [5, 9, 5.5, 9.5], "texture": "#0"},
				"down": {"uv": [5, 9, 5.5, 9.5], "texture": "#0"}
			}
		},
		{
			"name": "buff_2_56",
			"from": [10.5, 0, 9],
			"to": [11, 0.5, 9.5],
			"rotation": {"angle": 0, "axis": "y", "origin": [13.5, 8, 8]},
			"faces": {
				"north": {"uv": [5, 9, 5.5, 9.5], "texture": "#0"},
				"east": {"uv": [5, 9, 5.5, 9.5], "texture": "#0"},
				"south": {"uv": [5, 9, 5.5, 9.5], "texture": "#0"},
				"west": {"uv": [5, 9, 5.5, 9.5], "texture": "#0"},
				"up": {"uv": [5, 9, 5.5, 9.5], "texture": "#0"},
				"down": {"uv": [5, 9, 5.5, 9.5], "texture": "#0"}
			}
		},
		{
			"name": "buff_2_55",
			"from": [14.5, 0, 9.5],
			"to": [16, 0.5, 10],
			"faces": {
				"north": {"uv": [16, 9.5, 14.5, 10], "texture": "#0"},
				"east": {"uv": [15.5, 9.5, 16, 10], "rotation": 90, "texture": "#0"},
				"south": {"uv": [14.5, 9.5, 16, 10], "texture": "#0"},
				"west": {"uv": [14.5, 9.5, 15, 10], "rotation": 270, "texture": "#0"},
				"up": {"uv": [14.5, 9.5, 16, 10], "texture": "#0"},
				"down": {"uv": [14.5, 10, 16, 9.5], "texture": "#0"}
			}
		},
		{
			"name": "buff_2_56",
			"from": [0.5, 0, 10],
			"to": [1, 0.5, 10.5],
			"faces": {
				"north": {"uv": [1, 10, 0.5, 10.5], "texture": "#0"},
				"east": {"uv": [0.5, 10, 1, 10.5], "rotation": 90, "texture": "#0"},
				"south": {"uv": [0.5, 10, 1, 10.5], "texture": "#0"},
				"west": {"uv": [0.5, 10, 1, 10.5], "rotation": 270, "texture": "#0"},
				"up": {"uv": [0.5, 10, 1, 10.5], "texture": "#0"},
				"down": {"uv": [0.5, 10.5, 1, 10], "texture": "#0"}
			}
		},
		{
			"name": "buff_2_57",
			"from": [1.5, 0, 10],
			"to": [2.5, 0.5, 10.5],
			"faces": {
				"north": {"uv": [2.5, 10, 1.5, 10.5], "texture": "#0"},
				"east": {"uv": [2, 10, 2.5, 10.5], "rotation": 90, "texture": "#0"},
				"south": {"uv": [1.5, 10, 2.5, 10.5], "texture": "#0"},
				"west": {"uv": [1.5, 10, 2, 10.5], "rotation": 270, "texture": "#0"},
				"up": {"uv": [1.5, 10, 2.5, 10.5], "texture": "#0"},
				"down": {"uv": [1.5, 10.5, 2.5, 10], "texture": "#0"}
			}
		},
		{
			"name": "buff_2_58",
			"from": [5, 0, 10],
			"to": [11, 0.5, 10.5],
			"faces": {
				"north": {"uv": [11, 10, 5, 10.5], "texture": "#0"},
				"east": {"uv": [10.5, 10, 11, 10.5], "rotation": 90, "texture": "#0"},
				"south": {"uv": [5, 10, 11, 10.5], "texture": "#0"},
				"west": {"uv": [5, 10, 5.5, 10.5], "rotation": 270, "texture": "#0"},
				"up": {"uv": [5, 10, 11, 10.5], "texture": "#0"},
				"down": {"uv": [5, 10.5, 11, 10], "texture": "#0"}
			}
		},
		{
			"name": "buff_2_59",
			"from": [14.5, 0, 10],
			"to": [15.5, 0.5, 10.5],
			"faces": {
				"north": {"uv": [15.5, 10, 14.5, 10.5], "texture": "#0"},
				"east": {"uv": [15, 10, 15.5, 10.5], "rotation": 90, "texture": "#0"},
				"south": {"uv": [14.5, 10, 15.5, 10.5], "texture": "#0"},
				"west": {"uv": [14.5, 10, 15, 10.5], "rotation": 270, "texture": "#0"},
				"up": {"uv": [14.5, 10, 15.5, 10.5], "texture": "#0"},
				"down": {"uv": [14.5, 10.5, 15.5, 10], "texture": "#0"}
			}
		},
		{
			"name": "buff_2_60",
			"from": [1.5, 0, 10.5],
			"to": [3, 0.5, 11],
			"faces": {
				"north": {"uv": [3, 10.5, 1.5, 11], "texture": "#0"},
				"east": {"uv": [2.5, 10.5, 3, 11], "rotation": 90, "texture": "#0"},
				"south": {"uv": [1.5, 10.5, 3, 11], "texture": "#0"},
				"west": {"uv": [1.5, 10.5, 2, 11], "rotation": 270, "texture": "#0"},
				"up": {"uv": [1.5, 10.5, 3, 11], "texture": "#0"},
				"down": {"uv": [1.5, 11, 3, 10.5], "texture": "#0"}
			}
		},
		{
			"name": "buff_2_61",
			"from": [5, 0, 10.5],
			"to": [11, 0.5, 11],
			"faces": {
				"north": {"uv": [11, 10.5, 5, 11], "texture": "#0"},
				"east": {"uv": [10.5, 10.5, 11, 11], "rotation": 90, "texture": "#0"},
				"south": {"uv": [5, 10.5, 11, 11], "texture": "#0"},
				"west": {"uv": [5, 10.5, 5.5, 11], "rotation": 270, "texture": "#0"},
				"up": {"uv": [5, 10.5, 11, 11], "texture": "#0"},
				"down": {"uv": [5, 11, 11, 10.5], "texture": "#0"}
			}
		},
		{
			"name": "buff_2_62",
			"from": [14.5, 0, 10.5],
			"to": [15.5, 0.5, 11],
			"faces": {
				"north": {"uv": [15.5, 10.5, 14.5, 11], "texture": "#0"},
				"east": {"uv": [15, 10.5, 15.5, 11], "rotation": 90, "texture": "#0"},
				"south": {"uv": [14.5, 10.5, 15.5, 11], "texture": "#0"},
				"west": {"uv": [14.5, 10.5, 15, 11], "rotation": 270, "texture": "#0"},
				"up": {"uv": [14.5, 10.5, 15.5, 11], "texture": "#0"},
				"down": {"uv": [14.5, 11, 15.5, 10.5], "texture": "#0"}
			}
		},
		{
			"name": "buff_2_63",
			"from": [0.5, 0, 11],
			"to": [2.5, 0.5, 11.5],
			"faces": {
				"north": {"uv": [2.5, 11, 0.5, 11.5], "texture": "#0"},
				"east": {"uv": [2, 11, 2.5, 11.5], "rotation": 90, "texture": "#0"},
				"south": {"uv": [0.5, 11, 2.5, 11.5], "texture": "#0"},
				"west": {"uv": [0.5, 11, 1, 11.5], "rotation": 270, "texture": "#0"},
				"up": {"uv": [0.5, 11, 2.5, 11.5], "texture": "#0"},
				"down": {"uv": [0.5, 11.5, 2.5, 11], "texture": "#0"}
			}
		},
		{
			"name": "buff_2_64",
			"from": [3, 0, 11],
			"to": [3.5, 0.5, 11.5],
			"faces": {
				"north": {"uv": [3.5, 11, 3, 11.5], "texture": "#0"},
				"east": {"uv": [3, 11, 3.5, 11.5], "rotation": 90, "texture": "#0"},
				"south": {"uv": [3, 11, 3.5, 11.5], "texture": "#0"},
				"west": {"uv": [3, 11, 3.5, 11.5], "rotation": 270, "texture": "#0"},
				"up": {"uv": [3, 11, 3.5, 11.5], "texture": "#0"},
				"down": {"uv": [3, 11.5, 3.5, 11], "texture": "#0"}
			}
		},
		{
			"name": "buff_2_65",
			"from": [5, 0, 11],
			"to": [11, 0.5, 11.5],
			"faces": {
				"north": {"uv": [11, 11, 5, 11.5], "texture": "#0"},
				"east": {"uv": [10.5, 11, 11, 11.5], "rotation": 90, "texture": "#0"},
				"south": {"uv": [5, 11, 11, 11.5], "texture": "#0"},
				"west": {"uv": [5, 11, 5.5, 11.5], "rotation": 270, "texture": "#0"},
				"up": {"uv": [5, 11, 11, 11.5], "texture": "#0"},
				"down": {"uv": [5, 11.5, 11, 11], "texture": "#0"}
			}
		},
		{
			"name": "buff_2_66",
			"from": [14, 0, 11],
			"to": [15.5, 0.5, 11.5],
			"faces": {
				"north": {"uv": [15.5, 11, 14, 11.5], "texture": "#0"},
				"east": {"uv": [15, 11, 15.5, 11.5], "rotation": 90, "texture": "#0"},
				"south": {"uv": [14, 11, 15.5, 11.5], "texture": "#0"},
				"west": {"uv": [14, 11, 14.5, 11.5], "rotation": 270, "texture": "#0"},
				"up": {"uv": [14, 11, 15.5, 11.5], "texture": "#0"},
				"down": {"uv": [14, 11.5, 15.5, 11], "texture": "#0"}
			}
		},
		{
			"name": "buff_2_67",
			"from": [1, 0, 11.5],
			"to": [2.5, 0.5, 12],
			"faces": {
				"north": {"uv": [2.5, 11.5, 1, 12], "texture": "#0"},
				"east": {"uv": [2, 11.5, 2.5, 12], "rotation": 90, "texture": "#0"},
				"south": {"uv": [1, 11.5, 2.5, 12], "texture": "#0"},
				"west": {"uv": [1, 11.5, 1.5, 12], "rotation": 270, "texture": "#0"},
				"up": {"uv": [1, 11.5, 2.5, 12], "texture": "#0"},
				"down": {"uv": [1, 12, 2.5, 11.5], "texture": "#0"}
			}
		},
		{
			"name": "buff_2_68",
			"from": [5, 0, 11.5],
			"to": [11, 0.5, 12],
			"faces": {
				"north": {"uv": [11, 11.5, 5, 12], "texture": "#0"},
				"east": {"uv": [10.5, 11.5, 11, 12], "rotation": 90, "texture": "#0"},
				"south": {"uv": [5, 11.5, 11, 12], "texture": "#0"},
				"west": {"uv": [5, 11.5, 5.5, 12], "rotation": 270, "texture": "#0"},
				"up": {"uv": [5, 11.5, 11, 12], "texture": "#0"},
				"down": {"uv": [5, 12, 11, 11.5], "texture": "#0"}
			}
		},
		{
			"name": "buff_2_69",
			"from": [13.5, 0, 11.5],
			"to": [15, 0.5, 12],
			"faces": {
				"north": {"uv": [15, 11.5, 13.5, 12], "texture": "#0"},
				"east": {"uv": [14.5, 11.5, 15, 12], "rotation": 90, "texture": "#0"},
				"south": {"uv": [13.5, 11.5, 15, 12], "texture": "#0"},
				"west": {"uv": [13.5, 11.5, 14, 12], "rotation": 270, "texture": "#0"},
				"up": {"uv": [13.5, 11.5, 15, 12], "texture": "#0"},
				"down": {"uv": [13.5, 12, 15, 11.5], "texture": "#0"}
			}
		},
		{
			"name": "buff_2_70",
			"from": [1, 0, 12],
			"to": [3, 0.5, 12.5],
			"faces": {
				"north": {"uv": [3, 12, 1, 12.5], "texture": "#0"},
				"east": {"uv": [2.5, 12, 3, 12.5], "rotation": 90, "texture": "#0"},
				"south": {"uv": [1, 12, 3, 12.5], "texture": "#0"},
				"west": {"uv": [1, 12, 1.5, 12.5], "rotation": 270, "texture": "#0"},
				"up": {"uv": [1, 12, 3, 12.5], "texture": "#0"},
				"down": {"uv": [1, 12.5, 3, 12], "texture": "#0"}
			}
		},
		{
			"name": "buff_2_71",
			"from": [5, 0, 12],
			"to": [11, 0.5, 12.5],
			"faces": {
				"north": {"uv": [11, 12, 5, 12.5], "texture": "#0"},
				"east": {"uv": [10.5, 12, 11, 12.5], "rotation": 90, "texture": "#0"},
				"south": {"uv": [5, 12, 11, 12.5], "texture": "#0"},
				"west": {"uv": [5, 12, 5.5, 12.5], "rotation": 270, "texture": "#0"},
				"up": {"uv": [5, 12, 11, 12.5], "texture": "#0"},
				"down": {"uv": [5, 12.5, 11, 12], "texture": "#0"}
			}
		},
		{
			"name": "buff_2_72",
			"from": [13.5, 0, 12],
			"to": [14.5, 0.5, 12.5],
			"faces": {
				"north": {"uv": [14.5, 12, 13.5, 12.5], "texture": "#0"},
				"east": {"uv": [14, 12, 14.5, 12.5], "rotation": 90, "texture": "#0"},
				"south": {"uv": [13.5, 12, 14.5, 12.5], "texture": "#0"},
				"west": {"uv": [13.5, 12, 14, 12.5], "rotation": 270, "texture": "#0"},
				"up": {"uv": [13.5, 12, 14.5, 12.5], "texture": "#0"},
				"down": {"uv": [13.5, 12.5, 14.5, 12], "texture": "#0"}
			}
		},
		{
			"name": "buff_2_73",
			"from": [0.5, 0, 12.5],
			"to": [1.5, 0.5, 13],
			"faces": {
				"north": {"uv": [1.5, 12.5, 0.5, 13], "texture": "#0"},
				"east": {"uv": [1, 12.5, 1.5, 13], "rotation": 90, "texture": "#0"},
				"south": {"uv": [0.5, 12.5, 1.5, 13], "texture": "#0"},
				"west": {"uv": [0.5, 12.5, 1, 13], "rotation": 270, "texture": "#0"},
				"up": {"uv": [0.5, 12.5, 1.5, 13], "texture": "#0"},
				"down": {"uv": [0.5, 13, 1.5, 12.5], "texture": "#0"}
			}
		},
		{
			"name": "buff_2_74",
			"from": [2, 0, 12.5],
			"to": [4.5, 0.5, 13],
			"faces": {
				"north": {"uv": [4.5, 12.5, 2, 13], "texture": "#0"},
				"east": {"uv": [4, 12.5, 4.5, 13], "rotation": 90, "texture": "#0"},
				"south": {"uv": [2, 12.5, 4.5, 13], "texture": "#0"},
				"west": {"uv": [2, 12.5, 2.5, 13], "rotation": 270, "texture": "#0"},
				"up": {"uv": [2, 12.5, 4.5, 13], "texture": "#0"},
				"down": {"uv": [2, 13, 4.5, 12.5], "texture": "#0"}
			}
		},
		{
			"name": "buff_2_75",
			"from": [5.5, 0, 12.5],
			"to": [10.5, 0.5, 13],
			"faces": {
				"north": {"uv": [10.5, 12.5, 5.5, 13], "texture": "#0"},
				"east": {"uv": [10, 12.5, 10.5, 13], "rotation": 90, "texture": "#0"},
				"south": {"uv": [5.5, 12.5, 10.5, 13], "texture": "#0"},
				"west": {"uv": [5.5, 12.5, 6, 13], "rotation": 270, "texture": "#0"},
				"up": {"uv": [5.5, 12.5, 10.5, 13], "texture": "#0"},
				"down": {"uv": [5.5, 13, 10.5, 12.5], "texture": "#0"}
			}
		},
		{
			"name": "buff_2_76",
			"from": [13.5, 0, 12.5],
			"to": [14, 0.5, 13],
			"faces": {
				"north": {"uv": [14, 12.5, 13.5, 13], "texture": "#0"},
				"east": {"uv": [13.5, 12.5, 14, 13], "rotation": 90, "texture": "#0"},
				"south": {"uv": [13.5, 12.5, 14, 13], "texture": "#0"},
				"west": {"uv": [13.5, 12.5, 14, 13], "rotation": 270, "texture": "#0"},
				"up": {"uv": [13.5, 12.5, 14, 13], "texture": "#0"},
				"down": {"uv": [13.5, 13, 14, 12.5], "texture": "#0"}
			}
		},
		{
			"name": "buff_2_77",
			"from": [2.5, 0, 13],
			"to": [4, 0.5, 13.5],
			"faces": {
				"north": {"uv": [4, 13, 2.5, 13.5], "texture": "#0"},
				"east": {"uv": [3.5, 13, 4, 13.5], "rotation": 90, "texture": "#0"},
				"south": {"uv": [2.5, 13, 4, 13.5], "texture": "#0"},
				"west": {"uv": [2.5, 13, 3, 13.5], "rotation": 270, "texture": "#0"},
				"up": {"uv": [2.5, 13, 4, 13.5], "texture": "#0"},
				"down": {"uv": [2.5, 13.5, 4, 13], "texture": "#0"}
			}
		},
		{
			"name": "buff_2_78",
			"from": [6.5, 0, 13],
			"to": [9.5, 0.5, 13.5],
			"faces": {
				"north": {"uv": [9.5, 13, 6.5, 13.5], "texture": "#0"},
				"east": {"uv": [9, 13, 9.5, 13.5], "rotation": 90, "texture": "#0"},
				"south": {"uv": [6.5, 13, 9.5, 13.5], "texture": "#0"},
				"west": {"uv": [6.5, 13, 7, 13.5], "rotation": 270, "texture": "#0"},
				"up": {"uv": [6.5, 13, 9.5, 13.5], "texture": "#0"},
				"down": {"uv": [6.5, 13.5, 9.5, 13], "texture": "#0"}
			}
		},
		{
			"name": "buff_2_79",
			"from": [3, 0, 13.5],
			"to": [4.5, 0.5, 14],
			"faces": {
				"north": {"uv": [4.5, 13.5, 3, 14], "texture": "#0"},
				"east": {"uv": [4, 13.5, 4.5, 14], "rotation": 90, "texture": "#0"},
				"south": {"uv": [3, 13.5, 4.5, 14], "texture": "#0"},
				"west": {"uv": [3, 13.5, 3.5, 14], "rotation": 270, "texture": "#0"},
				"up": {"uv": [3, 13.5, 4.5, 14], "texture": "#0"},
				"down": {"uv": [3, 14, 4.5, 13.5], "texture": "#0"}
			}
		},
		{
			"name": "buff_2_80",
			"from": [3.5, 0, 14],
			"to": [5, 0.5, 14.5],
			"faces": {
				"north": {"uv": [5, 14, 3.5, 14.5], "texture": "#0"},
				"east": {"uv": [4.5, 14, 5, 14.5], "rotation": 90, "texture": "#0"},
				"south": {"uv": [3.5, 14, 5, 14.5], "texture": "#0"},
				"west": {"uv": [3.5, 14, 4, 14.5], "rotation": 270, "texture": "#0"},
				"up": {"uv": [3.5, 14, 5, 14.5], "texture": "#0"},
				"down": {"uv": [3.5, 14.5, 5, 14], "texture": "#0"}
			}
		},
		{
			"name": "buff_2_81",
			"from": [6.5, 0, 14],
			"to": [7.5, 0.5, 14.5],
			"faces": {
				"north": {"uv": [7.5, 14, 6.5, 14.5], "texture": "#0"},
				"east": {"uv": [7, 14, 7.5, 14.5], "rotation": 90, "texture": "#0"},
				"south": {"uv": [6.5, 14, 7.5, 14.5], "texture": "#0"},
				"west": {"uv": [6.5, 14, 7, 14.5], "rotation": 270, "texture": "#0"},
				"up": {"uv": [6.5, 14, 7.5, 14.5], "texture": "#0"},
				"down": {"uv": [6.5, 14.5, 7.5, 14], "texture": "#0"}
			}
		},
		{
			"name": "buff_2_82",
			"from": [8, 0, 14],
			"to": [9.5, 0.5, 14.5],
			"faces": {
				"north": {"uv": [9.5, 14, 8, 14.5], "texture": "#0"},
				"east": {"uv": [9, 14, 9.5, 14.5], "rotation": 90, "texture": "#0"},
				"south": {"uv": [8, 14, 9.5, 14.5], "texture": "#0"},
				"west": {"uv": [8, 14, 8.5, 14.5], "rotation": 270, "texture": "#0"},
				"up": {"uv": [8, 14, 9.5, 14.5], "texture": "#0"},
				"down": {"uv": [8, 14.5, 9.5, 14], "texture": "#0"}
			}
		},
		{
			"name": "buff_2_83",
			"from": [3, 0, 14.5],
			"to": [4, 0.5, 15],
			"faces": {
				"north": {"uv": [4, 14.5, 3, 15], "texture": "#0"},
				"east": {"uv": [3.5, 14.5, 4, 15], "rotation": 90, "texture": "#0"},
				"south": {"uv": [3, 14.5, 4, 15], "texture": "#0"},
				"west": {"uv": [3, 14.5, 3.5, 15], "rotation": 270, "texture": "#0"},
				"up": {"uv": [3, 14.5, 4, 15], "texture": "#0"},
				"down": {"uv": [3, 15, 4, 14.5], "texture": "#0"}
			}
		},
		{
			"name": "buff_2_84",
			"from": [4.5, 0, 14.5],
			"to": [8.5, 0.5, 15],
			"faces": {
				"north": {"uv": [8.5, 14.5, 4.5, 15], "texture": "#0"},
				"east": {"uv": [8, 14.5, 8.5, 15], "rotation": 90, "texture": "#0"},
				"south": {"uv": [4.5, 14.5, 8.5, 15], "texture": "#0"},
				"west": {"uv": [4.5, 14.5, 5, 15], "rotation": 270, "texture": "#0"},
				"up": {"uv": [4.5, 14.5, 8.5, 15], "texture": "#0"},
				"down": {"uv": [4.5, 15, 8.5, 14.5], "texture": "#0"}
			}
		},
		{
			"name": "buff_2_85",
			"from": [3, 0, 15],
			"to": [3.5, 0.5, 15.5],
			"faces": {
				"north": {"uv": [3.5, 15, 3, 15.5], "texture": "#0"},
				"east": {"uv": [3, 15, 3.5, 15.5], "rotation": 90, "texture": "#0"},
				"south": {"uv": [3, 15, 3.5, 15.5], "texture": "#0"},
				"west": {"uv": [3, 15, 3.5, 15.5], "rotation": 270, "texture": "#0"},
				"up": {"uv": [3, 15, 3.5, 15.5], "texture": "#0"},
				"down": {"uv": [3, 15.5, 3.5, 15], "texture": "#0"}
			}
		},
		{
			"name": "buff_2_86",
			"from": [5, 0, 15],
			"to": [7, 0.5, 15.5],
			"faces": {
				"north": {"uv": [7, 15, 5, 15.5], "texture": "#0"},
				"east": {"uv": [6.5, 15, 7, 15.5], "rotation": 90, "texture": "#0"},
				"south": {"uv": [5, 15, 7, 15.5], "texture": "#0"},
				"west": {"uv": [5, 15, 5.5, 15.5], "rotation": 270, "texture": "#0"},
				"up": {"uv": [5, 15, 7, 15.5], "texture": "#0"},
				"down": {"uv": [5, 15.5, 7, 15], "texture": "#0"}
			}
		},
		{
			"name": "buff_2_87",
			"from": [8, 0, 15],
			"to": [9, 0.5, 15.5],
			"faces": {
				"north": {"uv": [9, 15, 8, 15.5], "texture": "#0"},
				"east": {"uv": [8.5, 15, 9, 15.5], "rotation": 90, "texture": "#0"},
				"south": {"uv": [8, 15, 9, 15.5], "texture": "#0"},
				"west": {"uv": [8, 15, 8.5, 15.5], "rotation": 270, "texture": "#0"},
				"up": {"uv": [8, 15, 9, 15.5], "texture": "#0"},
				"down": {"uv": [8, 15.5, 9, 15], "texture": "#0"}
			}
		},
		{
			"name": "buff_2_88",
			"from": [6, 0, 15.5],
			"to": [6.5, 0.5, 16],
			"faces": {
				"north": {"uv": [6.5, 15.5, 6, 16], "texture": "#0"},
				"east": {"uv": [6, 15.5, 6.5, 16], "rotation": 90, "texture": "#0"},
				"south": {"uv": [6, 15.5, 6.5, 16], "texture": "#0"},
				"west": {"uv": [6, 15.5, 6.5, 16], "rotation": 270, "texture": "#0"},
				"up": {"uv": [6, 15.5, 6.5, 16], "texture": "#0"},
				"down": {"uv": [6, 16, 6.5, 15.5], "texture": "#0"}
			}
		}
	],
	"display": {
		"thirdperson_righthand": {
			"rotation": [90, 0, 0],
			"translation": [-1.25, 3.25, 7.25]
		},
		"thirdperson_lefthand": {
			"rotation": [90, 0, 0],
			"translation": [-1.25, 3.25, 7.25]
		},
		"firstperson_righthand": {
			"rotation": [90, 0, 0],
			"translation": [0, 5.5, 8.5]
		},
		"firstperson_lefthand": {
			"rotation": [90, 0, 0],
			"translation": [0, 5.5, 8.5]
		},
		"ground": {
			"rotation": [90, 0, 0],
			"translation": [0, 5.25, 8.25]
		},
		"gui": {
			"rotation": [90, 0, 0],
			"translation": [0.5, 0.75, 0]
		},
		"head": {
			"rotation": [90, 0, 0],
			"translation": [0, -22.75, 15.5],
			"scale": [2, 2, 2]
		},
		"fixed": {
			"rotation": [90, 0, 0],
			"translation": [0, 1.75, 6.25]
		}
	},
	"groups": [
		{
			"name": "buff_2",
			"origin": [8, 8, 8],
			"children": [0, 1, 2, 3, 4, 5, 6, 7, 8, 9, 10, 11, 12, 13, 14, 15, 16, 17, 18, 19, 20, 21, 22, 23, 24, 25, 26, 27, 28, 29, 30, 31, 32, 33, 34, 35, 36, 37, 38, 39, 40, 41, 42, 43, 44, 45, 46, 47, 48, 49, 50, 51, 52, 53, 54, 55, 56, 57, 58, 59, 60, 61, 62, 63, 64, 65, 66, 67, 68, 69, 70, 71, 72, 73, 74, 75, 76, 77, 78, 79, 80, 81, 82, 83, 84, 85, 86, 87, 88, 89, 90, 91]
		}
	]
}