{
	"credit": "Made by MILENARY",
	"textures": {
		"0": "block/mode2_mushroom",
		"1": "block/mushroom_root",
		"particle": "block/mushroom_root"
	},
	"elements": [
		{
			"from": [5, 0, 6],
			"to": [11, 6.5, 10],
			"faces": {
				"north": {"uv": [8, 6, 14, 12.5], "texture": "#1"},
				"east": {"uv": [4, 5, 8, 11.5], "texture": "#1"},
				"south": {"uv": [4, 2.5, 10, 9], "texture": "#1"},
				"west": {"uv": [0, 0, 4, 6.5], "texture": "#1"},
				"up": {"uv": [0, 0, 6, 4], "texture": "#1"},
				"down": {"uv": [0, 0, 6, 4], "texture": "#1"}
			}
		},
		{
			"from": [6, 0, 5],
			"to": [10, 6.5, 11],
			"faces": {
				"north": {"uv": [9.5, 7.5, 13.5, 14], "texture": "#1"},
				"east": {"uv": [1, 3, 7, 9.5], "texture": "#1"},
				"south": {"uv": [6.5, 4, 12.5, 10.5], "texture": "#1"},
				"west": {"uv": [0, 0, 6, 6.5], "texture": "#1"},
				"up": {"uv": [0, 0, 4, 6], "texture": "#1"},
				"down": {"uv": [0, 0, 4, 6], "texture": "#1"}
			}
		},
		{
			"from": [6, -0.75, 6],
			"to": [10, 0, 10],
			"faces": {
				"north": {"uv": [9.5, 7.5, 13.5, 8.25], "texture": "#1"},
				"east": {"uv": [1, 3, 5, 3.75], "texture": "#1"},
				"south": {"uv": [6.5, 4, 10.5, 4.75], "texture": "#1"},
				"west": {"uv": [0, 0, 4, 0.75], "texture": "#1"},
				"up": {"uv": [0, 0, 4, 4], "texture": "#1"},
				"down": {"uv": [3, 4.5, 7, 8.5], "texture": "#1"}
			}
		},
		{
			"from": [5, 6.5, 1],
			"to": [11, 9.5, 15],
			"faces": {
				"north": {"uv": [9.5, 6.75, 15.5, 9.75], "texture": "#0"},
				"east": {"uv": [0, 0, 14, 3], "texture": "#0"},
				"south": {"uv": [5.5, 4.75, 11.5, 7.75], "texture": "#0"},
				"west": {"uv": [0, 0, 14, 3], "texture": "#0"},
				"up": {"uv": [2.5, 0.25, 8.5, 14.25], "texture": "#0"},
				"down": {"uv": [0, 0, 6, 14], "texture": "#0"}
			}
		},
		{
			"from": [5.5, 9.5, 1.5],
			"to": [10.5, 11.5, 14.5],
			"faces": {
				"north": {"uv": [0, 6.75, 5, 8.75], "texture": "#0"},
				"east": {"uv": [0, 0, 13, 2], "texture": "#0"},
				"south": {"uv": [4.25, 9.5, 9.25, 11.5], "texture": "#0"},
				"west": {"uv": [2.75, 7, 15.75, 9], "texture": "#0"},
				"up": {"uv": [0, 0, 5, 13], "texture": "#0"},
				"down": {"uv": [0, 0, 5, 13], "texture": "#0"}
			}
		},
		{
			"from": [1.5, 9.5, 5.5],
			"to": [14.5, 11.5, 10.5],
			"faces": {
				"north": {"uv": [3, 7.75, 16, 9.75], "texture": "#0"},
				"east": {"uv": [0.25, 3.25, 5.25, 5.25], "texture": "#0"},
				"south": {"uv": [3, 8.25, 16, 10.25], "texture": "#0"},
				"west": {"uv": [0, 0, 5, 2], "texture": "#0"},
				"up": {"uv": [2.75, 3.25, 15.75, 8.25], "texture": "#0"},
				"down": {"uv": [0, 0, 13, 5], "texture": "#0"}
			}
		},
		{
			"from": [11, 6.5, 5],
			"to": [15, 9.5, 11],
			"faces": {
				"north": {"uv": [0, 0, 4, 3], "texture": "#0"},
				"east": {"uv": [10, 1, 16, 4], "texture": "#0"},
				"south": {"uv": [0, 0, 4, 3], "texture": "#0"},
				"west": {"uv": [0, 0, 6, 3], "texture": "#0"},
				"up": {"uv": [0, 0, 4, 6], "texture": "#0"},
				"down": {"uv": [0, 0, 4, 6], "texture": "#0"}
			}
		},
		{
			"from": [1, 6.5, 5],
			"to": [5, 9.5, 11],
			"rotation": {"angle": 0, "axis": "y", "origin": [-2, 8, 8]},
			"faces": {
				"north": {"uv": [0, 0, 4, 3], "texture": "#0"},
				"east": {"uv": [0, 0, 6, 3], "texture": "#0"},
				"south": {"uv": [0, 0, 4, 3], "texture": "#0"},
				"west": {"uv": [2.75, 2.5, 8.75, 5.5], "texture": "#0"},
				"up": {"uv": [0.5, 2.5, 4.5, 8.5], "texture": "#0"},
				"down": {"uv": [0, 0, 4, 6], "texture": "#0"}
			}
		},
		{
			"from": [2, 6.5, 11],
			"to": [5, 9.5, 14],
			"rotation": {"angle": 0, "axis": "y", "origin": [-2, 8, 10]},
			"faces": {
				"north": {"uv": [0, 0, 3, 3], "texture": "#0"},
				"east": {"uv": [0, 0, 3, 3], "texture": "#0"},
				"south": {"uv": [2.5, 2, 5.5, 5], "texture": "#0"},
				"west": {"uv": [0.5, 4.75, 3.5, 7.75], "texture": "#0"},
				"up": {"uv": [4.75, 4.25, 7.75, 7.25], "texture": "#0"},
				"down": {"uv": [0, 0, 3, 3], "texture": "#0"}
			}
		},
		{
			"from": [2.75, 9.5, 2.75],
			"to": [13.25, 12.25, 13.25],
			"rotation": {"angle": 0, "axis": "y", "origin": [-2, 8, 10]},
			"faces": {
				"north": {"uv": [1.25, 5.25, 11.75, 8], "texture": "#0"},
				"east": {"uv": [5.5, 3.5, 16, 6.25], "texture": "#0"},
				"south": {"uv": [3, 2.25, 13.5, 5], "texture": "#0"},
				"west": {"uv": [5, 6.75, 15.5, 9.5], "texture": "#0"},
				"up": {"uv": [5.5, 3.5, 16, 14], "texture": "#0"},
				"down": {"uv": [0, 0, 10.5, 10.5], "texture": "#0"}
			}
		},
		{
			"from": [3.75, 12.25, 3.75],
			"to": [12.25, 14, 12.25],
			"rotation": {"angle": 0, "axis": "y", "origin": [-2, 8, 10]},
			"faces": {
				"north": {"uv": [7.25, 5.75, 15.75, 7.5], "texture": "#0"},
				"east": {"uv": [7.5, 3.5, 16, 5.25], "texture": "#0"},
				"south": {"uv": [6.5, 5, 15, 6.75], "texture": "#0"},
				"west": {"uv": [5, 4.25, 13.5, 6], "texture": "#0"},
				"up": {"uv": [5.75, 6, 14.25, 14.5], "texture": "#0"},
				"down": {"uv": [0, 0, 8.5, 8.5], "texture": "#0"}
			}
		},
		{
			"from": [2.75, 12.25, 6.25],
			"to": [13.25, 13.75, 9.75],
			"rotation": {"angle": 0, "axis": "y", "origin": [-2, 8, 10]},
			"faces": {
				"north": {"uv": [0, 0, 10.5, 1.5], "texture": "#0"},
				"east": {"uv": [0, 0, 3.5, 1.5], "texture": "#0"},
				"south": {"uv": [3.5, 5.5, 14, 7], "texture": "#0"},
				"west": {"uv": [5.25, 0, 8.75, 1.5], "texture": "#0"},
				"up": {"uv": [5.5, 4.25, 16, 7.75], "texture": "#0"},
				"down": {"uv": [0, 0, 10.5, 3.5], "texture": "#0"}
			}
		},
		{
			"from": [6.25, 12.25, 2.75],
			"to": [9.75, 13.75, 13.25],
			"rotation": {"angle": 0, "axis": "y", "origin": [-2, 8, 10]},
			"faces": {
				"north": {"uv": [7, 6.75, 10.5, 8.25], "texture": "#0"},
				"east": {"uv": [0, 0, 10.5, 1.5], "texture": "#0"},
				"south": {"uv": [8, 4, 11.5, 5.5], "texture": "#0"},
				"west": {"uv": [0, 0, 10.5, 1.5], "texture": "#0"},
				"up": {"uv": [0, 0, 3.5, 10.5], "texture": "#0"},
				"down": {"uv": [0, 0, 3.5, 10.5], "texture": "#0"}
			}
		},
		{
			"from": [11, 6.5, 2],
			"to": [14, 9.5, 5],
			"rotation": {"angle": 0, "axis": "y", "origin": [7, 8, 1]},
			"faces": {
				"north": {"uv": [8.75, 7.75, 11.75, 10.75], "texture": "#0"},
				"east": {"uv": [10.5, 6.75, 13.5, 9.75], "texture": "#0"},
				"south": {"uv": [0, 0, 3, 3], "texture": "#0"},
				"west": {"uv": [0, 0, 3, 3], "texture": "#0"},
				"up": {"uv": [0, 0, 3, 3], "texture": "#0"},
				"down": {"uv": [0, 0, 3, 3], "texture": "#0"}
			}
		},
		{
			"from": [11, 6.5, 11],
			"to": [14, 9.5, 14],
			"rotation": {"angle": 0, "axis": "y", "origin": [7, 8, 10]},
			"faces": {
				"north": {"uv": [0, 0, 3, 3], "texture": "#0"},
				"east": {"uv": [0, 0, 3, 3], "texture": "#0"},
				"south": {"uv": [0, 0, 3, 3], "texture": "#0"},
				"west": {"uv": [0, 0, 3, 3], "texture": "#0"},
				"up": {"uv": [3.75, 3, 6.75, 6], "texture": "#0"},
				"down": {"uv": [0, 0, 3, 3], "texture": "#0"}
			}
		},
		{
			"from": [2, 6.5, 2],
			"to": [5, 9.5, 5],
			"rotation": {"angle": 0, "axis": "y", "origin": [-2, 8, 1]},
			"faces": {
				"north": {"uv": [0, 0, 3, 3], "texture": "#0"},
				"east": {"uv": [0, 0, 3, 3], "texture": "#0"},
				"south": {"uv": [0, 0, 3, 3], "texture": "#0"},
				"west": {"uv": [7.5, 8.5, 10.5, 11.5], "texture": "#0"},
				"up": {"uv": [0, 0, 3, 3], "texture": "#0"},
				"down": {"uv": [0, 0, 3, 3], "texture": "#0"}
			}
		}
	],
	"display": {
		"ground": {
			"translation": [0, 3.75, 0]
		},
		"gui": {
			"translation": [0, 1, 0]
		},
		"head": {
			"translation": [0, -13.5, 0],
			"scale": [4, 4, 4]
		}
	}
}