{
	"credit": "Made by MILENARY",
	"textures": {
		"0": "block/sec_gun_1",
		"particle": "block/sec_gun_1"
	},
	"elements": [
		{
			"name": "1_0",
			"from": [8.875, 12, 0.625],
			"to": [9.25, 12.375, 1.125],
			"rotation": {"angle": 0, "axis": "y", "origin": [1, 8, 8]},
			"faces": {
				"north": {"uv": [0.625, 3.625, 0.75, 4], "texture": "#0"},
				"east": {"uv": [0.625, 4, 1.125, 3.625], "rotation": 180, "texture": "#0"},
				"south": {"uv": [1, 3.625, 1.125, 4], "texture": "#0"},
				"west": {"uv": [0.625, 3.625, 1.125, 4], "texture": "#0"},
				"up": {"uv": [1.125, 3.625, 0.625, 3.75], "rotation": 270, "texture": "#0"},
				"down": {"uv": [0.625, 3.875, 1.125, 4], "rotation": 270, "texture": "#0"}
			}
		},
		{
			"name": "1_1",
			"from": [8.875, 12, 1.125],
			"to": [9.25, 12.25, 1.25],
			"rotation": {"angle": 0, "axis": "y", "origin": [1, 8, 8]},
			"faces": {
				"north": {"uv": [1.125, 3.75, 1.25, 4], "texture": "#0"},
				"east": {"uv": [1.125, 4, 1.25, 3.75], "rotation": 180, "texture": "#0"},
				"south": {"uv": [1.125, 3.75, 1.25, 4], "texture": "#0"},
				"west": {"uv": [1.125, 3.75, 1.25, 4], "texture": "#0"},
				"up": {"uv": [1.25, 3.75, 1.125, 3.875], "rotation": 270, "texture": "#0"},
				"down": {"uv": [1.125, 3.875, 1.25, 4], "rotation": 270, "texture": "#0"}
			}
		},
		{
			"name": "1_2",
			"from": [8.875, 12, 0.5],
			"to": [9.25, 12.125, 0.625],
			"rotation": {"angle": 0, "axis": "y", "origin": [1, 8, 8]},
			"faces": {
				"north": {"uv": [0.5, 3.875, 0.625, 4], "texture": "#0"},
				"east": {"uv": [0.5, 4, 0.625, 3.875], "rotation": 180, "texture": "#0"},
				"south": {"uv": [0.5, 3.875, 0.625, 4], "texture": "#0"},
				"west": {"uv": [0.5, 3.875, 0.625, 4], "texture": "#0"},
				"up": {"uv": [0.625, 3.875, 0.5, 4], "rotation": 270, "texture": "#0"},
				"down": {"uv": [0.5, 3.875, 0.625, 4], "rotation": 270, "texture": "#0"}
			}
		},
		{
			"name": "1_3",
			"from": [8.875, 12, 1.25],
			"to": [9.25, 12.125, 1.5],
			"rotation": {"angle": 0, "axis": "y", "origin": [1, 8, 8]},
			"faces": {
				"north": {"uv": [1.25, 3.875, 1.375, 4], "texture": "#0"},
				"east": {"uv": [1.25, 4, 1.5, 3.875], "rotation": 180, "texture": "#0"},
				"south": {"uv": [1.375, 3.875, 1.5, 4], "texture": "#0"},
				"west": {"uv": [1.25, 3.875, 1.5, 4], "texture": "#0"},
				"up": {"uv": [1.5, 3.875, 1.25, 4], "rotation": 270, "texture": "#0"},
				"down": {"uv": [1.25, 3.875, 1.5, 4], "rotation": 270, "texture": "#0"}
			}
		},
		{
			"name": "2_0",
			"from": [8.175, 10.875, 2],
			"to": [9.9, 11.625, 6],
			"rotation": {"angle": 0, "axis": "y", "origin": [1, 8, 8]},
			"faces": {
				"north": {"uv": [2, 4.375, 2.125, 5.125], "texture": "#0"},
				"east": {"uv": [2, 5.125, 6, 4.375], "rotation": 180, "texture": "#0"},
				"south": {"uv": [5.875, 4.375, 6, 5.125], "texture": "#0"},
				"west": {"uv": [2, 4.375, 6, 5.125], "texture": "#0"},
				"up": {"uv": [6, 4.375, 2, 4.5], "rotation": 270, "texture": "#0"},
				"down": {"uv": [2, 5, 6, 5.125], "rotation": 270, "texture": "#0"}
			}
		},
		{
			"name": "2_1",
			"from": [8.175, 11.25, 6],
			"to": [9.9, 11.625, 6.375],
			"rotation": {"angle": 0, "axis": "y", "origin": [1, 8, 8]},
			"faces": {
				"north": {"uv": [6, 4.375, 6.125, 4.75], "texture": "#0"},
				"east": {"uv": [6, 4.75, 6.375, 4.375], "rotation": 180, "texture": "#0"},
				"south": {"uv": [6.25, 4.375, 6.375, 4.75], "texture": "#0"},
				"west": {"uv": [6, 4.375, 6.375, 4.75], "texture": "#0"},
				"up": {"uv": [6.375, 4.375, 6, 4.5], "rotation": 270, "texture": "#0"},
				"down": {"uv": [6, 4.625, 6.375, 4.75], "rotation": 270, "texture": "#0"}
			}
		},
		{
			"name": "2_2",
			"from": [8.175, 11.375, 6.375],
			"to": [9.9, 11.625, 6.625],
			"rotation": {"angle": 0, "axis": "y", "origin": [1, 8, 8]},
			"faces": {
				"north": {"uv": [6.375, 4.375, 6.5, 4.625], "texture": "#0"},
				"east": {"uv": [6.375, 4.625, 6.625, 4.375], "rotation": 180, "texture": "#0"},
				"south": {"uv": [6.5, 4.375, 6.625, 4.625], "texture": "#0"},
				"west": {"uv": [6.375, 4.375, 6.625, 4.625], "texture": "#0"},
				"up": {"uv": [6.625, 4.375, 6.375, 4.5], "rotation": 270, "texture": "#0"},
				"down": {"uv": [6.375, 4.5, 6.625, 4.625], "rotation": 270, "texture": "#0"}
			}
		},
		{
			"name": "2_3",
			"from": [8.175, 11.5, 6.625],
			"to": [9.9, 11.625, 6.875],
			"rotation": {"angle": 0, "axis": "y", "origin": [1, 8, 8]},
			"faces": {
				"north": {"uv": [6.625, 4.375, 6.75, 4.5], "texture": "#0"},
				"east": {"uv": [6.625, 4.5, 6.875, 4.375], "rotation": 180, "texture": "#0"},
				"south": {"uv": [6.75, 4.375, 6.875, 4.5], "texture": "#0"},
				"west": {"uv": [6.625, 4.375, 6.875, 4.5], "texture": "#0"},
				"up": {"uv": [6.875, 4.375, 6.625, 4.5], "rotation": 270, "texture": "#0"},
				"down": {"uv": [6.625, 4.375, 6.875, 4.5], "rotation": 270, "texture": "#0"}
			}
		},
		{
			"name": "2_4",
			"from": [8.175, 11.125, 6],
			"to": [9.9, 11.25, 6.25],
			"rotation": {"angle": 0, "axis": "y", "origin": [1, 8, 8]},
			"faces": {
				"north": {"uv": [6, 4.75, 6.125, 4.875], "texture": "#0"},
				"east": {"uv": [6, 4.875, 6.25, 4.75], "rotation": 180, "texture": "#0"},
				"south": {"uv": [6.125, 4.75, 6.25, 4.875], "texture": "#0"},
				"west": {"uv": [6, 4.75, 6.25, 4.875], "texture": "#0"},
				"up": {"uv": [6.25, 4.75, 6, 4.875], "rotation": 270, "texture": "#0"},
				"down": {"uv": [6, 4.75, 6.25, 4.875], "rotation": 270, "texture": "#0"}
			}
		},
		{
			"name": "2_5",
			"from": [8.175, 11, 6],
			"to": [9.9, 11.125, 6.125],
			"rotation": {"angle": 0, "axis": "y", "origin": [1, 8, 8]},
			"faces": {
				"north": {"uv": [6, 4.875, 6.125, 5], "texture": "#0"},
				"east": {"uv": [6, 5, 6.125, 4.875], "rotation": 180, "texture": "#0"},
				"south": {"uv": [6, 4.875, 6.125, 5], "texture": "#0"},
				"west": {"uv": [6, 4.875, 6.125, 5], "texture": "#0"},
				"up": {"uv": [6.125, 4.875, 6, 5], "rotation": 270, "texture": "#0"},
				"down": {"uv": [6, 4.875, 6.125, 5], "rotation": 270, "texture": "#0"}
			}
		},
		{
			"name": "2_6",
			"from": [8.175, 10.5, 2],
			"to": [9.9, 10.875, 2.125],
			"rotation": {"angle": 0, "axis": "y", "origin": [1, 8, 8]},
			"faces": {
				"north": {"uv": [2, 5.125, 2.125, 5.5], "texture": "#0"},
				"east": {"uv": [2, 5.5, 2.125, 5.125], "rotation": 180, "texture": "#0"},
				"south": {"uv": [2, 5.125, 2.125, 5.5], "texture": "#0"},
				"west": {"uv": [2, 5.125, 2.125, 5.5], "texture": "#0"},
				"up": {"uv": [2.125, 5.125, 2, 5.25], "rotation": 270, "texture": "#0"},
				"down": {"uv": [2, 5.375, 2.125, 5.5], "rotation": 270, "texture": "#0"}
			}
		},
		{
			"name": "3_0",
			"from": [7.925, 10.125, 0.25],
			"to": [10.2, 12, 2],
			"rotation": {"angle": 0, "axis": "y", "origin": [1, 8, 8]},
			"faces": {
				"north": {"uv": [0.25, 4, 0.375, 5.875], "texture": "#0"},
				"east": {"uv": [0.25, 5.875, 2, 4], "rotation": 180, "texture": "#0"},
				"south": {"uv": [1.875, 4, 2, 5.875], "texture": "#0"},
				"west": {"uv": [0.25, 4, 2, 5.875], "texture": "#0"},
				"up": {"uv": [6.75, 13.75, 5, 16], "rotation": 270, "texture": "#0"},
				"down": {"uv": [0.25, 5.75, 2, 5.875], "rotation": 270, "texture": "#0"}
			}
		},
		{
			"name": "3_1",
			"from": [7.925, 10.125, 0.23],
			"to": [10.2, 12, 0.23],
			"rotation": {"angle": 0, "axis": "y", "origin": [1, 8, 8]},
			"faces": {
				"north": {"uv": [12.625, 14.125, 14.875, 16], "texture": "#0"},
				"east": {"uv": [7.75, 13, 7.75, 11.125], "rotation": 180, "texture": "#0"},
				"south": {"uv": [1.875, 4, 2, 5.875], "texture": "#0"},
				"west": {"uv": [0.25, 4, 2, 5.875], "texture": "#0"},
				"up": {"uv": [6.75, 13.75, 5, 16], "rotation": 270, "texture": "#0"},
				"down": {"uv": [0.25, 5.75, 2, 5.875], "rotation": 270, "texture": "#0"}
			}
		},
		{
			"name": "3_1",
			"from": [8.075, 11.625, 2],
			"to": [10.05, 12, 2.5],
			"rotation": {"angle": 0, "axis": "y", "origin": [1, 8, 8]},
			"faces": {
				"north": {"uv": [2, 4, 2.125, 4.375], "texture": "#0"},
				"east": {"uv": [2, 4.375, 2.5, 4], "rotation": 180, "texture": "#0"},
				"south": {"uv": [0, 14.125, 0.375, 16], "rotation": 90, "texture": "#0"},
				"west": {"uv": [2, 4, 2.5, 4.375], "texture": "#0"},
				"up": {"uv": [0.5, 14.125, 0, 16], "rotation": 270, "texture": "#0"},
				"down": {"uv": [2, 4.25, 2.5, 4.375], "rotation": 270, "texture": "#0"}
			}
		},
		{
			"name": "3_2",
			"from": [8.075, 11.625, 2.5],
			"to": [10.05, 11.875, 7.125],
			"rotation": {"angle": 0, "axis": "y", "origin": [1, 8, 8]},
			"faces": {
				"north": {"uv": [2.5, 4.125, 2.625, 4.375], "texture": "#0"},
				"east": {"uv": [2.5, 4.375, 7.125, 4.125], "rotation": 180, "texture": "#0"},
				"south": {"uv": [7, 4.125, 7.125, 4.375], "texture": "#0"},
				"west": {"uv": [2.5, 4.125, 7.125, 4.375], "texture": "#0"},
				"up": {"uv": [4.625, 14.125, 0, 16], "rotation": 270, "texture": "#0"},
				"down": {"uv": [2.5, 4.25, 7.125, 4.375], "rotation": 270, "texture": "#0"}
			}
		},
		{
			"name": "3_3",
			"from": [8.075, 10.875, 6.875],
			"to": [10.05, 11.625, 7.125],
			"rotation": {"angle": 0, "axis": "y", "origin": [1, 8, 8]},
			"faces": {
				"north": {"uv": [6.875, 4.375, 7, 5.125], "texture": "#0"},
				"east": {"uv": [6.875, 5.125, 7.125, 4.375], "rotation": 180, "texture": "#0"},
				"south": {"uv": [7, 4.375, 7.125, 5.125], "texture": "#0"},
				"west": {"uv": [6.875, 4.375, 7.125, 5.125], "texture": "#0"},
				"up": {"uv": [7.125, 4.375, 6.875, 4.5], "rotation": 270, "texture": "#0"},
				"down": {"uv": [6.875, 5, 7.125, 5.125], "rotation": 270, "texture": "#0"}
			}
		},
		{
			"name": "3_4",
			"from": [8.075, 10.875, 6.625],
			"to": [10.05, 11.5, 6.875],
			"rotation": {"angle": 0, "axis": "y", "origin": [1, 8, 8]},
			"faces": {
				"north": {"uv": [6.625, 4.5, 6.75, 5.125], "texture": "#0"},
				"east": {"uv": [6.625, 5.125, 6.875, 4.5], "rotation": 180, "texture": "#0"},
				"south": {"uv": [6.75, 4.5, 6.875, 5.125], "texture": "#0"},
				"west": {"uv": [6.625, 4.5, 6.875, 5.125], "texture": "#0"},
				"up": {"uv": [6.875, 4.5, 6.625, 4.625], "rotation": 270, "texture": "#0"},
				"down": {"uv": [6.625, 5, 6.875, 5.125], "rotation": 270, "texture": "#0"}
			}
		},
		{
			"name": "3_5",
			"from": [8.075, 10.875, 6.375],
			"to": [10.05, 11.375, 6.625],
			"rotation": {"angle": 0, "axis": "y", "origin": [1, 8, 8]},
			"faces": {
				"north": {"uv": [6.375, 4.625, 6.5, 5.125], "texture": "#0"},
				"east": {"uv": [6.375, 5.125, 6.625, 4.625], "rotation": 180, "texture": "#0"},
				"south": {"uv": [6.5, 4.625, 6.625, 5.125], "texture": "#0"},
				"west": {"uv": [6.375, 4.625, 6.625, 5.125], "texture": "#0"},
				"up": {"uv": [6.625, 4.625, 6.375, 4.75], "rotation": 270, "texture": "#0"},
				"down": {"uv": [6.375, 5, 6.625, 5.125], "rotation": 270, "texture": "#0"}
			}
		},
		{
			"name": "3_6",
			"from": [8.075, 10.875, 6.25],
			"to": [10.05, 11.25, 6.375],
			"rotation": {"angle": 0, "axis": "y", "origin": [1, 8, 8]},
			"faces": {
				"north": {"uv": [6.25, 4.75, 6.375, 5.125], "texture": "#0"},
				"east": {"uv": [6.25, 5.125, 6.375, 4.75], "rotation": 180, "texture": "#0"},
				"south": {"uv": [6.25, 4.75, 6.375, 5.125], "texture": "#0"},
				"west": {"uv": [6.25, 4.75, 6.375, 5.125], "texture": "#0"},
				"up": {"uv": [6.375, 4.75, 6.25, 4.875], "rotation": 270, "texture": "#0"},
				"down": {"uv": [6.25, 5, 6.375, 5.125], "rotation": 270, "texture": "#0"}
			}
		},
		{
			"name": "3_7",
			"from": [8.075, 10.875, 6.125],
			"to": [10.05, 11.125, 6.25],
			"rotation": {"angle": 0, "axis": "y", "origin": [1, 8, 8]},
			"faces": {
				"north": {"uv": [6.125, 4.875, 6.25, 5.125], "texture": "#0"},
				"east": {"uv": [6.125, 5.125, 6.25, 4.875], "rotation": 180, "texture": "#0"},
				"south": {"uv": [6.125, 4.875, 6.25, 5.125], "texture": "#0"},
				"west": {"uv": [6.125, 4.875, 6.25, 5.125], "texture": "#0"},
				"up": {"uv": [6.25, 4.875, 6.125, 5], "rotation": 270, "texture": "#0"},
				"down": {"uv": [6.125, 5, 6.25, 5.125], "rotation": 270, "texture": "#0"}
			}
		},
		{
			"name": "3_8",
			"from": [8.075, 10.875, 6],
			"to": [10.05, 11, 6.125],
			"rotation": {"angle": 0, "axis": "y", "origin": [1, 8, 8]},
			"faces": {
				"north": {"uv": [6, 5, 6.125, 5.125], "texture": "#0"},
				"east": {"uv": [6, 5.125, 6.125, 5], "rotation": 180, "texture": "#0"},
				"south": {"uv": [6, 5, 6.125, 5.125], "texture": "#0"},
				"west": {"uv": [6, 5, 6.125, 5.125], "texture": "#0"},
				"up": {"uv": [6.125, 5, 6, 5.125], "rotation": 270, "texture": "#0"},
				"down": {"uv": [6, 5, 6.125, 5.125], "rotation": 270, "texture": "#0"}
			}
		},
		{
			"name": "3_9",
			"from": [8.025, 9.5, 2],
			"to": [10.1, 10.5, 2.125],
			"rotation": {"angle": 0, "axis": "y", "origin": [1, 8, 8]},
			"faces": {
				"north": {"uv": [2, 5.5, 2.125, 6.5], "texture": "#0"},
				"east": {"uv": [2, 6.5, 2.125, 5.5], "rotation": 180, "texture": "#0"},
				"south": {"uv": [2, 5.5, 2.125, 6.5], "texture": "#0"},
				"west": {"uv": [2, 5.5, 2.125, 6.5], "texture": "#0"},
				"up": {"uv": [2.125, 5.5, 2, 5.625], "rotation": 270, "texture": "#0"},
				"down": {"uv": [2, 6.375, 2.125, 6.5], "rotation": 270, "texture": "#0"}
			}
		},
		{
			"name": "3_10",
			"from": [8.025, 9.875, 0.375],
			"to": [10.1, 10.125, 2],
			"rotation": {"angle": 0, "axis": "y", "origin": [1, 8, 8]},
			"faces": {
				"north": {"uv": [0.375, 5.875, 0.5, 6.125], "texture": "#0"},
				"east": {"uv": [0.375, 6.125, 2, 5.875], "rotation": 180, "texture": "#0"},
				"south": {"uv": [1.875, 5.875, 2, 6.125], "texture": "#0"},
				"west": {"uv": [0.375, 5.875, 2, 6.125], "texture": "#0"},
				"up": {"uv": [2, 5.875, 0.375, 6], "rotation": 270, "texture": "#0"},
				"down": {"uv": [0.375, 6, 2, 6.125], "rotation": 270, "texture": "#0"}
			}
		},
		{
			"name": "3_11",
			"from": [8.025, 9.75, 0.5],
			"to": [10.1, 9.875, 2],
			"rotation": {"angle": 0, "axis": "y", "origin": [1, 8, 8]},
			"faces": {
				"north": {"uv": [0.5, 6.125, 0.625, 6.25], "texture": "#0"},
				"east": {"uv": [0.5, 6.25, 2, 6.125], "rotation": 180, "texture": "#0"},
				"south": {"uv": [1.875, 6.125, 2, 6.25], "texture": "#0"},
				"west": {"uv": [0.5, 6.125, 2, 6.25], "texture": "#0"},
				"up": {"uv": [2, 6.125, 0.5, 6.25], "rotation": 270, "texture": "#0"},
				"down": {"uv": [0.5, 6.125, 2, 6.25], "rotation": 270, "texture": "#0"}
			}
		},
		{
			"name": "3_12",
			"from": [8.025, 9.625, 0.625],
			"to": [10.1, 9.75, 2],
			"rotation": {"angle": 0, "axis": "y", "origin": [1, 8, 8]},
			"faces": {
				"north": {"uv": [0.625, 6.25, 0.75, 6.375], "texture": "#0"},
				"east": {"uv": [0.625, 6.375, 2, 6.25], "rotation": 180, "texture": "#0"},
				"south": {"uv": [1.875, 6.25, 2, 6.375], "texture": "#0"},
				"west": {"uv": [0.625, 6.25, 2, 6.375], "texture": "#0"},
				"up": {"uv": [2, 6.25, 0.625, 6.375], "rotation": 270, "texture": "#0"},
				"down": {"uv": [0.625, 6.25, 2, 6.375], "rotation": 270, "texture": "#0"}
			}
		},
		{
			"name": "3_13",
			"from": [8.025, 9.5, 0.75],
			"to": [10.1, 9.625, 2],
			"rotation": {"angle": 0, "axis": "y", "origin": [1, 8, 8]},
			"faces": {
				"north": {"uv": [0.75, 6.375, 0.875, 6.5], "texture": "#0"},
				"east": {"uv": [0.75, 6.5, 2, 6.375], "rotation": 180, "texture": "#0"},
				"south": {"uv": [1.875, 6.375, 2, 6.5], "texture": "#0"},
				"west": {"uv": [0.75, 6.375, 2, 6.5], "texture": "#0"},
				"up": {"uv": [2, 6.375, 0.75, 6.5], "rotation": 270, "texture": "#0"},
				"down": {"uv": [0.75, 6.375, 2, 6.5], "rotation": 270, "texture": "#0"}
			}
		},
		{
			"name": "4_0",
			"from": [8.225, 9.375, 0.75],
			"to": [9.9, 9.5, 10.125],
			"rotation": {"angle": 0, "axis": "y", "origin": [1, 8, 8]},
			"faces": {
				"north": {"uv": [0.75, 6.5, 0.875, 6.625], "texture": "#0"},
				"east": {"uv": [0.75, 6.625, 10.125, 6.5], "rotation": 180, "texture": "#0"},
				"south": {"uv": [10, 6.5, 10.125, 6.625], "texture": "#0"},
				"west": {"uv": [0.75, 6.5, 10.125, 6.625], "texture": "#0"},
				"up": {"uv": [10.125, 6.5, 0.75, 6.625], "rotation": 270, "texture": "#0"},
				"down": {"uv": [0.75, 6.5, 10.125, 6.625], "rotation": 270, "texture": "#0"}
			}
		},
		{
			"name": "4_1",
			"from": [8.225, 9.25, 0.875],
			"to": [9.9, 9.375, 10.125],
			"rotation": {"angle": 0, "axis": "y", "origin": [1, 8, 8]},
			"faces": {
				"north": {"uv": [0.875, 6.625, 1, 6.75], "texture": "#0"},
				"east": {"uv": [0.875, 6.75, 10.125, 6.625], "rotation": 180, "texture": "#0"},
				"south": {"uv": [10, 6.625, 10.125, 6.75], "texture": "#0"},
				"west": {"uv": [0.875, 6.625, 10.125, 6.75], "texture": "#0"},
				"up": {"uv": [10.125, 6.625, 0.875, 6.75], "rotation": 270, "texture": "#0"},
				"down": {"uv": [0.875, 6.625, 10.125, 6.75], "rotation": 270, "texture": "#0"}
			}
		},
		{
			"name": "5_0",
			"from": [8.075, 9.5, 2.125],
			"to": [10.05, 10.875, 9.75],
			"rotation": {"angle": 0, "axis": "y", "origin": [1, 8, 8]},
			"faces": {
				"north": {"uv": [2.125, 5.125, 2.25, 6.5], "texture": "#0"},
				"east": {"uv": [2.125, 6.5, 9.75, 5.125], "rotation": 180, "texture": "#0"},
				"south": {"uv": [9.625, 5.125, 9.75, 6.5], "texture": "#0"},
				"west": {"uv": [2.125, 5.125, 9.75, 6.5], "texture": "#0"},
				"up": {"uv": [9.75, 5.125, 2.125, 5.25], "rotation": 270, "texture": "#0"},
				"down": {"uv": [2.125, 6.375, 9.75, 6.5], "rotation": 270, "texture": "#0"}
			}
		},
		{
			"name": "5_1",
			"from": [8.075, 9.5, 9.75],
			"to": [10.05, 10.625, 9.875],
			"rotation": {"angle": 0, "axis": "y", "origin": [1, 8, 8]},
			"faces": {
				"north": {"uv": [9.75, 5.375, 9.875, 6.5], "texture": "#0"},
				"east": {"uv": [9.75, 6.5, 9.875, 5.375], "rotation": 180, "texture": "#0"},
				"south": {"uv": [9.75, 5.375, 9.875, 6.5], "texture": "#0"},
				"west": {"uv": [9.75, 5.375, 9.875, 6.5], "texture": "#0"},
				"up": {"uv": [9.875, 5.375, 9.75, 5.5], "rotation": 270, "texture": "#0"},
				"down": {"uv": [9.75, 6.375, 9.875, 6.5], "rotation": 270, "texture": "#0"}
			}
		},
		{
			"name": "5_2",
			"from": [8.075, 9.5, 9.875],
			"to": [10.05, 10.125, 10],
			"rotation": {"angle": 0, "axis": "y", "origin": [1, 8, 8]},
			"faces": {
				"north": {"uv": [9.875, 5.875, 10, 6.5], "texture": "#0"},
				"east": {"uv": [9.875, 6.5, 10, 5.875], "rotation": 180, "texture": "#0"},
				"south": {"uv": [9.875, 5.875, 10, 6.5], "texture": "#0"},
				"west": {"uv": [9.875, 5.875, 10, 6.5], "texture": "#0"},
				"up": {"uv": [10, 5.875, 9.875, 6], "rotation": 270, "texture": "#0"},
				"down": {"uv": [9.875, 6.375, 10, 6.5], "rotation": 270, "texture": "#0"}
			}
		},
		{
			"name": "5_3",
			"from": [8.075, 9.5, 10],
			"to": [10.05, 9.625, 10.125],
			"rotation": {"angle": 0, "axis": "y", "origin": [1, 8, 8]},
			"faces": {
				"north": {"uv": [10, 6.375, 10.125, 6.5], "texture": "#0"},
				"east": {"uv": [10, 6.5, 10.125, 6.375], "rotation": 180, "texture": "#0"},
				"south": {"uv": [10, 6.375, 10.125, 6.5], "texture": "#0"},
				"west": {"uv": [10, 6.375, 10.125, 6.5], "texture": "#0"},
				"up": {"uv": [10.125, 6.375, 10, 6.5], "rotation": 270, "texture": "#0"},
				"down": {"uv": [10, 6.375, 10.125, 6.5], "rotation": 270, "texture": "#0"}
			}
		},
		{
			"name": "6_0",
			"from": [7.875, 10.875, 7.125],
			"to": [10.25, 12, 9.75],
			"rotation": {"angle": 0, "axis": "y", "origin": [1, 8, 8]},
			"faces": {
				"north": {"uv": [7.125, 4, 7.25, 5.125], "texture": "#0"},
				"east": {"uv": [7.125, 5.125, 9.75, 4], "rotation": 180, "texture": "#0"},
				"south": {"uv": [9.625, 4, 9.75, 5.125], "texture": "#0"},
				"west": {"uv": [7.125, 4, 9.75, 5.125], "texture": "#0"},
				"up": {"uv": [9.75, 4, 7.125, 4.125], "rotation": 270, "texture": "#0"},
				"down": {"uv": [7.125, 5, 9.75, 5.125], "rotation": 270, "texture": "#0"}
			}
		},
		{
			"name": "6_1",
			"from": [7.875, 11, 9.75],
			"to": [10.25, 12, 11.375],
			"rotation": {"angle": 0, "axis": "y", "origin": [1, 8, 8]},
			"faces": {
				"north": {"uv": [9.75, 4, 9.875, 5], "texture": "#0"},
				"east": {"uv": [9.75, 5, 11.375, 4], "rotation": 180, "texture": "#0"},
				"south": {"uv": [11.25, 4, 11.375, 5], "texture": "#0"},
				"west": {"uv": [9.75, 4, 11.375, 5], "texture": "#0"},
				"up": {"uv": [11.375, 4, 9.75, 4.125], "rotation": 270, "texture": "#0"},
				"down": {"uv": [9.75, 4.875, 11.375, 5], "rotation": 270, "texture": "#0"}
			}
		},
		{
			"name": "6_2",
			"from": [7.875, 11, 11.375],
			"to": [10.25, 11.625, 11.5],
			"rotation": {"angle": 0, "axis": "y", "origin": [1, 8, 8]},
			"faces": {
				"north": {"uv": [11.375, 4.375, 11.5, 5], "texture": "#0"},
				"east": {"uv": [11.375, 5, 11.5, 4.375], "rotation": 180, "texture": "#0"},
				"south": {"uv": [11.375, 4.375, 11.5, 5], "texture": "#0"},
				"west": {"uv": [11.375, 4.375, 11.5, 5], "texture": "#0"},
				"up": {"uv": [11.5, 4.375, 11.375, 4.5], "rotation": 270, "texture": "#0"},
				"down": {"uv": [11.375, 4.875, 11.5, 5], "rotation": 270, "texture": "#0"}
			}
		},
		{
			"name": "6_3",
			"from": [7.875, 11, 11.5],
			"to": [10.25, 11.25, 11.625],
			"rotation": {"angle": 0, "axis": "y", "origin": [1, 8, 8]},
			"faces": {
				"north": {"uv": [11.5, 4.75, 11.625, 5], "texture": "#0"},
				"east": {"uv": [11.5, 5, 11.625, 4.75], "rotation": 180, "texture": "#0"},
				"south": {"uv": [11.5, 4.75, 11.625, 5], "texture": "#0"},
				"west": {"uv": [11.5, 4.75, 11.625, 5], "texture": "#0"},
				"up": {"uv": [11.625, 4.75, 11.5, 4.875], "rotation": 270, "texture": "#0"},
				"down": {"uv": [11.5, 4.875, 11.625, 5], "rotation": 270, "texture": "#0"}
			}
		},
		{
			"name": "7_0",
			"from": [7.975, 11.25, 12],
			"to": [10.15, 12.125, 12.625],
			"rotation": {"angle": 0, "axis": "y", "origin": [1, 8, 8]},
			"faces": {
				"north": {"uv": [12, 3.875, 12.125, 4.75], "texture": "#0"},
				"east": {"uv": [12, 4.75, 12.625, 3.875], "rotation": 180, "texture": "#0"},
				"south": {"uv": [8, 13.875, 7.375, 16], "rotation": 270, "texture": "#0"},
				"west": {"uv": [12, 3.875, 12.625, 4.75], "texture": "#0"},
				"up": {"uv": [8, 13.875, 7.375, 16], "rotation": 270, "texture": "#0"},
				"down": {"uv": [12, 4.625, 12.625, 4.75], "rotation": 270, "texture": "#0"}
			}
		},
		{
			"name": "7_1",
			"from": [7.975, 11.625, 11.375],
			"to": [10.15, 12, 12],
			"rotation": {"angle": 0, "axis": "y", "origin": [1, 8, 8]},
			"faces": {
				"north": {"uv": [11.375, 4, 11.5, 4.375], "texture": "#0"},
				"east": {"uv": [11.375, 4.375, 12, 4], "rotation": 180, "texture": "#0"},
				"south": {"uv": [11.875, 4, 12, 4.375], "texture": "#0"},
				"west": {"uv": [11.375, 4, 12, 4.375], "texture": "#0"},
				"up": {"uv": [8, 13.875, 7.375, 16], "rotation": 270, "texture": "#0"},
				"down": {"uv": [11.375, 4.25, 12, 4.375], "rotation": 270, "texture": "#0"}
			}
		},
		{
			"name": "7_2",
			"from": [7.975, 11.25, 12.625],
			"to": [10.15, 12, 13],
			"rotation": {"angle": 0, "axis": "y", "origin": [1, 8, 8]},
			"faces": {
				"north": {"uv": [12.625, 4, 12.75, 4.75], "texture": "#0"},
				"east": {"uv": [12.625, 4.75, 13, 4], "rotation": 180, "texture": "#0"},
				"south": {"uv": [8, 13.875, 7.375, 16], "rotation": 270, "texture": "#0"},
				"west": {"uv": [12.625, 4, 13, 4.75], "texture": "#0"},
				"up": {"uv": [8, 13.875, 7.375, 16], "rotation": 270, "texture": "#0"},
				"down": {"uv": [12.625, 4.625, 13, 4.75], "rotation": 270, "texture": "#0"}
			}
		},
		{
			"name": "7_3",
			"from": [7.975, 11.25, 13],
			"to": [10.15, 11.875, 14],
			"rotation": {"angle": 0, "axis": "y", "origin": [1, 8, 8]},
			"faces": {
				"north": {"uv": [13, 4.125, 13.125, 4.75], "texture": "#0"},
				"east": {"uv": [13, 4.75, 14, 4.125], "rotation": 180, "texture": "#0"},
				"south": {"uv": [8, 13.875, 7.375, 16], "rotation": 270, "texture": "#0"},
				"west": {"uv": [13, 4.125, 14, 4.75], "texture": "#0"},
				"up": {"uv": [8, 13.875, 7.375, 16], "rotation": 270, "texture": "#0"},
				"down": {"uv": [13, 4.625, 14, 4.75], "rotation": 270, "texture": "#0"}
			}
		},
		{
			"name": "7_4",
			"from": [7.975, 9.25, 14],
			"to": [10.15, 11.75, 14.125],
			"rotation": {"angle": 0, "axis": "y", "origin": [1, 8, 8]},
			"faces": {
				"north": {"uv": [14, 4.25, 14.125, 6.75], "texture": "#0"},
				"east": {"uv": [14, 6.75, 14.125, 4.25], "rotation": 180, "texture": "#0"},
				"south": {"uv": [8, 13.875, 7.375, 16], "rotation": 270, "texture": "#0"},
				"west": {"uv": [14, 4.25, 14.125, 6.75], "texture": "#0"},
				"up": {"uv": [8, 13.875, 7.375, 16], "rotation": 270, "texture": "#0"},
				"down": {"uv": [14, 6.625, 14.125, 6.75], "rotation": 270, "texture": "#0"}
			}
		},
		{
			"name": "7_5",
			"from": [7.975, 11.25, 11.5],
			"to": [10.15, 11.625, 12],
			"rotation": {"angle": 0, "axis": "y", "origin": [1, 8, 8]},
			"faces": {
				"north": {"uv": [11.5, 4.375, 11.625, 4.75], "texture": "#0"},
				"east": {"uv": [11.5, 4.75, 12, 4.375], "rotation": 180, "texture": "#0"},
				"south": {"uv": [11.875, 4.375, 12, 4.75], "texture": "#0"},
				"west": {"uv": [11.5, 4.375, 12, 4.75], "texture": "#0"},
				"up": {"uv": [12, 4.375, 11.5, 4.5], "rotation": 270, "texture": "#0"},
				"down": {"uv": [11.5, 4.625, 12, 4.75], "rotation": 270, "texture": "#0"}
			}
		},
		{
			"name": "7_6",
			"from": [7.975, 9.25, 14.125],
			"to": [10.15, 11.5, 14.25],
			"rotation": {"angle": 0, "axis": "y", "origin": [1, 8, 8]},
			"faces": {
				"north": {"uv": [14.125, 4.5, 14.25, 6.75], "texture": "#0"},
				"east": {"uv": [14.125, 6.75, 14.25, 4.5], "rotation": 180, "texture": "#0"},
				"south": {"uv": [8, 13.875, 7.375, 16], "rotation": 270, "texture": "#0"},
				"west": {"uv": [14.125, 4.5, 14.25, 6.75], "texture": "#0"},
				"up": {"uv": [8, 13.875, 7.375, 16], "rotation": 270, "texture": "#0"},
				"down": {"uv": [14.125, 6.625, 14.25, 6.75], "rotation": 270, "texture": "#0"}
			}
		},
		{
			"name": "7_7",
			"from": [7.975, 9.25, 11.625],
			"to": [10.15, 11.25, 12.125],
			"rotation": {"angle": 0, "axis": "y", "origin": [1, 8, 8]},
			"faces": {
				"north": {"uv": [11.625, 4.75, 11.75, 6.75], "texture": "#0"},
				"east": {"uv": [11.625, 6.75, 12.125, 4.75], "rotation": 180, "texture": "#0"},
				"south": {"uv": [12, 4.75, 12.125, 6.75], "texture": "#0"},
				"west": {"uv": [11.625, 4.75, 12.125, 6.75], "texture": "#0"},
				"up": {"uv": [12.125, 4.75, 11.625, 4.875], "rotation": 270, "texture": "#0"},
				"down": {"uv": [11.625, 6.625, 12.125, 6.75], "rotation": 270, "texture": "#0"}
			}
		},
		{
			"name": "7_8",
			"from": [7.975, 11.125, 12.375],
			"to": [10.15, 11.25, 12.75],
			"rotation": {"angle": 0, "axis": "y", "origin": [1, 8, 8]},
			"faces": {
				"north": {"uv": [12.375, 4.75, 12.5, 4.875], "texture": "#0"},
				"east": {"uv": [12.375, 4.875, 12.75, 4.75], "rotation": 180, "texture": "#0"},
				"south": {"uv": [12.625, 4.75, 12.75, 4.875], "texture": "#0"},
				"west": {"uv": [12.375, 4.75, 12.75, 4.875], "texture": "#0"},
				"up": {"uv": [12.75, 4.75, 12.375, 4.875], "rotation": 270, "texture": "#0"},
				"down": {"uv": [12.375, 4.75, 12.75, 4.875], "rotation": 270, "texture": "#0"}
			}
		},
		{
			"name": "7_9",
			"from": [7.975, 9.25, 13.5],
			"to": [10.15, 11.25, 14],
			"rotation": {"angle": 0, "axis": "y", "origin": [1, 8, 8]},
			"faces": {
				"north": {"uv": [13.5, 4.75, 13.625, 6.75], "texture": "#0"},
				"east": {"uv": [13.5, 6.75, 14, 4.75], "rotation": 180, "texture": "#0"},
				"south": {"uv": [13.875, 4.75, 14, 6.75], "texture": "#0"},
				"west": {"uv": [13.5, 4.75, 14, 6.75], "texture": "#0"},
				"up": {"uv": [14, 4.75, 13.5, 4.875], "rotation": 270, "texture": "#0"},
				"down": {"uv": [13.5, 6.625, 14, 6.75], "rotation": 270, "texture": "#0"}
			}
		},
		{
			"name": "7_10",
			"from": [7.975, 9.25, 14.25],
			"to": [10.15, 11.125, 14.375],
			"rotation": {"angle": 0, "axis": "y", "origin": [1, 8, 8]},
			"faces": {
				"north": {"uv": [14.25, 4.875, 14.375, 6.75], "texture": "#0"},
				"east": {"uv": [14.25, 6.75, 14.375, 4.875], "rotation": 180, "texture": "#0"},
				"south": {"uv": [8, 13.875, 7.375, 16], "rotation": 270, "texture": "#0"},
				"west": {"uv": [14.25, 4.875, 14.375, 6.75], "texture": "#0"},
				"up": {"uv": [8, 13.875, 7.375, 16], "rotation": 270, "texture": "#0"},
				"down": {"uv": [14.25, 6.625, 14.375, 6.75], "rotation": 270, "texture": "#0"}
			}
		},
		{
			"name": "7_11",
			"from": [7.975, 10.625, 9.75],
			"to": [10.15, 11, 11.625],
			"rotation": {"angle": 0, "axis": "y", "origin": [1, 8, 8]},
			"faces": {
				"north": {"uv": [9.75, 5, 9.875, 5.375], "texture": "#0"},
				"east": {"uv": [9.75, 5.375, 11.625, 5], "rotation": 180, "texture": "#0"},
				"south": {"uv": [11.5, 5, 11.625, 5.375], "texture": "#0"},
				"west": {"uv": [9.75, 5, 11.625, 5.375], "texture": "#0"},
				"up": {"uv": [11.625, 5, 9.75, 5.125], "rotation": 270, "texture": "#0"},
				"down": {"uv": [9.75, 5.25, 11.625, 5.375], "rotation": 270, "texture": "#0"}
			}
		},
		{
			"name": "7_12",
			"from": [7.975, 9.25, 12.125],
			"to": [10.15, 10.875, 12.25],
			"rotation": {"angle": 0, "axis": "y", "origin": [1, 8, 8]},
			"faces": {
				"north": {"uv": [12.125, 5.125, 12.25, 6.75], "texture": "#0"},
				"east": {"uv": [12.125, 6.75, 12.25, 5.125], "rotation": 180, "texture": "#0"},
				"south": {"uv": [12.125, 5.125, 12.25, 6.75], "texture": "#0"},
				"west": {"uv": [12.125, 5.125, 12.25, 6.75], "texture": "#0"},
				"up": {"uv": [12.25, 5.125, 12.125, 5.25], "rotation": 270, "texture": "#0"},
				"down": {"uv": [12.125, 6.625, 12.25, 6.75], "rotation": 270, "texture": "#0"}
			}
		},
		{
			"name": "7_13",
			"from": [7.975, 9.25, 12.25],
			"to": [10.15, 10.75, 12.375],
			"rotation": {"angle": 0, "axis": "y", "origin": [1, 8, 8]},
			"faces": {
				"north": {"uv": [12.25, 5.25, 12.375, 6.75], "texture": "#0"},
				"east": {"uv": [12.25, 6.75, 12.375, 5.25], "rotation": 180, "texture": "#0"},
				"south": {"uv": [12.25, 5.25, 12.375, 6.75], "texture": "#0"},
				"west": {"uv": [12.25, 5.25, 12.375, 6.75], "texture": "#0"},
				"up": {"uv": [12.375, 5.25, 12.25, 5.375], "rotation": 270, "texture": "#0"},
				"down": {"uv": [12.25, 6.625, 12.375, 6.75], "rotation": 270, "texture": "#0"}
			}
		},
		{
			"name": "7_14",
			"from": [7.975, 10.125, 9.875],
			"to": [10.15, 10.625, 11.625],
			"rotation": {"angle": 0, "axis": "y", "origin": [1, 8, 8]},
			"faces": {
				"north": {"uv": [9.875, 5.375, 10, 5.875], "texture": "#0"},
				"east": {"uv": [9.875, 5.875, 11.625, 5.375], "rotation": 180, "texture": "#0"},
				"south": {"uv": [11.5, 5.375, 11.625, 5.875], "texture": "#0"},
				"west": {"uv": [9.875, 5.375, 11.625, 5.875], "texture": "#0"},
				"up": {"uv": [11.625, 5.375, 9.875, 5.5], "rotation": 270, "texture": "#0"},
				"down": {"uv": [9.875, 5.75, 11.625, 5.875], "rotation": 270, "texture": "#0"}
			}
		},
		{
			"name": "7_15",
			"from": [7.975, 9.25, 12.375],
			"to": [10.15, 10.625, 12.5],
			"rotation": {"angle": 0, "axis": "y", "origin": [1, 8, 8]},
			"faces": {
				"north": {"uv": [12.375, 5.375, 12.5, 6.75], "texture": "#0"},
				"east": {"uv": [12.375, 6.75, 12.5, 5.375], "rotation": 180, "texture": "#0"},
				"south": {"uv": [12.375, 5.375, 12.5, 6.75], "texture": "#0"},
				"west": {"uv": [12.375, 5.375, 12.5, 6.75], "texture": "#0"},
				"up": {"uv": [12.5, 5.375, 12.375, 5.5], "rotation": 270, "texture": "#0"},
				"down": {"uv": [12.375, 6.625, 12.5, 6.75], "rotation": 270, "texture": "#0"}
			}
		},
		{
			"name": "7_16",
			"from": [7.975, 9.25, 13.375],
			"to": [10.15, 10.625, 13.5],
			"rotation": {"angle": 0, "axis": "y", "origin": [1, 8, 8]},
			"faces": {
				"north": {"uv": [13.375, 5.375, 13.5, 6.75], "texture": "#0"},
				"east": {"uv": [13.375, 6.75, 13.5, 5.375], "rotation": 180, "texture": "#0"},
				"south": {"uv": [13.375, 5.375, 13.5, 6.75], "texture": "#0"},
				"west": {"uv": [13.375, 5.375, 13.5, 6.75], "texture": "#0"},
				"up": {"uv": [13.5, 5.375, 13.375, 5.5], "rotation": 270, "texture": "#0"},
				"down": {"uv": [13.375, 6.625, 13.5, 6.75], "rotation": 270, "texture": "#0"}
			}
		},
		{
			"name": "7_17",
			"from": [7.975, 9.25, 14.375],
			"to": [10.15, 10.625, 14.5],
			"rotation": {"angle": 0, "axis": "y", "origin": [1, 8, 8]},
			"faces": {
				"north": {"uv": [14.375, 5.375, 14.5, 6.75], "texture": "#0"},
				"east": {"uv": [14.375, 6.75, 14.5, 5.375], "rotation": 180, "texture": "#0"},
				"south": {"uv": [8, 13.875, 7.375, 16], "rotation": 270, "texture": "#0"},
				"west": {"uv": [14.375, 5.375, 14.5, 6.75], "texture": "#0"},
				"up": {"uv": [8, 13.875, 7.375, 16], "rotation": 270, "texture": "#0"},
				"down": {"uv": [14.375, 6.625, 14.5, 6.75], "rotation": 270, "texture": "#0"}
			}
		},
		{
			"name": "7_18",
			"from": [7.975, 9.25, 12.5],
			"to": [10.15, 10.5, 13.375],
			"rotation": {"angle": 0, "axis": "y", "origin": [1, 8, 8]},
			"faces": {
				"north": {"uv": [12.5, 5.5, 12.625, 6.75], "texture": "#0"},
				"east": {"uv": [12.5, 6.75, 13.375, 5.5], "rotation": 180, "texture": "#0"},
				"south": {"uv": [13.25, 5.5, 13.375, 6.75], "texture": "#0"},
				"west": {"uv": [12.5, 5.5, 13.375, 6.75], "texture": "#0"},
				"up": {"uv": [13.375, 5.5, 12.5, 5.625], "rotation": 270, "texture": "#0"},
				"down": {"uv": [12.5, 6.625, 13.375, 6.75], "rotation": 270, "texture": "#0"}
			}
		},
		{
			"name": "7_19",
			"from": [7.975, 9.25, 14.5],
			"to": [10.15, 10.375, 14.75],
			"rotation": {"angle": 0, "axis": "y", "origin": [1, 8, 8]},
			"faces": {
				"north": {"uv": [14.5, 5.625, 14.625, 6.75], "texture": "#0"},
				"east": {"uv": [14.5, 6.75, 14.75, 5.625], "rotation": 180, "texture": "#0"},
				"south": {"uv": [8, 13.875, 7.375, 16], "rotation": 270, "texture": "#0"},
				"west": {"uv": [14.5, 5.625, 14.75, 6.75], "texture": "#0"},
				"up": {"uv": [8, 13.875, 7.375, 16], "rotation": 270, "texture": "#0"},
				"down": {"uv": [14.5, 6.625, 14.75, 6.75], "rotation": 270, "texture": "#0"}
			}
		},
		{
			"name": "7_20",
			"from": [7.975, 9.625, 10],
			"to": [10.15, 10.125, 11.625],
			"rotation": {"angle": 0, "axis": "y", "origin": [1, 8, 8]},
			"faces": {
				"north": {"uv": [10, 5.875, 10.125, 6.375], "texture": "#0"},
				"east": {"uv": [10, 6.375, 11.625, 5.875], "rotation": 180, "texture": "#0"},
				"south": {"uv": [11.5, 5.875, 11.625, 6.375], "texture": "#0"},
				"west": {"uv": [10, 5.875, 11.625, 6.375], "texture": "#0"},
				"up": {"uv": [11.625, 5.875, 10, 6], "rotation": 270, "texture": "#0"},
				"down": {"uv": [10, 6.25, 11.625, 6.375], "rotation": 270, "texture": "#0"}
			}
		},
		{
			"name": "7_21",
			"from": [7.975, 9.25, 14.75],
			"to": [10.15, 9.875, 14.875],
			"rotation": {"angle": 0, "axis": "y", "origin": [1, 8, 8]},
			"faces": {
				"north": {"uv": [14.75, 6.125, 14.875, 6.75], "texture": "#0"},
				"east": {"uv": [14.75, 6.75, 14.875, 6.125], "rotation": 180, "texture": "#0"},
				"south": {"uv": [8, 13.875, 7.375, 16], "rotation": 270, "texture": "#0"},
				"west": {"uv": [14.75, 6.125, 14.875, 6.75], "texture": "#0"},
				"up": {"uv": [8, 13.875, 7.375, 16], "rotation": 270, "texture": "#0"},
				"down": {"uv": [14.75, 6.625, 14.875, 6.75], "rotation": 270, "texture": "#0"}
			}
		},
		{
			"name": "7_22",
			"from": [7.975, 9.25, 10.125],
			"to": [10.15, 9.625, 11.625],
			"rotation": {"angle": 0, "axis": "y", "origin": [1, 8, 8]},
			"faces": {
				"north": {"uv": [10.125, 6.375, 10.25, 6.75], "texture": "#0"},
				"east": {"uv": [10.125, 6.75, 11.625, 6.375], "rotation": 180, "texture": "#0"},
				"south": {"uv": [11.5, 6.375, 11.625, 6.75], "texture": "#0"},
				"west": {"uv": [10.125, 6.375, 11.625, 6.75], "texture": "#0"},
				"up": {"uv": [11.625, 6.375, 10.125, 6.5], "rotation": 270, "texture": "#0"},
				"down": {"uv": [10.125, 6.625, 11.625, 6.75], "rotation": 270, "texture": "#0"}
			}
		},
		{
			"name": "7_23",
			"from": [7.975, 9.25, 14.875],
			"to": [10.15, 9.375, 15],
			"rotation": {"angle": 0, "axis": "y", "origin": [1, 8, 8]},
			"faces": {
				"north": {"uv": [14.875, 6.625, 15, 6.75], "texture": "#0"},
				"east": {"uv": [14.875, 6.75, 15, 6.625], "rotation": 180, "texture": "#0"},
				"south": {"uv": [8, 13.875, 7.375, 16], "rotation": 270, "texture": "#0"},
				"west": {"uv": [14.875, 6.625, 15, 6.75], "texture": "#0"},
				"up": {"uv": [8, 13.875, 7.375, 16], "rotation": 270, "texture": "#0"},
				"down": {"uv": [14.875, 6.625, 15, 6.75], "rotation": 270, "texture": "#0"}
			}
		},
		{
			"name": "8_0",
			"from": [7.825, 10.875, 12.125],
			"to": [10.3, 11.25, 12.375],
			"rotation": {"angle": 0, "axis": "y", "origin": [1, 8, 8]},
			"faces": {
				"north": {"uv": [12.125, 4.75, 12.25, 5.125], "texture": "#0"},
				"east": {"uv": [12.125, 5.125, 12.375, 4.75], "rotation": 180, "texture": "#0"},
				"south": {"uv": [12.25, 4.75, 12.375, 5.125], "texture": "#0"},
				"west": {"uv": [12.125, 4.75, 12.375, 5.125], "texture": "#0"},
				"up": {"uv": [12.375, 4.75, 12.125, 4.875], "rotation": 270, "texture": "#0"},
				"down": {"uv": [12.125, 5, 12.375, 5.125], "rotation": 270, "texture": "#0"}
			}
		},
		{
			"name": "8_1",
			"from": [7.825, 10.625, 12.75],
			"to": [10.3, 11.25, 13.5],
			"rotation": {"angle": 0, "axis": "y", "origin": [1, 8, 8]},
			"faces": {
				"north": {"uv": [12.75, 4.75, 12.875, 5.375], "texture": "#0"},
				"east": {"uv": [12.75, 5.375, 13.5, 4.75], "rotation": 180, "texture": "#0"},
				"south": {"uv": [13.375, 4.75, 13.5, 5.375], "texture": "#0"},
				"west": {"uv": [12.75, 4.75, 13.5, 5.375], "texture": "#0"},
				"up": {"uv": [13.5, 4.75, 12.75, 4.875], "rotation": 270, "texture": "#0"},
				"down": {"uv": [12.75, 5.25, 13.5, 5.375], "rotation": 270, "texture": "#0"}
			}
		},
		{
			"name": "8_2",
			"from": [7.825, 10.625, 12.375],
			"to": [10.3, 11.125, 12.75],
			"rotation": {"angle": 0, "axis": "y", "origin": [1, 8, 8]},
			"faces": {
				"north": {"uv": [12.375, 4.875, 12.5, 5.375], "texture": "#0"},
				"east": {"uv": [12.375, 5.375, 12.75, 4.875], "rotation": 180, "texture": "#0"},
				"south": {"uv": [12.625, 4.875, 12.75, 5.375], "texture": "#0"},
				"west": {"uv": [12.375, 4.875, 12.75, 5.375], "texture": "#0"},
				"up": {"uv": [12.75, 4.875, 12.375, 5], "rotation": 270, "texture": "#0"},
				"down": {"uv": [12.375, 5.25, 12.75, 5.375], "rotation": 270, "texture": "#0"}
			}
		},
		{
			"name": "8_3",
			"from": [7.825, 10.75, 12.25],
			"to": [10.3, 10.875, 12.375],
			"rotation": {"angle": 0, "axis": "y", "origin": [1, 8, 8]},
			"faces": {
				"north": {"uv": [12.25, 5.125, 12.375, 5.25], "texture": "#0"},
				"east": {"uv": [12.25, 5.25, 12.375, 5.125], "rotation": 180, "texture": "#0"},
				"south": {"uv": [12.25, 5.125, 12.375, 5.25], "texture": "#0"},
				"west": {"uv": [12.25, 5.125, 12.375, 5.25], "texture": "#0"},
				"up": {"uv": [12.375, 5.125, 12.25, 5.25], "rotation": 270, "texture": "#0"},
				"down": {"uv": [12.25, 5.125, 12.375, 5.25], "rotation": 270, "texture": "#0"}
			}
		},
		{
			"name": "8_4",
			"from": [7.825, 10.5, 12.5],
			"to": [10.3, 10.625, 13.375],
			"rotation": {"angle": 0, "axis": "y", "origin": [1, 8, 8]},
			"faces": {
				"north": {"uv": [12.5, 5.375, 12.625, 5.5], "texture": "#0"},
				"east": {"uv": [12.5, 5.5, 13.375, 5.375], "rotation": 180, "texture": "#0"},
				"south": {"uv": [13.25, 5.375, 13.375, 5.5], "texture": "#0"},
				"west": {"uv": [12.5, 5.375, 13.375, 5.5], "texture": "#0"},
				"up": {"uv": [13.375, 5.375, 12.5, 5.5], "rotation": 270, "texture": "#0"},
				"down": {"uv": [12.5, 5.375, 13.375, 5.5], "rotation": 270, "texture": "#0"}
			}
		},
		{
			"name": "9_0",
			"from": [8.725, 11.875, 13.5],
			"to": [9.4, 12.5, 14],
			"rotation": {"angle": 0, "axis": "y", "origin": [1, 8, 8]},
			"faces": {
				"north": {"uv": [10.625, 15.375, 10.125, 16], "rotation": 270, "texture": "#0"},
				"east": {"uv": [13.5, 4.125, 14, 3.5], "rotation": 180, "texture": "#0"},
				"south": {"uv": [13.875, 3.5, 14, 4.125], "texture": "#0"},
				"west": {"uv": [13.5, 3.5, 14, 4.125], "texture": "#0"},
				"up": {"uv": [10.625, 15.375, 10.125, 16], "rotation": 270, "texture": "#0"},
				"down": {"uv": [13.5, 4, 14, 4.125], "rotation": 270, "texture": "#0"}
			}
		},
		{
			"name": "9_1",
			"from": [8.725, 11.875, 13.375],
			"to": [9.4, 12.375, 13.5],
			"rotation": {"angle": 0, "axis": "y", "origin": [1, 8, 8]},
			"faces": {
				"north": {"uv": [10.625, 15.375, 10.125, 16], "rotation": 270, "texture": "#0"},
				"east": {"uv": [13.375, 4.125, 13.5, 3.625], "rotation": 180, "texture": "#0"},
				"south": {"uv": [13.375, 3.625, 13.5, 4.125], "texture": "#0"},
				"west": {"uv": [13.375, 3.625, 13.5, 4.125], "texture": "#0"},
				"up": {"uv": [10.625, 15.375, 10.125, 16], "rotation": 270, "texture": "#0"},
				"down": {"uv": [13.375, 4, 13.5, 4.125], "rotation": 270, "texture": "#0"}
			}
		},
		{
			"name": "9_2",
			"from": [8.725, 11.875, 13.125],
			"to": [9.4, 12.25, 13.375],
			"rotation": {"angle": 0, "axis": "y", "origin": [1, 8, 8]},
			"faces": {
				"north": {"uv": [10.625, 15.375, 10.125, 16], "rotation": 270, "texture": "#0"},
				"east": {"uv": [13.125, 4.125, 13.375, 3.75], "rotation": 180, "texture": "#0"},
				"south": {"uv": [13.25, 3.75, 13.375, 4.125], "texture": "#0"},
				"west": {"uv": [13.125, 3.75, 13.375, 4.125], "texture": "#0"},
				"up": {"uv": [10.625, 15.375, 10.125, 16], "rotation": 270, "texture": "#0"},
				"down": {"uv": [13.125, 4, 13.375, 4.125], "rotation": 270, "texture": "#0"}
			}
		},
		{
			"name": "9_3",
			"from": [8.725, 11.875, 13],
			"to": [9.4, 12.125, 13.125],
			"rotation": {"angle": 0, "axis": "y", "origin": [1, 8, 8]},
			"faces": {
				"north": {"uv": [10.625, 15.375, 10.125, 16], "rotation": 270, "texture": "#0"},
				"east": {"uv": [13, 4.125, 13.125, 3.875], "rotation": 180, "texture": "#0"},
				"south": {"uv": [13, 3.875, 13.125, 4.125], "texture": "#0"},
				"west": {"uv": [13, 3.875, 13.125, 4.125], "texture": "#0"},
				"up": {"uv": [10.625, 15.375, 10.125, 16], "rotation": 270, "texture": "#0"},
				"down": {"uv": [13, 4, 13.125, 4.125], "rotation": 270, "texture": "#0"}
			}
		},
		{
			"name": "10_0",
			"from": [8.725, 10.875, 14.75],
			"to": [9.4, 11.25, 15.25],
			"rotation": {"angle": 0, "axis": "y", "origin": [1, 8, 8]},
			"faces": {
				"north": {"uv": [14.75, 4.75, 14.875, 5.125], "texture": "#0"},
				"east": {"uv": [14.75, 5.125, 15.25, 4.75], "rotation": 180, "texture": "#0"},
				"south": {"uv": [10.625, 15.375, 10.125, 16], "rotation": 270, "texture": "#0"},
				"west": {"uv": [14.75, 4.75, 15.25, 5.125], "texture": "#0"},
				"up": {"uv": [10.625, 15.375, 10.125, 16], "rotation": 270, "texture": "#0"},
				"down": {"uv": [14.75, 5, 15.25, 5.125], "rotation": 270, "texture": "#0"}
			}
		},
		{
			"name": "10_1",
			"from": [8.725, 10.375, 14.625],
			"to": [9.4, 11.125, 14.75],
			"rotation": {"angle": 0, "axis": "y", "origin": [1, 8, 8]},
			"faces": {
				"north": {"uv": [14.625, 4.875, 14.75, 5.625], "texture": "#0"},
				"east": {"uv": [14.625, 5.625, 14.75, 4.875], "rotation": 180, "texture": "#0"},
				"south": {"uv": [14.625, 4.875, 14.75, 5.625], "texture": "#0"},
				"west": {"uv": [14.625, 4.875, 14.75, 5.625], "texture": "#0"},
				"up": {"uv": [10.625, 15.375, 10.125, 16], "rotation": 270, "texture": "#0"},
				"down": {"uv": [14.625, 5.5, 14.75, 5.625], "rotation": 270, "texture": "#0"}
			}
		},
		{
			"name": "10_2",
			"from": [8.725, 10.625, 14.375],
			"to": [9.4, 11, 14.625],
			"rotation": {"angle": 0, "axis": "y", "origin": [1, 8, 8]},
			"faces": {
				"north": {"uv": [14.375, 5, 14.5, 5.375], "texture": "#0"},
				"east": {"uv": [14.375, 5.375, 14.625, 5], "rotation": 180, "texture": "#0"},
				"south": {"uv": [14.5, 5, 14.625, 5.375], "texture": "#0"},
				"west": {"uv": [14.375, 5, 14.625, 5.375], "texture": "#0"},
				"up": {"uv": [10.625, 15.375, 10.125, 16], "rotation": 270, "texture": "#0"},
				"down": {"uv": [14.375, 5.25, 14.625, 5.375], "rotation": 270, "texture": "#0"}
			}
		},
		{
			"name": "10_3",
			"from": [8.725, 10.625, 14.75],
			"to": [9.4, 10.875, 15],
			"rotation": {"angle": 0, "axis": "y", "origin": [1, 8, 8]},
			"faces": {
				"north": {"uv": [14.75, 5.125, 14.875, 5.375], "texture": "#0"},
				"east": {"uv": [14.75, 5.375, 15, 5.125], "rotation": 180, "texture": "#0"},
				"south": {"uv": [10.625, 15.375, 10.125, 16], "rotation": 270, "texture": "#0"},
				"west": {"uv": [14.75, 5.125, 15, 5.375], "texture": "#0"},
				"up": {"uv": [15, 5.125, 14.75, 5.25], "rotation": 270, "texture": "#0"},
				"down": {"uv": [14.75, 5.25, 15, 5.375], "rotation": 270, "texture": "#0"}
			}
		},
		{
			"name": "10_4",
			"from": [8.725, 10.75, 15],
			"to": [9.4, 10.875, 15.125],
			"rotation": {"angle": 0, "axis": "y", "origin": [1, 8, 8]},
			"faces": {
				"north": {"uv": [15, 5.125, 15.125, 5.25], "texture": "#0"},
				"east": {"uv": [15, 5.25, 15.125, 5.125], "rotation": 180, "texture": "#0"},
				"south": {"uv": [10.625, 15.375, 10.125, 16], "rotation": 270, "texture": "#0"},
				"west": {"uv": [15, 5.125, 15.125, 5.25], "texture": "#0"},
				"up": {"uv": [15.125, 5.125, 15, 5.25], "rotation": 270, "texture": "#0"},
				"down": {"uv": [15, 5.125, 15.125, 5.25], "rotation": 270, "texture": "#0"}
			}
		},
		{
			"name": "10_5",
			"from": [8.725, 10.375, 14.5],
			"to": [9.4, 10.625, 14.625],
			"rotation": {"angle": 0, "axis": "y", "origin": [1, 8, 8]},
			"faces": {
				"north": {"uv": [14.5, 5.375, 14.625, 5.625], "texture": "#0"},
				"east": {"uv": [14.5, 5.625, 14.625, 5.375], "rotation": 180, "texture": "#0"},
				"south": {"uv": [14.5, 5.375, 14.625, 5.625], "texture": "#0"},
				"west": {"uv": [14.5, 5.375, 14.625, 5.625], "texture": "#0"},
				"up": {"uv": [14.625, 5.375, 14.5, 5.5], "rotation": 270, "texture": "#0"},
				"down": {"uv": [14.5, 5.5, 14.625, 5.625], "rotation": 270, "texture": "#0"}
			}
		},
		{
			"name": "10_6",
			"from": [8.725, 10.375, 14.75],
			"to": [9.4, 10.625, 14.875],
			"rotation": {"angle": 0, "axis": "y", "origin": [1, 8, 8]},
			"faces": {
				"north": {"uv": [14.75, 5.375, 14.875, 5.625], "texture": "#0"},
				"east": {"uv": [14.75, 5.625, 14.875, 5.375], "rotation": 180, "texture": "#0"},
				"south": {"uv": [10.625, 15.375, 10.125, 16], "rotation": 270, "texture": "#0"},
				"west": {"uv": [14.75, 5.375, 14.875, 5.625], "texture": "#0"},
				"up": {"uv": [14.875, 5.375, 14.75, 5.5], "rotation": 270, "texture": "#0"},
				"down": {"uv": [14.75, 5.5, 14.875, 5.625], "rotation": 270, "texture": "#0"}
			}
		},
		{
			"name": "11_0",
			"from": [8.375, 9.125, 6.875],
			"to": [9.75, 9.25, 15.5],
			"rotation": {"angle": 0, "axis": "y", "origin": [1, 8, 8]},
			"faces": {
				"north": {"uv": [6.875, 6.75, 7, 6.875], "texture": "#0"},
				"east": {"uv": [6.875, 6.875, 15.5, 6.75], "rotation": 180, "texture": "#0"},
				"south": {"uv": [15.375, 6.75, 15.5, 6.875], "texture": "#0"},
				"west": {"uv": [6.875, 6.75, 15.5, 6.875], "texture": "#0"},
				"up": {"uv": [15.5, 6.75, 6.875, 6.875], "rotation": 270, "texture": "#0"},
				"down": {"uv": [6.875, 6.75, 15.5, 6.875], "rotation": 270, "texture": "#0"}
			}
		},
		{
			"name": "11_1",
			"from": [8.375, 9, 7],
			"to": [9.75, 9.125, 15.75],
			"rotation": {"angle": 0, "axis": "y", "origin": [1, 8, 8]},
			"faces": {
				"north": {"uv": [7, 6.875, 7.125, 7], "texture": "#0"},
				"east": {"uv": [7, 7, 15.75, 6.875], "rotation": 180, "texture": "#0"},
				"south": {"uv": [15.625, 6.875, 15.75, 7], "texture": "#0"},
				"west": {"uv": [7, 6.875, 15.75, 7], "texture": "#0"},
				"up": {"uv": [15.75, 6.875, 7, 7], "rotation": 270, "texture": "#0"},
				"down": {"uv": [7, 6.875, 15.75, 7], "rotation": 270, "texture": "#0"}
			}
		},
		{
			"name": "11_2",
			"from": [8.375, 8.875, 7.125],
			"to": [9.75, 9, 12.5],
			"rotation": {"angle": 0, "axis": "y", "origin": [1, 8, 8]},
			"faces": {
				"north": {"uv": [7.125, 7, 7.25, 7.125], "texture": "#0"},
				"east": {"uv": [7.125, 7.125, 12.5, 7], "rotation": 180, "texture": "#0"},
				"south": {"uv": [12.375, 7, 12.5, 7.125], "texture": "#0"},
				"west": {"uv": [7.125, 7, 12.5, 7.125], "texture": "#0"},
				"up": {"uv": [12.5, 7, 7.125, 7.125], "rotation": 270, "texture": "#0"},
				"down": {"uv": [7.125, 7, 12.5, 7.125], "rotation": 270, "texture": "#0"}
			}
		},
		{
			"name": "11_3",
			"from": [8.375, 8.875, 13.5],
			"to": [9.75, 9, 15.875],
			"rotation": {"angle": 0, "axis": "y", "origin": [1, 8, 8]},
			"faces": {
				"north": {"uv": [13.5, 7, 13.625, 7.125], "texture": "#0"},
				"east": {"uv": [13.5, 7.125, 15.875, 7], "rotation": 180, "texture": "#0"},
				"south": {"uv": [15.75, 7, 15.875, 7.125], "texture": "#0"},
				"west": {"uv": [13.5, 7, 15.875, 7.125], "texture": "#0"},
				"up": {"uv": [15.875, 7, 13.5, 7.125], "rotation": 270, "texture": "#0"},
				"down": {"uv": [13.5, 7, 15.875, 7.125], "rotation": 270, "texture": "#0"}
			}
		},
		{
			"name": "11_4",
			"from": [8.375, 8.75, 7.25],
			"to": [9.75, 8.875, 12.5],
			"rotation": {"angle": 0, "axis": "y", "origin": [1, 8, 8]},
			"faces": {
				"north": {"uv": [7.25, 7.125, 7.375, 7.25], "texture": "#0"},
				"east": {"uv": [7.25, 7.25, 12.5, 7.125], "rotation": 180, "texture": "#0"},
				"south": {"uv": [12.375, 7.125, 12.5, 7.25], "texture": "#0"},
				"west": {"uv": [7.25, 7.125, 12.5, 7.25], "texture": "#0"},
				"up": {"uv": [12.5, 7.125, 7.25, 7.25], "rotation": 270, "texture": "#0"},
				"down": {"uv": [7.25, 7.125, 12.5, 7.25], "rotation": 270, "texture": "#0"}
			}
		},
		{
			"name": "11_5",
			"from": [8.375, 8.25, 13.625],
			"to": [9.75, 8.875, 14.25],
			"rotation": {"angle": 0, "axis": "y", "origin": [1, 8, 8]},
			"faces": {
				"north": {"uv": [13.625, 7.125, 13.75, 7.75], "texture": "#0"},
				"east": {"uv": [13.625, 7.75, 14.25, 7.125], "rotation": 180, "texture": "#0"},
				"south": {"uv": [14.125, 7.125, 14.25, 7.75], "texture": "#0"},
				"west": {"uv": [13.625, 7.125, 14.25, 7.75], "texture": "#0"},
				"up": {"uv": [14.25, 7.125, 13.625, 7.25], "rotation": 270, "texture": "#0"},
				"down": {"uv": [13.625, 7.625, 14.25, 7.75], "rotation": 270, "texture": "#0"}
			}
		},
		{
			"name": "11_6",
			"from": [8.375, 8.5, 14.25],
			"to": [9.75, 8.875, 14.875],
			"rotation": {"angle": 0, "axis": "y", "origin": [1, 8, 8]},
			"faces": {
				"north": {"uv": [14.25, 7.125, 14.375, 7.5], "texture": "#0"},
				"east": {"uv": [14.25, 7.5, 14.875, 7.125], "rotation": 180, "texture": "#0"},
				"south": {"uv": [14.75, 7.125, 14.875, 7.5], "texture": "#0"},
				"west": {"uv": [14.25, 7.125, 14.875, 7.5], "texture": "#0"},
				"up": {"uv": [14.875, 7.125, 14.25, 7.25], "rotation": 270, "texture": "#0"},
				"down": {"uv": [14.25, 7.375, 14.875, 7.5], "rotation": 270, "texture": "#0"}
			}
		},
		{
			"name": "11_7",
			"from": [8.375, 8.625, 14.875],
			"to": [9.75, 8.875, 15.375],
			"rotation": {"angle": 0, "axis": "y", "origin": [1, 8, 8]},
			"faces": {
				"north": {"uv": [14.875, 7.125, 15, 7.375], "texture": "#0"},
				"east": {"uv": [14.875, 7.375, 15.375, 7.125], "rotation": 180, "texture": "#0"},
				"south": {"uv": [15.25, 7.125, 15.375, 7.375], "texture": "#0"},
				"west": {"uv": [14.875, 7.125, 15.375, 7.375], "texture": "#0"},
				"up": {"uv": [15.375, 7.125, 14.875, 7.25], "rotation": 270, "texture": "#0"},
				"down": {"uv": [14.875, 7.25, 15.375, 7.375], "rotation": 270, "texture": "#0"}
			}
		},
		{
			"name": "11_8",
			"from": [8.375, 8.75, 15.375],
			"to": [9.75, 8.875, 15.625],
			"rotation": {"angle": 0, "axis": "y", "origin": [1, 8, 8]},
			"faces": {
				"north": {"uv": [15.375, 7.125, 15.5, 7.25], "texture": "#0"},
				"east": {"uv": [15.375, 7.25, 15.625, 7.125], "rotation": 180, "texture": "#0"},
				"south": {"uv": [15.5, 7.125, 15.625, 7.25], "texture": "#0"},
				"west": {"uv": [15.375, 7.125, 15.625, 7.25], "texture": "#0"},
				"up": {"uv": [15.625, 7.125, 15.375, 7.25], "rotation": 270, "texture": "#0"},
				"down": {"uv": [15.375, 7.125, 15.625, 7.25], "rotation": 270, "texture": "#0"}
			}
		},
		{
			"name": "11_9",
			"from": [8.375, 8.625, 7.375],
			"to": [9.75, 8.75, 10.625],
			"rotation": {"angle": 0, "axis": "y", "origin": [1, 8, 8]},
			"faces": {
				"north": {"uv": [7.375, 7.25, 7.5, 7.375], "texture": "#0"},
				"east": {"uv": [7.375, 7.375, 10.625, 7.25], "rotation": 180, "texture": "#0"},
				"south": {"uv": [10.5, 7.25, 10.625, 7.375], "texture": "#0"},
				"west": {"uv": [7.375, 7.25, 10.625, 7.375], "texture": "#0"},
				"up": {"uv": [10.625, 7.25, 7.375, 7.375], "rotation": 270, "texture": "#0"},
				"down": {"uv": [7.375, 7.25, 10.625, 7.375], "rotation": 270, "texture": "#0"}
			}
		},
		{
			"name": "11_10",
			"from": [8.375, 8.5, 12.25],
			"to": [9.75, 8.75, 12.375],
			"rotation": {"angle": 0, "axis": "y", "origin": [1, 8, 8]},
			"faces": {
				"north": {"uv": [12.25, 7.25, 12.375, 7.5], "texture": "#0"},
				"east": {"uv": [12.25, 7.5, 12.375, 7.25], "rotation": 180, "texture": "#0"},
				"south": {"uv": [12.25, 7.25, 12.375, 7.5], "texture": "#0"},
				"west": {"uv": [12.25, 7.25, 12.375, 7.5], "texture": "#0"},
				"up": {"uv": [12.375, 7.25, 12.25, 7.375], "rotation": 270, "texture": "#0"},
				"down": {"uv": [12.25, 7.375, 12.375, 7.5], "rotation": 270, "texture": "#0"}
			}
		},
		{
			"name": "11_11",
			"from": [8.375, 8.5, 7.5],
			"to": [9.75, 8.625, 8.375],
			"rotation": {"angle": 0, "axis": "y", "origin": [1, 8, 8]},
			"faces": {
				"north": {"uv": [7.5, 7.375, 7.625, 7.5], "texture": "#0"},
				"east": {"uv": [7.5, 7.5, 8.375, 7.375], "rotation": 180, "texture": "#0"},
				"south": {"uv": [8.25, 7.375, 8.375, 7.5], "texture": "#0"},
				"west": {"uv": [7.5, 7.375, 8.375, 7.5], "texture": "#0"},
				"up": {"uv": [8.375, 7.375, 7.5, 7.5], "rotation": 270, "texture": "#0"},
				"down": {"uv": [7.5, 7.375, 8.375, 7.5], "rotation": 270, "texture": "#0"}
			}
		},
		{
			"name": "11_12",
			"from": [8.375, 8.5, 9.625],
			"to": [9.75, 8.625, 10.5],
			"rotation": {"angle": 0, "axis": "y", "origin": [1, 8, 8]},
			"faces": {
				"north": {"uv": [9.625, 7.375, 9.75, 7.5], "texture": "#0"},
				"east": {"uv": [9.625, 7.5, 10.5, 7.375], "rotation": 180, "texture": "#0"},
				"south": {"uv": [10.375, 7.375, 10.5, 7.5], "texture": "#0"},
				"west": {"uv": [9.625, 7.375, 10.5, 7.5], "texture": "#0"},
				"up": {"uv": [10.5, 7.375, 9.625, 7.5], "rotation": 270, "texture": "#0"},
				"down": {"uv": [9.625, 7.375, 10.5, 7.5], "rotation": 270, "texture": "#0"}
			}
		},
		{
			"name": "11_13",
			"from": [8.375, 8, 7.625],
			"to": [9.75, 8.5, 8.125],
			"rotation": {"angle": 0, "axis": "y", "origin": [1, 8, 8]},
			"faces": {
				"north": {"uv": [7.625, 7.5, 7.75, 8], "texture": "#0"},
				"east": {"uv": [7.625, 8, 8.125, 7.5], "rotation": 180, "texture": "#0"},
				"south": {"uv": [8, 7.5, 8.125, 8], "texture": "#0"},
				"west": {"uv": [7.625, 7.5, 8.125, 8], "texture": "#0"},
				"up": {"uv": [8.125, 7.5, 7.625, 7.625], "rotation": 270, "texture": "#0"},
				"down": {"uv": [7.625, 7.875, 8.125, 8], "rotation": 270, "texture": "#0"}
			}
		},
		{
			"name": "11_14",
			"from": [8.375, 8.25, 8.125],
			"to": [9.75, 8.5, 8.25],
			"rotation": {"angle": 0, "axis": "y", "origin": [1, 8, 8]},
			"faces": {
				"north": {"uv": [8.125, 7.5, 8.25, 7.75], "texture": "#0"},
				"east": {"uv": [8.125, 7.75, 8.25, 7.5], "rotation": 180, "texture": "#0"},
				"south": {"uv": [8.125, 7.5, 8.25, 7.75], "texture": "#0"},
				"west": {"uv": [8.125, 7.5, 8.25, 7.75], "texture": "#0"},
				"up": {"uv": [8.25, 7.5, 8.125, 7.625], "rotation": 270, "texture": "#0"},
				"down": {"uv": [8.125, 7.625, 8.25, 7.75], "rotation": 270, "texture": "#0"}
			}
		},
		{
			"name": "11_15",
			"from": [8.375, 8.375, 9.875],
			"to": [9.75, 8.5, 10.375],
			"rotation": {"angle": 0, "axis": "y", "origin": [1, 8, 8]},
			"faces": {
				"north": {"uv": [9.875, 7.5, 10, 7.625], "texture": "#0"},
				"east": {"uv": [9.875, 7.625, 10.375, 7.5], "rotation": 180, "texture": "#0"},
				"south": {"uv": [10.25, 7.5, 10.375, 7.625], "texture": "#0"},
				"west": {"uv": [9.875, 7.5, 10.375, 7.625], "texture": "#0"},
				"up": {"uv": [10.375, 7.5, 9.875, 7.625], "rotation": 270, "texture": "#0"},
				"down": {"uv": [9.875, 7.5, 10.375, 7.625], "rotation": 270, "texture": "#0"}
			}
		},
		{
			"name": "11_16",
			"from": [8.375, 8.25, 12.125],
			"to": [9.75, 8.5, 12.25],
			"rotation": {"angle": 0, "axis": "y", "origin": [1, 8, 8]},
			"faces": {
				"north": {"uv": [12.125, 7.5, 12.25, 7.75], "texture": "#0"},
				"east": {"uv": [12.125, 7.75, 12.25, 7.5], "rotation": 180, "texture": "#0"},
				"south": {"uv": [12.125, 7.5, 12.25, 7.75], "texture": "#0"},
				"west": {"uv": [12.125, 7.5, 12.25, 7.75], "texture": "#0"},
				"up": {"uv": [12.25, 7.5, 12.125, 7.625], "rotation": 270, "texture": "#0"},
				"down": {"uv": [12.125, 7.625, 12.25, 7.75], "rotation": 270, "texture": "#0"}
			}
		},
		{
			"name": "11_17",
			"from": [8.375, 8.375, 14.25],
			"to": [9.75, 8.5, 14.625],
			"rotation": {"angle": 0, "axis": "y", "origin": [1, 8, 8]},
			"faces": {
				"north": {"uv": [14.25, 7.5, 14.375, 7.625], "texture": "#0"},
				"east": {"uv": [14.25, 7.625, 14.625, 7.5], "rotation": 180, "texture": "#0"},
				"south": {"uv": [14.5, 7.5, 14.625, 7.625], "texture": "#0"},
				"west": {"uv": [14.25, 7.5, 14.625, 7.625], "texture": "#0"},
				"up": {"uv": [14.625, 7.5, 14.25, 7.625], "rotation": 270, "texture": "#0"},
				"down": {"uv": [14.25, 7.5, 14.625, 7.625], "rotation": 270, "texture": "#0"}
			}
		},
		{
			"name": "11_18",
			"from": [8.375, 7, 10.25],
			"to": [9.75, 8.375, 10.75],
			"rotation": {"angle": 0, "axis": "y", "origin": [1, 8, 8]},
			"faces": {
				"north": {"uv": [10.25, 7.625, 10.375, 9], "texture": "#0"},
				"east": {"uv": [10.25, 9, 10.75, 7.625], "rotation": 180, "texture": "#0"},
				"south": {"uv": [10.625, 7.625, 10.75, 9], "texture": "#0"},
				"west": {"uv": [10.25, 7.625, 10.75, 9], "texture": "#0"},
				"up": {"uv": [10.75, 7.625, 10.25, 7.75], "rotation": 270, "texture": "#0"},
				"down": {"uv": [10.25, 8.875, 10.75, 9], "rotation": 270, "texture": "#0"}
			}
		},
		{
			"name": "11_19",
			"from": [8.375, 8.25, 10.75],
			"to": [9.75, 8.375, 12.125],
			"rotation": {"angle": 0, "axis": "y", "origin": [1, 8, 8]},
			"faces": {
				"north": {"uv": [10.75, 7.625, 10.875, 7.75], "texture": "#0"},
				"east": {"uv": [10.75, 7.75, 12.125, 7.625], "rotation": 180, "texture": "#0"},
				"south": {"uv": [12, 7.625, 12.125, 7.75], "texture": "#0"},
				"west": {"uv": [10.75, 7.625, 12.125, 7.75], "texture": "#0"},
				"up": {"uv": [12.125, 7.625, 10.75, 7.75], "rotation": 270, "texture": "#0"},
				"down": {"uv": [10.75, 7.625, 12.125, 7.75], "rotation": 270, "texture": "#0"}
			}
		},
		{
			"name": "11_20",
			"from": [8.375, 8.125, 13.625],
			"to": [9.75, 8.25, 14.125],
			"rotation": {"angle": 0, "axis": "y", "origin": [1, 8, 8]},
			"faces": {
				"north": {"uv": [13.625, 7.75, 13.75, 7.875], "texture": "#0"},
				"east": {"uv": [13.625, 7.875, 14.125, 7.75], "rotation": 180, "texture": "#0"},
				"south": {"uv": [14, 7.75, 14.125, 7.875], "texture": "#0"},
				"west": {"uv": [13.625, 7.75, 14.125, 7.875], "texture": "#0"},
				"up": {"uv": [14.125, 7.75, 13.625, 7.875], "rotation": 270, "texture": "#0"},
				"down": {"uv": [13.625, 7.75, 14.125, 7.875], "rotation": 270, "texture": "#0"}
			}
		},
		{
			"name": "11_21",
			"from": [8.375, 7.75, 13.75],
			"to": [9.75, 8.125, 14],
			"rotation": {"angle": 0, "axis": "y", "origin": [1, 8, 8]},
			"faces": {
				"north": {"uv": [13.75, 7.875, 13.875, 8.25], "texture": "#0"},
				"east": {"uv": [13.75, 8.25, 14, 7.875], "rotation": 180, "texture": "#0"},
				"south": {"uv": [13.875, 7.875, 14, 8.25], "texture": "#0"},
				"west": {"uv": [13.75, 7.875, 14, 8.25], "texture": "#0"},
				"up": {"uv": [14, 7.875, 13.75, 8], "rotation": 270, "texture": "#0"},
				"down": {"uv": [13.75, 8.125, 14, 8.25], "rotation": 270, "texture": "#0"}
			}
		},
		{
			"name": "11_22",
			"from": [8.375, 7, 7.75],
			"to": [9.75, 8, 8.125],
			"rotation": {"angle": 0, "axis": "y", "origin": [1, 8, 8]},
			"faces": {
				"north": {"uv": [7.75, 8, 7.875, 9], "texture": "#0"},
				"east": {"uv": [7.75, 9, 8.125, 8], "rotation": 180, "texture": "#0"},
				"south": {"uv": [8, 8, 8.125, 9], "texture": "#0"},
				"west": {"uv": [7.75, 8, 8.125, 9], "texture": "#0"},
				"up": {"uv": [8.125, 8, 7.75, 8.125], "rotation": 270, "texture": "#0"},
				"down": {"uv": [7.75, 8.875, 8.125, 9], "rotation": 270, "texture": "#0"}
			}
		},
		{
			"name": "11_23",
			"from": [8.375, 7, 10.125],
			"to": [9.75, 7.75, 10.25],
			"rotation": {"angle": 0, "axis": "y", "origin": [1, 8, 8]},
			"faces": {
				"north": {"uv": [10.125, 8.25, 10.25, 9], "texture": "#0"},
				"east": {"uv": [10.125, 9, 10.25, 8.25], "rotation": 180, "texture": "#0"},
				"south": {"uv": [10.125, 8.25, 10.25, 9], "texture": "#0"},
				"west": {"uv": [10.125, 8.25, 10.25, 9], "texture": "#0"},
				"up": {"uv": [10.25, 8.25, 10.125, 8.375], "rotation": 270, "texture": "#0"},
				"down": {"uv": [10.125, 8.875, 10.25, 9], "rotation": 270, "texture": "#0"}
			}
		},
		{
			"name": "11_24",
			"from": [8.375, 7, 10],
			"to": [9.75, 7.625, 10.125],
			"rotation": {"angle": 0, "axis": "y", "origin": [1, 8, 8]},
			"faces": {
				"north": {"uv": [10, 8.375, 10.125, 9], "texture": "#0"},
				"east": {"uv": [10, 9, 10.125, 8.375], "rotation": 180, "texture": "#0"},
				"south": {"uv": [10, 8.375, 10.125, 9], "texture": "#0"},
				"west": {"uv": [10, 8.375, 10.125, 9], "texture": "#0"},
				"up": {"uv": [10.125, 8.375, 10, 8.5], "rotation": 270, "texture": "#0"},
				"down": {"uv": [10, 8.875, 10.125, 9], "rotation": 270, "texture": "#0"}
			}
		},
		{
			"name": "11_25",
			"from": [8.375, 7, 9.875],
			"to": [9.75, 7.5, 10],
			"rotation": {"angle": 0, "axis": "y", "origin": [1, 8, 8]},
			"faces": {
				"north": {"uv": [9.875, 8.5, 10, 9], "texture": "#0"},
				"east": {"uv": [9.875, 9, 10, 8.5], "rotation": 180, "texture": "#0"},
				"south": {"uv": [9.875, 8.5, 10, 9], "texture": "#0"},
				"west": {"uv": [9.875, 8.5, 10, 9], "texture": "#0"},
				"up": {"uv": [10, 8.5, 9.875, 8.625], "rotation": 270, "texture": "#0"},
				"down": {"uv": [9.875, 8.875, 10, 9], "rotation": 270, "texture": "#0"}
			}
		},
		{
			"name": "11_26",
			"from": [8.375, 4.875, 10.75],
			"to": [9.75, 7.5, 10.875],
			"rotation": {"angle": 0, "axis": "y", "origin": [1, 8, 8]},
			"faces": {
				"north": {"uv": [10.75, 8.5, 10.875, 11.125], "texture": "#0"},
				"east": {"uv": [10.75, 11.125, 10.875, 8.5], "rotation": 180, "texture": "#0"},
				"south": {"uv": [10.75, 8.5, 10.875, 11.125], "texture": "#0"},
				"west": {"uv": [10.75, 8.5, 10.875, 11.125], "texture": "#0"},
				"up": {"uv": [10.875, 8.5, 10.75, 8.625], "rotation": 270, "texture": "#0"},
				"down": {"uv": [10.75, 11, 10.875, 11.125], "rotation": 270, "texture": "#0"}
			}
		},
		{
			"name": "11_27",
			"from": [8.375, 6.875, 8.125],
			"to": [9.75, 7.375, 9.875],
			"rotation": {"angle": 0, "axis": "y", "origin": [1, 8, 8]},
			"faces": {
				"north": {"uv": [8.125, 8.625, 8.25, 9.125], "texture": "#0"},
				"east": {"uv": [8.125, 9.125, 9.875, 8.625], "rotation": 180, "texture": "#0"},
				"south": {"uv": [9.75, 8.625, 9.875, 9.125], "texture": "#0"},
				"west": {"uv": [8.125, 8.625, 9.875, 9.125], "texture": "#0"},
				"up": {"uv": [9.875, 8.625, 8.125, 8.75], "rotation": 270, "texture": "#0"},
				"down": {"uv": [8.125, 9, 9.875, 9.125], "rotation": 270, "texture": "#0"}
			}
		},
		{
			"name": "11_28",
			"from": [8.375, 6.875, 7.875],
			"to": [9.75, 7, 8.125],
			"rotation": {"angle": 0, "axis": "y", "origin": [1, 8, 8]},
			"faces": {
				"north": {"uv": [7.875, 9, 8, 9.125], "texture": "#0"},
				"east": {"uv": [7.875, 9.125, 8.125, 9], "rotation": 180, "texture": "#0"},
				"south": {"uv": [8, 9, 8.125, 9.125], "texture": "#0"},
				"west": {"uv": [7.875, 9, 8.125, 9.125], "texture": "#0"},
				"up": {"uv": [8.125, 9, 7.875, 9.125], "rotation": 270, "texture": "#0"},
				"down": {"uv": [7.875, 9, 8.125, 9.125], "rotation": 270, "texture": "#0"}
			}
		},
		{
			"name": "11_29",
			"from": [8.375, 6.5, 10.375],
			"to": [9.75, 7, 10.75],
			"rotation": {"angle": 0, "axis": "y", "origin": [1, 8, 8]},
			"faces": {
				"north": {"uv": [10.375, 9, 10.5, 9.5], "texture": "#0"},
				"east": {"uv": [10.375, 9.5, 10.75, 9], "rotation": 180, "texture": "#0"},
				"south": {"uv": [10.625, 9, 10.75, 9.5], "texture": "#0"},
				"west": {"uv": [10.375, 9, 10.75, 9.5], "texture": "#0"},
				"up": {"uv": [10.75, 9, 10.375, 9.125], "rotation": 270, "texture": "#0"},
				"down": {"uv": [10.375, 9.375, 10.75, 9.5], "rotation": 270, "texture": "#0"}
			}
		},
		{
			"name": "11_30",
			"from": [8.375, 4.25, 10.875],
			"to": [9.75, 6.625, 11],
			"rotation": {"angle": 0, "axis": "y", "origin": [1, 8, 8]},
			"faces": {
				"north": {"uv": [10.875, 9.375, 11, 11.75], "texture": "#0"},
				"east": {"uv": [10.875, 11.75, 11, 9.375], "rotation": 180, "texture": "#0"},
				"south": {"uv": [10.875, 9.375, 11, 11.75], "texture": "#0"},
				"west": {"uv": [10.875, 9.375, 11, 11.75], "texture": "#0"},
				"up": {"uv": [11, 9.375, 10.875, 9.5], "rotation": 270, "texture": "#0"},
				"down": {"uv": [10.875, 11.625, 11, 11.75], "rotation": 270, "texture": "#0"}
			}
		},
		{
			"name": "11_31",
			"from": [8.375, 6.125, 10.5],
			"to": [9.75, 6.5, 10.75],
			"rotation": {"angle": 0, "axis": "y", "origin": [1, 8, 8]},
			"faces": {
				"north": {"uv": [10.5, 9.5, 10.625, 9.875], "texture": "#0"},
				"east": {"uv": [10.5, 9.875, 10.75, 9.5], "rotation": 180, "texture": "#0"},
				"south": {"uv": [10.625, 9.5, 10.75, 9.875], "texture": "#0"},
				"west": {"uv": [10.5, 9.5, 10.75, 9.875], "texture": "#0"},
				"up": {"uv": [10.75, 9.5, 10.5, 9.625], "rotation": 270, "texture": "#0"},
				"down": {"uv": [10.5, 9.75, 10.75, 9.875], "rotation": 270, "texture": "#0"}
			}
		},
		{
			"name": "11_32",
			"from": [8.375, 5.5, 10.625],
			"to": [9.75, 6.125, 10.75],
			"rotation": {"angle": 0, "axis": "y", "origin": [1, 8, 8]},
			"faces": {
				"north": {"uv": [10.625, 9.875, 10.75, 10.5], "texture": "#0"},
				"east": {"uv": [10.625, 10.5, 10.75, 9.875], "rotation": 180, "texture": "#0"},
				"south": {"uv": [10.625, 9.875, 10.75, 10.5], "texture": "#0"},
				"west": {"uv": [10.625, 9.875, 10.75, 10.5], "texture": "#0"},
				"up": {"uv": [10.75, 9.875, 10.625, 10], "rotation": 270, "texture": "#0"},
				"down": {"uv": [10.625, 10.375, 10.75, 10.5], "rotation": 270, "texture": "#0"}
			}
		},
		{
			"name": "11_33",
			"from": [8.375, 3, 11],
			"to": [9.75, 5.875, 11.125],
			"rotation": {"angle": 0, "axis": "y", "origin": [1, 8, 8]},
			"faces": {
				"north": {"uv": [11, 10.125, 11.125, 13], "texture": "#0"},
				"east": {"uv": [11, 13, 11.125, 10.125], "rotation": 180, "texture": "#0"},
				"south": {"uv": [11, 10.125, 11.125, 13], "texture": "#0"},
				"west": {"uv": [11, 10.125, 11.125, 13], "texture": "#0"},
				"up": {"uv": [11.125, 10.125, 11, 10.25], "rotation": 270, "texture": "#0"},
				"down": {"uv": [11, 12.875, 11.125, 13], "rotation": 270, "texture": "#0"}
			}
		},
		{
			"name": "11_34",
			"from": [8.375, 3, 11.125],
			"to": [9.75, 5, 11.25],
			"rotation": {"angle": 0, "axis": "y", "origin": [1, 8, 8]},
			"faces": {
				"north": {"uv": [11.125, 11, 11.25, 13], "texture": "#0"},
				"east": {"uv": [11.125, 13, 11.25, 11], "rotation": 180, "texture": "#0"},
				"south": {"uv": [11.125, 11, 11.25, 13], "texture": "#0"},
				"west": {"uv": [11.125, 11, 11.25, 13], "texture": "#0"},
				"up": {"uv": [11.25, 11, 11.125, 11.125], "rotation": 270, "texture": "#0"},
				"down": {"uv": [11.125, 12.875, 11.25, 13], "rotation": 270, "texture": "#0"}
			}
		},
		{
			"name": "11_35",
			"from": [8.375, 3.75, 11.25],
			"to": [9.75, 4.25, 11.375],
			"rotation": {"angle": 0, "axis": "y", "origin": [1, 8, 8]},
			"faces": {
				"north": {"uv": [11.25, 11.75, 11.375, 12.25], "texture": "#0"},
				"east": {"uv": [11.25, 12.25, 11.375, 11.75], "rotation": 180, "texture": "#0"},
				"south": {"uv": [11.25, 11.75, 11.375, 12.25], "texture": "#0"},
				"west": {"uv": [11.25, 11.75, 11.375, 12.25], "texture": "#0"},
				"up": {"uv": [11.375, 11.75, 11.25, 11.875], "rotation": 270, "texture": "#0"},
				"down": {"uv": [11.25, 12.125, 11.375, 12.25], "rotation": 270, "texture": "#0"}
			}
		},
		{
			"name": "11_36",
			"from": [8.375, 3, 10.875],
			"to": [9.75, 3.875, 11],
			"rotation": {"angle": 0, "axis": "y", "origin": [1, 8, 8]},
			"faces": {
				"north": {"uv": [10.875, 12.125, 11, 13], "texture": "#0"},
				"east": {"uv": [10.875, 13, 11, 12.125], "rotation": 180, "texture": "#0"},
				"south": {"uv": [10.875, 12.125, 11, 13], "texture": "#0"},
				"west": {"uv": [10.875, 12.125, 11, 13], "texture": "#0"},
				"up": {"uv": [11, 12.125, 10.875, 12.25], "rotation": 270, "texture": "#0"},
				"down": {"uv": [10.875, 12.875, 11, 13], "rotation": 270, "texture": "#0"}
			}
		},
		{
			"name": "11_37",
			"from": [8.375, 3, 10.75],
			"to": [9.75, 3.625, 10.875],
			"rotation": {"angle": 0, "axis": "y", "origin": [1, 8, 8]},
			"faces": {
				"north": {"uv": [10.75, 12.375, 10.875, 13], "texture": "#0"},
				"east": {"uv": [10.75, 13, 10.875, 12.375], "rotation": 180, "texture": "#0"},
				"south": {"uv": [10.75, 12.375, 10.875, 13], "texture": "#0"},
				"west": {"uv": [10.75, 12.375, 10.875, 13], "texture": "#0"},
				"up": {"uv": [10.875, 12.375, 10.75, 12.5], "rotation": 270, "texture": "#0"},
				"down": {"uv": [10.75, 12.875, 10.875, 13], "rotation": 270, "texture": "#0"}
			}
		},
		{
			"name": "11_38",
			"from": [8.375, 3, 11.25],
			"to": [9.75, 3.5, 14.875],
			"rotation": {"angle": 0, "axis": "y", "origin": [1, 8, 8]},
			"faces": {
				"north": {"uv": [11.25, 12.5, 11.375, 13], "texture": "#0"},
				"east": {"uv": [11.25, 13, 14.875, 12.5], "rotation": 180, "texture": "#0"},
				"south": {"uv": [14.75, 12.5, 14.875, 13], "texture": "#0"},
				"west": {"uv": [11.25, 12.5, 14.875, 13], "texture": "#0"},
				"up": {"uv": [14.875, 12.5, 11.25, 12.625], "rotation": 270, "texture": "#0"},
				"down": {"uv": [11.25, 12.875, 14.875, 13], "rotation": 270, "texture": "#0"}
			}
		},
		{
			"name": "11_39",
			"from": [8.375, 3.375, 14.875],
			"to": [9.75, 3.5, 15.125],
			"rotation": {"angle": 0, "axis": "y", "origin": [1, 8, 8]},
			"faces": {
				"north": {"uv": [14.875, 12.5, 15, 12.625], "texture": "#0"},
				"east": {"uv": [14.875, 12.625, 15.125, 12.5], "rotation": 180, "texture": "#0"},
				"south": {"uv": [15, 12.5, 15.125, 12.625], "texture": "#0"},
				"west": {"uv": [14.875, 12.5, 15.125, 12.625], "texture": "#0"},
				"up": {"uv": [15.125, 12.5, 14.875, 12.625], "rotation": 270, "texture": "#0"},
				"down": {"uv": [14.875, 12.5, 15.125, 12.625], "rotation": 270, "texture": "#0"}
			}
		},
		{
			"name": "11_40",
			"from": [8.375, 3.125, 14.875],
			"to": [9.75, 3.375, 15],
			"rotation": {"angle": 0, "axis": "y", "origin": [1, 8, 8]},
			"faces": {
				"north": {"uv": [14.875, 12.625, 15, 12.875], "texture": "#0"},
				"east": {"uv": [14.875, 12.875, 15, 12.625], "rotation": 180, "texture": "#0"},
				"south": {"uv": [14.875, 12.625, 15, 12.875], "texture": "#0"},
				"west": {"uv": [14.875, 12.625, 15, 12.875], "texture": "#0"},
				"up": {"uv": [15, 12.625, 14.875, 12.75], "rotation": 270, "texture": "#0"},
				"down": {"uv": [14.875, 12.75, 15, 12.875], "rotation": 270, "texture": "#0"}
			}
		},
		{
			"name": "12_0",
			"from": [8.375, 8.375, 10.625],
			"to": [9.75, 8.75, 12.125],
			"rotation": {"angle": 0, "axis": "y", "origin": [1, 8, 8]},
			"faces": {
				"north": {"uv": [10.625, 7.25, 10.75, 7.625], "texture": "#0"},
				"east": {"uv": [10.625, 7.625, 12.125, 7.25], "rotation": 180, "texture": "#0"},
				"south": {"uv": [12, 7.25, 12.125, 7.625], "texture": "#0"},
				"west": {"uv": [10.625, 7.25, 12.125, 7.625], "texture": "#0"},
				"up": {"uv": [12.125, 7.25, 10.625, 7.375], "rotation": 270, "texture": "#0"},
				"down": {"uv": [10.625, 7.5, 12.125, 7.625], "rotation": 270, "texture": "#0"}
			}
		},
		{
			"name": "12_1",
			"from": [8.375, 8.5, 12.125],
			"to": [9.75, 8.75, 12.25],
			"rotation": {"angle": 0, "axis": "y", "origin": [1, 8, 8]},
			"faces": {
				"north": {"uv": [12.125, 7.25, 12.25, 7.5], "texture": "#0"},
				"east": {"uv": [12.125, 7.5, 12.25, 7.25], "rotation": 180, "texture": "#0"},
				"south": {"uv": [12.125, 7.25, 12.25, 7.5], "texture": "#0"},
				"west": {"uv": [12.125, 7.25, 12.25, 7.5], "texture": "#0"},
				"up": {"uv": [12.25, 7.25, 12.125, 7.375], "rotation": 270, "texture": "#0"},
				"down": {"uv": [12.125, 7.375, 12.25, 7.5], "rotation": 270, "texture": "#0"}
			}
		},
		{
			"name": "12_2",
			"from": [8.375, 8.375, 10.5],
			"to": [9.75, 8.625, 10.625],
			"rotation": {"angle": 0, "axis": "y", "origin": [1, 8, 8]},
			"faces": {
				"north": {"uv": [10.5, 7.375, 10.625, 7.625], "texture": "#0"},
				"east": {"uv": [10.5, 7.625, 10.625, 7.375], "rotation": 180, "texture": "#0"},
				"south": {"uv": [10.5, 7.375, 10.625, 7.625], "texture": "#0"},
				"west": {"uv": [10.5, 7.375, 10.625, 7.625], "texture": "#0"},
				"up": {"uv": [10.625, 7.375, 10.5, 7.5], "rotation": 270, "texture": "#0"},
				"down": {"uv": [10.5, 7.5, 10.625, 7.625], "rotation": 270, "texture": "#0"}
			}
		},
		{
			"name": "12_3",
			"from": [8.375, 8.375, 10.375],
			"to": [9.75, 8.5, 10.5],
			"rotation": {"angle": 0, "axis": "y", "origin": [1, 8, 8]},
			"faces": {
				"north": {"uv": [10.375, 7.5, 10.5, 7.625], "texture": "#0"},
				"east": {"uv": [10.375, 7.625, 10.5, 7.5], "rotation": 180, "texture": "#0"},
				"south": {"uv": [10.375, 7.5, 10.5, 7.625], "texture": "#0"},
				"west": {"uv": [10.375, 7.5, 10.5, 7.625], "texture": "#0"},
				"up": {"uv": [10.5, 7.5, 10.375, 7.625], "rotation": 270, "texture": "#0"},
				"down": {"uv": [10.375, 7.5, 10.5, 7.625], "rotation": 270, "texture": "#0"}
			}
		},
		{
			"name": "13_0",
			"from": [8.775, 8.375, 9.25],
			"to": [9.35, 8.625, 9.625],
			"rotation": {"angle": 0, "axis": "y", "origin": [1, 8, 8]},
			"faces": {
				"north": {"uv": [9.25, 7.375, 9.375, 7.625], "texture": "#0"},
				"east": {"uv": [9.25, 7.625, 9.625, 7.375], "rotation": 180, "texture": "#0"},
				"south": {"uv": [9.5, 7.375, 9.625, 7.625], "texture": "#0"},
				"west": {"uv": [9.25, 7.375, 9.625, 7.625], "texture": "#0"},
				"up": {"uv": [9.625, 7.375, 9.25, 7.5], "rotation": 270, "texture": "#0"},
				"down": {"uv": [9.25, 7.5, 9.625, 7.625], "rotation": 270, "texture": "#0"}
			}
		},
		{
			"name": "13_1",
			"from": [8.775, 7.875, 9.625],
			"to": [9.35, 8.5, 9.875],
			"rotation": {"angle": 0, "axis": "y", "origin": [1, 8, 8]},
			"faces": {
				"north": {"uv": [9.625, 7.5, 9.75, 8.125], "texture": "#0"},
				"east": {"uv": [9.625, 8.125, 9.875, 7.5], "rotation": 180, "texture": "#0"},
				"south": {"uv": [9.75, 7.5, 9.875, 8.125], "texture": "#0"},
				"west": {"uv": [9.625, 7.5, 9.875, 8.125], "texture": "#0"},
				"up": {"uv": [9.875, 7.5, 9.625, 7.625], "rotation": 270, "texture": "#0"},
				"down": {"uv": [9.625, 8, 9.875, 8.125], "rotation": 270, "texture": "#0"}
			}
		},
		{
			"name": "13_2",
			"from": [8.775, 7.5, 9.375],
			"to": [9.35, 8.375, 9.625],
			"rotation": {"angle": 0, "axis": "y", "origin": [1, 8, 8]},
			"faces": {
				"north": {"uv": [9.375, 7.625, 9.5, 8.5], "texture": "#0"},
				"east": {"uv": [9.375, 8.5, 9.625, 7.625], "rotation": 180, "texture": "#0"},
				"south": {"uv": [9.5, 7.625, 9.625, 8.5], "texture": "#0"},
				"west": {"uv": [9.375, 7.625, 9.625, 8.5], "texture": "#0"},
				"up": {"uv": [9.625, 7.625, 9.375, 7.75], "rotation": 270, "texture": "#0"},
				"down": {"uv": [9.375, 8.375, 9.625, 8.5], "rotation": 270, "texture": "#0"}
			}
		},
		{
			"name": "13_3",
			"from": [8.775, 8.125, 9.875],
			"to": [9.35, 8.375, 10],
			"rotation": {"angle": 0, "axis": "y", "origin": [1, 8, 8]},
			"faces": {
				"north": {"uv": [9.875, 7.625, 10, 7.875], "texture": "#0"},
				"east": {"uv": [9.875, 7.875, 10, 7.625], "rotation": 180, "texture": "#0"},
				"south": {"uv": [9.875, 7.625, 10, 7.875], "texture": "#0"},
				"west": {"uv": [9.875, 7.625, 10, 7.875], "texture": "#0"},
				"up": {"uv": [10, 7.625, 9.875, 7.75], "rotation": 270, "texture": "#0"},
				"down": {"uv": [9.875, 7.75, 10, 7.875], "rotation": 270, "texture": "#0"}
			}
		},
		{
			"name": "13_4",
			"from": [8.775, 7.5, 9.25],
			"to": [9.35, 8, 9.375],
			"rotation": {"angle": 0, "axis": "y", "origin": [1, 8, 8]},
			"faces": {
				"north": {"uv": [9.25, 8, 9.375, 8.5], "texture": "#0"},
				"east": {"uv": [9.25, 8.5, 9.375, 8], "rotation": 180, "texture": "#0"},
				"south": {"uv": [9.25, 8, 9.375, 8.5], "texture": "#0"},
				"west": {"uv": [9.25, 8, 9.375, 8.5], "texture": "#0"},
				"up": {"uv": [9.375, 8, 9.25, 8.125], "rotation": 270, "texture": "#0"},
				"down": {"uv": [9.25, 8.375, 9.375, 8.5], "rotation": 270, "texture": "#0"}
			}
		},
		{
			"name": "13_5",
			"from": [8.775, 7.5, 9.125],
			"to": [9.35, 7.875, 9.25],
			"rotation": {"angle": 0, "axis": "y", "origin": [1, 8, 8]},
			"faces": {
				"north": {"uv": [9.125, 8.125, 9.25, 8.5], "texture": "#0"},
				"east": {"uv": [9.125, 8.5, 9.25, 8.125], "rotation": 180, "texture": "#0"},
				"south": {"uv": [9.125, 8.125, 9.25, 8.5], "texture": "#0"},
				"west": {"uv": [9.125, 8.125, 9.25, 8.5], "texture": "#0"},
				"up": {"uv": [9.25, 8.125, 9.125, 8.25], "rotation": 270, "texture": "#0"},
				"down": {"uv": [9.125, 8.375, 9.25, 8.5], "rotation": 270, "texture": "#0"}
			}
		},
		{
			"name": "13_6",
			"from": [8.775, 7.625, 9.625],
			"to": [9.35, 7.875, 9.75],
			"rotation": {"angle": 0, "axis": "y", "origin": [1, 8, 8]},
			"faces": {
				"north": {"uv": [9.625, 8.125, 9.75, 8.375], "texture": "#0"},
				"east": {"uv": [9.625, 8.375, 9.75, 8.125], "rotation": 180, "texture": "#0"},
				"south": {"uv": [9.625, 8.125, 9.75, 8.375], "texture": "#0"},
				"west": {"uv": [9.625, 8.125, 9.75, 8.375], "texture": "#0"},
				"up": {"uv": [9.75, 8.125, 9.625, 8.25], "rotation": 270, "texture": "#0"},
				"down": {"uv": [9.625, 8.25, 9.75, 8.375], "rotation": 270, "texture": "#0"}
			}
		},
		{
			"name": "13_7",
			"from": [8.775, 7.5, 9],
			"to": [9.35, 7.75, 9.125],
			"rotation": {"angle": 0, "axis": "y", "origin": [1, 8, 8]},
			"faces": {
				"north": {"uv": [9, 8.25, 9.125, 8.5], "texture": "#0"},
				"east": {"uv": [9, 8.5, 9.125, 8.25], "rotation": 180, "texture": "#0"},
				"south": {"uv": [9, 8.25, 9.125, 8.5], "texture": "#0"},
				"west": {"uv": [9, 8.25, 9.125, 8.5], "texture": "#0"},
				"up": {"uv": [9.125, 8.25, 9, 8.375], "rotation": 270, "texture": "#0"},
				"down": {"uv": [9, 8.375, 9.125, 8.5], "rotation": 270, "texture": "#0"}
			}
		},
		{
			"name": "14_0",
			"from": [8.475, 3.5, 12.5],
			"to": [9.65, 9, 13.5],
			"rotation": {"angle": 0, "axis": "y", "origin": [1, 8, 8]},
			"faces": {
				"north": {"uv": [12.5, 7, 12.625, 12.5], "texture": "#0"},
				"east": {"uv": [12.5, 12.5, 13.5, 7], "rotation": 180, "texture": "#0"},
				"south": {"uv": [13.375, 7, 13.5, 12.5], "texture": "#0"},
				"west": {"uv": [12.5, 7, 13.5, 12.5], "texture": "#0"},
				"up": {"uv": [13.5, 7, 12.5, 7.125], "rotation": 270, "texture": "#0"},
				"down": {"uv": [12.5, 12.375, 13.5, 12.5], "rotation": 270, "texture": "#0"}
			}
		},
		{
			"name": "14_1",
			"from": [8.475, 3.5, 13.5],
			"to": [9.65, 8.875, 13.625],
			"rotation": {"angle": 0, "axis": "y", "origin": [1, 8, 8]},
			"faces": {
				"north": {"uv": [13.5, 7.125, 13.625, 12.5], "texture": "#0"},
				"east": {"uv": [13.5, 12.5, 13.625, 7.125], "rotation": 180, "texture": "#0"},
				"south": {"uv": [13.5, 7.125, 13.625, 12.5], "texture": "#0"},
				"west": {"uv": [13.5, 7.125, 13.625, 12.5], "texture": "#0"},
				"up": {"uv": [13.625, 7.125, 13.5, 7.25], "rotation": 270, "texture": "#0"},
				"down": {"uv": [13.5, 12.375, 13.625, 12.5], "rotation": 270, "texture": "#0"}
			}
		},
		{
			"name": "14_2",
			"from": [8.475, 3.5, 12.375],
			"to": [9.65, 8.75, 12.5],
			"rotation": {"angle": 0, "axis": "y", "origin": [1, 8, 8]},
			"faces": {
				"north": {"uv": [12.375, 7.25, 12.5, 12.5], "texture": "#0"},
				"east": {"uv": [12.375, 12.5, 12.5, 7.25], "rotation": 180, "texture": "#0"},
				"south": {"uv": [12.375, 7.25, 12.5, 12.5], "texture": "#0"},
				"west": {"uv": [12.375, 7.25, 12.5, 12.5], "texture": "#0"},
				"up": {"uv": [12.5, 7.25, 12.375, 7.375], "rotation": 270, "texture": "#0"},
				"down": {"uv": [12.375, 12.375, 12.5, 12.5], "rotation": 270, "texture": "#0"}
			}
		},
		{
			"name": "14_3",
			"from": [8.475, 3.5, 12.25],
			"to": [9.65, 8.5, 12.375],
			"rotation": {"angle": 0, "axis": "y", "origin": [1, 8, 8]},
			"faces": {
				"north": {"uv": [12.25, 7.5, 12.375, 12.5], "texture": "#0"},
				"east": {"uv": [12.25, 12.5, 12.375, 7.5], "rotation": 180, "texture": "#0"},
				"south": {"uv": [12.25, 7.5, 12.375, 12.5], "texture": "#0"},
				"west": {"uv": [12.25, 7.5, 12.375, 12.5], "texture": "#0"},
				"up": {"uv": [12.375, 7.5, 12.25, 7.625], "rotation": 270, "texture": "#0"},
				"down": {"uv": [12.25, 12.375, 12.375, 12.5], "rotation": 270, "texture": "#0"}
			}
		},
		{
			"name": "14_4",
			"from": [8.475, 7.5, 10.75],
			"to": [9.65, 8.25, 12.25],
			"rotation": {"angle": 0, "axis": "y", "origin": [1, 8, 8]},
			"faces": {
				"north": {"uv": [10.75, 7.75, 10.875, 8.5], "texture": "#0"},
				"east": {"uv": [10.75, 8.5, 12.25, 7.75], "rotation": 180, "texture": "#0"},
				"south": {"uv": [12.125, 7.75, 12.25, 8.5], "texture": "#0"},
				"west": {"uv": [10.75, 7.75, 12.25, 8.5], "texture": "#0"},
				"up": {"uv": [12.25, 7.75, 10.75, 7.875], "rotation": 270, "texture": "#0"},
				"down": {"uv": [10.75, 8.375, 12.25, 8.5], "rotation": 270, "texture": "#0"}
			}
		},
		{
			"name": "14_5",
			"from": [8.475, 3.5, 13.625],
			"to": [9.65, 8.125, 13.75],
			"rotation": {"angle": 0, "axis": "y", "origin": [1, 8, 8]},
			"faces": {
				"north": {"uv": [13.625, 7.875, 13.75, 12.5], "texture": "#0"},
				"east": {"uv": [13.625, 12.5, 13.75, 7.875], "rotation": 180, "texture": "#0"},
				"south": {"uv": [13.625, 7.875, 13.75, 12.5], "texture": "#0"},
				"west": {"uv": [13.625, 7.875, 13.75, 12.5], "texture": "#0"},
				"up": {"uv": [13.75, 7.875, 13.625, 8], "rotation": 270, "texture": "#0"},
				"down": {"uv": [13.625, 12.375, 13.75, 12.5], "rotation": 270, "texture": "#0"}
			}
		},
		{
			"name": "14_6",
			"from": [8.475, 3.5, 13.75],
			"to": [9.65, 7.75, 13.875],
			"rotation": {"angle": 0, "axis": "y", "origin": [1, 8, 8]},
			"faces": {
				"north": {"uv": [13.75, 8.25, 13.875, 12.5], "texture": "#0"},
				"east": {"uv": [13.75, 12.5, 13.875, 8.25], "rotation": 180, "texture": "#0"},
				"south": {"uv": [13.75, 8.25, 13.875, 12.5], "texture": "#0"},
				"west": {"uv": [13.75, 8.25, 13.875, 12.5], "texture": "#0"},
				"up": {"uv": [13.875, 8.25, 13.75, 8.375], "rotation": 270, "texture": "#0"},
				"down": {"uv": [13.75, 12.375, 13.875, 12.5], "rotation": 270, "texture": "#0"}
			}
		},
		{
			"name": "14_7",
			"from": [8.475, 6.625, 10.875],
			"to": [9.65, 7.5, 12.25],
			"rotation": {"angle": 0, "axis": "y", "origin": [1, 8, 8]},
			"faces": {
				"north": {"uv": [10.875, 8.5, 11, 9.375], "texture": "#0"},
				"east": {"uv": [10.875, 9.375, 12.25, 8.5], "rotation": 180, "texture": "#0"},
				"south": {"uv": [12.125, 8.5, 12.25, 9.375], "texture": "#0"},
				"west": {"uv": [10.875, 8.5, 12.25, 9.375], "texture": "#0"},
				"up": {"uv": [12.25, 8.5, 10.875, 8.625], "rotation": 270, "texture": "#0"},
				"down": {"uv": [10.875, 9.25, 12.25, 9.375], "rotation": 270, "texture": "#0"}
			}
		},
		{
			"name": "14_8",
			"from": [8.475, 3.5, 13.875],
			"to": [9.65, 7.25, 14],
			"rotation": {"angle": 0, "axis": "y", "origin": [1, 8, 8]},
			"faces": {
				"north": {"uv": [13.875, 8.75, 14, 12.5], "texture": "#0"},
				"east": {"uv": [13.875, 12.5, 14, 8.75], "rotation": 180, "texture": "#0"},
				"south": {"uv": [13.875, 8.75, 14, 12.5], "texture": "#0"},
				"west": {"uv": [13.875, 8.75, 14, 12.5], "texture": "#0"},
				"up": {"uv": [14, 8.75, 13.875, 8.875], "rotation": 270, "texture": "#0"},
				"down": {"uv": [13.875, 12.375, 14, 12.5], "rotation": 270, "texture": "#0"}
			}
		},
		{
			"name": "14_9",
			"from": [8.475, 3.5, 14],
			"to": [9.65, 6.75, 14.125],
			"rotation": {"angle": 0, "axis": "y", "origin": [1, 8, 8]},
			"faces": {
				"north": {"uv": [14, 9.25, 14.125, 12.5], "texture": "#0"},
				"east": {"uv": [14, 12.5, 14.125, 9.25], "rotation": 180, "texture": "#0"},
				"south": {"uv": [14, 9.25, 14.125, 12.5], "texture": "#0"},
				"west": {"uv": [14, 9.25, 14.125, 12.5], "texture": "#0"},
				"up": {"uv": [14.125, 9.25, 14, 9.375], "rotation": 270, "texture": "#0"},
				"down": {"uv": [14, 12.375, 14.125, 12.5], "rotation": 270, "texture": "#0"}
			}
		},
		{
			"name": "14_10",
			"from": [8.475, 5.875, 11],
			"to": [9.65, 6.625, 12.25],
			"rotation": {"angle": 0, "axis": "y", "origin": [1, 8, 8]},
			"faces": {
				"north": {"uv": [11, 9.375, 11.125, 10.125], "texture": "#0"},
				"east": {"uv": [11, 10.125, 12.25, 9.375], "rotation": 180, "texture": "#0"},
				"south": {"uv": [12.125, 9.375, 12.25, 10.125], "texture": "#0"},
				"west": {"uv": [11, 9.375, 12.25, 10.125], "texture": "#0"},
				"up": {"uv": [12.25, 9.375, 11, 9.5], "rotation": 270, "texture": "#0"},
				"down": {"uv": [11, 10, 12.25, 10.125], "rotation": 270, "texture": "#0"}
			}
		},
		{
			"name": "14_11",
			"from": [8.475, 3.5, 14.125],
			"to": [9.65, 6.5, 14.25],
			"rotation": {"angle": 0, "axis": "y", "origin": [1, 8, 8]},
			"faces": {
				"north": {"uv": [14.125, 9.5, 14.25, 12.5], "texture": "#0"},
				"east": {"uv": [14.125, 12.5, 14.25, 9.5], "rotation": 180, "texture": "#0"},
				"south": {"uv": [14.125, 9.5, 14.25, 12.5], "texture": "#0"},
				"west": {"uv": [14.125, 9.5, 14.25, 12.5], "texture": "#0"},
				"up": {"uv": [14.25, 9.5, 14.125, 9.625], "rotation": 270, "texture": "#0"},
				"down": {"uv": [14.125, 12.375, 14.25, 12.5], "rotation": 270, "texture": "#0"}
			}
		},
		{
			"name": "14_12",
			"from": [8.475, 3.5, 14.25],
			"to": [9.65, 6.25, 14.375],
			"rotation": {"angle": 0, "axis": "y", "origin": [1, 8, 8]},
			"faces": {
				"north": {"uv": [14.25, 9.75, 14.375, 12.5], "texture": "#0"},
				"east": {"uv": [14.25, 12.5, 14.375, 9.75], "rotation": 180, "texture": "#0"},
				"south": {"uv": [14.25, 9.75, 14.375, 12.5], "texture": "#0"},
				"west": {"uv": [14.25, 9.75, 14.375, 12.5], "texture": "#0"},
				"up": {"uv": [14.375, 9.75, 14.25, 9.875], "rotation": 270, "texture": "#0"},
				"down": {"uv": [14.25, 12.375, 14.375, 12.5], "rotation": 270, "texture": "#0"}
			}
		},
		{
			"name": "14_13",
			"from": [8.475, 3.5, 14.375],
			"to": [9.65, 6, 14.5],
			"rotation": {"angle": 0, "axis": "y", "origin": [1, 8, 8]},
			"faces": {
				"north": {"uv": [14.375, 10, 14.5, 12.5], "texture": "#0"},
				"east": {"uv": [14.375, 12.5, 14.5, 10], "rotation": 180, "texture": "#0"},
				"south": {"uv": [14.375, 10, 14.5, 12.5], "texture": "#0"},
				"west": {"uv": [14.375, 10, 14.5, 12.5], "texture": "#0"},
				"up": {"uv": [14.5, 10, 14.375, 10.125], "rotation": 270, "texture": "#0"},
				"down": {"uv": [14.375, 12.375, 14.5, 12.5], "rotation": 270, "texture": "#0"}
			}
		},
		{
			"name": "14_14",
			"from": [8.475, 5, 11.125],
			"to": [9.65, 5.875, 12.25],
			"rotation": {"angle": 0, "axis": "y", "origin": [1, 8, 8]},
			"faces": {
				"north": {"uv": [11.125, 10.125, 11.25, 11], "texture": "#0"},
				"east": {"uv": [11.125, 11, 12.25, 10.125], "rotation": 180, "texture": "#0"},
				"south": {"uv": [12.125, 10.125, 12.25, 11], "texture": "#0"},
				"west": {"uv": [11.125, 10.125, 12.25, 11], "texture": "#0"},
				"up": {"uv": [12.25, 10.125, 11.125, 10.25], "rotation": 270, "texture": "#0"},
				"down": {"uv": [11.125, 10.875, 12.25, 11], "rotation": 270, "texture": "#0"}
			}
		},
		{
			"name": "14_15",
			"from": [8.475, 3.5, 14.5],
			"to": [9.65, 5.75, 14.625],
			"rotation": {"angle": 0, "axis": "y", "origin": [1, 8, 8]},
			"faces": {
				"north": {"uv": [14.5, 10.25, 14.625, 12.5], "texture": "#0"},
				"east": {"uv": [14.5, 12.5, 14.625, 10.25], "rotation": 180, "texture": "#0"},
				"south": {"uv": [14.5, 10.25, 14.625, 12.5], "texture": "#0"},
				"west": {"uv": [14.5, 10.25, 14.625, 12.5], "texture": "#0"},
				"up": {"uv": [14.625, 10.25, 14.5, 10.375], "rotation": 270, "texture": "#0"},
				"down": {"uv": [14.5, 12.375, 14.625, 12.5], "rotation": 270, "texture": "#0"}
			}
		},
		{
			"name": "14_16",
			"from": [8.475, 3.5, 14.625],
			"to": [9.65, 5.5, 14.75],
			"rotation": {"angle": 0, "axis": "y", "origin": [1, 8, 8]},
			"faces": {
				"north": {"uv": [14.625, 10.5, 14.75, 12.5], "texture": "#0"},
				"east": {"uv": [14.625, 12.5, 14.75, 10.5], "rotation": 180, "texture": "#0"},
				"south": {"uv": [14.625, 10.5, 14.75, 12.5], "texture": "#0"},
				"west": {"uv": [14.625, 10.5, 14.75, 12.5], "texture": "#0"},
				"up": {"uv": [14.75, 10.5, 14.625, 10.625], "rotation": 270, "texture": "#0"},
				"down": {"uv": [14.625, 12.375, 14.75, 12.5], "rotation": 270, "texture": "#0"}
			}
		},
		{
			"name": "14_17",
			"from": [8.475, 3.5, 14.75],
			"to": [9.65, 5.25, 14.875],
			"rotation": {"angle": 0, "axis": "y", "origin": [1, 8, 8]},
			"faces": {
				"north": {"uv": [14.75, 10.75, 14.875, 12.5], "texture": "#0"},
				"east": {"uv": [14.75, 12.5, 14.875, 10.75], "rotation": 180, "texture": "#0"},
				"south": {"uv": [14.75, 10.75, 14.875, 12.5], "texture": "#0"},
				"west": {"uv": [14.75, 10.75, 14.875, 12.5], "texture": "#0"},
				"up": {"uv": [14.875, 10.75, 14.75, 10.875], "rotation": 270, "texture": "#0"},
				"down": {"uv": [14.75, 12.375, 14.875, 12.5], "rotation": 270, "texture": "#0"}
			}
		},
		{
			"name": "14_18",
			"from": [8.475, 3.5, 14.875],
			"to": [9.65, 5.125, 15],
			"rotation": {"angle": 0, "axis": "y", "origin": [1, 8, 8]},
			"faces": {
				"north": {"uv": [14.875, 10.875, 15, 12.5], "texture": "#0"},
				"east": {"uv": [14.875, 12.5, 15, 10.875], "rotation": 180, "texture": "#0"},
				"south": {"uv": [14.875, 10.875, 15, 12.5], "texture": "#0"},
				"west": {"uv": [14.875, 10.875, 15, 12.5], "texture": "#0"},
				"up": {"uv": [15, 10.875, 14.875, 11], "rotation": 270, "texture": "#0"},
				"down": {"uv": [14.875, 12.375, 15, 12.5], "rotation": 270, "texture": "#0"}
			}
		},
		{
			"name": "14_19",
			"from": [8.475, 4.25, 11.25],
			"to": [9.65, 5, 12.25],
			"rotation": {"angle": 0, "axis": "y", "origin": [1, 8, 8]},
			"faces": {
				"north": {"uv": [11.25, 11, 11.375, 11.75], "texture": "#0"},
				"east": {"uv": [11.25, 11.75, 12.25, 11], "rotation": 180, "texture": "#0"},
				"south": {"uv": [12.125, 11, 12.25, 11.75], "texture": "#0"},
				"west": {"uv": [11.25, 11, 12.25, 11.75], "texture": "#0"},
				"up": {"uv": [12.25, 11, 11.25, 11.125], "rotation": 270, "texture": "#0"},
				"down": {"uv": [11.25, 11.625, 12.25, 11.75], "rotation": 270, "texture": "#0"}
			}
		},
		{
			"name": "14_20",
			"from": [8.475, 3.5, 15],
			"to": [9.65, 5, 15.125],
			"rotation": {"angle": 0, "axis": "y", "origin": [1, 8, 8]},
			"faces": {
				"north": {"uv": [15, 11, 15.125, 12.5], "texture": "#0"},
				"east": {"uv": [15, 12.5, 15.125, 11], "rotation": 180, "texture": "#0"},
				"south": {"uv": [15, 11, 15.125, 12.5], "texture": "#0"},
				"west": {"uv": [15, 11, 15.125, 12.5], "texture": "#0"},
				"up": {"uv": [15.125, 11, 15, 11.125], "rotation": 270, "texture": "#0"},
				"down": {"uv": [15, 12.375, 15.125, 12.5], "rotation": 270, "texture": "#0"}
			}
		},
		{
			"name": "14_21",
			"from": [8.475, 3.625, 15.125],
			"to": [9.65, 4.875, 15.25],
			"rotation": {"angle": 0, "axis": "y", "origin": [1, 8, 8]},
			"faces": {
				"north": {"uv": [15.125, 11.125, 15.25, 12.375], "texture": "#0"},
				"east": {"uv": [15.125, 12.375, 15.25, 11.125], "rotation": 180, "texture": "#0"},
				"south": {"uv": [15.125, 11.125, 15.25, 12.375], "texture": "#0"},
				"west": {"uv": [15.125, 11.125, 15.25, 12.375], "texture": "#0"},
				"up": {"uv": [15.25, 11.125, 15.125, 11.25], "rotation": 270, "texture": "#0"},
				"down": {"uv": [15.125, 12.25, 15.25, 12.375], "rotation": 270, "texture": "#0"}
			}
		},
		{
			"name": "14_22",
			"from": [8.475, 3.5, 11.375],
			"to": [9.65, 4.25, 12.25],
			"rotation": {"angle": 0, "axis": "y", "origin": [1, 8, 8]},
			"faces": {
				"north": {"uv": [11.375, 11.75, 11.5, 12.5], "texture": "#0"},
				"east": {"uv": [11.375, 12.5, 12.25, 11.75], "rotation": 180, "texture": "#0"},
				"south": {"uv": [12.125, 11.75, 12.25, 12.5], "texture": "#0"},
				"west": {"uv": [11.375, 11.75, 12.25, 12.5], "texture": "#0"},
				"up": {"uv": [12.25, 11.75, 11.375, 11.875], "rotation": 270, "texture": "#0"},
				"down": {"uv": [11.375, 12.375, 12.25, 12.5], "rotation": 270, "texture": "#0"}
			}
		},
		{
			"name": "14_23",
			"from": [8.475, 3.5, 11.25],
			"to": [9.65, 3.75, 11.375],
			"rotation": {"angle": 0, "axis": "y", "origin": [1, 8, 8]},
			"faces": {
				"north": {"uv": [11.25, 12.25, 11.375, 12.5], "texture": "#0"},
				"east": {"uv": [11.25, 12.5, 11.375, 12.25], "rotation": 180, "texture": "#0"},
				"south": {"uv": [11.25, 12.25, 11.375, 12.5], "texture": "#0"},
				"west": {"uv": [11.25, 12.25, 11.375, 12.5], "texture": "#0"},
				"up": {"uv": [11.375, 12.25, 11.25, 12.375], "rotation": 270, "texture": "#0"},
				"down": {"uv": [11.25, 12.375, 11.375, 12.5], "rotation": 270, "texture": "#0"}
			}
		}
	],
	"display": {
		"thirdperson_righthand": {
			"translation": [0, 2, -0.75],
			"scale": [0.5, 0.5, 0.5]
		},
		"thirdperson_lefthand": {
			"translation": [0, 2, -0.75],
			"scale": [0.5, 0.5, 0.5]
		},
		"firstperson_righthand": {
			"rotation": [12, 0, 0],
			"translation": [-10, 14.75, 0]
		},
		"firstperson_lefthand": {
			"rotation": [12, 0, 0],
			"translation": [-10, 14.75, 0]
		},
		"ground": {
			"rotation": [0, 0, 90],
			"translation": [0, -3.5, 0]
		},
		"gui": {
			"rotation": [49, 52, -59],
			"translation": [-0.5, 1, 0]
		},
		"head": {
			"translation": [-4.5, 1.25, 1.5],
			"scale": [4, 4, 4]
		},
		"fixed": {
			"rotation": [0, 90, 0],
			"scale": [1.3, 1.3, 1.3]
		}
	},
	"groups": [
		{
			"name": "1",
			"origin": [8, 8, 8],
			"children": [0, 1, 2, 3]
		},
		{
			"name": "2",
			"origin": [8, 8, 8],
			"children": [4, 5, 6, 7, 8, 9, 10]
		},
		{
			"name": "3",
			"origin": [8, 8, 8],
			"children": [11, 12, 13, 14, 15, 16, 17, 18, 19, 20, 21, 22, 23, 24, 25]
		},
		{
			"name": "4",
			"origin": [8, 8, 8],
			"children": [26, 27]
		},
		{
			"name": "5",
			"origin": [8, 8, 8],
			"children": [28, 29, 30, 31]
		},
		{
			"name": "6",
			"origin": [8, 8, 8],
			"children": [32, 33, 34, 35]
		},
		{
			"name": "7",
			"origin": [8, 8, 8],
			"children": [36, 37, 38, 39, 40, 41, 42, 43, 44, 45, 46, 47, 48, 49, 50, 51, 52, 53, 54, 55, 56, 57, 58, 59]
		},
		{
			"name": "8",
			"origin": [8, 8, 8],
			"children": [60, 61, 62, 63, 64]
		},
		{
			"name": "9",
			"origin": [8, 8, 8],
			"children": [65, 66, 67, 68]
		},
		{
			"name": "10",
			"origin": [8, 8, 8],
			"children": [69, 70, 71, 72, 73, 74, 75]
		},
		{
			"name": "11",
			"origin": [8, 8, 8],
			"children": [76, 77, 78, 79, 80, 81, 82, 83, 84, 85, 86, 87, 88, 89, 90, 91, 92, 93, 94, 95, 96, 97, 98, 99, 100, 101, 102, 103, 104, 105, 106, 107, 108, 109, 110, 111, 112, 113, 114, 115, 116]
		},
		{
			"name": "12",
			"origin": [8, 8, 8],
			"children": [117, 118, 119, 120]
		},
		{
			"name": "13",
			"origin": [8, 8, 8],
			"children": [121, 122, 123, 124, 125, 126, 127, 128]
		},
		{
			"name": "14",
			"origin": [8, 8, 8],
			"children": [129, 130, 131, 132, 133, 134, 135, 136, 137, 138, 139, 140, 141, 142, 143, 144, 145, 146, 147, 148, 149, 150, 151, 152]
		}
	]
}