{
	"credit": "Made by MILENARY",
	"texture_size": [32, 32],
	"textures": {
		"0": "block/gun_15",
		"particle": "block/gun_15"
	},
	"elements": [
		{
			"from": [18.55, 0.25, 12.75],
			"to": [19.45, 5, 13],
			"rotation": {"angle": -22.5, "axis": "x", "origin": [19, 2.5, 12]},
			"faces": {
				"north": {"uv": [4.5, 7, 4, 9.5], "texture": "#0"},
				"east": {"uv": [10.25, 0.5, 10, 3], "texture": "#0"},
				"south": {"uv": [1.5, 7.5, 1, 10], "texture": "#0"},
				"west": {"uv": [4.25, 9.5, 4, 12], "texture": "#0"},
				"up": {"uv": [11, 10.25, 11.5, 10], "texture": "#0"},
				"down": {"uv": [11, 10.5, 11.5, 10.75], "texture": "#0"}
			}
		},
		{
			"from": [18.25, 3.75, 8.5],
			"to": [19.75, 7, 10.5],
			"rotation": {"angle": 0, "axis": "x", "origin": [19, 2.5, 12]},
			"faces": {
				"north": {"uv": [2.75, 7, 2, 8.75], "texture": "#0"},
				"east": {"uv": [8, 0, 7, 1.75], "texture": "#0"},
				"south": {"uv": [3.75, 7, 3, 8.75], "texture": "#0"},
				"west": {"uv": [7.5, 5, 6.5, 6.75], "texture": "#0"},
				"up": {"uv": [9, 9, 9.75, 8], "texture": "#0"},
				"down": {"uv": [9, 9, 9.75, 10], "texture": "#0"}
			}
		},
		{
			"from": [18.4, 7, 9.5],
			"to": [19.6, 7.75, 12.75],
			"rotation": {"angle": 0, "axis": "x", "origin": [19, 2.5, 12]},
			"faces": {
				"north": {"uv": [10, 0.5, 9.5, 1], "texture": "#0"},
				"east": {"uv": [8.75, 7, 7, 7.5], "texture": "#0"},
				"south": {"uv": [11, 0.5, 10.5, 1], "texture": "#0"},
				"west": {"uv": [6.75, 7, 5, 7.5], "texture": "#0"},
				"up": {"uv": [3.5, 10.75, 4, 9], "texture": "#0"},
				"down": {"uv": [4.5, 9, 5, 10.75], "texture": "#0"}
			}
		},
		{
			"from": [18.5, 6.25, 12.75],
			"to": [18.75, 7.45, 13.65],
			"rotation": {"angle": 0, "axis": "x", "origin": [19, 2.5, 12]},
			"faces": {
				"north": {"uv": [11.25, 11, 11, 11.5], "texture": "#0"},
				"east": {"uv": [9, 6.5, 8.5, 7], "texture": "#0"},
				"south": {"uv": [11.75, 0, 11.5, 0.5], "texture": "#0"},
				"west": {"uv": [9, 1.5, 8.5, 2], "texture": "#0"},
				"up": {"uv": [0.5, 12, 0.75, 11.5], "texture": "#0"},
				"down": {"uv": [11.5, 0.5, 11.75, 1], "texture": "#0"}
			}
		},
		{
			"from": [18.25, 4, 12.75],
			"to": [19.75, 6.25, 13.75],
			"rotation": {"angle": 0, "axis": "x", "origin": [19, 2.5, 12]},
			"faces": {
				"north": {"uv": [9.25, 0, 8.5, 1.25], "texture": "#0"},
				"east": {"uv": [1.5, 10, 1, 11.25], "texture": "#0"},
				"south": {"uv": [9.25, 5, 8.5, 6.25], "texture": "#0"},
				"west": {"uv": [10, 5, 9.5, 6.25], "texture": "#0"},
				"up": {"uv": [3, 2.5, 3.75, 2], "texture": "#0"},
				"down": {"uv": [1.5, 5.5, 2.25, 6], "texture": "#0"}
			}
		},
		{
			"from": [18.5, 5.05, 5.5],
			"to": [19.5, 7.5, 9.5],
			"rotation": {"angle": 0, "axis": "x", "origin": [19, 2.5, 12]},
			"faces": {
				"north": {"uv": [2, 10, 1.5, 11.25], "texture": "#0"},
				"east": {"uv": [6, 3.5, 4, 4.75], "texture": "#0"},
				"south": {"uv": [10.5, 3, 10, 4.25], "texture": "#0"},
				"west": {"uv": [6, 2, 4, 3.25], "texture": "#0"},
				"up": {"uv": [8, 2, 8.5, 0], "texture": "#0"},
				"down": {"uv": [6, 8, 6.5, 10], "texture": "#0"}
			}
		},
		{
			"from": [18.4, 3.85, 6.25],
			"to": [19.6, 5.05, 8.5],
			"rotation": {"angle": 0, "axis": "x", "origin": [19, 2.5, 12]},
			"faces": {
				"north": {"uv": [11, 9.5, 10.5, 10], "texture": "#0"},
				"east": {"uv": [11.25, 5, 10, 5.5], "texture": "#0"},
				"south": {"uv": [11, 10, 10.5, 10.5], "texture": "#0"},
				"west": {"uv": [11.25, 4.5, 10, 5], "texture": "#0"},
				"up": {"uv": [10, 6.75, 10.5, 5.5], "texture": "#0"},
				"down": {"uv": [6, 10, 6.5, 11.25], "texture": "#0"}
			}
		},
		{
			"from": [18.65, 5.4, 0.75],
			"to": [19.35, 7.25, 5.5],
			"rotation": {"angle": 0, "axis": "x", "origin": [19, 2.5, 12]},
			"faces": {
				"north": {"uv": [10.75, 10.5, 10.5, 11.5], "texture": "#0"},
				"east": {"uv": [5, 5, 2.5, 6], "texture": "#0"},
				"south": {"uv": [0.25, 11, 0, 12], "texture": "#0"},
				"west": {"uv": [2.5, 4.5, 0, 5.5], "texture": "#0"},
				"up": {"uv": [10, 9.5, 10.25, 7], "texture": "#0"},
				"down": {"uv": [9, 10, 9.25, 12.5], "texture": "#0"}
			}
		},
		{
			"from": [18.55, 4.1, 0.75],
			"to": [19.45, 5.4, 6.25],
			"rotation": {"angle": 0, "axis": "x", "origin": [19, 2.5, 12]},
			"faces": {
				"north": {"uv": [11, 1.5, 10.5, 2.25], "texture": "#0"},
				"east": {"uv": [8.75, 2, 6, 2.75], "texture": "#0"},
				"south": {"uv": [11, 2.5, 10.5, 3.25], "texture": "#0"},
				"west": {"uv": [4.25, 6, 1.5, 6.75], "texture": "#0"},
				"up": {"uv": [4.5, 8.75, 5, 6], "texture": "#0"},
				"down": {"uv": [1.5, 7, 2, 9.75], "texture": "#0"}
			}
		},
		{
			"from": [18.25, 3.5, 10.5],
			"to": [19.75, 7, 12.75],
			"rotation": {"angle": 0, "axis": "x", "origin": [19, 2.5, 12]},
			"faces": {
				"north": {"uv": [0.75, 7.5, 0, 9.25], "texture": "#0"},
				"east": {"uv": [1.25, 5.5, 0, 7.25], "texture": "#0"},
				"south": {"uv": [8.25, 5, 7.5, 6.75], "texture": "#0"},
				"west": {"uv": [6.25, 5, 5, 6.75], "texture": "#0"},
				"up": {"uv": [9, 2.75, 9.75, 1.5], "texture": "#0"},
				"down": {"uv": [9, 6.5, 9.75, 7.75], "texture": "#0"}
			}
		},
		{
			"from": [18.5, -0.5, 10.25],
			"to": [19.5, 0.25, 13.25],
			"rotation": {"angle": -22.5, "axis": "x", "origin": [19, 2.5, 12]},
			"faces": {
				"north": {"uv": [11.5, 0, 11, 0.5], "texture": "#0"},
				"east": {"uv": [11, 0, 9.5, 0.5], "texture": "#0"},
				"south": {"uv": [1, 11, 0.5, 11.5], "texture": "#0"},
				"west": {"uv": [4, 4.5, 2.5, 5], "texture": "#0"},
				"up": {"uv": [0, 11, 0.5, 9.5], "texture": "#0"},
				"down": {"uv": [0.5, 9.5, 1, 11], "texture": "#0"}
			}
		},
		{
			"from": [18.65, 3.5, 8],
			"to": [19.35, 4, 10.25],
			"rotation": {"angle": 0, "axis": "x", "origin": [19, 2.5, 12]},
			"faces": {
				"north": {"uv": [11.75, 7, 11.5, 7.25], "texture": "#0"},
				"east": {"uv": [11.75, 4, 10.5, 4.25], "texture": "#0"},
				"south": {"uv": [11.75, 7.5, 11.5, 7.75], "texture": "#0"},
				"west": {"uv": [11.75, 3.5, 10.5, 3.75], "texture": "#0"},
				"up": {"uv": [5, 11.75, 5.25, 10.5], "texture": "#0"},
				"down": {"uv": [5.5, 10.5, 5.75, 11.75], "texture": "#0"}
			}
		},
		{
			"from": [18.75, 3.5, 8.3],
			"to": [19.25, 5.5, 8.8],
			"rotation": {"angle": -22.5, "axis": "x", "origin": [19, 2.5, 12]},
			"faces": {
				"north": {"uv": [11.25, 0.5, 11, 1.5], "texture": "#0"},
				"east": {"uv": [3.75, 11, 3.5, 12], "texture": "#0"},
				"south": {"uv": [11.25, 2.5, 11, 3.5], "texture": "#0"},
				"west": {"uv": [11.25, 1.5, 11, 2.5], "texture": "#0"},
				"up": {"uv": [11.5, 8.25, 11.75, 8], "texture": "#0"},
				"down": {"uv": [11.5, 8.5, 11.75, 8.75], "texture": "#0"}
			}
		},
		{
			"from": [18.75, 2.00795, 8.19896],
			"to": [19.25, 2.50795, 10.69896],
			"rotation": {"angle": 0, "axis": "x", "origin": [19, 5.70795, 11.19896]},
			"faces": {
				"north": {"uv": [11.75, 9, 11.5, 9.25], "texture": "#0"},
				"east": {"uv": [11.75, 6, 10.5, 6.25], "texture": "#0"},
				"south": {"uv": [9.75, 11.5, 9.5, 11.75], "texture": "#0"},
				"west": {"uv": [11.75, 5.5, 10.5, 5.75], "texture": "#0"},
				"up": {"uv": [10.5, 7.75, 10.75, 6.5], "texture": "#0"},
				"down": {"uv": [10.5, 8, 10.75, 9.25], "texture": "#0"}
			}
		},
		{
			"from": [18.9, 1.75, 9.05],
			"to": [19.1, 2.75, 9.55],
			"rotation": {"angle": 22.5, "axis": "x", "origin": [19, 2.5, 12]},
			"faces": {
				"north": {"uv": [1.25, 11.5, 1, 12], "texture": "#0"},
				"east": {"uv": [11.75, 1.5, 11.5, 2], "texture": "#0"},
				"south": {"uv": [1.75, 11.5, 1.5, 12], "texture": "#0"},
				"west": {"uv": [11.75, 1, 11.5, 1.5], "texture": "#0"},
				"up": {"uv": [11.5, 9.75, 11.75, 9.5], "texture": "#0"},
				"down": {"uv": [11.5, 10, 11.75, 10.25], "texture": "#0"}
			}
		},
		{
			"from": [18.6, 0.25, 10.5],
			"to": [19.4, 5, 12.75],
			"rotation": {"angle": -22.5, "axis": "x", "origin": [19, 2.5, 12]},
			"faces": {
				"north": {"uv": [5.5, 8, 5, 10.5], "texture": "#0"},
				"east": {"uv": [2.75, 0, 1.5, 2.5], "texture": "#0"},
				"south": {"uv": [6, 8, 5.5, 10.5], "texture": "#0"},
				"west": {"uv": [1.25, 0, 0, 2.5], "texture": "#0"},
				"up": {"uv": [9.5, 11.25, 10, 10], "texture": "#0"},
				"down": {"uv": [10, 9.5, 10.5, 10.75], "texture": "#0"}
			}
		},
		{
			"from": [19.35, 5.5, 0.75],
			"to": [19.7, 7, 8.5],
			"rotation": {"angle": 0, "axis": "x", "origin": [19, 2.5, 12]},
			"faces": {
				"north": {"uv": [11.25, 7, 11, 7.75], "texture": "#0"},
				"east": {"uv": [7, 0, 3, 0.75], "texture": "#0"},
				"south": {"uv": [11.25, 8, 11, 8.75], "texture": "#0"},
				"west": {"uv": [4, 2.5, 0, 3.25], "texture": "#0"},
				"up": {"uv": [6.5, 12, 6.75, 8], "texture": "#0"},
				"down": {"uv": [7, 8, 7.25, 12], "texture": "#0"}
			}
		},
		{
			"from": [19.45, 4.5, 0.75],
			"to": [19.7, 5.35, 8.5],
			"rotation": {"angle": 0, "axis": "x", "origin": [19, 2.5, 12]},
			"faces": {
				"north": {"uv": [11.75, 2, 11.5, 2.5], "texture": "#0"},
				"east": {"uv": [10, 3.5, 6, 4], "texture": "#0"},
				"south": {"uv": [11.75, 2.5, 11.5, 3], "texture": "#0"},
				"west": {"uv": [10, 3, 6, 3.5], "texture": "#0"},
				"up": {"uv": [7.5, 12, 7.75, 8], "texture": "#0"},
				"down": {"uv": [8, 8, 8.25, 12], "texture": "#0"}
			}
		},
		{
			"from": [18.3, 4.5, 0.75],
			"to": [18.55, 5.35, 8.5],
			"rotation": {"angle": 0, "axis": "x", "origin": [19, 2.5, 12]},
			"faces": {
				"north": {"uv": [11.75, 3, 11.5, 3.5], "texture": "#0"},
				"east": {"uv": [10, 4.5, 6, 5], "texture": "#0"},
				"south": {"uv": [4.75, 11.5, 4.5, 12], "texture": "#0"},
				"west": {"uv": [10, 4, 6, 4.5], "texture": "#0"},
				"up": {"uv": [8.5, 12, 8.75, 8], "texture": "#0"},
				"down": {"uv": [2, 9, 2.25, 13], "texture": "#0"}
			}
		},
		{
			"from": [18.3, 5.5, 0.75],
			"to": [18.65, 7, 8.5],
			"rotation": {"angle": 0, "axis": "x", "origin": [19, 2.5, 12]},
			"faces": {
				"north": {"uv": [11.25, 9, 11, 9.75], "texture": "#0"},
				"east": {"uv": [4, 3.5, 0, 4.25], "texture": "#0"},
				"south": {"uv": [10.25, 11, 10, 11.75], "texture": "#0"},
				"west": {"uv": [7, 1, 3, 1.75], "texture": "#0"},
				"up": {"uv": [2.5, 13, 2.75, 9], "texture": "#0"},
				"down": {"uv": [3, 9, 3.25, 13], "texture": "#0"}
			}
		},
		{
			"from": [19.25, 6.25, 12.75],
			"to": [19.5, 7.45, 13.65],
			"rotation": {"angle": 0, "axis": "x", "origin": [19, 2.5, 12]},
			"faces": {
				"north": {"uv": [11.75, 4.5, 11.5, 5], "texture": "#0"},
				"east": {"uv": [11.5, 6.5, 11, 7], "texture": "#0"},
				"south": {"uv": [11.75, 5, 11.5, 5.5], "texture": "#0"},
				"west": {"uv": [5, 11, 4.5, 11.5], "texture": "#0"},
				"up": {"uv": [6, 12, 6.25, 11.5], "texture": "#0"},
				"down": {"uv": [11.5, 6.5, 11.75, 7], "texture": "#0"}
			}
		},
		{
			"from": [18.75, 6.25, 12.75],
			"to": [19.25, 6.95, 13.2],
			"rotation": {"angle": 0, "axis": "x", "origin": [19, 2.5, 12]},
			"faces": {
				"north": {"uv": [10.75, 11.5, 10.5, 11.75], "texture": "#0"},
				"east": {"uv": [11.75, 11, 11.5, 11.25], "texture": "#0"},
				"south": {"uv": [11.25, 11.5, 11, 11.75], "texture": "#0"},
				"west": {"uv": [11.75, 10.5, 11.5, 10.75], "texture": "#0"},
				"up": {"uv": [11.5, 11.75, 11.75, 11.5], "texture": "#0"},
				"down": {"uv": [0, 12, 0.25, 12.25], "texture": "#0"}
			}
		},
		{
			"from": [-3.45, 0.25, 17.75],
			"to": [-2.55, 5, 18],
			"rotation": {"angle": -22.5, "axis": "x", "origin": [-3, 2.5, 17]},
			"faces": {
				"north": {"uv": [4.5, 7, 4, 9.5], "texture": "#0"},
				"east": {"uv": [10.25, 0.5, 10, 3], "texture": "#0"},
				"south": {"uv": [1.5, 7.5, 1, 10], "texture": "#0"},
				"west": {"uv": [4.25, 9.5, 4, 12], "texture": "#0"},
				"up": {"uv": [11, 10.25, 11.5, 10], "texture": "#0"},
				"down": {"uv": [11, 10.5, 11.5, 10.75], "texture": "#0"}
			}
		},
		{
			"from": [-3.75, 3.75, 13.5],
			"to": [-2.25, 7, 15.5],
			"rotation": {"angle": 0, "axis": "x", "origin": [-3, 2.5, 17]},
			"faces": {
				"north": {"uv": [2.75, 7, 2, 8.75], "texture": "#0"},
				"east": {"uv": [8, 0, 7, 1.75], "texture": "#0"},
				"south": {"uv": [3.75, 7, 3, 8.75], "texture": "#0"},
				"west": {"uv": [7.5, 5, 6.5, 6.75], "texture": "#0"},
				"up": {"uv": [9, 9, 9.75, 8], "texture": "#0"},
				"down": {"uv": [9, 9, 9.75, 10], "texture": "#0"}
			}
		},
		{
			"from": [-3.6, 7, 14.5],
			"to": [-2.4, 7.75, 17.75],
			"rotation": {"angle": 0, "axis": "x", "origin": [-3, 2.5, 17]},
			"faces": {
				"north": {"uv": [10, 0.5, 9.5, 1], "texture": "#0"},
				"east": {"uv": [8.75, 7, 7, 7.5], "texture": "#0"},
				"south": {"uv": [11, 0.5, 10.5, 1], "texture": "#0"},
				"west": {"uv": [6.75, 7, 5, 7.5], "texture": "#0"},
				"up": {"uv": [3.5, 10.75, 4, 9], "texture": "#0"},
				"down": {"uv": [4.5, 9, 5, 10.75], "texture": "#0"}
			}
		},
		{
			"from": [-3.5, 6.25, 17.75],
			"to": [-3.25, 7.45, 18.65],
			"rotation": {"angle": 0, "axis": "x", "origin": [-3, 2.5, 17]},
			"faces": {
				"north": {"uv": [11.25, 11, 11, 11.5], "texture": "#0"},
				"east": {"uv": [9, 6.5, 8.5, 7], "texture": "#0"},
				"south": {"uv": [11.75, 0, 11.5, 0.5], "texture": "#0"},
				"west": {"uv": [9, 1.5, 8.5, 2], "texture": "#0"},
				"up": {"uv": [0.5, 12, 0.75, 11.5], "texture": "#0"},
				"down": {"uv": [11.5, 0.5, 11.75, 1], "texture": "#0"}
			}
		},
		{
			"from": [-3.75, 4, 17.75],
			"to": [-2.25, 6.25, 18.75],
			"rotation": {"angle": 0, "axis": "x", "origin": [-3, 2.5, 17]},
			"faces": {
				"north": {"uv": [9.25, 0, 8.5, 1.25], "texture": "#0"},
				"east": {"uv": [1.5, 10, 1, 11.25], "texture": "#0"},
				"south": {"uv": [9.25, 5, 8.5, 6.25], "texture": "#0"},
				"west": {"uv": [10, 5, 9.5, 6.25], "texture": "#0"},
				"up": {"uv": [3, 2.5, 3.75, 2], "texture": "#0"},
				"down": {"uv": [1.5, 5.5, 2.25, 6], "texture": "#0"}
			}
		},
		{
			"from": [-3.5, 5.05, 10.5],
			"to": [-2.5, 7.5, 14.5],
			"rotation": {"angle": 0, "axis": "x", "origin": [-3, 2.5, 17]},
			"faces": {
				"north": {"uv": [2, 10, 1.5, 11.25], "texture": "#0"},
				"east": {"uv": [6, 3.5, 4, 4.75], "texture": "#0"},
				"south": {"uv": [10.5, 3, 10, 4.25], "texture": "#0"},
				"west": {"uv": [6, 2, 4, 3.25], "texture": "#0"},
				"up": {"uv": [8, 2, 8.5, 0], "texture": "#0"},
				"down": {"uv": [6, 8, 6.5, 10], "texture": "#0"}
			}
		},
		{
			"from": [-3.6, 3.85, 11.25],
			"to": [-2.4, 5.05, 13.5],
			"rotation": {"angle": 0, "axis": "x", "origin": [-3, 2.5, 17]},
			"faces": {
				"north": {"uv": [11, 9.5, 10.5, 10], "texture": "#0"},
				"east": {"uv": [11.25, 5, 10, 5.5], "texture": "#0"},
				"south": {"uv": [11, 10, 10.5, 10.5], "texture": "#0"},
				"west": {"uv": [11.25, 4.5, 10, 5], "texture": "#0"},
				"up": {"uv": [10, 6.75, 10.5, 5.5], "texture": "#0"},
				"down": {"uv": [6, 10, 6.5, 11.25], "texture": "#0"}
			}
		},
		{
			"from": [-3.35, 5.4, 5.75],
			"to": [-2.65, 7.25, 10.5],
			"rotation": {"angle": 0, "axis": "x", "origin": [-3, 2.5, 17]},
			"faces": {
				"north": {"uv": [10.75, 10.5, 10.5, 11.5], "texture": "#0"},
				"east": {"uv": [5, 5, 2.5, 6], "texture": "#0"},
				"south": {"uv": [0.25, 11, 0, 12], "texture": "#0"},
				"west": {"uv": [2.5, 4.5, 0, 5.5], "texture": "#0"},
				"up": {"uv": [10, 9.5, 10.25, 7], "texture": "#0"},
				"down": {"uv": [9, 10, 9.25, 12.5], "texture": "#0"}
			}
		},
		{
			"from": [-3.45, 4.1, 5.75],
			"to": [-2.55, 5.4, 11.25],
			"rotation": {"angle": 0, "axis": "x", "origin": [-3, 2.5, 17]},
			"faces": {
				"north": {"uv": [11, 1.5, 10.5, 2.25], "texture": "#0"},
				"east": {"uv": [8.75, 2, 6, 2.75], "texture": "#0"},
				"south": {"uv": [11, 2.5, 10.5, 3.25], "texture": "#0"},
				"west": {"uv": [4.25, 6, 1.5, 6.75], "texture": "#0"},
				"up": {"uv": [4.5, 8.75, 5, 6], "texture": "#0"},
				"down": {"uv": [1.5, 7, 2, 9.75], "texture": "#0"}
			}
		},
		{
			"from": [-3.75, 3.5, 15.5],
			"to": [-2.25, 7, 17.75],
			"rotation": {"angle": 0, "axis": "x", "origin": [-3, 2.5, 17]},
			"faces": {
				"north": {"uv": [0.75, 7.5, 0, 9.25], "texture": "#0"},
				"east": {"uv": [1.25, 5.5, 0, 7.25], "texture": "#0"},
				"south": {"uv": [8.25, 5, 7.5, 6.75], "texture": "#0"},
				"west": {"uv": [6.25, 5, 5, 6.75], "texture": "#0"},
				"up": {"uv": [9, 2.75, 9.75, 1.5], "texture": "#0"},
				"down": {"uv": [9, 6.5, 9.75, 7.75], "texture": "#0"}
			}
		},
		{
			"from": [-3.5, -0.5, 15.25],
			"to": [-2.5, 0.25, 18.25],
			"rotation": {"angle": -22.5, "axis": "x", "origin": [-3, 2.5, 17]},
			"faces": {
				"north": {"uv": [11.5, 0, 11, 0.5], "texture": "#0"},
				"east": {"uv": [11, 0, 9.5, 0.5], "texture": "#0"},
				"south": {"uv": [1, 11, 0.5, 11.5], "texture": "#0"},
				"west": {"uv": [4, 4.5, 2.5, 5], "texture": "#0"},
				"up": {"uv": [0, 11, 0.5, 9.5], "texture": "#0"},
				"down": {"uv": [0.5, 9.5, 1, 11], "texture": "#0"}
			}
		},
		{
			"from": [-3.35, 3.5, 13],
			"to": [-2.65, 4, 15.25],
			"rotation": {"angle": 0, "axis": "x", "origin": [-3, 2.5, 17]},
			"faces": {
				"north": {"uv": [11.75, 7, 11.5, 7.25], "texture": "#0"},
				"east": {"uv": [11.75, 4, 10.5, 4.25], "texture": "#0"},
				"south": {"uv": [11.75, 7.5, 11.5, 7.75], "texture": "#0"},
				"west": {"uv": [11.75, 3.5, 10.5, 3.75], "texture": "#0"},
				"up": {"uv": [5, 11.75, 5.25, 10.5], "texture": "#0"},
				"down": {"uv": [5.5, 10.5, 5.75, 11.75], "texture": "#0"}
			}
		},
		{
			"from": [-3.25, 3.5, 13.3],
			"to": [-2.75, 5.5, 13.8],
			"rotation": {"angle": -22.5, "axis": "x", "origin": [-3, 2.5, 17]},
			"faces": {
				"north": {"uv": [11.25, 0.5, 11, 1.5], "texture": "#0"},
				"east": {"uv": [3.75, 11, 3.5, 12], "texture": "#0"},
				"south": {"uv": [11.25, 2.5, 11, 3.5], "texture": "#0"},
				"west": {"uv": [11.25, 1.5, 11, 2.5], "texture": "#0"},
				"up": {"uv": [11.5, 8.25, 11.75, 8], "texture": "#0"},
				"down": {"uv": [11.5, 8.5, 11.75, 8.75], "texture": "#0"}
			}
		},
		{
			"from": [-3.25, 2.00795, 13.19896],
			"to": [-2.75, 2.50795, 15.69896],
			"rotation": {"angle": 0, "axis": "x", "origin": [-3, 5.70795, 16.19896]},
			"faces": {
				"north": {"uv": [11.75, 9, 11.5, 9.25], "texture": "#0"},
				"east": {"uv": [11.75, 6, 10.5, 6.25], "texture": "#0"},
				"south": {"uv": [9.75, 11.5, 9.5, 11.75], "texture": "#0"},
				"west": {"uv": [11.75, 5.5, 10.5, 5.75], "texture": "#0"},
				"up": {"uv": [10.5, 7.75, 10.75, 6.5], "texture": "#0"},
				"down": {"uv": [10.5, 8, 10.75, 9.25], "texture": "#0"}
			}
		},
		{
			"from": [-3.1, 1.75, 14.05],
			"to": [-2.9, 2.75, 14.55],
			"rotation": {"angle": 22.5, "axis": "x", "origin": [-3, 2.5, 17]},
			"faces": {
				"north": {"uv": [1.25, 11.5, 1, 12], "texture": "#0"},
				"east": {"uv": [11.75, 1.5, 11.5, 2], "texture": "#0"},
				"south": {"uv": [1.75, 11.5, 1.5, 12], "texture": "#0"},
				"west": {"uv": [11.75, 1, 11.5, 1.5], "texture": "#0"},
				"up": {"uv": [11.5, 9.75, 11.75, 9.5], "texture": "#0"},
				"down": {"uv": [11.5, 10, 11.75, 10.25], "texture": "#0"}
			}
		},
		{
			"from": [-3.4, 0.25, 15.5],
			"to": [-2.6, 5, 17.75],
			"rotation": {"angle": -22.5, "axis": "x", "origin": [-3, 2.5, 17]},
			"faces": {
				"north": {"uv": [5.5, 8, 5, 10.5], "texture": "#0"},
				"east": {"uv": [2.75, 0, 1.5, 2.5], "texture": "#0"},
				"south": {"uv": [6, 8, 5.5, 10.5], "texture": "#0"},
				"west": {"uv": [1.25, 0, 0, 2.5], "texture": "#0"},
				"up": {"uv": [9.5, 11.25, 10, 10], "texture": "#0"},
				"down": {"uv": [10, 9.5, 10.5, 10.75], "texture": "#0"}
			}
		},
		{
			"from": [-2.65, 5.5, 5.75],
			"to": [-2.3, 7, 13.5],
			"rotation": {"angle": 0, "axis": "x", "origin": [-3, 2.5, 17]},
			"faces": {
				"north": {"uv": [11.25, 7, 11, 7.75], "texture": "#0"},
				"east": {"uv": [7, 0, 3, 0.75], "texture": "#0"},
				"south": {"uv": [11.25, 8, 11, 8.75], "texture": "#0"},
				"west": {"uv": [4, 2.5, 0, 3.25], "texture": "#0"},
				"up": {"uv": [6.5, 12, 6.75, 8], "texture": "#0"},
				"down": {"uv": [7, 8, 7.25, 12], "texture": "#0"}
			}
		},
		{
			"from": [-2.55, 4.5, 5.75],
			"to": [-2.3, 5.35, 13.5],
			"rotation": {"angle": 0, "axis": "x", "origin": [-3, 2.5, 17]},
			"faces": {
				"north": {"uv": [11.75, 2, 11.5, 2.5], "texture": "#0"},
				"east": {"uv": [10, 3.5, 6, 4], "texture": "#0"},
				"south": {"uv": [11.75, 2.5, 11.5, 3], "texture": "#0"},
				"west": {"uv": [10, 3, 6, 3.5], "texture": "#0"},
				"up": {"uv": [7.5, 12, 7.75, 8], "texture": "#0"},
				"down": {"uv": [8, 8, 8.25, 12], "texture": "#0"}
			}
		},
		{
			"from": [-3.7, 4.5, 5.75],
			"to": [-3.45, 5.35, 13.5],
			"rotation": {"angle": 0, "axis": "x", "origin": [-3, 2.5, 17]},
			"faces": {
				"north": {"uv": [11.75, 3, 11.5, 3.5], "texture": "#0"},
				"east": {"uv": [10, 4.5, 6, 5], "texture": "#0"},
				"south": {"uv": [4.75, 11.5, 4.5, 12], "texture": "#0"},
				"west": {"uv": [10, 4, 6, 4.5], "texture": "#0"},
				"up": {"uv": [8.5, 12, 8.75, 8], "texture": "#0"},
				"down": {"uv": [2, 9, 2.25, 13], "texture": "#0"}
			}
		},
		{
			"from": [-3.7, 5.5, 5.75],
			"to": [-3.35, 7, 13.5],
			"rotation": {"angle": 0, "axis": "x", "origin": [-3, 2.5, 17]},
			"faces": {
				"north": {"uv": [11.25, 9, 11, 9.75], "texture": "#0"},
				"east": {"uv": [4, 3.5, 0, 4.25], "texture": "#0"},
				"south": {"uv": [10.25, 11, 10, 11.75], "texture": "#0"},
				"west": {"uv": [7, 1, 3, 1.75], "texture": "#0"},
				"up": {"uv": [2.5, 13, 2.75, 9], "texture": "#0"},
				"down": {"uv": [3, 9, 3.25, 13], "texture": "#0"}
			}
		},
		{
			"from": [-2.75, 6.25, 17.75],
			"to": [-2.5, 7.45, 18.65],
			"rotation": {"angle": 0, "axis": "x", "origin": [-3, 2.5, 17]},
			"faces": {
				"north": {"uv": [11.75, 4.5, 11.5, 5], "texture": "#0"},
				"east": {"uv": [11.5, 6.5, 11, 7], "texture": "#0"},
				"south": {"uv": [11.75, 5, 11.5, 5.5], "texture": "#0"},
				"west": {"uv": [5, 11, 4.5, 11.5], "texture": "#0"},
				"up": {"uv": [6, 12, 6.25, 11.5], "texture": "#0"},
				"down": {"uv": [11.5, 6.5, 11.75, 7], "texture": "#0"}
			}
		},
		{
			"from": [-3.25, 6.25, 17.75],
			"to": [-2.75, 6.95, 18.2],
			"rotation": {"angle": 0, "axis": "x", "origin": [-3, 2.5, 17]},
			"faces": {
				"north": {"uv": [10.75, 11.5, 10.5, 11.75], "texture": "#0"},
				"east": {"uv": [11.75, 11, 11.5, 11.25], "texture": "#0"},
				"south": {"uv": [11.25, 11.5, 11, 11.75], "texture": "#0"},
				"west": {"uv": [11.75, 10.5, 11.5, 10.75], "texture": "#0"},
				"up": {"uv": [11.5, 11.75, 11.75, 11.5], "texture": "#0"},
				"down": {"uv": [0, 12, 0.25, 12.25], "texture": "#0"}
			}
		}
	],
	"display": {
		"thirdperson_righthand": {
			"rotation": [3, 0, 0],
			"translation": [-6, 3.5, 1.25],
			"scale": [0.6, 0.6, 0.6]
		},
		"thirdperson_lefthand": {
			"rotation": [3, 0, 0],
			"translation": [-6, 3.5, 1.25],
			"scale": [0.6, 0.6, 0.6]
		},
		"firstperson_righthand": {
			"translation": [-9, 15.5, -9],
			"scale": [1.5, 1.5, 1.5]
		},
		"firstperson_lefthand": {
			"translation": [-9, 15.5, -9],
			"scale": [1.5, 1.5, 1.5]
		},
		"ground": {
			"translation": [0, 6, 0]
		},
		"gui": {
			"rotation": [61, 67, -48],
			"translation": [2.25, 3.5, 0]
		},
		"head": {
			"translation": [0, 4, 0],
			"scale": [3, 3, 3]
		}
	},
	"groups": [
		{
			"name": "left",
			"origin": [8, 2.5, 12],
			"children": [0, 1, 2, 3, 4, 5, 6, 7, 8, 9, 10, 11, 12, 13, 14, 15, 16, 17, 18, 19, 20, 21]
		},
		{
			"name": "right",
			"origin": [8, 2.5, 12],
			"children": [22, 23, 24, 25, 26, 27, 28, 29, 30, 31, 32, 33, 34, 35, 36, 37, 38, 39, 40, 41, 42, 43]
		}
	]
}