{
	"credit": "Made by MILENARY",
	"textures": {
		"0": "block/sec_gun_3",
		"1": "block/gun_opening",
		"2": "block/green_gun_2",
		"3": "block/gun_fire_2",
		"particle": "block/sec_gun_3"
	},
	"elements": [
		{
			"name": "1_0",
			"from": [7.17143, 12.69286, 1.16429],
			"to": [8.9, 14.04286, 12.59286],
			"rotation": {"angle": 0, "axis": "y", "origin": [0.15, 6.75, 8.25]},
			"faces": {
				"north": {"uv": [0.91429, 0.45714, 1.14286, 2.05714], "texture": "#0"},
				"east": {"uv": [0.91429, 2.05714, 12.34286, 0.45714], "rotation": 180, "texture": "#0"},
				"south": {"uv": [12.11429, 0.45714, 12.34286, 2.05714], "texture": "#0"},
				"west": {"uv": [0.91429, 0.45714, 12.34286, 2.05714], "texture": "#0"},
				"up": {"uv": [12.34286, 0.45714, 0.91429, 0.68571], "rotation": 270, "texture": "#0"},
				"down": {"uv": [0.91429, 1.82857, 12.34286, 2.05714], "rotation": 270, "texture": "#0"}
			}
		},
		{
			"name": "1_1",
			"from": [7.42143, 12.84286, 12.59286],
			"to": [8.65, 13.79286, 12.64286],
			"rotation": {"angle": 0, "axis": "y", "origin": [0.15, 6.75, 8.25]},
			"faces": {
				"north": {"uv": [0.91429, 0.45714, 1.14286, 2.05714], "texture": "#0"},
				"east": {"uv": [0.91429, 2.05714, 12.34286, 0.45714], "rotation": 180, "texture": "#0"},
				"south": {"uv": [12.11429, 0.45714, 12.34286, 2.05714], "texture": "#0"},
				"west": {"uv": [0.91429, 0.45714, 12.34286, 2.05714], "texture": "#0"},
				"up": {"uv": [12.34286, 0.45714, 0.91429, 0.68571], "rotation": 270, "texture": "#0"},
				"down": {"uv": [0.91429, 1.82857, 12.34286, 2.05714], "rotation": 270, "texture": "#0"}
			}
		},
		{
			"name": "2_2",
			"from": [7.42143, 12.84286, 12.643],
			"to": [8.65, 13.79286, 12.643],
			"rotation": {"angle": 0, "axis": "y", "origin": [0.15, 6.75, 8.25]},
			"faces": {
				"north": {"uv": [0.91429, 0.45714, 1.14286, 2.05714], "texture": "#0"},
				"east": {"uv": [0.91429, 2.05714, 12.34286, 0.45714], "rotation": 180, "texture": "#0"},
				"south": {"uv": [0, 15.086, 1.129, 16], "texture": "#0"},
				"west": {"uv": [0.91429, 0.45714, 12.34286, 2.05714], "texture": "#0"},
				"up": {"uv": [12.34286, 0.45714, 0.91429, 0.68571], "rotation": 270, "texture": "#0"},
				"down": {"uv": [0.91429, 1.82857, 12.34286, 2.05714], "rotation": 270, "texture": "#0"}
			}
		},
		{
			"name": "1_1",
			"from": [7.27143, 14.04286, 1.16429],
			"to": [8.8, 14.29286, 12.59286],
			"rotation": {"angle": 0, "axis": "y", "origin": [0.15, 7, 8.25]},
			"faces": {
				"north": {"uv": [0.91429, 0.45714, 1.14286, 2.05714], "texture": "#0"},
				"east": {"uv": [12.34286, 0.45714, 0.91429, 0.68571], "rotation": 270, "texture": "#0"},
				"south": {"uv": [12.11429, 0.45714, 12.34286, 2.05714], "texture": "#0"},
				"west": {"uv": [12.34286, 0.45714, 0.91429, 0.68571], "rotation": 270, "texture": "#0"},
				"up": {"uv": [12.34286, 0.45714, 0.91429, 0.68571], "rotation": 270, "texture": "#0"},
				"down": {"uv": [0.91429, 1.82857, 12.34286, 2.05714], "rotation": 270, "texture": "#0"}
			}
		},
		{
			"name": "2_2",
			"from": [7.32143, 14.29286, 10.16429],
			"to": [7.5, 14.54286, 10.84286],
			"rotation": {"angle": 0, "axis": "y", "origin": [0.2, 7, 8.25]},
			"faces": {
				"north": {"uv": [0.91429, 0.45714, 1.14286, 2.05714], "texture": "#0"},
				"east": {"uv": [12.34286, 0.45714, 0.91429, 0.68571], "rotation": 270, "texture": "#0"},
				"south": {"uv": [12.11429, 0.45714, 12.29286, 0.70714], "texture": "#0"},
				"west": {"uv": [12.34286, 0.45714, 0.91429, 0.68571], "rotation": 270, "texture": "#0"},
				"up": {"uv": [12.34286, 0.45714, 0.91429, 0.68571], "rotation": 270, "texture": "#0"},
				"down": {"uv": [0.91429, 1.82857, 12.34286, 2.05714], "rotation": 270, "texture": "#0"}
			}
		},
		{
			"name": "3_3",
			"from": [7.5014, 14.29286, 10.16429],
			"to": [7.77997, 14.64286, 10.84286],
			"rotation": {"angle": 0, "axis": "y", "origin": [0.35, 7, 8.25]},
			"faces": {
				"north": {"uv": [0.91429, 0.45714, 1.14286, 2.05714], "texture": "#0"},
				"east": {"uv": [12.34286, 0.45714, 0.91429, 0.68571], "rotation": 270, "texture": "#0"},
				"south": {"uv": [3.5, 11, 4.006, 11.579], "texture": "#0"},
				"west": {"uv": [12.34286, 0.45714, 0.91429, 0.68571], "rotation": 270, "texture": "#0"},
				"up": {"uv": [12.34286, 0.45714, 0.91429, 0.68571], "rotation": 270, "texture": "#0"},
				"down": {"uv": [0.91429, 1.82857, 12.34286, 2.05714], "rotation": 270, "texture": "#0"}
			}
		},
		{
			"name": "4_4",
			"from": [8.2914, 14.29286, 10.16429],
			"to": [8.56997, 14.64286, 10.84286],
			"rotation": {"angle": 0, "axis": "y", "origin": [1.15, 7, 8.25]},
			"faces": {
				"north": {"uv": [0.91429, 0.45714, 1.14286, 2.05714], "texture": "#0"},
				"east": {"uv": [12.34286, 0.45714, 0.91429, 0.68571], "rotation": 270, "texture": "#0"},
				"south": {"uv": [3.5, 11, 4.006, 11.579], "texture": "#0"},
				"west": {"uv": [12.34286, 0.45714, 0.91429, 0.68571], "rotation": 270, "texture": "#0"},
				"up": {"uv": [12.34286, 0.45714, 0.91429, 0.68571], "rotation": 270, "texture": "#0"},
				"down": {"uv": [0.91429, 1.82857, 12.34286, 2.05714], "rotation": 270, "texture": "#0"}
			}
		},
		{
			"name": "5_5",
			"from": [7.7414, 14.29286, 10.36429],
			"to": [8.31997, 14.39286, 10.74286],
			"rotation": {"angle": 0, "axis": "y", "origin": [1.15, 7, 8.25]},
			"faces": {
				"north": {"uv": [0.91429, 0.45714, 1.14286, 2.05714], "texture": "#2"},
				"east": {"uv": [12.34286, 0.45714, 0.91429, 0.68571], "rotation": 270, "texture": "#0"},
				"south": {"uv": [12.11429, 0.45714, 12.34286, 2.05714], "texture": "#2"},
				"west": {"uv": [12.34286, 0.45714, 0.91429, 0.68571], "rotation": 270, "texture": "#0"},
				"up": {"uv": [5.635, 2.514, 5.257, 3.042], "rotation": 270, "texture": "#0"},
				"down": {"uv": [0.91429, 1.82857, 12.34286, 2.05714], "rotation": 270, "texture": "#0"}
			}
		},
		{
			"name": "6_6",
			"from": [7.9914, 14.29286, 1.26429],
			"to": [8.06997, 14.54286, 1.54286],
			"rotation": {"angle": 0, "axis": "y", "origin": [1.15, 7, -0.85]},
			"faces": {
				"north": {"uv": [5.635, 2.514, 5.257, 3.042], "rotation": 270, "texture": "#0"},
				"east": {"uv": [5.635, 2.514, 5.257, 3.042], "rotation": 270, "texture": "#0"},
				"south": {"uv": [12.11429, 0.45714, 12.34286, 2.05714], "texture": "#2"},
				"west": {"uv": [5.635, 2.514, 5.257, 3.042], "rotation": 270, "texture": "#0"},
				"up": {"uv": [5.53557, 2.514, 5.257, 2.59257], "rotation": 270, "texture": "#0"},
				"down": {"uv": [0.91429, 1.82857, 12.34286, 2.05714], "rotation": 270, "texture": "#0"}
			}
		},
		{
			"name": "3_3",
			"from": [8.57143, 14.29286, 10.16429],
			"to": [8.75, 14.54286, 10.84286],
			"rotation": {"angle": 0, "axis": "y", "origin": [1.45, 7, 8.25]},
			"faces": {
				"north": {"uv": [0.91429, 0.45714, 1.14286, 2.05714], "texture": "#0"},
				"east": {"uv": [12.34286, 0.45714, 0.91429, 0.68571], "rotation": 270, "texture": "#0"},
				"south": {"uv": [12.11429, 0.45714, 12.29286, 0.70714], "texture": "#0"},
				"west": {"uv": [12.34286, 0.45714, 0.91429, 0.68571], "rotation": 270, "texture": "#0"},
				"up": {"uv": [12.34286, 0.45714, 0.91429, 0.68571], "rotation": 270, "texture": "#0"},
				"down": {"uv": [0.91429, 1.82857, 12.34286, 2.05714], "rotation": 270, "texture": "#0"}
			}
		},
		{
			"name": "1_1",
			"from": [7.17143, 12.69286, 0.93571],
			"to": [8.9, 14.06429, 1.16429],
			"rotation": {"angle": 0, "axis": "y", "origin": [0.15, 6.75, 8.25]},
			"faces": {
				"north": {"uv": [0.68571, 0.68571, 0.91429, 2.05714], "texture": "#0"},
				"east": {"uv": [0.68571, 2.05714, 0.91429, 0.68571], "rotation": 180, "texture": "#0"},
				"south": {"uv": [0.68571, 0.68571, 0.91429, 2.05714], "texture": "#0"},
				"west": {"uv": [0.68571, 0.68571, 0.91429, 2.05714], "texture": "#0"},
				"up": {"uv": [0.91429, 0.68571, 0.68571, 0.91429], "rotation": 270, "texture": "#0"},
				"down": {"uv": [0.68571, 1.82857, 0.91429, 2.05714], "rotation": 270, "texture": "#0"}
			}
		},
		{
			"name": "2_0",
			"from": [7.57143, 12.92143, 0.70714],
			"to": [8.5, 13.83571, 0.93571],
			"rotation": {"angle": 0, "axis": "y", "origin": [0.15, 6.75, 8.25]},
			"faces": {
				"north": {"uv": [0.45714, 0.91429, 0.68571, 1.82857], "texture": "#0"},
				"east": {"uv": [0.45714, 1.82857, 0.68571, 0.91429], "rotation": 180, "texture": "#0"},
				"south": {"uv": [0.45714, 0.91429, 0.68571, 1.82857], "texture": "#0"},
				"west": {"uv": [0.45714, 0.91429, 0.68571, 1.82857], "texture": "#0"},
				"up": {"uv": [0.68571, 0.91429, 0.45714, 1.14286], "rotation": 270, "texture": "#0"},
				"down": {"uv": [0.45714, 1.6, 0.68571, 1.82857], "rotation": 270, "texture": "#0"}
			}
		},
		{
			"name": "2_1",
			"from": [7.57143, 12.92143, 0.7],
			"to": [8.5, 13.83571, 0.7],
			"rotation": {"angle": 0, "axis": "y", "origin": [0.15, 6.75, 8.25]},
			"faces": {
				"north": {"uv": [0, 0, 16, 16], "texture": "#1"},
				"east": {"uv": [0, 0, 16, 16], "texture": "#1"},
				"south": {"uv": [0, 0, 16, 16], "texture": "#1"},
				"west": {"uv": [0, 0, 16, 16], "texture": "#1"},
				"up": {"uv": [0, 0, 16, 16], "texture": "#1"},
				"down": {"uv": [0, 0, 16, 16], "texture": "#1"}
			}
		},
		{
			"name": "2_2",
			"from": [3.07143, 7.92143, 0.45],
			"to": [13, 17.58571, 0.45],
			"rotation": {"angle": 0, "axis": "y", "origin": [0.15, 6.75, 8]},
			"faces": {
				"north": {"uv": [0, 0, 16, 16], "texture": "#3"},
				"east": {"uv": [0, 0, 16, 16], "texture": "#3"},
				"south": {"uv": [0, 0, 16, 16], "texture": "#3"},
				"west": {"uv": [0, 0, 16, 16], "texture": "#3"},
				"up": {"uv": [0, 0, 16, 16], "texture": "#3"},
				"down": {"uv": [0, 0, 16, 16], "texture": "#3"}
			}
		},
		{
			"name": "3_0",
			"from": [7.27143, 11.77857, 0.93571],
			"to": [8.8, 12.69286, 12.13571],
			"rotation": {"angle": 0, "axis": "y", "origin": [0.15, 6.75, 8.25]},
			"faces": {
				"north": {"uv": [0.68571, 2.05714, 0.91429, 2.97143], "texture": "#0"},
				"east": {"uv": [0.68571, 2.97143, 11.88571, 2.05714], "rotation": 180, "texture": "#0"},
				"south": {"uv": [11.65714, 2.05714, 11.88571, 2.97143], "texture": "#0"},
				"west": {"uv": [0.68571, 2.05714, 11.88571, 2.97143], "texture": "#0"},
				"up": {"uv": [11.88571, 2.05714, 0.68571, 2.28571], "rotation": 270, "texture": "#0"},
				"down": {"uv": [0.68571, 2.74286, 11.88571, 2.97143], "rotation": 270, "texture": "#0"}
			}
		},
		{
			"name": "3_1",
			"from": [7.27143, 12.23571, 12.13571],
			"to": [8.8, 12.69286, 12.59286],
			"rotation": {"angle": 0, "axis": "y", "origin": [0.15, 6.75, 8.25]},
			"faces": {
				"north": {"uv": [11.88571, 2.05714, 12.11429, 2.51429], "texture": "#0"},
				"east": {"uv": [11.88571, 2.51429, 12.34286, 2.05714], "rotation": 180, "texture": "#0"},
				"south": {"uv": [12.11429, 2.05714, 12.34286, 2.51429], "texture": "#0"},
				"west": {"uv": [11.88571, 2.05714, 12.34286, 2.51429], "texture": "#0"},
				"up": {"uv": [12.34286, 2.05714, 11.88571, 2.28571], "rotation": 270, "texture": "#0"},
				"down": {"uv": [11.88571, 2.28571, 12.34286, 2.51429], "rotation": 270, "texture": "#0"}
			}
		},
		{
			"name": "3_2",
			"from": [7.27143, 12.00714, 12.13571],
			"to": [8.8, 12.23571, 12.36429],
			"rotation": {"angle": 0, "axis": "y", "origin": [0.15, 6.75, 8.25]},
			"faces": {
				"north": {"uv": [11.88571, 2.51429, 12.11429, 2.74286], "texture": "#0"},
				"east": {"uv": [11.88571, 2.74286, 12.11429, 2.51429], "rotation": 180, "texture": "#0"},
				"south": {"uv": [11.88571, 2.51429, 12.11429, 2.74286], "texture": "#0"},
				"west": {"uv": [11.88571, 2.51429, 12.11429, 2.74286], "texture": "#0"},
				"up": {"uv": [12.11429, 2.51429, 11.88571, 2.74286], "rotation": 270, "texture": "#0"},
				"down": {"uv": [11.88571, 2.51429, 12.11429, 2.74286], "rotation": 270, "texture": "#0"}
			}
		},
		{
			"name": "3_3",
			"from": [7.27143, 11.32143, 1.16429],
			"to": [8.8, 11.77857, 11.90714],
			"rotation": {"angle": 0, "axis": "y", "origin": [0.15, 6.75, 8.25]},
			"faces": {
				"north": {"uv": [0.91429, 2.97143, 1.14286, 3.42857], "texture": "#0"},
				"east": {"uv": [0.91429, 3.42857, 11.65714, 2.97143], "rotation": 180, "texture": "#0"},
				"south": {"uv": [11.42857, 2.97143, 11.65714, 3.42857], "texture": "#0"},
				"west": {"uv": [0.91429, 2.97143, 11.65714, 3.42857], "texture": "#0"},
				"up": {"uv": [11.65714, 2.97143, 0.91429, 3.2], "rotation": 270, "texture": "#0"},
				"down": {"uv": [0.91429, 3.2, 11.65714, 3.42857], "rotation": 270, "texture": "#0"}
			}
		},
		{
			"name": "3_4",
			"from": [7.27143, 6.29286, 11.90714],
			"to": [8.8, 11.55, 12.13571],
			"rotation": {"angle": 0, "axis": "y", "origin": [0.15, 6.75, 8.25]},
			"faces": {
				"north": {"uv": [11.65714, 3.2, 11.88571, 8.45714], "texture": "#0"},
				"east": {"uv": [11.65714, 8.45714, 11.88571, 3.2], "rotation": 180, "texture": "#0"},
				"south": {"uv": [11.65714, 3.2, 11.88571, 8.45714], "texture": "#0"},
				"west": {"uv": [11.65714, 3.2, 11.88571, 8.45714], "texture": "#0"},
				"up": {"uv": [11.88571, 3.2, 11.65714, 3.42857], "rotation": 270, "texture": "#0"},
				"down": {"uv": [11.65714, 8.22857, 11.88571, 8.45714], "rotation": 270, "texture": "#0"}
			}
		},
		{
			"name": "3_5",
			"from": [7.27143, 11.09286, 8.70714],
			"to": [8.8, 11.32143, 11.90714],
			"rotation": {"angle": 0, "axis": "y", "origin": [0.15, 6.75, 8.25]},
			"faces": {
				"north": {"uv": [8.45714, 3.42857, 8.68571, 3.65714], "texture": "#0"},
				"east": {"uv": [8.45714, 3.65714, 11.65714, 3.42857], "rotation": 180, "texture": "#0"},
				"south": {"uv": [11.42857, 3.42857, 11.65714, 3.65714], "texture": "#0"},
				"west": {"uv": [8.45714, 3.42857, 11.65714, 3.65714], "texture": "#0"},
				"up": {"uv": [11.65714, 3.42857, 8.45714, 3.65714], "rotation": 270, "texture": "#0"},
				"down": {"uv": [8.45714, 3.42857, 11.65714, 3.65714], "rotation": 270, "texture": "#0"}
			}
		},
		{
			"name": "3_6",
			"from": [7.27143, 10.40714, 8.93571],
			"to": [8.8, 11.09286, 11.90714],
			"rotation": {"angle": 0, "axis": "y", "origin": [0.15, 6.75, 8.25]},
			"faces": {
				"north": {"uv": [8.68571, 3.65714, 8.91429, 4.34286], "texture": "#0"},
				"east": {"uv": [8.68571, 4.34286, 11.65714, 3.65714], "rotation": 180, "texture": "#0"},
				"south": {"uv": [11.42857, 3.65714, 11.65714, 4.34286], "texture": "#0"},
				"west": {"uv": [8.68571, 3.65714, 11.65714, 4.34286], "texture": "#0"},
				"up": {"uv": [11.65714, 3.65714, 8.68571, 3.88571], "rotation": 270, "texture": "#0"},
				"down": {"uv": [8.68571, 4.11429, 11.65714, 4.34286], "rotation": 270, "texture": "#0"}
			}
		},
		{
			"name": "3_7",
			"from": [7.27143, 6.29286, 12.13571],
			"to": [8.8, 10.86429, 12.36429],
			"rotation": {"angle": 0, "axis": "y", "origin": [0.15, 6.75, 8.25]},
			"faces": {
				"north": {"uv": [11.88571, 3.88571, 12.11429, 8.45714], "texture": "#0"},
				"east": {"uv": [11.88571, 8.45714, 12.11429, 3.88571], "rotation": 180, "texture": "#0"},
				"south": {"uv": [11.88571, 3.88571, 12.11429, 8.45714], "texture": "#0"},
				"west": {"uv": [11.88571, 3.88571, 12.11429, 8.45714], "texture": "#0"},
				"up": {"uv": [12.11429, 3.88571, 11.88571, 4.11429], "rotation": 270, "texture": "#0"},
				"down": {"uv": [11.88571, 8.22857, 12.11429, 8.45714], "rotation": 270, "texture": "#0"}
			}
		},
		{
			"name": "3_8",
			"from": [7.27143, 9.72143, 9.16429],
			"to": [8.8, 10.40714, 11.90714],
			"rotation": {"angle": 0, "axis": "y", "origin": [0.15, 6.75, 8.25]},
			"faces": {
				"north": {"uv": [8.91429, 4.34286, 9.14286, 5.02857], "texture": "#0"},
				"east": {"uv": [8.91429, 5.02857, 11.65714, 4.34286], "rotation": 180, "texture": "#0"},
				"south": {"uv": [11.42857, 4.34286, 11.65714, 5.02857], "texture": "#0"},
				"west": {"uv": [8.91429, 4.34286, 11.65714, 5.02857], "texture": "#0"},
				"up": {"uv": [11.65714, 4.34286, 8.91429, 4.57143], "rotation": 270, "texture": "#0"},
				"down": {"uv": [8.91429, 4.8, 11.65714, 5.02857], "rotation": 270, "texture": "#0"}
			}
		},
		{
			"name": "3_9",
			"from": [7.27143, 6.29286, 12.36429],
			"to": [8.8, 10.17857, 12.59286],
			"rotation": {"angle": 0, "axis": "y", "origin": [0.15, 6.75, 8.25]},
			"faces": {
				"north": {"uv": [12.11429, 4.57143, 12.34286, 8.45714], "texture": "#0"},
				"east": {"uv": [12.11429, 8.45714, 12.34286, 4.57143], "rotation": 180, "texture": "#0"},
				"south": {"uv": [12.11429, 4.57143, 12.34286, 8.45714], "texture": "#0"},
				"west": {"uv": [12.11429, 4.57143, 12.34286, 8.45714], "texture": "#0"},
				"up": {"uv": [12.34286, 4.57143, 12.11429, 4.8], "rotation": 270, "texture": "#0"},
				"down": {"uv": [12.11429, 8.22857, 12.34286, 8.45714], "rotation": 270, "texture": "#0"}
			}
		},
		{
			"name": "3_10",
			"from": [7.27143, 9.03571, 9.39286],
			"to": [8.8, 9.72143, 11.90714],
			"rotation": {"angle": 0, "axis": "y", "origin": [0.15, 6.75, 8.25]},
			"faces": {
				"north": {"uv": [9.14286, 5.02857, 9.37143, 5.71429], "texture": "#0"},
				"east": {"uv": [9.14286, 5.71429, 11.65714, 5.02857], "rotation": 180, "texture": "#0"},
				"south": {"uv": [11.42857, 5.02857, 11.65714, 5.71429], "texture": "#0"},
				"west": {"uv": [9.14286, 5.02857, 11.65714, 5.71429], "texture": "#0"},
				"up": {"uv": [11.65714, 5.02857, 9.14286, 5.25714], "rotation": 270, "texture": "#0"},
				"down": {"uv": [9.14286, 5.48571, 11.65714, 5.71429], "rotation": 270, "texture": "#0"}
			}
		},
		{
			"name": "3_11",
			"from": [7.27143, 6.29286, 12.59286],
			"to": [8.8, 9.72143, 12.82143],
			"rotation": {"angle": 0, "axis": "y", "origin": [0.15, 6.75, 8.25]},
			"faces": {
				"north": {"uv": [12.34286, 5.02857, 12.57143, 8.45714], "texture": "#0"},
				"east": {"uv": [12.34286, 8.45714, 12.57143, 5.02857], "rotation": 180, "texture": "#0"},
				"south": {"uv": [12.34286, 5.02857, 12.57143, 8.45714], "texture": "#0"},
				"west": {"uv": [12.34286, 5.02857, 12.57143, 8.45714], "texture": "#0"},
				"up": {"uv": [12.57143, 5.02857, 12.34286, 5.25714], "rotation": 270, "texture": "#0"},
				"down": {"uv": [12.34286, 8.22857, 12.57143, 8.45714], "rotation": 270, "texture": "#0"}
			}
		},
		{
			"name": "3_12",
			"from": [7.27143, 8.35, 9.62143],
			"to": [8.8, 9.03571, 11.90714],
			"rotation": {"angle": 0, "axis": "y", "origin": [0.15, 6.75, 8.25]},
			"faces": {
				"north": {"uv": [9.37143, 5.71429, 9.6, 6.4], "texture": "#0"},
				"east": {"uv": [9.37143, 6.4, 11.65714, 5.71429], "rotation": 180, "texture": "#0"},
				"south": {"uv": [11.42857, 5.71429, 11.65714, 6.4], "texture": "#0"},
				"west": {"uv": [9.37143, 5.71429, 11.65714, 6.4], "texture": "#0"},
				"up": {"uv": [11.65714, 5.71429, 9.37143, 5.94286], "rotation": 270, "texture": "#0"},
				"down": {"uv": [9.37143, 6.17143, 11.65714, 6.4], "rotation": 270, "texture": "#0"}
			}
		},
		{
			"name": "3_13",
			"from": [7.27143, 6.29286, 12.82143],
			"to": [8.8, 9.03571, 13.05],
			"rotation": {"angle": 0, "axis": "y", "origin": [0.15, 6.75, 8.25]},
			"faces": {
				"north": {"uv": [12.57143, 5.71429, 12.8, 8.45714], "texture": "#0"},
				"east": {"uv": [12.57143, 8.45714, 12.8, 5.71429], "rotation": 180, "texture": "#0"},
				"south": {"uv": [12.57143, 5.71429, 12.8, 8.45714], "texture": "#0"},
				"west": {"uv": [12.57143, 5.71429, 12.8, 8.45714], "texture": "#0"},
				"up": {"uv": [12.8, 5.71429, 12.57143, 5.94286], "rotation": 270, "texture": "#0"},
				"down": {"uv": [12.57143, 8.22857, 12.8, 8.45714], "rotation": 270, "texture": "#0"}
			}
		},
		{
			"name": "3_14",
			"from": [7.27143, 7.66429, 9.85],
			"to": [8.8, 8.35, 11.90714],
			"rotation": {"angle": 0, "axis": "y", "origin": [0.15, 6.75, 8.25]},
			"faces": {
				"north": {"uv": [9.6, 6.4, 9.82857, 7.08571], "texture": "#0"},
				"east": {"uv": [9.6, 7.08571, 11.65714, 6.4], "rotation": 180, "texture": "#0"},
				"south": {"uv": [11.42857, 6.4, 11.65714, 7.08571], "texture": "#0"},
				"west": {"uv": [9.6, 6.4, 11.65714, 7.08571], "texture": "#0"},
				"up": {"uv": [11.65714, 6.4, 9.6, 6.62857], "rotation": 270, "texture": "#0"},
				"down": {"uv": [9.6, 6.85714, 11.65714, 7.08571], "rotation": 270, "texture": "#0"}
			}
		},
		{
			"name": "3_15",
			"from": [7.27143, 6.29286, 13.05],
			"to": [8.8, 8.35, 13.27857],
			"rotation": {"angle": 0, "axis": "y", "origin": [0.15, 6.75, 8.25]},
			"faces": {
				"north": {"uv": [12.8, 6.4, 13.02857, 8.45714], "texture": "#0"},
				"east": {"uv": [12.8, 8.45714, 13.02857, 6.4], "rotation": 180, "texture": "#0"},
				"south": {"uv": [12.8, 6.4, 13.02857, 8.45714], "texture": "#0"},
				"west": {"uv": [12.8, 6.4, 13.02857, 8.45714], "texture": "#0"},
				"up": {"uv": [13.02857, 6.4, 12.8, 6.62857], "rotation": 270, "texture": "#0"},
				"down": {"uv": [12.8, 8.22857, 13.02857, 8.45714], "rotation": 270, "texture": "#0"}
			}
		},
		{
			"name": "3_16",
			"from": [7.27143, 6.97857, 10.07857],
			"to": [8.8, 7.66429, 11.90714],
			"rotation": {"angle": 0, "axis": "y", "origin": [0.15, 6.75, 8.25]},
			"faces": {
				"north": {"uv": [9.82857, 7.08571, 10.05714, 7.77143], "texture": "#0"},
				"east": {"uv": [9.82857, 7.77143, 11.65714, 7.08571], "rotation": 180, "texture": "#0"},
				"south": {"uv": [11.42857, 7.08571, 11.65714, 7.77143], "texture": "#0"},
				"west": {"uv": [9.82857, 7.08571, 11.65714, 7.77143], "texture": "#0"},
				"up": {"uv": [11.65714, 7.08571, 9.82857, 7.31429], "rotation": 270, "texture": "#0"},
				"down": {"uv": [9.82857, 7.54286, 11.65714, 7.77143], "rotation": 270, "texture": "#0"}
			}
		},
		{
			"name": "3_17",
			"from": [7.27143, 6.29286, 13.27857],
			"to": [8.8, 7.66429, 13.50714],
			"rotation": {"angle": 0, "axis": "y", "origin": [0.15, 6.75, 8.25]},
			"faces": {
				"north": {"uv": [13.02857, 7.08571, 13.25714, 8.45714], "texture": "#0"},
				"east": {"uv": [13.02857, 8.45714, 13.25714, 7.08571], "rotation": 180, "texture": "#0"},
				"south": {"uv": [13.02857, 7.08571, 13.25714, 8.45714], "texture": "#0"},
				"west": {"uv": [13.02857, 7.08571, 13.25714, 8.45714], "texture": "#0"},
				"up": {"uv": [13.25714, 7.08571, 13.02857, 7.31429], "rotation": 270, "texture": "#0"},
				"down": {"uv": [13.02857, 8.22857, 13.25714, 8.45714], "rotation": 270, "texture": "#0"}
			}
		},
		{
			"name": "3_18",
			"from": [7.27143, 6.52143, 13.50714],
			"to": [8.8, 7.43571, 13.73571],
			"rotation": {"angle": 0, "axis": "y", "origin": [0.15, 6.75, 8.25]},
			"faces": {
				"north": {"uv": [13.25714, 7.31429, 13.48571, 8.22857], "texture": "#0"},
				"east": {"uv": [13.25714, 8.22857, 13.48571, 7.31429], "rotation": 180, "texture": "#0"},
				"south": {"uv": [13.25714, 7.31429, 13.48571, 8.22857], "texture": "#0"},
				"west": {"uv": [13.25714, 7.31429, 13.48571, 8.22857], "texture": "#0"},
				"up": {"uv": [13.48571, 7.31429, 13.25714, 7.54286], "rotation": 270, "texture": "#0"},
				"down": {"uv": [13.25714, 8, 13.48571, 8.22857], "rotation": 270, "texture": "#0"}
			}
		},
		{
			"name": "3_19",
			"from": [7.27143, 6.52143, 10.30714],
			"to": [8.8, 6.97857, 11.90714],
			"rotation": {"angle": 0, "axis": "y", "origin": [0.15, 6.75, 8.25]},
			"faces": {
				"north": {"uv": [10.05714, 7.77143, 10.28571, 8.22857], "texture": "#0"},
				"east": {"uv": [10.05714, 8.22857, 11.65714, 7.77143], "rotation": 180, "texture": "#0"},
				"south": {"uv": [11.42857, 7.77143, 11.65714, 8.22857], "texture": "#0"},
				"west": {"uv": [10.05714, 7.77143, 11.65714, 8.22857], "texture": "#0"},
				"up": {"uv": [11.65714, 7.77143, 10.05714, 8], "rotation": 270, "texture": "#0"},
				"down": {"uv": [10.05714, 8, 11.65714, 8.22857], "rotation": 270, "texture": "#0"}
			}
		},
		{
			"name": "3_20",
			"from": [7.27143, 6.29286, 10.53571],
			"to": [8.8, 6.52143, 11.90714],
			"rotation": {"angle": 0, "axis": "y", "origin": [0.15, 6.75, 8.25]},
			"faces": {
				"north": {"uv": [10.28571, 8.22857, 10.51429, 8.45714], "texture": "#0"},
				"east": {"uv": [10.28571, 8.45714, 11.65714, 8.22857], "rotation": 180, "texture": "#0"},
				"south": {"uv": [11.42857, 8.22857, 11.65714, 8.45714], "texture": "#0"},
				"west": {"uv": [10.28571, 8.22857, 11.65714, 8.45714], "texture": "#0"},
				"up": {"uv": [11.65714, 8.22857, 10.28571, 8.45714], "rotation": 270, "texture": "#0"},
				"down": {"uv": [10.28571, 8.22857, 11.65714, 8.45714], "rotation": 270, "texture": "#0"}
			}
		},
		{
			"name": "4_0",
			"from": [7.67143, 10.86429, 5.73571],
			"to": [8.4, 11.32143, 6.42143],
			"rotation": {"angle": 0, "axis": "y", "origin": [0.15, 6.75, 8.25]},
			"faces": {
				"north": {"uv": [5.48571, 3.42857, 5.71429, 3.88571], "texture": "#0"},
				"east": {"uv": [5.48571, 3.88571, 6.17143, 3.42857], "rotation": 180, "texture": "#0"},
				"south": {"uv": [5.94286, 3.42857, 6.17143, 3.88571], "texture": "#0"},
				"west": {"uv": [5.48571, 3.42857, 6.17143, 3.88571], "texture": "#0"},
				"up": {"uv": [6.17143, 3.42857, 5.48571, 3.65714], "rotation": 270, "texture": "#0"},
				"down": {"uv": [5.48571, 3.65714, 6.17143, 3.88571], "rotation": 270, "texture": "#0"}
			}
		},
		{
			"name": "4_1",
			"from": [7.87143, 10.63571, 7.79286],
			"to": [8.2, 11.32143, 8.47857],
			"rotation": {"angle": 0, "axis": "y", "origin": [0.15, 6.75, 8.25]},
			"faces": {
				"north": {"uv": [7.54286, 3.42857, 7.77143, 4.11429], "texture": "#0"},
				"east": {"uv": [7.54286, 4.11429, 8.22857, 3.42857], "rotation": 180, "texture": "#0"},
				"south": {"uv": [8, 3.42857, 8.22857, 4.11429], "texture": "#0"},
				"west": {"uv": [7.54286, 3.42857, 8.22857, 4.11429], "texture": "#0"},
				"up": {"uv": [8.22857, 3.42857, 7.54286, 3.65714], "rotation": 270, "texture": "#0"},
				"down": {"uv": [7.54286, 3.88571, 8.22857, 4.11429], "rotation": 270, "texture": "#0"}
			}
		},
		{
			"name": "4_2",
			"from": [7.67143, 10.17857, 5.96429],
			"to": [8.4, 10.86429, 6.42143],
			"rotation": {"angle": 0, "axis": "y", "origin": [0.15, 6.75, 8.25]},
			"faces": {
				"north": {"uv": [5.71429, 3.88571, 5.94286, 4.57143], "texture": "#0"},
				"east": {"uv": [5.71429, 4.57143, 6.17143, 3.88571], "rotation": 180, "texture": "#0"},
				"south": {"uv": [5.94286, 3.88571, 6.17143, 4.57143], "texture": "#0"},
				"west": {"uv": [5.71429, 3.88571, 6.17143, 4.57143], "texture": "#0"},
				"up": {"uv": [6.17143, 3.88571, 5.71429, 4.11429], "rotation": 270, "texture": "#0"},
				"down": {"uv": [5.71429, 4.34286, 6.17143, 4.57143], "rotation": 270, "texture": "#0"}
			}
		},
		{
			"name": "4_3",
			"from": [7.87143, 10.17857, 7.56429],
			"to": [8.2, 10.86429, 7.79286],
			"rotation": {"angle": 0, "axis": "y", "origin": [0.15, 6.75, 8.25]},
			"faces": {
				"north": {"uv": [7.31429, 3.88571, 7.54286, 4.57143], "texture": "#0"},
				"east": {"uv": [7.31429, 4.57143, 7.54286, 3.88571], "rotation": 180, "texture": "#0"},
				"south": {"uv": [7.31429, 3.88571, 7.54286, 4.57143], "texture": "#0"},
				"west": {"uv": [7.31429, 3.88571, 7.54286, 4.57143], "texture": "#0"},
				"up": {"uv": [7.54286, 3.88571, 7.31429, 4.11429], "rotation": 270, "texture": "#0"},
				"down": {"uv": [7.31429, 4.34286, 7.54286, 4.57143], "rotation": 270, "texture": "#0"}
			}
		},
		{
			"name": "4_4",
			"from": [7.87143, 10.17857, 7.33571],
			"to": [8.2, 10.63571, 7.56429],
			"rotation": {"angle": 0, "axis": "y", "origin": [0.15, 6.75, 8.25]},
			"faces": {
				"north": {"uv": [7.08571, 4.11429, 7.31429, 4.57143], "texture": "#0"},
				"east": {"uv": [7.08571, 4.57143, 7.31429, 4.11429], "rotation": 180, "texture": "#0"},
				"south": {"uv": [7.08571, 4.11429, 7.31429, 4.57143], "texture": "#0"},
				"west": {"uv": [7.08571, 4.11429, 7.31429, 4.57143], "texture": "#0"},
				"up": {"uv": [7.31429, 4.11429, 7.08571, 4.34286], "rotation": 270, "texture": "#0"},
				"down": {"uv": [7.08571, 4.34286, 7.31429, 4.57143], "rotation": 270, "texture": "#0"}
			}
		},
		{
			"name": "4_5",
			"from": [7.87143, 10.40714, 7.79286],
			"to": [8.2, 10.63571, 8.25],
			"rotation": {"angle": 0, "axis": "y", "origin": [0.15, 6.75, 8.25]},
			"faces": {
				"north": {"uv": [7.54286, 4.11429, 7.77143, 4.34286], "texture": "#0"},
				"east": {"uv": [7.54286, 4.34286, 8, 4.11429], "rotation": 180, "texture": "#0"},
				"south": {"uv": [7.77143, 4.11429, 8, 4.34286], "texture": "#0"},
				"west": {"uv": [7.54286, 4.11429, 8, 4.34286], "texture": "#0"},
				"up": {"uv": [8, 4.11429, 7.54286, 4.34286], "rotation": 270, "texture": "#0"},
				"down": {"uv": [7.54286, 4.11429, 8, 4.34286], "rotation": 270, "texture": "#0"}
			}
		},
		{
			"name": "4_6",
			"from": [7.67143, 9.72143, 6.42143],
			"to": [8.4, 10.40714, 6.65],
			"rotation": {"angle": 0, "axis": "y", "origin": [0.15, 6.75, 8.25]},
			"faces": {
				"north": {"uv": [6.17143, 4.34286, 6.4, 5.02857], "texture": "#0"},
				"east": {"uv": [6.17143, 5.02857, 6.4, 4.34286], "rotation": 180, "texture": "#0"},
				"south": {"uv": [6.17143, 4.34286, 6.4, 5.02857], "texture": "#0"},
				"west": {"uv": [6.17143, 4.34286, 6.4, 5.02857], "texture": "#0"},
				"up": {"uv": [6.4, 4.34286, 6.17143, 4.57143], "rotation": 270, "texture": "#0"},
				"down": {"uv": [6.17143, 4.8, 6.4, 5.02857], "rotation": 270, "texture": "#0"}
			}
		},
		{
			"name": "4_7",
			"from": [7.87143, 10.17857, 7.79286],
			"to": [8.2, 10.40714, 8.02143],
			"rotation": {"angle": 0, "axis": "y", "origin": [0.15, 6.75, 8.25]},
			"faces": {
				"north": {"uv": [7.54286, 4.34286, 7.77143, 4.57143], "texture": "#0"},
				"east": {"uv": [7.54286, 4.57143, 7.77143, 4.34286], "rotation": 180, "texture": "#0"},
				"south": {"uv": [7.54286, 4.34286, 7.77143, 4.57143], "texture": "#0"},
				"west": {"uv": [7.54286, 4.34286, 7.77143, 4.57143], "texture": "#0"},
				"up": {"uv": [7.77143, 4.34286, 7.54286, 4.57143], "rotation": 270, "texture": "#0"},
				"down": {"uv": [7.54286, 4.34286, 7.77143, 4.57143], "rotation": 270, "texture": "#0"}
			}
		},
		{
			"name": "4_8",
			"from": [7.67143, 9.72143, 6.19286],
			"to": [8.4, 10.17857, 6.42143],
			"rotation": {"angle": 0, "axis": "y", "origin": [0.15, 6.75, 8.25]},
			"faces": {
				"north": {"uv": [5.94286, 4.57143, 6.17143, 5.02857], "texture": "#0"},
				"east": {"uv": [5.94286, 5.02857, 6.17143, 4.57143], "rotation": 180, "texture": "#0"},
				"south": {"uv": [5.94286, 4.57143, 6.17143, 5.02857], "texture": "#0"},
				"west": {"uv": [5.94286, 4.57143, 6.17143, 5.02857], "texture": "#0"},
				"up": {"uv": [6.17143, 4.57143, 5.94286, 4.8], "rotation": 270, "texture": "#0"},
				"down": {"uv": [5.94286, 4.8, 6.17143, 5.02857], "rotation": 270, "texture": "#0"}
			}
		},
		{
			"name": "4_9",
			"from": [7.67143, 9.49286, 6.65],
			"to": [8.4, 10.17857, 6.87857],
			"rotation": {"angle": 0, "axis": "y", "origin": [0.15, 6.75, 8.25]},
			"faces": {
				"north": {"uv": [6.4, 4.57143, 6.62857, 5.25714], "texture": "#0"},
				"east": {"uv": [6.4, 5.25714, 6.62857, 4.57143], "rotation": 180, "texture": "#0"},
				"south": {"uv": [6.4, 4.57143, 6.62857, 5.25714], "texture": "#0"},
				"west": {"uv": [6.4, 4.57143, 6.62857, 5.25714], "texture": "#0"},
				"up": {"uv": [6.62857, 4.57143, 6.4, 4.8], "rotation": 270, "texture": "#0"},
				"down": {"uv": [6.4, 5.02857, 6.62857, 5.25714], "rotation": 270, "texture": "#0"}
			}
		},
		{
			"name": "4_10",
			"from": [7.67143, 9.49286, 6.87857],
			"to": [8.4, 9.95, 9.16429],
			"rotation": {"angle": 0, "axis": "y", "origin": [0.15, 6.75, 8.25]},
			"faces": {
				"north": {"uv": [6.62857, 4.8, 6.85714, 5.25714], "texture": "#0"},
				"east": {"uv": [6.62857, 5.25714, 8.91429, 4.8], "rotation": 180, "texture": "#0"},
				"south": {"uv": [8.68571, 4.8, 8.91429, 5.25714], "texture": "#0"},
				"west": {"uv": [6.62857, 4.8, 8.91429, 5.25714], "texture": "#0"},
				"up": {"uv": [8.91429, 4.8, 6.62857, 5.02857], "rotation": 270, "texture": "#0"},
				"down": {"uv": [6.62857, 5.02857, 8.91429, 5.25714], "rotation": 270, "texture": "#0"}
			}
		},
		{
			"name": "4_11",
			"from": [7.67143, 9.49286, 9.16429],
			"to": [8.4, 9.72143, 9.39286],
			"rotation": {"angle": 0, "axis": "y", "origin": [0.15, 6.75, 8.25]},
			"faces": {
				"north": {"uv": [8.91429, 5.02857, 9.14286, 5.25714], "texture": "#0"},
				"east": {"uv": [8.91429, 5.25714, 9.14286, 5.02857], "rotation": 180, "texture": "#0"},
				"south": {"uv": [8.91429, 5.02857, 9.14286, 5.25714], "texture": "#0"},
				"west": {"uv": [8.91429, 5.02857, 9.14286, 5.25714], "texture": "#0"},
				"up": {"uv": [9.14286, 5.02857, 8.91429, 5.25714], "rotation": 270, "texture": "#0"},
				"down": {"uv": [8.91429, 5.02857, 9.14286, 5.25714], "rotation": 270, "texture": "#0"}
			}
		},
		{
			"name": "5_0",
			"from": [7.52143, 5.60714, 10.76429],
			"to": [8.55, 6.29286, 13.27857],
			"rotation": {"angle": 0, "axis": "y", "origin": [0.15, 6.75, 8.25]},
			"faces": {
				"north": {"uv": [10.51429, 8.45714, 10.74286, 9.14286], "texture": "#0"},
				"east": {"uv": [10.51429, 9.14286, 13.02857, 8.45714], "rotation": 180, "texture": "#0"},
				"south": {"uv": [12.8, 8.45714, 13.02857, 9.14286], "texture": "#0"},
				"west": {"uv": [10.51429, 8.45714, 13.02857, 9.14286], "texture": "#0"},
				"up": {"uv": [13.02857, 8.45714, 10.51429, 8.68571], "rotation": 270, "texture": "#0"},
				"down": {"uv": [10.51429, 8.91429, 13.02857, 9.14286], "rotation": 270, "texture": "#0"}
			}
		},
		{
			"name": "5_1",
			"from": [7.52143, 4.69286, 10.99286],
			"to": [8.55, 5.60714, 13.27857],
			"rotation": {"angle": 0, "axis": "y", "origin": [0.15, 6.75, 8.25]},
			"faces": {
				"north": {"uv": [10.74286, 9.14286, 10.97143, 10.05714], "texture": "#0"},
				"east": {"uv": [10.74286, 10.05714, 13.02857, 9.14286], "rotation": 180, "texture": "#0"},
				"south": {"uv": [12.8, 9.14286, 13.02857, 10.05714], "texture": "#0"},
				"west": {"uv": [10.74286, 9.14286, 13.02857, 10.05714], "texture": "#0"},
				"up": {"uv": [13.02857, 9.14286, 10.74286, 9.37143], "rotation": 270, "texture": "#0"},
				"down": {"uv": [10.74286, 9.82857, 13.02857, 10.05714], "rotation": 270, "texture": "#0"}
			}
		},
		{
			"name": "5_2",
			"from": [7.52143, 1.03571, 13.27857],
			"to": [8.55, 5.37857, 13.50714],
			"rotation": {"angle": 0, "axis": "y", "origin": [0.15, 6.75, 8.25]},
			"faces": {
				"north": {"uv": [13.02857, 9.37143, 13.25714, 13.71429], "texture": "#0"},
				"east": {"uv": [13.02857, 13.71429, 13.25714, 9.37143], "rotation": 180, "texture": "#0"},
				"south": {"uv": [13.02857, 9.37143, 13.25714, 13.71429], "texture": "#0"},
				"west": {"uv": [13.02857, 9.37143, 13.25714, 13.71429], "texture": "#0"},
				"up": {"uv": [13.25714, 9.37143, 13.02857, 9.6], "rotation": 270, "texture": "#0"},
				"down": {"uv": [13.02857, 13.48571, 13.25714, 13.71429], "rotation": 270, "texture": "#0"}
			}
		},
		{
			"name": "5_3",
			"from": [7.52143, 1.03571, 13.50714],
			"to": [8.55, 4.92143, 13.73571],
			"rotation": {"angle": 0, "axis": "y", "origin": [0.15, 6.75, 8.25]},
			"faces": {
				"north": {"uv": [13.25714, 9.82857, 13.48571, 13.71429], "texture": "#0"},
				"east": {"uv": [13.25714, 13.71429, 13.48571, 9.82857], "rotation": 180, "texture": "#0"},
				"south": {"uv": [13.25714, 9.82857, 13.48571, 13.71429], "texture": "#0"},
				"west": {"uv": [13.25714, 9.82857, 13.48571, 13.71429], "texture": "#0"},
				"up": {"uv": [13.48571, 9.82857, 13.25714, 10.05714], "rotation": 270, "texture": "#0"},
				"down": {"uv": [13.25714, 13.48571, 13.48571, 13.71429], "rotation": 270, "texture": "#0"}
			}
		},
		{
			"name": "5_4",
			"from": [7.52143, 3.55, 11.22143],
			"to": [8.55, 4.69286, 13.27857],
			"rotation": {"angle": 0, "axis": "y", "origin": [0.15, 6.75, 8.25]},
			"faces": {
				"north": {"uv": [10.97143, 10.05714, 11.2, 11.2], "texture": "#0"},
				"east": {"uv": [10.97143, 11.2, 13.02857, 10.05714], "rotation": 180, "texture": "#0"},
				"south": {"uv": [12.8, 10.05714, 13.02857, 11.2], "texture": "#0"},
				"west": {"uv": [10.97143, 10.05714, 13.02857, 11.2], "texture": "#0"},
				"up": {"uv": [13.02857, 10.05714, 10.97143, 10.28571], "rotation": 270, "texture": "#0"},
				"down": {"uv": [10.97143, 10.97143, 13.02857, 11.2], "rotation": 270, "texture": "#0"}
			}
		},
		{
			"name": "5_5",
			"from": [7.52143, 1.03571, 13.73571],
			"to": [8.55, 4.23571, 13.96429],
			"rotation": {"angle": 0, "axis": "y", "origin": [0.15, 6.75, 8.25]},
			"faces": {
				"north": {"uv": [13.48571, 10.51429, 13.71429, 13.71429], "texture": "#0"},
				"east": {"uv": [13.48571, 13.71429, 13.71429, 10.51429], "rotation": 180, "texture": "#0"},
				"south": {"uv": [13.48571, 10.51429, 13.71429, 13.71429], "texture": "#0"},
				"west": {"uv": [13.48571, 10.51429, 13.71429, 13.71429], "texture": "#0"},
				"up": {"uv": [13.71429, 10.51429, 13.48571, 10.74286], "rotation": 270, "texture": "#0"},
				"down": {"uv": [13.48571, 13.48571, 13.71429, 13.71429], "rotation": 270, "texture": "#0"}
			}
		},
		{
			"name": "5_6",
			"from": [7.52143, 2.63571, 11.45],
			"to": [8.55, 3.55, 13.27857],
			"rotation": {"angle": 0, "axis": "y", "origin": [0.15, 6.75, 8.25]},
			"faces": {
				"north": {"uv": [11.2, 11.2, 11.42857, 12.11429], "texture": "#0"},
				"east": {"uv": [11.2, 12.11429, 13.02857, 11.2], "rotation": 180, "texture": "#0"},
				"south": {"uv": [12.8, 11.2, 13.02857, 12.11429], "texture": "#0"},
				"west": {"uv": [11.2, 11.2, 13.02857, 12.11429], "texture": "#0"},
				"up": {"uv": [13.02857, 11.2, 11.2, 11.42857], "rotation": 270, "texture": "#0"},
				"down": {"uv": [11.2, 11.88571, 13.02857, 12.11429], "rotation": 270, "texture": "#0"}
			}
		},
		{
			"name": "5_7",
			"from": [7.52143, 1.03571, 13.96429],
			"to": [8.55, 3.55, 14.19286],
			"rotation": {"angle": 0, "axis": "y", "origin": [0.15, 6.75, 8.25]},
			"faces": {
				"north": {"uv": [13.71429, 11.2, 13.94286, 13.71429], "texture": "#0"},
				"east": {"uv": [13.71429, 13.71429, 13.94286, 11.2], "rotation": 180, "texture": "#0"},
				"south": {"uv": [13.71429, 11.2, 13.94286, 13.71429], "texture": "#0"},
				"west": {"uv": [13.71429, 11.2, 13.94286, 13.71429], "texture": "#0"},
				"up": {"uv": [13.94286, 11.2, 13.71429, 11.42857], "rotation": 270, "texture": "#0"},
				"down": {"uv": [13.71429, 13.48571, 13.94286, 13.71429], "rotation": 270, "texture": "#0"}
			}
		},
		{
			"name": "5_8",
			"from": [7.52143, 1.72143, 11.67857],
			"to": [8.55, 2.63571, 13.27857],
			"rotation": {"angle": 0, "axis": "y", "origin": [0.15, 6.75, 8.25]},
			"faces": {
				"north": {"uv": [11.42857, 12.11429, 11.65714, 13.02857], "texture": "#0"},
				"east": {"uv": [11.42857, 13.02857, 13.02857, 12.11429], "rotation": 180, "texture": "#0"},
				"south": {"uv": [12.8, 12.11429, 13.02857, 13.02857], "texture": "#0"},
				"west": {"uv": [11.42857, 12.11429, 13.02857, 13.02857], "texture": "#0"},
				"up": {"uv": [13.02857, 12.11429, 11.42857, 12.34286], "rotation": 270, "texture": "#0"},
				"down": {"uv": [11.42857, 12.8, 13.02857, 13.02857], "rotation": 270, "texture": "#0"}
			}
		},
		{
			"name": "5_9",
			"from": [7.52143, 1.03571, 14.19286],
			"to": [8.55, 2.63571, 14.42143],
			"rotation": {"angle": 0, "axis": "y", "origin": [0.15, 6.75, 8.25]},
			"faces": {
				"north": {"uv": [13.94286, 12.11429, 14.17143, 13.71429], "texture": "#0"},
				"east": {"uv": [13.94286, 13.71429, 14.17143, 12.11429], "rotation": 180, "texture": "#0"},
				"south": {"uv": [13.94286, 12.11429, 14.17143, 13.71429], "texture": "#0"},
				"west": {"uv": [13.94286, 12.11429, 14.17143, 13.71429], "texture": "#0"},
				"up": {"uv": [14.17143, 12.11429, 13.94286, 12.34286], "rotation": 270, "texture": "#0"},
				"down": {"uv": [13.94286, 13.48571, 14.17143, 13.71429], "rotation": 270, "texture": "#0"}
			}
		},
		{
			"name": "5_10",
			"from": [7.52143, 0.80714, 14.42143],
			"to": [8.55, 1.95, 14.65],
			"rotation": {"angle": 0, "axis": "y", "origin": [0.15, 6.75, 8.25]},
			"faces": {
				"north": {"uv": [14.17143, 12.8, 14.4, 13.94286], "texture": "#0"},
				"east": {"uv": [14.17143, 13.94286, 14.4, 12.8], "rotation": 180, "texture": "#0"},
				"south": {"uv": [14.17143, 12.8, 14.4, 13.94286], "texture": "#0"},
				"west": {"uv": [14.17143, 12.8, 14.4, 13.94286], "texture": "#0"},
				"up": {"uv": [14.4, 12.8, 14.17143, 13.02857], "rotation": 270, "texture": "#0"},
				"down": {"uv": [14.17143, 13.71429, 14.4, 13.94286], "rotation": 270, "texture": "#0"}
			}
		},
		{
			"name": "5_11",
			"from": [7.52143, 1.26429, 11.90714],
			"to": [8.55, 1.72143, 13.27857],
			"rotation": {"angle": 0, "axis": "y", "origin": [0.15, 6.75, 8.25]},
			"faces": {
				"north": {"uv": [11.65714, 13.02857, 11.88571, 13.48571], "texture": "#0"},
				"east": {"uv": [11.65714, 13.48571, 13.02857, 13.02857], "rotation": 180, "texture": "#0"},
				"south": {"uv": [12.8, 13.02857, 13.02857, 13.48571], "texture": "#0"},
				"west": {"uv": [11.65714, 13.02857, 13.02857, 13.48571], "texture": "#0"},
				"up": {"uv": [13.02857, 13.02857, 11.65714, 13.25714], "rotation": 270, "texture": "#0"},
				"down": {"uv": [11.65714, 13.25714, 13.02857, 13.48571], "rotation": 270, "texture": "#0"}
			}
		},
		{
			"name": "5_12",
			"from": [7.52143, 0.80714, 14.65],
			"to": [8.55, 1.49286, 14.87857],
			"rotation": {"angle": 0, "axis": "y", "origin": [0.15, 6.75, 8.25]},
			"faces": {
				"north": {"uv": [14.4, 13.25714, 14.62857, 13.94286], "texture": "#0"},
				"east": {"uv": [14.4, 13.94286, 14.62857, 13.25714], "rotation": 180, "texture": "#0"},
				"south": {"uv": [14.4, 13.25714, 14.62857, 13.94286], "texture": "#0"},
				"west": {"uv": [14.4, 13.25714, 14.62857, 13.94286], "texture": "#0"},
				"up": {"uv": [14.62857, 13.25714, 14.4, 13.48571], "rotation": 270, "texture": "#0"},
				"down": {"uv": [14.4, 13.71429, 14.62857, 13.94286], "rotation": 270, "texture": "#0"}
			}
		},
		{
			"name": "5_13",
			"from": [7.52143, 1.03571, 13.05],
			"to": [8.55, 1.26429, 13.27857],
			"rotation": {"angle": 0, "axis": "y", "origin": [0.15, 6.75, 8.25]},
			"faces": {
				"north": {"uv": [12.8, 13.48571, 13.02857, 13.71429], "texture": "#0"},
				"east": {"uv": [12.8, 13.71429, 13.02857, 13.48571], "rotation": 180, "texture": "#0"},
				"south": {"uv": [12.8, 13.48571, 13.02857, 13.71429], "texture": "#0"},
				"west": {"uv": [12.8, 13.48571, 13.02857, 13.71429], "texture": "#0"},
				"up": {"uv": [13.02857, 13.48571, 12.8, 13.71429], "rotation": 270, "texture": "#0"},
				"down": {"uv": [12.8, 13.48571, 13.02857, 13.71429], "rotation": 270, "texture": "#0"}
			}
		},
		{
			"name": "6_0",
			"from": [7.42143, -0.10714, 11.67857],
			"to": [8.65, 1.26429, 13.05],
			"rotation": {"angle": 0, "axis": "y", "origin": [0.15, 6.75, 8.25]},
			"faces": {
				"north": {"uv": [11.42857, 13.48571, 11.65714, 14.85714], "texture": "#0"},
				"east": {"uv": [11.42857, 14.85714, 12.8, 13.48571], "rotation": 180, "texture": "#0"},
				"south": {"uv": [12.57143, 13.48571, 12.8, 14.85714], "texture": "#0"},
				"west": {"uv": [11.42857, 13.48571, 12.8, 14.85714], "texture": "#0"},
				"up": {"uv": [12.8, 13.48571, 11.42857, 13.71429], "rotation": 270, "texture": "#0"},
				"down": {"uv": [11.42857, 14.62857, 12.8, 14.85714], "rotation": 270, "texture": "#0"}
			}
		},
		{
			"name": "6_1",
			"from": [7.42143, -0.10714, 13.05],
			"to": [8.65, 1.03571, 14.42143],
			"rotation": {"angle": 0, "axis": "y", "origin": [0.15, 6.75, 8.25]},
			"faces": {
				"north": {"uv": [12.8, 13.71429, 13.02857, 14.85714], "texture": "#0"},
				"east": {"uv": [12.8, 14.85714, 14.17143, 13.71429], "rotation": 180, "texture": "#0"},
				"south": {"uv": [13.94286, 13.71429, 14.17143, 14.85714], "texture": "#0"},
				"west": {"uv": [12.8, 13.71429, 14.17143, 14.85714], "texture": "#0"},
				"up": {"uv": [14.17143, 13.71429, 12.8, 13.94286], "rotation": 270, "texture": "#0"},
				"down": {"uv": [12.8, 14.62857, 14.17143, 14.85714], "rotation": 270, "texture": "#0"}
			}
		},
		{
			"name": "6_2",
			"from": [7.42143, -0.10714, 11.45],
			"to": [8.65, 0.80714, 11.67857],
			"rotation": {"angle": 0, "axis": "y", "origin": [0.15, 6.75, 8.25]},
			"faces": {
				"north": {"uv": [11.2, 13.94286, 11.42857, 14.85714], "texture": "#0"},
				"east": {"uv": [11.2, 14.85714, 11.42857, 13.94286], "rotation": 180, "texture": "#0"},
				"south": {"uv": [11.2, 13.94286, 11.42857, 14.85714], "texture": "#0"},
				"west": {"uv": [11.2, 13.94286, 11.42857, 14.85714], "texture": "#0"},
				"up": {"uv": [11.42857, 13.94286, 11.2, 14.17143], "rotation": 270, "texture": "#0"},
				"down": {"uv": [11.2, 14.62857, 11.42857, 14.85714], "rotation": 270, "texture": "#0"}
			}
		},
		{
			"name": "6_3",
			"from": [7.42143, -0.10714, 14.42143],
			"to": [8.65, 0.80714, 15.10714],
			"rotation": {"angle": 0, "axis": "y", "origin": [0.15, 6.75, 8.25]},
			"faces": {
				"north": {"uv": [14.17143, 13.94286, 14.4, 14.85714], "texture": "#0"},
				"east": {"uv": [14.17143, 14.85714, 14.85714, 13.94286], "rotation": 180, "texture": "#0"},
				"south": {"uv": [14.62857, 13.94286, 14.85714, 14.85714], "texture": "#0"},
				"west": {"uv": [14.17143, 13.94286, 14.85714, 14.85714], "texture": "#0"},
				"up": {"uv": [14.85714, 13.94286, 14.17143, 14.17143], "rotation": 270, "texture": "#0"},
				"down": {"uv": [14.17143, 14.62857, 14.85714, 14.85714], "rotation": 270, "texture": "#0"}
			}
		}
	],
	"display": {
		"thirdperson_righthand": {
			"translation": [0, -0.75, -0.75],
			"scale": [0.7, 0.7, 0.7]
		},
		"thirdperson_lefthand": {
			"translation": [0, -0.75, -0.75],
			"scale": [0.7, 0.7, 0.7]
		},
		"firstperson_righthand": {
			"translation": [-3, 10.75, -0.75]
		},
		"firstperson_lefthand": {
			"translation": [-3, 10.75, -0.75]
		},
		"ground": {
			"rotation": [0, 0, 90],
			"translation": [0, -2, 0]
		},
		"gui": {
			"rotation": [63, 67, -67],
			"translation": [0, 0.75, 0]
		},
		"head": {
			"rotation": [0, 90, 0],
			"translation": [0, -2.25, 0.75]
		},
		"fixed": {
			"rotation": [0, 90, 0],
			"translation": [0, 0, -0.5]
		}
	},
	"groups": [
		{
			"name": "1",
			"origin": [8, 8, 8],
			"children": [0, 1, 2, 3, 4, 5, 6, 7, 8, 9, 10]
		},
		{
			"name": "2",
			"origin": [8, 8, 8],
			"children": [11, 12, 13]
		},
		{
			"name": "3",
			"origin": [8, 8, 8],
			"children": [14, 15, 16, 17, 18, 19, 20, 21, 22, 23, 24, 25, 26, 27, 28, 29, 30, 31, 32, 33, 34]
		},
		{
			"name": "4",
			"origin": [8, 8, 8],
			"children": [35, 36, 37, 38, 39, 40, 41, 42, 43, 44, 45, 46]
		},
		{
			"name": "5",
			"origin": [8, 8, 8],
			"children": [47, 48, 49, 50, 51, 52, 53, 54, 55, 56, 57, 58, 59, 60]
		},
		{
			"name": "6",
			"origin": [8, 8, 8],
			"children": [61, 62, 63, 64]
		}
	]
}