{
	"credit": "Made by MILENARY",
	"textures": {
		"1": "block/gun_4_1",
		"2": "block/gun_opening",
		"8": "block/gun_4",
		"particle": "block/gun_4_1"
	},
	"elements": [
		{
			"name": "1_0",
			"from": [7.82302, 1.28571, 0],
			"to": [8.15, 1.58968, 3.80952],
			"rotation": {"angle": 0, "axis": "y", "origin": [0.05, -1, 8]},
			"faces": {
				"north": {"uv": [0, 5.46032, 0.12698, 5.71429], "texture": "#1"},
				"east": {"uv": [0, 5.71429, 3.80952, 5.46032], "rotation": 180, "texture": "#1"},
				"south": {"uv": [3.68254, 5.46032, 3.80952, 5.71429], "texture": "#1"},
				"west": {"uv": [0, 5.46032, 3.80952, 5.71429], "texture": "#1"},
				"up": {"uv": [3.80952, 5.46032, 0, 5.5873], "rotation": 270, "texture": "#1"},
				"down": {"uv": [0, 5.5873, 3.80952, 5.71429], "rotation": 270, "texture": "#1"}
			}
		},
		{
			"name": "1_1",
			"from": [7.82302, 1.28571, -0.01],
			"to": [8.15, 1.58968, -0.01],
			"rotation": {"angle": 0, "axis": "y", "origin": [0.05, -1, 8]},
			"faces": {
				"north": {"uv": [0, 0, 16, 16], "texture": "#2"},
				"east": {"uv": [0, 0, 16, 16], "texture": "#2"},
				"south": {"uv": [0, 0, 16, 16], "texture": "#2"},
				"west": {"uv": [0, 0, 16, 16], "texture": "#2"},
				"up": {"uv": [0, 0, 16, 16], "texture": "#2"},
				"down": {"uv": [0, 0, 16, 16], "texture": "#2"}
			}
		},
		{
			"name": "1_1",
			"from": [7.82302, 1.4127, 3.80952],
			"to": [8.15, 1.58968, 11.04762],
			"rotation": {"angle": 0, "axis": "y", "origin": [0.05, -1, 8]},
			"faces": {
				"north": {"uv": [3.80952, 5.46032, 3.93651, 5.5873], "texture": "#1"},
				"east": {"uv": [3.80952, 5.5873, 11.04762, 5.46032], "rotation": 180, "texture": "#1"},
				"south": {"uv": [10.92063, 5.46032, 11.04762, 5.5873], "texture": "#1"},
				"west": {"uv": [3.80952, 5.46032, 11.04762, 5.5873], "texture": "#1"},
				"up": {"uv": [11.04762, 5.46032, 3.80952, 5.5873], "rotation": 270, "texture": "#1"},
				"down": {"uv": [3.80952, 5.46032, 11.04762, 5.5873], "rotation": 270, "texture": "#1"}
			}
		},
		{
			"name": "1_2",
			"from": [7.82302, 1.28571, 7.49206],
			"to": [8.15, 1.4127, 11.04762],
			"rotation": {"angle": 0, "axis": "y", "origin": [0.05, -1, 8]},
			"faces": {
				"north": {"uv": [7.49206, 5.5873, 7.61905, 5.71429], "texture": "#1"},
				"east": {"uv": [7.49206, 5.71429, 11.04762, 5.5873], "rotation": 180, "texture": "#1"},
				"south": {"uv": [10.92063, 5.5873, 11.04762, 5.71429], "texture": "#1"},
				"west": {"uv": [7.49206, 5.5873, 11.04762, 5.71429], "texture": "#1"},
				"up": {"uv": [11.04762, 5.5873, 7.49206, 5.71429], "rotation": 270, "texture": "#1"},
				"down": {"uv": [7.49206, 5.5873, 11.04762, 5.71429], "rotation": 270, "texture": "#1"}
			}
		},
		{
			"name": "2_0",
			"from": [7.92302, 1.53968, 7.44206],
			"to": [8.05, 2.04762, 7.69603],
			"rotation": {"angle": 0, "axis": "y", "origin": [0.05, -1, 7.95]},
			"faces": {
				"north": {"uv": [7.49206, 4.95238, 7.61905, 5.46032], "texture": "#1"},
				"east": {"uv": [7.49206, 5.46032, 7.74603, 4.95238], "rotation": 180, "texture": "#1"},
				"south": {"uv": [7.61905, 4.95238, 7.74603, 5.46032], "texture": "#1"},
				"west": {"uv": [7.49206, 4.95238, 7.74603, 5.46032], "texture": "#1"},
				"up": {"uv": [7.74603, 4.95238, 7.49206, 5.07937], "rotation": 270, "texture": "#1"},
				"down": {"uv": [7.49206, 5.33333, 7.74603, 5.46032], "rotation": 270, "texture": "#1"}
			}
		},
		{
			"name": "2_1",
			"from": [7.92302, 1.53968, 9.34683],
			"to": [8.05, 1.94762, 9.60079],
			"rotation": {"angle": 0, "axis": "y", "origin": [0.05, -1, 7.95]},
			"faces": {
				"north": {"uv": [9.39683, 4.95238, 9.52381, 5.46032], "texture": "#1"},
				"east": {"uv": [9.39683, 5.46032, 9.65079, 4.95238], "rotation": 180, "texture": "#1"},
				"south": {"uv": [9.52381, 4.95238, 9.65079, 5.46032], "texture": "#1"},
				"west": {"uv": [9.39683, 4.95238, 9.65079, 5.46032], "texture": "#1"},
				"up": {"uv": [9.65079, 4.95238, 9.39683, 5.07937], "rotation": 270, "texture": "#1"},
				"down": {"uv": [9.39683, 5.33333, 9.65079, 5.46032], "rotation": 270, "texture": "#1"}
			}
		},
		{
			"name": "2_2",
			"from": [7.92302, 1.53968, 7.31508],
			"to": [8.05, 1.79365, 7.44206],
			"rotation": {"angle": 0, "axis": "y", "origin": [0.05, -1, 7.95]},
			"faces": {
				"north": {"uv": [7.36508, 5.20635, 7.49206, 5.46032], "texture": "#1"},
				"east": {"uv": [7.36508, 5.46032, 7.49206, 5.20635], "rotation": 180, "texture": "#1"},
				"south": {"uv": [7.36508, 5.20635, 7.49206, 5.46032], "texture": "#1"},
				"west": {"uv": [7.36508, 5.20635, 7.49206, 5.46032], "texture": "#1"},
				"up": {"uv": [7.49206, 5.20635, 7.36508, 5.33333], "rotation": 270, "texture": "#1"},
				"down": {"uv": [7.36508, 5.33333, 7.49206, 5.46032], "rotation": 270, "texture": "#1"}
			}
		},
		{
			"name": "2_3",
			"from": [7.92302, 1.53968, 7.69603],
			"to": [8.05, 1.79365, 7.82302],
			"rotation": {"angle": 0, "axis": "y", "origin": [0.05, -1, 7.95]},
			"faces": {
				"north": {"uv": [7.74603, 5.20635, 7.87302, 5.46032], "texture": "#1"},
				"east": {"uv": [7.74603, 5.46032, 7.87302, 5.20635], "rotation": 180, "texture": "#1"},
				"south": {"uv": [7.74603, 5.20635, 7.87302, 5.46032], "texture": "#1"},
				"west": {"uv": [7.74603, 5.20635, 7.87302, 5.46032], "texture": "#1"},
				"up": {"uv": [7.87302, 5.20635, 7.74603, 5.33333], "rotation": 270, "texture": "#1"},
				"down": {"uv": [7.74603, 5.33333, 7.87302, 5.46032], "rotation": 270, "texture": "#1"}
			}
		},
		{
			"name": "2_4",
			"from": [7.92302, 1.53968, 9.21984],
			"to": [8.05, 1.79365, 9.34683],
			"rotation": {"angle": 0, "axis": "y", "origin": [0.05, -1, 7.95]},
			"faces": {
				"north": {"uv": [9.26984, 5.20635, 9.39683, 5.46032], "texture": "#1"},
				"east": {"uv": [9.26984, 5.46032, 9.39683, 5.20635], "rotation": 180, "texture": "#1"},
				"south": {"uv": [9.26984, 5.20635, 9.39683, 5.46032], "texture": "#1"},
				"west": {"uv": [9.26984, 5.20635, 9.39683, 5.46032], "texture": "#1"},
				"up": {"uv": [9.39683, 5.20635, 9.26984, 5.33333], "rotation": 270, "texture": "#1"},
				"down": {"uv": [9.26984, 5.33333, 9.39683, 5.46032], "rotation": 270, "texture": "#1"}
			}
		},
		{
			"name": "2_5",
			"from": [7.92302, 1.53968, 9.60079],
			"to": [8.05, 1.79365, 9.72778],
			"rotation": {"angle": 0, "axis": "y", "origin": [0.05, -1, 7.95]},
			"faces": {
				"north": {"uv": [9.65079, 5.20635, 9.77778, 5.46032], "texture": "#1"},
				"east": {"uv": [9.65079, 5.46032, 9.77778, 5.20635], "rotation": 180, "texture": "#1"},
				"south": {"uv": [9.65079, 5.20635, 9.77778, 5.46032], "texture": "#1"},
				"west": {"uv": [9.65079, 5.20635, 9.77778, 5.46032], "texture": "#1"},
				"up": {"uv": [9.77778, 5.20635, 9.65079, 5.33333], "rotation": 270, "texture": "#1"},
				"down": {"uv": [9.65079, 5.33333, 9.77778, 5.46032], "rotation": 270, "texture": "#1"}
			}
		},
		{
			"name": "2_6",
			"from": [7.87302, 1.53968, 6.93413],
			"to": [8.1, 1.66667, 7.31508],
			"rotation": {"angle": 0, "axis": "y", "origin": [0.05, -1, 7.95]},
			"faces": {
				"north": {"uv": [6.98413, 5.33333, 7.11111, 5.46032], "texture": "#1"},
				"east": {"uv": [6.98413, 5.46032, 7.36508, 5.33333], "rotation": 180, "texture": "#1"},
				"south": {"uv": [7.2381, 5.33333, 7.36508, 5.46032], "texture": "#1"},
				"west": {"uv": [6.98413, 5.33333, 7.36508, 5.46032], "texture": "#1"},
				"up": {"uv": [7.36508, 5.33333, 6.98413, 5.46032], "rotation": 270, "texture": "#1"},
				"down": {"uv": [6.98413, 5.33333, 7.36508, 5.46032], "rotation": 270, "texture": "#1"}
			}
		},
		{
			"name": "2_7",
			"from": [7.87302, 1.53968, 7.82302],
			"to": [8.1, 1.66667, 9.21984],
			"rotation": {"angle": 0, "axis": "y", "origin": [0.05, -1, 7.95]},
			"faces": {
				"north": {"uv": [7.87302, 5.33333, 8, 5.46032], "texture": "#1"},
				"east": {"uv": [7.87302, 5.46032, 9.26984, 5.33333], "rotation": 180, "texture": "#1"},
				"south": {"uv": [9.14286, 5.33333, 9.26984, 5.46032], "texture": "#1"},
				"west": {"uv": [7.87302, 5.33333, 9.26984, 5.46032], "texture": "#1"},
				"up": {"uv": [9.26984, 5.33333, 7.87302, 5.46032], "rotation": 270, "texture": "#1"},
				"down": {"uv": [7.87302, 5.33333, 9.26984, 5.46032], "rotation": 270, "texture": "#1"}
			}
		},
		{
			"name": "2_8",
			"from": [7.87302, 1.53968, 9.72778],
			"to": [8.1, 1.66667, 10.23571],
			"rotation": {"angle": 0, "axis": "y", "origin": [0.05, -1, 7.95]},
			"faces": {
				"north": {"uv": [9.77778, 5.33333, 9.90476, 5.46032], "texture": "#1"},
				"east": {"uv": [9.77778, 5.46032, 10.28571, 5.33333], "rotation": 180, "texture": "#1"},
				"south": {"uv": [10.15873, 5.33333, 10.28571, 5.46032], "texture": "#1"},
				"west": {"uv": [9.77778, 5.33333, 10.28571, 5.46032], "texture": "#1"},
				"up": {"uv": [10.28571, 5.33333, 9.77778, 5.46032], "rotation": 270, "texture": "#1"},
				"down": {"uv": [9.77778, 5.33333, 10.28571, 5.46032], "rotation": 270, "texture": "#1"}
			}
		},
		{
			"name": "3_0",
			"from": [7.37302, 1.79365, 5.79127],
			"to": [8.6, 3.06349, 6.17222],
			"rotation": {"angle": 0, "axis": "y", "origin": [0.05, -1, 7.95]},
			"faces": {
				"north": {"uv": [5.84127, 5.20635, 6.09524, 5.20635], "texture": "#1"},
				"east": {"uv": [5.84127, 5.20635, 6.22222, 3.93651], "rotation": 180, "texture": "#1"},
				"south": {"uv": [6.09524, 4.19048, 6.09524, 5.20635], "texture": "#1"},
				"west": {"uv": [5.84127, 4.19048, 6.22222, 5.20635], "texture": "#1"},
				"up": {"uv": [6.22222, 3.93651, 5.84127, 4.06349], "rotation": 270, "texture": "#1"},
				"down": {"uv": [5.84127, 5.07937, 6.22222, 5.20635], "rotation": 270, "texture": "#1"}
			}
		},
		{
			"name": "3_1",
			"from": [7.52302, 1.69365, 5.79127],
			"to": [8.45, 1.79365, 6.17222],
			"rotation": {"angle": 0, "axis": "y", "origin": [0.05, -1, 7.95]},
			"faces": {
				"north": {"uv": [5.84127, 5.20635, 6.09524, 5.20635], "texture": "#1"},
				"east": {"uv": [5.84127, 5.20635, 6.22222, 3.93651], "rotation": 180, "texture": "#1"},
				"south": {"uv": [6.09524, 3.93651, 6.22222, 5.20635], "texture": "#1"},
				"west": {"uv": [5.84127, 3.93651, 6.22222, 5.20635], "texture": "#1"},
				"up": {"uv": [6.22222, 3.93651, 5.84127, 4.06349], "rotation": 270, "texture": "#1"},
				"down": {"uv": [5.84127, 5.07937, 6.22222, 5.20635], "rotation": 270, "texture": "#1"}
			}
		},
		{
			"name": "3_1",
			"from": [7.52302, 3.06349, 5.79127],
			"to": [8.45, 3.16349, 6.17222],
			"rotation": {"angle": 0, "axis": "y", "origin": [0.05, -1, 7.95]},
			"faces": {
				"north": {"uv": [5.84127, 5.20635, 6.09524, 5.20635], "texture": "#1"},
				"east": {"uv": [5.84127, 5.20635, 6.22222, 3.93651], "rotation": 180, "texture": "#1"},
				"south": {"uv": [6.09524, 3.93651, 6.22222, 5.20635], "texture": "#1"},
				"west": {"uv": [5.84127, 3.93651, 6.22222, 5.20635], "texture": "#1"},
				"up": {"uv": [6.22222, 3.93651, 5.84127, 4.06349], "rotation": 270, "texture": "#1"},
				"down": {"uv": [5.84127, 5.07937, 6.22222, 5.20635], "rotation": 270, "texture": "#1"}
			}
		},
		{
			"name": "3_1",
			"from": [7.27302, 1.94365, 5.79127],
			"to": [7.37302, 2.91349, 6.17222],
			"rotation": {"angle": 0, "axis": "y", "origin": [0.05, -1, 7.95]},
			"faces": {
				"north": {"uv": [5.84127, 5.20635, 6.09524, 5.20635], "texture": "#1"},
				"east": {"uv": [5.84127, 5.20635, 6.22222, 3.93651], "rotation": 180, "texture": "#1"},
				"south": {"uv": [6.09524, 3.93651, 6.22222, 5.20635], "texture": "#1"},
				"west": {"uv": [5.84127, 3.93651, 6.22222, 5.20635], "texture": "#1"},
				"up": {"uv": [6.22222, 3.93651, 5.84127, 4.06349], "rotation": 270, "texture": "#1"},
				"down": {"uv": [5.84127, 5.07937, 6.22222, 5.20635], "rotation": 270, "texture": "#1"}
			}
		},
		{
			"name": "3_1",
			"from": [8.6, 1.94365, 5.79127],
			"to": [8.7, 2.91349, 6.17222],
			"rotation": {"angle": 0, "axis": "y", "origin": [0.05, -1, 7.95]},
			"faces": {
				"north": {"uv": [5.84127, 5.20635, 6.09524, 5.20635], "texture": "#1"},
				"east": {"uv": [5.84127, 5.20635, 6.22222, 3.93651], "rotation": 180, "texture": "#1"},
				"south": {"uv": [6.09524, 3.93651, 6.22222, 5.20635], "texture": "#1"},
				"west": {"uv": [5.84127, 3.93651, 6.22222, 5.20635], "texture": "#1"},
				"up": {"uv": [6.22222, 3.93651, 5.84127, 4.06349], "rotation": 270, "texture": "#1"},
				"down": {"uv": [5.84127, 5.07937, 6.22222, 5.20635], "rotation": 270, "texture": "#1"}
			}
		},
		{
			"name": "3_1",
			"from": [7.47302, 1.89365, 5.7813],
			"to": [8.5, 2.96349, 5.7813],
			"rotation": {"angle": 0, "axis": "y", "origin": [0.05, -1, 7.95]},
			"faces": {
				"north": {"uv": [1, 4.5, 5.5, 9], "texture": "#8"},
				"east": {"uv": [5.84127, 5.20635, 6.22222, 3.93651], "rotation": 180, "texture": "#8"},
				"south": {"uv": [6.09524, 3.93651, 6.22222, 5.20635], "texture": "#8"},
				"west": {"uv": [5.84127, 3.93651, 6.22222, 5.20635], "texture": "#8"},
				"up": {"uv": [6.22222, 3.93651, 5.84127, 4.06349], "rotation": 270, "texture": "#8"},
				"down": {"uv": [5.84127, 5.07937, 6.22222, 5.20635], "rotation": 270, "texture": "#8"}
			}
		},
		{
			"name": "3_2",
			"from": [7.57302, 1.79365, 5.7813],
			"to": [8.4, 1.89365, 5.7813],
			"rotation": {"angle": 0, "axis": "y", "origin": [0.05, -1, 7.95]},
			"faces": {
				"north": {"uv": [1.5, 0, 2, 0.5], "texture": "#8"},
				"east": {"uv": [5.84127, 5.20635, 6.22222, 3.93651], "rotation": 180, "texture": "#8"},
				"south": {"uv": [6.09524, 3.93651, 6.22222, 5.20635], "texture": "#8"},
				"west": {"uv": [5.84127, 3.93651, 6.22222, 5.20635], "texture": "#8"},
				"up": {"uv": [6.22222, 3.93651, 5.84127, 4.06349], "rotation": 270, "texture": "#8"},
				"down": {"uv": [5.84127, 5.07937, 6.22222, 5.20635], "rotation": 270, "texture": "#8"}
			}
		},
		{
			"name": "3_2",
			"from": [8.5, 1.99365, 5.7813],
			"to": [8.6, 2.86349, 5.7813],
			"rotation": {"angle": 0, "axis": "y", "origin": [0.05, -1, 7.95]},
			"faces": {
				"north": {"uv": [1.5, 0, 2, 0.5], "texture": "#8"},
				"east": {"uv": [5.84127, 5.20635, 6.22222, 3.93651], "rotation": 180, "texture": "#8"},
				"south": {"uv": [6.09524, 3.93651, 6.22222, 5.20635], "texture": "#8"},
				"west": {"uv": [5.84127, 3.93651, 6.22222, 5.20635], "texture": "#8"},
				"up": {"uv": [6.22222, 3.93651, 5.84127, 4.06349], "rotation": 270, "texture": "#8"},
				"down": {"uv": [5.84127, 5.07937, 6.22222, 5.20635], "rotation": 270, "texture": "#8"}
			}
		},
		{
			"name": "3_2",
			"from": [7.37302, 1.99365, 5.7813],
			"to": [7.47302, 2.86349, 5.7813],
			"rotation": {"angle": 0, "axis": "y", "origin": [0.05, -1, 7.95]},
			"faces": {
				"north": {"uv": [1.5, 0, 2, 0.5], "texture": "#8"},
				"east": {"uv": [5.84127, 5.20635, 6.22222, 3.93651], "rotation": 180, "texture": "#8"},
				"south": {"uv": [6.09524, 3.93651, 6.22222, 5.20635], "texture": "#8"},
				"west": {"uv": [5.84127, 3.93651, 6.22222, 5.20635], "texture": "#8"},
				"up": {"uv": [6.22222, 3.93651, 5.84127, 4.06349], "rotation": 270, "texture": "#8"},
				"down": {"uv": [5.84127, 5.07937, 6.22222, 5.20635], "rotation": 270, "texture": "#8"}
			}
		},
		{
			"name": "3_2",
			"from": [7.57302, 2.96349, 5.7813],
			"to": [8.4, 3.06349, 5.7813],
			"rotation": {"angle": 0, "axis": "y", "origin": [0.05, -1, 7.95]},
			"faces": {
				"north": {"uv": [1.5, 0, 2, 0.5], "texture": "#8"},
				"east": {"uv": [5.84127, 5.20635, 6.22222, 3.93651], "rotation": 180, "texture": "#8"},
				"south": {"uv": [6.09524, 3.93651, 6.22222, 5.20635], "texture": "#8"},
				"west": {"uv": [5.84127, 3.93651, 6.22222, 5.20635], "texture": "#8"},
				"up": {"uv": [6.22222, 3.93651, 5.84127, 4.06349], "rotation": 270, "texture": "#8"},
				"down": {"uv": [5.84127, 5.07937, 6.22222, 5.20635], "rotation": 270, "texture": "#8"}
			}
		},
		{
			"name": "3_1",
			"from": [7.52302, 1.92063, 6.17222],
			"to": [8.45, 2.93651, 6.93413],
			"rotation": {"angle": 0, "axis": "y", "origin": [0.05, -1, 7.95]},
			"faces": {
				"north": {"uv": [6.22222, 4.06349, 6.34921, 5.07937], "texture": "#1"},
				"east": {"uv": [6.34921, 5.07937, 6.98413, 4.06349], "rotation": 180, "texture": "#1"},
				"south": {"uv": [6.34921, 4.44444, 6.98413, 5.07937], "texture": "#1"},
				"west": {"uv": [6.34921, 4.06349, 6.98413, 5.07937], "texture": "#1"},
				"up": {"uv": [6.98413, 4.06349, 6.22222, 4.19048], "rotation": 270, "texture": "#1"},
				"down": {"uv": [6.22222, 4.95238, 6.98413, 5.07937], "rotation": 270, "texture": "#1"}
			}
		},
		{
			"name": "3_2",
			"from": [7.42302, 2.02063, 6.17222],
			"to": [7.52302, 2.83651, 6.93413],
			"rotation": {"angle": 0, "axis": "y", "origin": [0.05, -1, 7.95]},
			"faces": {
				"north": {"uv": [6.22222, 4.06349, 6.34921, 5.07937], "texture": "#1"},
				"east": {"uv": [6.22222, 5.07937, 6.98413, 4.06349], "rotation": 180, "texture": "#1"},
				"south": {"uv": [6.85714, 4.06349, 6.98413, 5.07937], "texture": "#1"},
				"west": {"uv": [6.34921, 4.06349, 6.98413, 5.07937], "texture": "#1"},
				"up": {"uv": [6.98413, 4.06349, 6.22222, 4.19048], "rotation": 270, "texture": "#1"},
				"down": {"uv": [6.34921, 4.95238, 6.98413, 5.07937], "rotation": 270, "texture": "#1"}
			}
		},
		{
			"name": "3_2",
			"from": [8.45, 2.02063, 6.17222],
			"to": [8.55, 2.83651, 6.93413],
			"rotation": {"angle": 0, "axis": "y", "origin": [0.05, -1, 7.95]},
			"faces": {
				"north": {"uv": [6.22222, 4.06349, 6.34921, 5.07937], "texture": "#1"},
				"east": {"uv": [6.34921, 5.07937, 6.98413, 4.06349], "rotation": 180, "texture": "#1"},
				"south": {"uv": [6.85714, 4.06349, 6.98413, 5.07937], "texture": "#1"},
				"west": {"uv": [6.22222, 4.06349, 6.98413, 5.07937], "texture": "#1"},
				"up": {"uv": [6.98413, 4.06349, 6.22222, 4.19048], "rotation": 270, "texture": "#1"},
				"down": {"uv": [6.34921, 4.95238, 6.98413, 5.07937], "rotation": 270, "texture": "#1"}
			}
		},
		{
			"name": "3_2",
			"from": [7.62302, 1.82063, 6.17222],
			"to": [8.35, 1.92063, 6.93413],
			"rotation": {"angle": 0, "axis": "y", "origin": [0.05, -1, 7.95]},
			"faces": {
				"north": {"uv": [6.22222, 4.06349, 6.34921, 5.07937], "texture": "#1"},
				"east": {"uv": [6.60317, 4.95238, 6.98413, 5.07937], "texture": "#1"},
				"south": {"uv": [6.60317, 4.95238, 6.98413, 5.07937], "texture": "#1"},
				"west": {"uv": [6.60317, 4.95238, 6.98413, 5.07937], "texture": "#1"},
				"up": {"uv": [6.98413, 4.06349, 6.22222, 4.19048], "rotation": 270, "texture": "#1"},
				"down": {"uv": [6.22222, 4.95238, 6.98413, 5.07937], "rotation": 270, "texture": "#1"}
			}
		},
		{
			"name": "3_2",
			"from": [7.62302, 2.93651, 6.17222],
			"to": [8.35, 3.03651, 6.93413],
			"rotation": {"angle": 0, "axis": "y", "origin": [0.05, -1, 7.95]},
			"faces": {
				"north": {"uv": [6.22222, 4.06349, 6.34921, 5.07937], "texture": "#1"},
				"east": {"uv": [6.85714, 4.06349, 6.85714, 4.19048], "texture": "#1"},
				"south": {"uv": [6.85714, 4.06349, 6.85714, 4.19048], "texture": "#1"},
				"west": {"uv": [6.85714, 4.06349, 6.85714, 4.19048], "texture": "#1"},
				"up": {"uv": [6.98413, 4.06349, 6.22222, 4.19048], "rotation": 270, "texture": "#1"},
				"down": {"uv": [6.22222, 4.95238, 6.98413, 5.07937], "rotation": 270, "texture": "#1"}
			}
		},
		{
			"name": "3_2",
			"from": [7.57302, 1.82063, 10.61667],
			"to": [8.4, 1.92063, 11.50556],
			"rotation": {"angle": 0, "axis": "y", "origin": [0.05, -1, 7.95]},
			"faces": {
				"north": {"uv": [10.66667, 5.20635, 10.79365, 5.20635], "texture": "#1"},
				"east": {"uv": [9.65079, 4.8254, 10.03175, 4.95238], "texture": "#1"},
				"south": {"uv": [9.65079, 4.8254, 10.03175, 4.95238], "texture": "#1"},
				"west": {"uv": [10.66667, 5.07937, 11.55556, 5.07937], "texture": "#1"},
				"up": {"uv": [11.55556, 4.06349, 10.66667, 4.19048], "rotation": 270, "texture": "#1"},
				"down": {"uv": [10.66667, 4.95238, 11.55556, 5.07937], "rotation": 270, "texture": "#1"}
			}
		},
		{
			"name": "3_3",
			"from": [7.47302, 1.92063, 10.61667],
			"to": [8.5, 2.93651, 11.50556],
			"rotation": {"angle": 0, "axis": "y", "origin": [0.05, -1, 7.95]},
			"faces": {
				"north": {"uv": [10.66667, 4.06349, 10.79365, 5.07937], "texture": "#1"},
				"east": {"uv": [10.66667, 5.07937, 11.55556, 4.06349], "rotation": 180, "texture": "#1"},
				"south": {"uv": [5.84127, 5.20635, 6.09524, 5.20635], "texture": "#1"},
				"west": {"uv": [10.66667, 4.06349, 11.55556, 5.07937], "texture": "#1"},
				"up": {"uv": [11.55556, 4.06349, 10.66667, 4.19048], "rotation": 270, "texture": "#1"},
				"down": {"uv": [10.66667, 4.95238, 11.55556, 5.07937], "rotation": 270, "texture": "#1"}
			}
		},
		{
			"name": "3_3",
			"from": [8.5, 2.02063, 10.61667],
			"to": [8.6, 2.83651, 11.50556],
			"rotation": {"angle": 0, "axis": "y", "origin": [0.05, -1, 7.95]},
			"faces": {
				"north": {"uv": [10.66667, 4.06349, 10.79365, 5.07937], "texture": "#1"},
				"east": {"uv": [10.66667, 5.07937, 11.55556, 4.06349], "rotation": 180, "texture": "#1"},
				"south": {"uv": [5.84127, 5.20635, 6.09524, 5.20635], "texture": "#1"},
				"west": {"uv": [10.66667, 4.06349, 11.55556, 5.07937], "texture": "#1"},
				"up": {"uv": [11.55556, 4.06349, 10.66667, 4.19048], "rotation": 270, "texture": "#1"},
				"down": {"uv": [10.66667, 4.95238, 11.55556, 5.07937], "rotation": 270, "texture": "#1"}
			}
		},
		{
			"name": "3_3",
			"from": [7.37302, 2.02063, 10.61667],
			"to": [7.47302, 2.83651, 11.50556],
			"rotation": {"angle": 0, "axis": "y", "origin": [0.05, -1, 7.95]},
			"faces": {
				"north": {"uv": [10.66667, 4.06349, 10.79365, 5.07937], "texture": "#1"},
				"east": {"uv": [10.66667, 5.07937, 11.55556, 4.06349], "rotation": 180, "texture": "#1"},
				"south": {"uv": [5.84127, 5.20635, 6.09524, 5.20635], "texture": "#1"},
				"west": {"uv": [10.66667, 4.06349, 11.55556, 5.07937], "texture": "#1"},
				"up": {"uv": [11.55556, 4.06349, 10.66667, 4.19048], "rotation": 270, "texture": "#1"},
				"down": {"uv": [10.66667, 4.95238, 11.55556, 5.07937], "rotation": 270, "texture": "#1"}
			}
		},
		{
			"name": "3_3",
			"from": [7.57302, 2.93651, 10.61667],
			"to": [8.4, 3.03651, 11.50556],
			"rotation": {"angle": 0, "axis": "y", "origin": [0.05, -1, 7.95]},
			"faces": {
				"north": {"uv": [10.66667, 4.06349, 10.79365, 4.44444], "texture": "#1"},
				"east": {"uv": [10.66667, 4.19048, 11.55556, 4.06349], "rotation": 180, "texture": "#1"},
				"south": {"uv": [5.84127, 5.20635, 6.09524, 5.20635], "texture": "#1"},
				"west": {"uv": [9.90476, 4.19048, 10.03175, 4.44444], "texture": "#1"},
				"up": {"uv": [11.55556, 4.06349, 10.66667, 4.19048], "rotation": 270, "texture": "#1"},
				"down": {"uv": [10.66667, 4.95238, 11.55556, 5.07937], "rotation": 270, "texture": "#1"}
			}
		},
		{
			"name": "3_3",
			"from": [7.543, 2.02063, 11.5156],
			"to": [8.41998, 2.88651, 11.5156],
			"rotation": {"angle": 0, "axis": "y", "origin": [0.05, -1, 7.95]},
			"faces": {
				"north": {"uv": [10.66667, 4.06349, 10.79365, 5.07937], "texture": "#1"},
				"east": {"uv": [10.66667, 5.07937, 11.55556, 4.06349], "rotation": 180, "texture": "#1"},
				"south": {"uv": [1, 0, 5.5, 4.5], "texture": "#8"},
				"west": {"uv": [10.66667, 4.06349, 11.55556, 5.07937], "texture": "#1"},
				"up": {"uv": [11.55556, 4.06349, 10.66667, 4.19048], "rotation": 270, "texture": "#1"},
				"down": {"uv": [10.66667, 4.95238, 11.55556, 5.07937], "rotation": 270, "texture": "#1"}
			}
		},
		{
			"name": "4_4",
			"from": [7.443, 2.12063, 11.5156],
			"to": [7.543, 2.78651, 11.5156],
			"rotation": {"angle": 0, "axis": "y", "origin": [0.05, -1, 7.95]},
			"faces": {
				"north": {"uv": [10.66667, 4.06349, 10.79365, 5.07937], "texture": "#1"},
				"east": {"uv": [10.66667, 5.07937, 11.55556, 4.06349], "rotation": 180, "texture": "#1"},
				"south": {"uv": [1.5, 0, 2, 0.5], "texture": "#8"},
				"west": {"uv": [10.66667, 4.06349, 11.55556, 5.07937], "texture": "#1"},
				"up": {"uv": [11.55556, 4.06349, 10.66667, 4.19048], "rotation": 270, "texture": "#1"},
				"down": {"uv": [10.66667, 4.95238, 11.55556, 5.07937], "rotation": 270, "texture": "#1"}
			}
		},
		{
			"name": "4_4",
			"from": [8.41998, 2.12063, 11.5156],
			"to": [8.51998, 2.78651, 11.5156],
			"rotation": {"angle": 0, "axis": "y", "origin": [0.05, -1, 7.95]},
			"faces": {
				"north": {"uv": [10.66667, 4.06349, 10.79365, 5.07937], "texture": "#1"},
				"east": {"uv": [10.66667, 5.07937, 11.55556, 4.06349], "rotation": 180, "texture": "#1"},
				"south": {"uv": [1.5, 0, 2, 0.5], "texture": "#8"},
				"west": {"uv": [10.66667, 4.06349, 11.55556, 5.07937], "texture": "#1"},
				"up": {"uv": [11.55556, 4.06349, 10.66667, 4.19048], "rotation": 270, "texture": "#1"},
				"down": {"uv": [10.66667, 4.95238, 11.55556, 5.07937], "rotation": 270, "texture": "#1"}
			}
		},
		{
			"name": "4_4",
			"from": [7.643, 1.92063, 11.5156],
			"to": [8.31998, 2.02063, 11.5156],
			"rotation": {"angle": 0, "axis": "y", "origin": [0.05, -1, 7.95]},
			"faces": {
				"north": {"uv": [10.66667, 4.06349, 10.79365, 5.07937], "texture": "#1"},
				"east": {"uv": [10.66667, 5.07937, 11.55556, 4.06349], "rotation": 180, "texture": "#1"},
				"south": {"uv": [1.5, 0, 2, 0.5], "texture": "#8"},
				"west": {"uv": [10.66667, 4.06349, 11.55556, 5.07937], "texture": "#1"},
				"up": {"uv": [11.55556, 4.06349, 10.66667, 4.19048], "rotation": 270, "texture": "#1"},
				"down": {"uv": [10.66667, 4.95238, 11.55556, 5.07937], "rotation": 270, "texture": "#1"}
			}
		},
		{
			"name": "4_4",
			"from": [7.643, 2.88651, 11.5156],
			"to": [8.31998, 2.98651, 11.5156],
			"rotation": {"angle": 0, "axis": "y", "origin": [0.05, -1, 7.95]},
			"faces": {
				"north": {"uv": [10.66667, 4.06349, 10.79365, 5.07937], "texture": "#1"},
				"east": {"uv": [10.66667, 5.07937, 11.55556, 4.06349], "rotation": 180, "texture": "#1"},
				"south": {"uv": [1.5, 0, 2, 0.5], "texture": "#8"},
				"west": {"uv": [10.66667, 4.06349, 11.55556, 5.07937], "texture": "#1"},
				"up": {"uv": [11.55556, 4.06349, 10.66667, 4.19048], "rotation": 270, "texture": "#1"},
				"down": {"uv": [10.66667, 4.95238, 11.55556, 5.07937], "rotation": 270, "texture": "#1"}
			}
		},
		{
			"name": "3_3",
			"from": [7.57302, 2.04762, 6.93413],
			"to": [8.4, 2.80952, 7.56905],
			"rotation": {"angle": 0, "axis": "y", "origin": [0.05, -1, 7.95]},
			"faces": {
				"north": {"uv": [6.98413, 4.19048, 7.11111, 4.95238], "texture": "#1"},
				"east": {"uv": [7.11111, 4.95238, 7.61905, 4.19048], "rotation": 180, "texture": "#1"},
				"south": {"uv": [7.49206, 4.19048, 7.61905, 4.95238], "texture": "#1"},
				"west": {"uv": [7.61905, 4.95238, 7.11111, 4.19048], "rotation": 180, "texture": "#1"},
				"up": {"uv": [7.61905, 4.19048, 7.11111, 4.31746], "rotation": 270, "texture": "#1"},
				"down": {"uv": [7.11111, 4.8254, 7.61905, 4.95238], "rotation": 270, "texture": "#1"}
			}
		},
		{
			"name": "4_4",
			"from": [7.67302, 1.94762, 6.93413],
			"to": [8.3, 2.05952, 7.56905],
			"rotation": {"angle": 0, "axis": "y", "origin": [0.05, -1, 7.95]},
			"faces": {
				"north": {"uv": [6.98413, 4.19048, 7.11111, 4.95238], "texture": "#1"},
				"east": {"uv": [7.61905, 4.8254, 7.11111, 4.95238], "texture": "#1"},
				"south": {"uv": [7.49206, 4.19048, 7.61905, 4.95238], "texture": "#1"},
				"west": {"uv": [7.11111, 4.8254, 7.61905, 4.95238], "texture": "#1"},
				"up": {"uv": [7.61905, 4.19048, 6.98413, 4.31746], "rotation": 270, "texture": "#1"},
				"down": {"uv": [7.11111, 4.8254, 7.61905, 4.95238], "rotation": 270, "texture": "#1"}
			}
		},
		{
			"name": "4_4",
			"from": [7.67302, 2.80952, 6.93413],
			"to": [8.3, 2.90952, 7.56905],
			"rotation": {"angle": 0, "axis": "y", "origin": [0.05, -1, 7.95]},
			"faces": {
				"north": {"uv": [6.98413, 4.19048, 7.11111, 4.95238], "texture": "#1"},
				"east": {"uv": [7.61905, 4.06349, 7.11111, 4.19048], "texture": "#1"},
				"south": {"uv": [7.49206, 4.19048, 7.61905, 4.95238], "texture": "#1"},
				"west": {"uv": [7.11111, 4.06349, 7.61905, 4.19048], "texture": "#1"},
				"up": {"uv": [7.61905, 4.19048, 7.11111, 4.31746], "rotation": 270, "texture": "#1"},
				"down": {"uv": [6.98413, 4.8254, 7.61905, 4.95238], "rotation": 270, "texture": "#1"}
			}
		},
		{
			"name": "3_4",
			"from": [7.57302, 2.04762, 9.34683],
			"to": [8.4, 2.75952, 9.60079],
			"rotation": {"angle": 0, "axis": "y", "origin": [0.05, -1, 7.95]},
			"faces": {
				"north": {"uv": [9.39683, 4.19048, 9.52381, 4.95238], "texture": "#1"},
				"east": {"uv": [9.39683, 4.95238, 9.65079, 4.19048], "rotation": 180, "texture": "#1"},
				"south": {"uv": [9.52381, 4.19048, 9.65079, 4.95238], "texture": "#1"},
				"west": {"uv": [9.39683, 4.19048, 9.65079, 4.95238], "texture": "#1"},
				"up": {"uv": [9.65079, 4.19048, 9.39683, 4.31746], "rotation": 270, "texture": "#1"},
				"down": {"uv": [9.39683, 4.8254, 9.65079, 4.95238], "rotation": 270, "texture": "#1"}
			}
		},
		{
			"name": "3_5",
			"from": [7.67302, 1.94762, 9.34683],
			"to": [8.3, 2.04762, 9.60079],
			"rotation": {"angle": 0, "axis": "y", "origin": [0.05, -1, 7.95]},
			"faces": {
				"north": {"uv": [9.39683, 4.19048, 9.52381, 4.95238], "texture": "#1"},
				"east": {"uv": [9.39683, 4.95238, 9.65079, 4.19048], "rotation": 180, "texture": "#1"},
				"south": {"uv": [9.52381, 4.19048, 9.65079, 4.95238], "texture": "#1"},
				"west": {"uv": [9.39683, 4.19048, 9.65079, 4.95238], "texture": "#1"},
				"up": {"uv": [9.65079, 4.19048, 9.39683, 4.31746], "rotation": 270, "texture": "#1"},
				"down": {"uv": [9.39683, 4.8254, 9.65079, 4.95238], "rotation": 270, "texture": "#1"}
			}
		},
		{
			"name": "3_5",
			"from": [7.47302, 2.14762, 9.34683],
			"to": [7.57302, 2.65952, 9.60079],
			"rotation": {"angle": 0, "axis": "y", "origin": [0.05, -1, 7.95]},
			"faces": {
				"north": {"uv": [9.39683, 4.19048, 9.52381, 4.95238], "texture": "#1"},
				"east": {"uv": [9.39683, 4.95238, 9.65079, 4.19048], "rotation": 180, "texture": "#1"},
				"south": {"uv": [9.52381, 4.19048, 9.65079, 4.95238], "texture": "#1"},
				"west": {"uv": [9.39683, 4.19048, 9.65079, 4.95238], "texture": "#1"},
				"up": {"uv": [9.65079, 4.19048, 9.39683, 4.31746], "rotation": 270, "texture": "#1"},
				"down": {"uv": [9.39683, 4.8254, 9.65079, 4.95238], "rotation": 270, "texture": "#1"}
			}
		},
		{
			"name": "3_5",
			"from": [8.4, 2.14762, 9.34683],
			"to": [8.5, 2.65952, 9.60079],
			"rotation": {"angle": 0, "axis": "y", "origin": [0.05, -1, 7.95]},
			"faces": {
				"north": {"uv": [9.39683, 4.19048, 9.52381, 4.95238], "texture": "#1"},
				"east": {"uv": [9.39683, 4.95238, 9.65079, 4.19048], "rotation": 180, "texture": "#1"},
				"south": {"uv": [9.52381, 4.19048, 9.65079, 4.95238], "texture": "#1"},
				"west": {"uv": [9.39683, 4.19048, 9.65079, 4.95238], "texture": "#1"},
				"up": {"uv": [9.65079, 4.19048, 9.39683, 4.31746], "rotation": 270, "texture": "#1"},
				"down": {"uv": [9.39683, 4.8254, 9.65079, 4.95238], "rotation": 270, "texture": "#1"}
			}
		},
		{
			"name": "3_5",
			"from": [7.67302, 2.75952, 9.34683],
			"to": [8.3, 2.85952, 9.60079],
			"rotation": {"angle": 0, "axis": "y", "origin": [0.05, -1, 7.95]},
			"faces": {
				"north": {"uv": [9.39683, 4.19048, 9.52381, 4.95238], "texture": "#1"},
				"east": {"uv": [9.39683, 4.95238, 9.65079, 4.19048], "rotation": 180, "texture": "#1"},
				"south": {"uv": [9.52381, 4.19048, 9.65079, 4.95238], "texture": "#1"},
				"west": {"uv": [9.39683, 4.19048, 9.65079, 4.95238], "texture": "#1"},
				"up": {"uv": [9.65079, 4.19048, 9.39683, 4.31746], "rotation": 270, "texture": "#1"},
				"down": {"uv": [9.39683, 4.8254, 9.65079, 4.95238], "rotation": 270, "texture": "#1"}
			}
		},
		{
			"name": "3_5",
			"from": [7.52302, 2.04762, 9.85476],
			"to": [8.45, 2.80952, 10.61667],
			"rotation": {"angle": 0, "axis": "y", "origin": [0.05, -1, 7.95]},
			"faces": {
				"north": {"uv": [9.90476, 4.19048, 10.03175, 4.95238], "texture": "#1"},
				"east": {"uv": [9.90476, 4.95238, 10.66667, 4.19048], "rotation": 180, "texture": "#1"},
				"south": {"uv": [10.53968, 4.19048, 10.66667, 4.95238], "texture": "#1"},
				"west": {"uv": [9.90476, 4.19048, 10.66667, 4.95238], "texture": "#1"},
				"up": {"uv": [10.66667, 4.19048, 9.90476, 4.31746], "rotation": 270, "texture": "#1"},
				"down": {"uv": [9.90476, 4.8254, 10.66667, 4.95238], "rotation": 270, "texture": "#1"}
			}
		},
		{
			"name": "3_6",
			"from": [7.62302, 1.94762, 9.85476],
			"to": [8.35, 2.04762, 10.61667],
			"rotation": {"angle": 0, "axis": "y", "origin": [0.05, -1, 7.95]},
			"faces": {
				"north": {"uv": [10.66667, 5.07937, 11.55556, 5.07937], "texture": "#1"},
				"east": {"uv": [9.65079, 4.8254, 10.03175, 4.95238], "texture": "#1"},
				"south": {"uv": [10.53968, 4.19048, 10.66667, 4.95238], "texture": "#1"},
				"west": {"uv": [10.66667, 5.07937, 11.55556, 5.07937], "texture": "#1"},
				"up": {"uv": [10.66667, 4.19048, 9.90476, 4.31746], "rotation": 270, "texture": "#1"},
				"down": {"uv": [9.90476, 4.8254, 10.66667, 4.95238], "rotation": 270, "texture": "#1"}
			}
		},
		{
			"name": "3_6",
			"from": [8.45, 2.14762, 9.85476],
			"to": [8.55, 2.70952, 10.61667],
			"rotation": {"angle": 0, "axis": "y", "origin": [0.05, -1, 7.95]},
			"faces": {
				"north": {"uv": [9.90476, 4.19048, 10.03175, 4.95238], "texture": "#1"},
				"east": {"uv": [9.90476, 4.95238, 10.66667, 4.19048], "rotation": 180, "texture": "#1"},
				"south": {"uv": [10.53968, 4.19048, 10.66667, 4.95238], "texture": "#1"},
				"west": {"uv": [9.90476, 4.19048, 10.66667, 4.95238], "texture": "#1"},
				"up": {"uv": [10.66667, 4.19048, 9.90476, 4.31746], "rotation": 270, "texture": "#1"},
				"down": {"uv": [9.90476, 4.8254, 10.66667, 4.95238], "rotation": 270, "texture": "#1"}
			}
		},
		{
			"name": "3_6",
			"from": [7.62302, 2.80952, 9.85476],
			"to": [8.35, 2.90952, 10.61667],
			"rotation": {"angle": 0, "axis": "y", "origin": [0.05, -1, 7.95]},
			"faces": {
				"north": {"uv": [9.90476, 4.19048, 10.03175, 4.44444], "texture": "#1"},
				"east": {"uv": [9.90476, 4.44444, 10.66667, 4.19048], "rotation": 180, "texture": "#1"},
				"south": {"uv": [10.53968, 4.19048, 10.66667, 4.95238], "texture": "#1"},
				"west": {"uv": [9.90476, 4.19048, 10.03175, 4.44444], "texture": "#1"},
				"up": {"uv": [10.66667, 4.19048, 9.90476, 4.31746], "rotation": 270, "texture": "#1"},
				"down": {"uv": [9.90476, 4.8254, 10.66667, 4.95238], "rotation": 270, "texture": "#1"}
			}
		},
		{
			"name": "3_6",
			"from": [7.42302, 2.14762, 9.85476],
			"to": [7.52302, 2.70952, 10.61667],
			"rotation": {"angle": 0, "axis": "y", "origin": [0.05, -1, 7.95]},
			"faces": {
				"north": {"uv": [9.90476, 4.19048, 10.03175, 4.95238], "texture": "#1"},
				"east": {"uv": [9.90476, 4.95238, 10.66667, 4.19048], "rotation": 180, "texture": "#1"},
				"south": {"uv": [10.53968, 4.19048, 10.66667, 4.95238], "texture": "#1"},
				"west": {"uv": [9.90476, 4.19048, 10.66667, 4.95238], "texture": "#1"},
				"up": {"uv": [10.66667, 4.19048, 9.90476, 4.31746], "rotation": 270, "texture": "#1"},
				"down": {"uv": [9.90476, 4.8254, 10.66667, 4.95238], "rotation": 270, "texture": "#1"}
			}
		},
		{
			"name": "3_6",
			"from": [7.62302, 2.1746, 7.56905],
			"to": [8.35, 2.68254, 9.34683],
			"rotation": {"angle": 0, "axis": "y", "origin": [0.05, -1, 7.95]},
			"faces": {
				"north": {"uv": [7.61905, 4.31746, 7.74603, 4.8254], "texture": "#1"},
				"east": {"uv": [7.61905, 4.8254, 9.39683, 4.31746], "rotation": 180, "texture": "#1"},
				"south": {"uv": [9.26984, 4.31746, 9.39683, 4.8254], "texture": "#1"},
				"west": {"uv": [7.61905, 4.31746, 9.39683, 4.8254], "texture": "#1"},
				"up": {"uv": [9.39683, 4.31746, 7.61905, 4.44444], "rotation": 270, "texture": "#1"},
				"down": {"uv": [7.61905, 4.69841, 9.39683, 4.8254], "rotation": 270, "texture": "#1"}
			}
		},
		{
			"name": "3_7",
			"from": [7.72302, 2.0746, 7.56905],
			"to": [8.25, 2.18254, 9.34683],
			"rotation": {"angle": 0, "axis": "y", "origin": [0.05, -1, 7.95]},
			"faces": {
				"north": {"uv": [7.61905, 4.31746, 7.74603, 4.8254], "texture": "#1"},
				"east": {"uv": [9.65079, 4.8254, 10.03175, 4.95238], "texture": "#1"},
				"south": {"uv": [9.26984, 4.31746, 9.39683, 4.8254], "texture": "#1"},
				"west": {"uv": [9.65079, 4.8254, 10.03175, 4.95238], "texture": "#1"},
				"up": {"uv": [9.39683, 4.31746, 7.61905, 4.44444], "rotation": 270, "texture": "#1"},
				"down": {"uv": [7.61905, 4.69841, 9.39683, 4.8254], "rotation": 270, "texture": "#1"}
			}
		},
		{
			"name": "3_7",
			"from": [7.72302, 2.6746, 7.56905],
			"to": [8.25, 2.78254, 9.34683],
			"rotation": {"angle": 0, "axis": "y", "origin": [0.05, -1, 7.95]},
			"faces": {
				"north": {"uv": [7.61905, 4.31746, 7.74603, 4.8254], "texture": "#1"},
				"east": {"uv": [7.61905, 4.57143, 9.39683, 4.31746], "rotation": 180, "texture": "#1"},
				"south": {"uv": [9.26984, 4.31746, 9.39683, 4.8254], "texture": "#1"},
				"west": {"uv": [9.39683, 4.57143, 7.61905, 4.31746], "rotation": 180, "texture": "#1"},
				"up": {"uv": [9.39683, 4.31746, 7.61905, 4.44444], "rotation": 270, "texture": "#1"},
				"down": {"uv": [7.61905, 4.69841, 9.39683, 4.8254], "rotation": 270, "texture": "#1"}
			}
		},
		{
			"name": "3_7",
			"from": [7.57302, 2.09762, 9.60079],
			"to": [8.4, 2.73254, 9.85476],
			"rotation": {"angle": 0, "axis": "y", "origin": [0.05, -0.95, 7.95]},
			"faces": {
				"north": {"uv": [9.65079, 4.31746, 9.77778, 4.95238], "texture": "#1"},
				"east": {"uv": [9.65079, 4.95238, 9.90476, 4.31746], "rotation": 180, "texture": "#1"},
				"south": {"uv": [9.77778, 4.31746, 9.90476, 4.95238], "texture": "#1"},
				"west": {"uv": [9.65079, 4.31746, 9.90476, 4.95238], "texture": "#1"},
				"up": {"uv": [9.90476, 4.31746, 9.65079, 4.44444], "rotation": 270, "texture": "#1"},
				"down": {"uv": [9.65079, 4.8254, 9.90476, 4.95238], "rotation": 270, "texture": "#1"}
			}
		},
		{
			"name": "3_8",
			"from": [7.52302, 2.19762, 9.60079],
			"to": [7.57302, 2.63254, 9.85476],
			"rotation": {"angle": 0, "axis": "y", "origin": [0.05, -0.95, 7.95]},
			"faces": {
				"north": {"uv": [9.65079, 4.31746, 9.77778, 4.95238], "texture": "#1"},
				"east": {"uv": [9.65079, 4.95238, 9.90476, 4.31746], "rotation": 180, "texture": "#1"},
				"south": {"uv": [9.77778, 4.31746, 9.90476, 4.95238], "texture": "#1"},
				"west": {"uv": [9.65079, 4.31746, 9.90476, 4.95238], "texture": "#1"},
				"up": {"uv": [9.90476, 4.31746, 9.65079, 4.44444], "rotation": 270, "texture": "#1"},
				"down": {"uv": [9.65079, 4.8254, 9.90476, 4.95238], "rotation": 270, "texture": "#1"}
			}
		},
		{
			"name": "3_8",
			"from": [7.67302, 2.04762, 9.60079],
			"to": [8.3, 2.09762, 9.85476],
			"rotation": {"angle": 0, "axis": "y", "origin": [0.05, -0.95, 7.95]},
			"faces": {
				"north": {"uv": [9.65079, 4.31746, 9.77778, 4.95238], "texture": "#1"},
				"east": {"uv": [9.65079, 4.8254, 10.03175, 4.95238], "texture": "#1"},
				"south": {"uv": [9.77778, 4.31746, 9.90476, 4.95238], "texture": "#1"},
				"west": {"uv": [9.65079, 4.8254, 10.03175, 4.95238], "texture": "#1"},
				"up": {"uv": [9.90476, 4.31746, 9.65079, 4.44444], "rotation": 270, "texture": "#1"},
				"down": {"uv": [9.65079, 4.8254, 9.90476, 4.95238], "rotation": 270, "texture": "#1"}
			}
		},
		{
			"name": "3_8",
			"from": [8.37302, 2.19762, 9.60079],
			"to": [8.45, 2.63254, 9.85476],
			"rotation": {"angle": 0, "axis": "y", "origin": [0.05, -0.95, 7.95]},
			"faces": {
				"north": {"uv": [9.65079, 4.31746, 9.77778, 4.95238], "texture": "#1"},
				"east": {"uv": [9.65079, 4.95238, 9.90476, 4.31746], "rotation": 180, "texture": "#1"},
				"south": {"uv": [9.77778, 4.31746, 9.90476, 4.95238], "texture": "#1"},
				"west": {"uv": [9.65079, 4.31746, 9.90476, 4.95238], "texture": "#1"},
				"up": {"uv": [9.90476, 4.31746, 9.65079, 4.44444], "rotation": 270, "texture": "#1"},
				"down": {"uv": [9.65079, 4.8254, 9.90476, 4.95238], "rotation": 270, "texture": "#1"}
			}
		},
		{
			"name": "3_8",
			"from": [7.67302, 2.73254, 9.60079],
			"to": [8.3, 2.78254, 9.85476],
			"rotation": {"angle": 0, "axis": "y", "origin": [0.05, -0.95, 7.95]},
			"faces": {
				"north": {"uv": [9.65079, 4.31746, 9.77778, 4.95238], "texture": "#1"},
				"east": {"uv": [9.65079, 4.95238, 9.90476, 4.31746], "rotation": 180, "texture": "#1"},
				"south": {"uv": [9.77778, 4.31746, 9.90476, 4.95238], "texture": "#1"},
				"west": {"uv": [9.65079, 4.31746, 9.90476, 4.95238], "texture": "#1"},
				"up": {"uv": [9.90476, 4.31746, 9.65079, 4.44444], "rotation": 270, "texture": "#1"},
				"down": {"uv": [9.65079, 4.8254, 9.90476, 4.95238], "rotation": 270, "texture": "#1"}
			}
		},
		{
			"name": "3_8",
			"from": [7.67302, 2.04762, 7.56905],
			"to": [8.3, 2.1746, 7.69603],
			"rotation": {"angle": 0, "axis": "y", "origin": [0.05, -1, 7.95]},
			"faces": {
				"north": {"uv": [7.61905, 4.8254, 7.74603, 4.95238], "texture": "#1"},
				"east": {"uv": [7.61905, 4.95238, 7.74603, 4.8254], "rotation": 180, "texture": "#1"},
				"south": {"uv": [7.61905, 4.8254, 7.74603, 4.95238], "texture": "#1"},
				"west": {"uv": [7.61905, 4.8254, 7.74603, 4.95238], "texture": "#1"},
				"up": {"uv": [7.74603, 4.8254, 7.61905, 4.95238], "rotation": 270, "texture": "#1"},
				"down": {"uv": [7.61905, 4.8254, 7.74603, 4.95238], "rotation": 270, "texture": "#1"}
			}
		},
		{
			"name": "3_9",
			"from": [7.62302, 1.92063, 6.93413],
			"to": [8.35, 2.04762, 7.06111],
			"rotation": {"angle": 0, "axis": "y", "origin": [0.05, -1, 7.95]},
			"faces": {
				"north": {"uv": [6.98413, 4.95238, 7.11111, 5.07937], "texture": "#1"},
				"east": {"uv": [6.98413, 5.07937, 7.11111, 4.95238], "rotation": 180, "texture": "#1"},
				"south": {"uv": [6.98413, 4.95238, 7.11111, 5.07937], "texture": "#1"},
				"west": {"uv": [6.98413, 4.95238, 7.11111, 5.07937], "texture": "#1"},
				"up": {"uv": [7.11111, 4.95238, 6.98413, 5.07937], "rotation": 270, "texture": "#1"},
				"down": {"uv": [6.98413, 4.95238, 7.11111, 5.07937], "rotation": 270, "texture": "#1"}
			}
		},
		{
			"name": "3_10",
			"from": [7.57302, 1.79365, 6.17222],
			"to": [8.4, 1.92063, 6.29921],
			"rotation": {"angle": 0, "axis": "y", "origin": [0.05, -1, 7.95]},
			"faces": {
				"north": {"uv": [6.22222, 5.07937, 6.34921, 5.20635], "texture": "#1"},
				"east": {"uv": [6.22222, 5.20635, 6.34921, 5.07937], "rotation": 180, "texture": "#1"},
				"south": {"uv": [6.22222, 5.07937, 6.34921, 5.20635], "texture": "#1"},
				"west": {"uv": [6.22222, 5.07937, 6.34921, 5.20635], "texture": "#1"},
				"up": {"uv": [6.34921, 5.07937, 6.22222, 5.20635], "rotation": 270, "texture": "#1"},
				"down": {"uv": [6.22222, 5.07937, 6.34921, 5.20635], "rotation": 270, "texture": "#1"}
			}
		},
		{
			"name": "4_0",
			"from": [7.87302, 1.28571, 3.80952],
			"to": [8.1, 1.4127, 7.49206],
			"rotation": {"angle": 0, "axis": "y", "origin": [0.05, -1, 8]},
			"faces": {
				"north": {"uv": [3.80952, 5.5873, 3.93651, 5.71429], "texture": "#1"},
				"east": {"uv": [3.80952, 5.71429, 7.49206, 5.5873], "rotation": 180, "texture": "#1"},
				"south": {"uv": [7.36508, 5.5873, 7.49206, 5.71429], "texture": "#1"},
				"west": {"uv": [3.80952, 5.5873, 7.49206, 5.71429], "texture": "#1"},
				"up": {"uv": [7.49206, 5.5873, 3.80952, 5.71429], "rotation": 270, "texture": "#1"},
				"down": {"uv": [3.80952, 5.5873, 7.49206, 5.71429], "rotation": 270, "texture": "#1"}
			}
		},
		{
			"name": "4_1",
			"from": [7.87302, 1.03175, 3.93651],
			"to": [8.1, 1.28571, 11.30159],
			"rotation": {"angle": 0, "axis": "y", "origin": [0.05, -1, 8]},
			"faces": {
				"north": {"uv": [3.93651, 5.71429, 4.06349, 5.96825], "texture": "#1"},
				"east": {"uv": [3.93651, 5.96825, 11.30159, 5.71429], "rotation": 180, "texture": "#1"},
				"south": {"uv": [11.1746, 5.71429, 11.30159, 5.96825], "texture": "#1"},
				"west": {"uv": [3.93651, 5.71429, 11.30159, 5.96825], "texture": "#1"},
				"up": {"uv": [11.30159, 5.71429, 3.93651, 5.84127], "rotation": 270, "texture": "#1"},
				"down": {"uv": [3.93651, 5.84127, 11.30159, 5.96825], "rotation": 270, "texture": "#1"}
			}
		},
		{
			"name": "4_2",
			"from": [7.87302, 0.77778, 4.06349],
			"to": [8.1, 1.03175, 11.30159],
			"rotation": {"angle": 0, "axis": "y", "origin": [0.05, -1, 8]},
			"faces": {
				"north": {"uv": [4.06349, 5.96825, 4.19048, 6.22222], "texture": "#1"},
				"east": {"uv": [4.06349, 6.22222, 11.30159, 5.96825], "rotation": 180, "texture": "#1"},
				"south": {"uv": [11.1746, 5.96825, 11.30159, 6.22222], "texture": "#1"},
				"west": {"uv": [4.06349, 5.96825, 11.30159, 6.22222], "texture": "#1"},
				"up": {"uv": [11.30159, 5.96825, 4.06349, 6.09524], "rotation": 270, "texture": "#1"},
				"down": {"uv": [4.06349, 6.09524, 11.30159, 6.22222], "rotation": 270, "texture": "#1"}
			}
		},
		{
			"name": "4_3",
			"from": [7.87302, 0.52381, 11.30159],
			"to": [8.1, 0.90476, 11.42857],
			"rotation": {"angle": 0, "axis": "y", "origin": [0.05, -1, 8]},
			"faces": {
				"north": {"uv": [11.30159, 6.09524, 11.42857, 6.47619], "texture": "#1"},
				"east": {"uv": [11.30159, 6.47619, 11.42857, 6.09524], "rotation": 180, "texture": "#1"},
				"south": {"uv": [11.30159, 6.09524, 11.42857, 6.47619], "texture": "#1"},
				"west": {"uv": [11.30159, 6.09524, 11.42857, 6.47619], "texture": "#1"},
				"up": {"uv": [11.42857, 6.09524, 11.30159, 6.22222], "rotation": 270, "texture": "#1"},
				"down": {"uv": [11.30159, 6.34921, 11.42857, 6.47619], "rotation": 270, "texture": "#1"}
			}
		},
		{
			"name": "4_4",
			"from": [7.87302, 0.65079, 4.19048],
			"to": [8.1, 0.77778, 11.30159],
			"rotation": {"angle": 0, "axis": "y", "origin": [0.05, -1, 8]},
			"faces": {
				"north": {"uv": [4.19048, 6.22222, 4.31746, 6.34921], "texture": "#1"},
				"east": {"uv": [4.19048, 6.34921, 11.30159, 6.22222], "rotation": 180, "texture": "#1"},
				"south": {"uv": [11.1746, 6.22222, 11.30159, 6.34921], "texture": "#1"},
				"west": {"uv": [4.19048, 6.22222, 11.30159, 6.34921], "texture": "#1"},
				"up": {"uv": [11.30159, 6.22222, 4.19048, 6.34921], "rotation": 270, "texture": "#1"},
				"down": {"uv": [4.19048, 6.22222, 11.30159, 6.34921], "rotation": 270, "texture": "#1"}
			}
		},
		{
			"name": "4_5",
			"from": [7.87302, 0.52381, 11.42857],
			"to": [8.1, 0.77778, 11.55556],
			"rotation": {"angle": 0, "axis": "y", "origin": [0.05, -1, 8]},
			"faces": {
				"north": {"uv": [11.42857, 6.22222, 11.55556, 6.47619], "texture": "#1"},
				"east": {"uv": [11.42857, 6.47619, 11.55556, 6.22222], "rotation": 180, "texture": "#1"},
				"south": {"uv": [11.42857, 6.22222, 11.55556, 6.47619], "texture": "#1"},
				"west": {"uv": [11.42857, 6.22222, 11.55556, 6.47619], "texture": "#1"},
				"up": {"uv": [11.55556, 6.22222, 11.42857, 6.34921], "rotation": 270, "texture": "#1"},
				"down": {"uv": [11.42857, 6.34921, 11.55556, 6.47619], "rotation": 270, "texture": "#1"}
			}
		},
		{
			"name": "4_6",
			"from": [7.87302, 0.52381, 7.11111],
			"to": [8.1, 0.65079, 11.30159],
			"rotation": {"angle": 0, "axis": "y", "origin": [0.05, -1, 8]},
			"faces": {
				"north": {"uv": [7.11111, 6.34921, 7.2381, 6.47619], "texture": "#1"},
				"east": {"uv": [7.11111, 6.47619, 11.30159, 6.34921], "rotation": 180, "texture": "#1"},
				"south": {"uv": [11.1746, 6.34921, 11.30159, 6.47619], "texture": "#1"},
				"west": {"uv": [7.11111, 6.34921, 11.30159, 6.47619], "texture": "#1"},
				"up": {"uv": [11.30159, 6.34921, 7.11111, 6.47619], "rotation": 270, "texture": "#1"},
				"down": {"uv": [7.11111, 6.34921, 11.30159, 6.47619], "rotation": 270, "texture": "#1"}
			}
		},
		{
			"name": "4_7",
			"from": [7.87302, 0.39683, 11.55556],
			"to": [8.1, 0.65079, 11.68254],
			"rotation": {"angle": 0, "axis": "y", "origin": [0.05, -1, 8]},
			"faces": {
				"north": {"uv": [11.55556, 6.34921, 11.68254, 6.60317], "texture": "#1"},
				"east": {"uv": [11.55556, 6.60317, 11.68254, 6.34921], "rotation": 180, "texture": "#1"},
				"south": {"uv": [11.55556, 6.34921, 11.68254, 6.60317], "texture": "#1"},
				"west": {"uv": [11.55556, 6.34921, 11.68254, 6.60317], "texture": "#1"},
				"up": {"uv": [11.68254, 6.34921, 11.55556, 6.47619], "rotation": 270, "texture": "#1"},
				"down": {"uv": [11.55556, 6.47619, 11.68254, 6.60317], "rotation": 270, "texture": "#1"}
			}
		},
		{
			"name": "5_0",
			"from": [7.82302, 0.90476, 11.30159],
			"to": [8.15, 1.15873, 11.93651],
			"rotation": {"angle": 0, "axis": "y", "origin": [0.05, -1, 8]},
			"faces": {
				"north": {"uv": [11.30159, 5.84127, 11.42857, 6.09524], "texture": "#1"},
				"east": {"uv": [11.30159, 6.09524, 11.93651, 5.84127], "rotation": 180, "texture": "#1"},
				"south": {"uv": [11.80952, 5.84127, 11.93651, 6.09524], "texture": "#1"},
				"west": {"uv": [11.30159, 5.84127, 11.93651, 6.09524], "texture": "#1"},
				"up": {"uv": [11.93651, 5.84127, 11.30159, 5.96825], "rotation": 270, "texture": "#1"},
				"down": {"uv": [11.30159, 5.96825, 11.93651, 6.09524], "rotation": 270, "texture": "#1"}
			}
		},
		{
			"name": "5_1",
			"from": [7.82302, 0.01587, 11.93651],
			"to": [8.15, 1.03175, 12.19048],
			"rotation": {"angle": 0, "axis": "y", "origin": [0.05, -1, 8]},
			"faces": {
				"north": {"uv": [11.93651, 5.96825, 12.06349, 6.98413], "texture": "#1"},
				"east": {"uv": [11.93651, 6.98413, 12.19048, 5.96825], "rotation": 180, "texture": "#1"},
				"south": {"uv": [12.06349, 5.96825, 12.19048, 6.98413], "texture": "#1"},
				"west": {"uv": [11.93651, 5.96825, 12.19048, 6.98413], "texture": "#1"},
				"up": {"uv": [12.19048, 5.96825, 11.93651, 6.09524], "rotation": 270, "texture": "#1"},
				"down": {"uv": [11.93651, 6.85714, 12.19048, 6.98413], "rotation": 270, "texture": "#1"}
			}
		},
		{
			"name": "5_2",
			"from": [7.82302, 0.77778, 11.42857],
			"to": [8.15, 0.90476, 11.93651],
			"rotation": {"angle": 0, "axis": "y", "origin": [0.05, -1, 8]},
			"faces": {
				"north": {"uv": [11.42857, 6.09524, 11.55556, 6.22222], "texture": "#1"},
				"east": {"uv": [11.42857, 6.22222, 11.93651, 6.09524], "rotation": 180, "texture": "#1"},
				"south": {"uv": [11.80952, 6.09524, 11.93651, 6.22222], "texture": "#1"},
				"west": {"uv": [11.42857, 6.09524, 11.93651, 6.22222], "texture": "#1"},
				"up": {"uv": [11.93651, 6.09524, 11.42857, 6.22222], "rotation": 270, "texture": "#1"},
				"down": {"uv": [11.42857, 6.09524, 11.93651, 6.22222], "rotation": 270, "texture": "#1"}
			}
		},
		{
			"name": "5_3",
			"from": [7.82302, -0.36508, 12.19048],
			"to": [8.15, 0.90476, 12.31746],
			"rotation": {"angle": 0, "axis": "y", "origin": [0.05, -1, 8]},
			"faces": {
				"north": {"uv": [12.19048, 6.09524, 12.31746, 7.36508], "texture": "#1"},
				"east": {"uv": [12.19048, 7.36508, 12.31746, 6.09524], "rotation": 180, "texture": "#1"},
				"south": {"uv": [12.19048, 6.09524, 12.31746, 7.36508], "texture": "#1"},
				"west": {"uv": [12.19048, 6.09524, 12.31746, 7.36508], "texture": "#1"},
				"up": {"uv": [12.31746, 6.09524, 12.19048, 6.22222], "rotation": 270, "texture": "#1"},
				"down": {"uv": [12.19048, 7.2381, 12.31746, 7.36508], "rotation": 270, "texture": "#1"}
			}
		},
		{
			"name": "5_4",
			"from": [7.82302, 0.65079, 11.55556],
			"to": [8.15, 0.77778, 11.93651],
			"rotation": {"angle": 0, "axis": "y", "origin": [0.05, -1, 8]},
			"faces": {
				"north": {"uv": [11.55556, 6.22222, 11.68254, 6.34921], "texture": "#1"},
				"east": {"uv": [11.55556, 6.34921, 11.93651, 6.22222], "rotation": 180, "texture": "#1"},
				"south": {"uv": [11.80952, 6.22222, 11.93651, 6.34921], "texture": "#1"},
				"west": {"uv": [11.55556, 6.22222, 11.93651, 6.34921], "texture": "#1"},
				"up": {"uv": [11.93651, 6.22222, 11.55556, 6.34921], "rotation": 270, "texture": "#1"},
				"down": {"uv": [11.55556, 6.22222, 11.93651, 6.34921], "rotation": 270, "texture": "#1"}
			}
		},
		{
			"name": "5_5",
			"from": [7.82302, -0.2381, 12.31746],
			"to": [8.15, 0.77778, 12.44444],
			"rotation": {"angle": 0, "axis": "y", "origin": [0.05, -1, 8]},
			"faces": {
				"north": {"uv": [12.31746, 6.22222, 12.44444, 7.2381], "texture": "#1"},
				"east": {"uv": [12.31746, 7.2381, 12.44444, 6.22222], "rotation": 180, "texture": "#1"},
				"south": {"uv": [12.31746, 6.22222, 12.44444, 7.2381], "texture": "#1"},
				"west": {"uv": [12.31746, 6.22222, 12.44444, 7.2381], "texture": "#1"},
				"up": {"uv": [12.44444, 6.22222, 12.31746, 6.34921], "rotation": 270, "texture": "#1"},
				"down": {"uv": [12.31746, 7.11111, 12.44444, 7.2381], "rotation": 270, "texture": "#1"}
			}
		},
		{
			"name": "5_6",
			"from": [7.82302, 0.39683, 11.68254],
			"to": [8.15, 0.65079, 11.93651],
			"rotation": {"angle": 0, "axis": "y", "origin": [0.05, -1, 8]},
			"faces": {
				"north": {"uv": [11.68254, 6.34921, 11.80952, 6.60317], "texture": "#1"},
				"east": {"uv": [11.68254, 6.60317, 11.93651, 6.34921], "rotation": 180, "texture": "#1"},
				"south": {"uv": [11.80952, 6.34921, 11.93651, 6.60317], "texture": "#1"},
				"west": {"uv": [11.68254, 6.34921, 11.93651, 6.60317], "texture": "#1"},
				"up": {"uv": [11.93651, 6.34921, 11.68254, 6.47619], "rotation": 270, "texture": "#1"},
				"down": {"uv": [11.68254, 6.47619, 11.93651, 6.60317], "rotation": 270, "texture": "#1"}
			}
		},
		{
			"name": "5_7",
			"from": [7.82302, -0.2381, 12.44444],
			"to": [8.15, 0.65079, 12.57143],
			"rotation": {"angle": 0, "axis": "y", "origin": [0.05, -1, 8]},
			"faces": {
				"north": {"uv": [12.44444, 6.34921, 12.57143, 7.2381], "texture": "#1"},
				"east": {"uv": [12.44444, 7.2381, 12.57143, 6.34921], "rotation": 180, "texture": "#1"},
				"south": {"uv": [12.44444, 6.34921, 12.57143, 7.2381], "texture": "#1"},
				"west": {"uv": [12.44444, 6.34921, 12.57143, 7.2381], "texture": "#1"},
				"up": {"uv": [12.57143, 6.34921, 12.44444, 6.47619], "rotation": 270, "texture": "#1"},
				"down": {"uv": [12.44444, 7.11111, 12.57143, 7.2381], "rotation": 270, "texture": "#1"}
			}
		},
		{
			"name": "5_8",
			"from": [7.82302, -0.2381, 12.57143],
			"to": [8.15, 0.52381, 12.69841],
			"rotation": {"angle": 0, "axis": "y", "origin": [0.05, -1, 8]},
			"faces": {
				"north": {"uv": [12.57143, 6.47619, 12.69841, 7.2381], "texture": "#1"},
				"east": {"uv": [12.57143, 7.2381, 12.69841, 6.47619], "rotation": 180, "texture": "#1"},
				"south": {"uv": [12.57143, 6.47619, 12.69841, 7.2381], "texture": "#1"},
				"west": {"uv": [12.57143, 6.47619, 12.69841, 7.2381], "texture": "#1"},
				"up": {"uv": [12.69841, 6.47619, 12.57143, 6.60317], "rotation": 270, "texture": "#1"},
				"down": {"uv": [12.57143, 7.11111, 12.69841, 7.2381], "rotation": 270, "texture": "#1"}
			}
		},
		{
			"name": "5_9",
			"from": [7.82302, 0.26984, 11.80952],
			"to": [8.15, 0.39683, 11.93651],
			"rotation": {"angle": 0, "axis": "y", "origin": [0.05, -1, 8]},
			"faces": {
				"north": {"uv": [11.80952, 6.60317, 11.93651, 6.73016], "texture": "#1"},
				"east": {"uv": [11.80952, 6.73016, 11.93651, 6.60317], "rotation": 180, "texture": "#1"},
				"south": {"uv": [11.80952, 6.60317, 11.93651, 6.73016], "texture": "#1"},
				"west": {"uv": [11.80952, 6.60317, 11.93651, 6.73016], "texture": "#1"},
				"up": {"uv": [11.93651, 6.60317, 11.80952, 6.73016], "rotation": 270, "texture": "#1"},
				"down": {"uv": [11.80952, 6.60317, 11.93651, 6.73016], "rotation": 270, "texture": "#1"}
			}
		},
		{
			"name": "5_10",
			"from": [7.82302, -0.11111, 12.69841],
			"to": [8.15, 0.39683, 12.8254],
			"rotation": {"angle": 0, "axis": "y", "origin": [0.05, -1, 8]},
			"faces": {
				"north": {"uv": [12.69841, 6.60317, 12.8254, 7.11111], "texture": "#1"},
				"east": {"uv": [12.69841, 7.11111, 12.8254, 6.60317], "rotation": 180, "texture": "#1"},
				"south": {"uv": [12.69841, 6.60317, 12.8254, 7.11111], "texture": "#1"},
				"west": {"uv": [12.69841, 6.60317, 12.8254, 7.11111], "texture": "#1"},
				"up": {"uv": [12.8254, 6.60317, 12.69841, 6.73016], "rotation": 270, "texture": "#1"},
				"down": {"uv": [12.69841, 6.98413, 12.8254, 7.11111], "rotation": 270, "texture": "#1"}
			}
		},
		{
			"name": "5_11",
			"from": [7.82302, -0.11111, 12.8254],
			"to": [8.15, 0.26984, 12.95238],
			"rotation": {"angle": 0, "axis": "y", "origin": [0.05, -1, 8]},
			"faces": {
				"north": {"uv": [12.8254, 6.73016, 12.95238, 7.11111], "texture": "#1"},
				"east": {"uv": [12.8254, 7.11111, 12.95238, 6.73016], "rotation": 180, "texture": "#1"},
				"south": {"uv": [12.8254, 6.73016, 12.95238, 7.11111], "texture": "#1"},
				"west": {"uv": [12.8254, 6.73016, 12.95238, 7.11111], "texture": "#1"},
				"up": {"uv": [12.95238, 6.73016, 12.8254, 6.85714], "rotation": 270, "texture": "#1"},
				"down": {"uv": [12.8254, 6.98413, 12.95238, 7.11111], "rotation": 270, "texture": "#1"}
			}
		},
		{
			"name": "5_12",
			"from": [7.82302, -0.36508, 12.06349],
			"to": [8.15, 0.01587, 12.19048],
			"rotation": {"angle": 0, "axis": "y", "origin": [0.05, -1, 8]},
			"faces": {
				"north": {"uv": [12.06349, 6.98413, 12.19048, 7.36508], "texture": "#1"},
				"east": {"uv": [12.06349, 7.36508, 12.19048, 6.98413], "rotation": 180, "texture": "#1"},
				"south": {"uv": [12.06349, 6.98413, 12.19048, 7.36508], "texture": "#1"},
				"west": {"uv": [12.06349, 6.98413, 12.19048, 7.36508], "texture": "#1"},
				"up": {"uv": [12.19048, 6.98413, 12.06349, 7.11111], "rotation": 270, "texture": "#1"},
				"down": {"uv": [12.06349, 7.2381, 12.19048, 7.36508], "rotation": 270, "texture": "#1"}
			}
		},
		{
			"name": "6_0",
			"from": [7.77302, 0.52381, 12.57143],
			"to": [8.2, 1.28571, 15.74603],
			"rotation": {"angle": 0, "axis": "y", "origin": [0.05, -1, 8]},
			"faces": {
				"north": {"uv": [12.57143, 5.71429, 12.69841, 6.47619], "texture": "#1"},
				"east": {"uv": [12.57143, 6.47619, 15.74603, 5.71429], "rotation": 180, "texture": "#1"},
				"south": {"uv": [15.61905, 5.71429, 15.74603, 6.47619], "texture": "#1"},
				"west": {"uv": [12.57143, 5.71429, 15.74603, 6.47619], "texture": "#1"},
				"up": {"uv": [15.74603, 5.71429, 12.57143, 5.84127], "rotation": 270, "texture": "#1"},
				"down": {"uv": [12.57143, 6.34921, 15.74603, 6.47619], "rotation": 270, "texture": "#1"}
			}
		},
		{
			"name": "6_1",
			"from": [7.77302, 0.77778, 15.74603],
			"to": [8.2, 1.28571, 15.87302],
			"rotation": {"angle": 0, "axis": "y", "origin": [0.05, -1, 8]},
			"faces": {
				"north": {"uv": [15.74603, 5.71429, 15.87302, 6.22222], "texture": "#1"},
				"east": {"uv": [15.74603, 6.22222, 15.87302, 5.71429], "rotation": 180, "texture": "#1"},
				"south": {"uv": [15.74603, 5.71429, 15.87302, 6.22222], "texture": "#1"},
				"west": {"uv": [15.74603, 5.71429, 15.87302, 6.22222], "texture": "#1"},
				"up": {"uv": [15.87302, 5.71429, 15.74603, 5.84127], "rotation": 270, "texture": "#1"},
				"down": {"uv": [15.74603, 6.09524, 15.87302, 6.22222], "rotation": 270, "texture": "#1"}
			}
		},
		{
			"name": "6_2",
			"from": [7.77302, 0.65079, 12.44444],
			"to": [8.2, 1.15873, 12.57143],
			"rotation": {"angle": 0, "axis": "y", "origin": [0.05, -1, 8]},
			"faces": {
				"north": {"uv": [12.44444, 5.84127, 12.57143, 6.34921], "texture": "#1"},
				"east": {"uv": [12.44444, 6.34921, 12.57143, 5.84127], "rotation": 180, "texture": "#1"},
				"south": {"uv": [12.44444, 5.84127, 12.57143, 6.34921], "texture": "#1"},
				"west": {"uv": [12.44444, 5.84127, 12.57143, 6.34921], "texture": "#1"},
				"up": {"uv": [12.57143, 5.84127, 12.44444, 5.96825], "rotation": 270, "texture": "#1"},
				"down": {"uv": [12.44444, 6.22222, 12.57143, 6.34921], "rotation": 270, "texture": "#1"}
			}
		},
		{
			"name": "6_3",
			"from": [7.77302, 0.90476, 12.19048],
			"to": [8.2, 1.03175, 12.44444],
			"rotation": {"angle": 0, "axis": "y", "origin": [0.05, -1, 8]},
			"faces": {
				"north": {"uv": [12.19048, 5.96825, 12.31746, 6.09524], "texture": "#1"},
				"east": {"uv": [12.19048, 6.09524, 12.44444, 5.96825], "rotation": 180, "texture": "#1"},
				"south": {"uv": [12.31746, 5.96825, 12.44444, 6.09524], "texture": "#1"},
				"west": {"uv": [12.19048, 5.96825, 12.44444, 6.09524], "texture": "#1"},
				"up": {"uv": [12.44444, 5.96825, 12.19048, 6.09524], "rotation": 270, "texture": "#1"},
				"down": {"uv": [12.19048, 5.96825, 12.44444, 6.09524], "rotation": 270, "texture": "#1"}
			}
		},
		{
			"name": "6_4",
			"from": [7.77302, 0.77778, 12.31746],
			"to": [8.2, 0.90476, 12.44444],
			"rotation": {"angle": 0, "axis": "y", "origin": [0.05, -1, 8]},
			"faces": {
				"north": {"uv": [12.31746, 6.09524, 12.44444, 6.22222], "texture": "#1"},
				"east": {"uv": [12.31746, 6.22222, 12.44444, 6.09524], "rotation": 180, "texture": "#1"},
				"south": {"uv": [12.31746, 6.09524, 12.44444, 6.22222], "texture": "#1"},
				"west": {"uv": [12.31746, 6.09524, 12.44444, 6.22222], "texture": "#1"},
				"up": {"uv": [12.44444, 6.09524, 12.31746, 6.22222], "rotation": 270, "texture": "#1"},
				"down": {"uv": [12.31746, 6.09524, 12.44444, 6.22222], "rotation": 270, "texture": "#1"}
			}
		},
		{
			"name": "6_5",
			"from": [7.77302, 0.39683, 12.69841],
			"to": [8.2, 0.52381, 15.74603],
			"rotation": {"angle": 0, "axis": "y", "origin": [0.05, -1, 8]},
			"faces": {
				"north": {"uv": [12.69841, 6.47619, 12.8254, 6.60317], "texture": "#1"},
				"east": {"uv": [12.69841, 6.60317, 15.74603, 6.47619], "rotation": 180, "texture": "#1"},
				"south": {"uv": [15.61905, 6.47619, 15.74603, 6.60317], "texture": "#1"},
				"west": {"uv": [12.69841, 6.47619, 15.74603, 6.60317], "texture": "#1"},
				"up": {"uv": [15.74603, 6.47619, 12.69841, 6.60317], "rotation": 270, "texture": "#1"},
				"down": {"uv": [12.69841, 6.47619, 15.74603, 6.60317], "rotation": 270, "texture": "#1"}
			}
		},
		{
			"name": "6_6",
			"from": [7.77302, 0.26984, 12.8254],
			"to": [8.2, 0.39683, 15.74603],
			"rotation": {"angle": 0, "axis": "y", "origin": [0.05, -1, 8]},
			"faces": {
				"north": {"uv": [12.8254, 6.60317, 12.95238, 6.73016], "texture": "#1"},
				"east": {"uv": [12.8254, 6.73016, 15.74603, 6.60317], "rotation": 180, "texture": "#1"},
				"south": {"uv": [15.61905, 6.60317, 15.74603, 6.73016], "texture": "#1"},
				"west": {"uv": [12.8254, 6.60317, 15.74603, 6.73016], "texture": "#1"},
				"up": {"uv": [15.74603, 6.60317, 12.8254, 6.73016], "rotation": 270, "texture": "#1"},
				"down": {"uv": [12.8254, 6.60317, 15.74603, 6.73016], "rotation": 270, "texture": "#1"}
			}
		},
		{
			"name": "6_7",
			"from": [7.77302, 0.14286, 12.95238],
			"to": [8.2, 0.26984, 15.74603],
			"rotation": {"angle": 0, "axis": "y", "origin": [0.05, -1, 8]},
			"faces": {
				"north": {"uv": [12.95238, 6.73016, 13.07937, 6.85714], "texture": "#1"},
				"east": {"uv": [12.95238, 6.85714, 15.74603, 6.73016], "rotation": 180, "texture": "#1"},
				"south": {"uv": [15.61905, 6.73016, 15.74603, 6.85714], "texture": "#1"},
				"west": {"uv": [12.95238, 6.73016, 15.74603, 6.85714], "texture": "#1"},
				"up": {"uv": [15.74603, 6.73016, 12.95238, 6.85714], "rotation": 270, "texture": "#1"},
				"down": {"uv": [12.95238, 6.73016, 15.74603, 6.85714], "rotation": 270, "texture": "#1"}
			}
		},
		{
			"name": "6_8",
			"from": [7.77302, 0.01587, 13.07937],
			"to": [8.2, 0.14286, 15.74603],
			"rotation": {"angle": 0, "axis": "y", "origin": [0.05, -1, 8]},
			"faces": {
				"north": {"uv": [13.07937, 6.85714, 13.20635, 6.98413], "texture": "#1"},
				"east": {"uv": [13.07937, 6.98413, 15.74603, 6.85714], "rotation": 180, "texture": "#1"},
				"south": {"uv": [15.61905, 6.85714, 15.74603, 6.98413], "texture": "#1"},
				"west": {"uv": [13.07937, 6.85714, 15.74603, 6.98413], "texture": "#1"},
				"up": {"uv": [15.74603, 6.85714, 13.07937, 6.98413], "rotation": 270, "texture": "#1"},
				"down": {"uv": [13.07937, 6.85714, 15.74603, 6.98413], "rotation": 270, "texture": "#1"}
			}
		},
		{
			"name": "6_9",
			"from": [7.77302, -0.11111, 13.46032],
			"to": [8.2, 0.01587, 15.74603],
			"rotation": {"angle": 0, "axis": "y", "origin": [0.05, -1, 8]},
			"faces": {
				"north": {"uv": [13.46032, 6.98413, 13.5873, 7.11111], "texture": "#1"},
				"east": {"uv": [13.46032, 7.11111, 15.74603, 6.98413], "rotation": 180, "texture": "#1"},
				"south": {"uv": [15.61905, 6.98413, 15.74603, 7.11111], "texture": "#1"},
				"west": {"uv": [13.46032, 6.98413, 15.74603, 7.11111], "texture": "#1"},
				"up": {"uv": [15.74603, 6.98413, 13.46032, 7.11111], "rotation": 270, "texture": "#1"},
				"down": {"uv": [13.46032, 6.98413, 15.74603, 7.11111], "rotation": 270, "texture": "#1"}
			}
		},
		{
			"name": "6_10",
			"from": [7.77302, -0.2381, 13.71429],
			"to": [8.2, -0.11111, 15.74603],
			"rotation": {"angle": 0, "axis": "y", "origin": [0.05, -1, 8]},
			"faces": {
				"north": {"uv": [13.71429, 7.11111, 13.84127, 7.2381], "texture": "#1"},
				"east": {"uv": [13.71429, 7.2381, 15.74603, 7.11111], "rotation": 180, "texture": "#1"},
				"south": {"uv": [15.61905, 7.11111, 15.74603, 7.2381], "texture": "#1"},
				"west": {"uv": [13.71429, 7.11111, 15.74603, 7.2381], "texture": "#1"},
				"up": {"uv": [15.74603, 7.11111, 13.71429, 7.2381], "rotation": 270, "texture": "#1"},
				"down": {"uv": [13.71429, 7.11111, 15.74603, 7.2381], "rotation": 270, "texture": "#1"}
			}
		},
		{
			"name": "6_11",
			"from": [7.77302, -0.36508, 14.09524],
			"to": [8.2, -0.2381, 15.61905],
			"rotation": {"angle": 0, "axis": "y", "origin": [0.05, -1, 8]},
			"faces": {
				"north": {"uv": [14.09524, 7.2381, 14.22222, 7.36508], "texture": "#1"},
				"east": {"uv": [14.09524, 7.36508, 15.61905, 7.2381], "rotation": 180, "texture": "#1"},
				"south": {"uv": [15.49206, 7.2381, 15.61905, 7.36508], "texture": "#1"},
				"west": {"uv": [14.09524, 7.2381, 15.61905, 7.36508], "texture": "#1"},
				"up": {"uv": [15.61905, 7.2381, 14.09524, 7.36508], "rotation": 270, "texture": "#1"},
				"down": {"uv": [14.09524, 7.2381, 15.61905, 7.36508], "rotation": 270, "texture": "#1"}
			}
		},
		{
			"name": "6_12",
			"from": [7.77302, -0.49206, 14.47619],
			"to": [8.2, -0.36508, 15.61905],
			"rotation": {"angle": 0, "axis": "y", "origin": [0.05, -1, 8]},
			"faces": {
				"north": {"uv": [14.47619, 7.36508, 14.60317, 7.49206], "texture": "#1"},
				"east": {"uv": [14.47619, 7.49206, 15.61905, 7.36508], "rotation": 180, "texture": "#1"},
				"south": {"uv": [15.49206, 7.36508, 15.61905, 7.49206], "texture": "#1"},
				"west": {"uv": [14.47619, 7.36508, 15.61905, 7.49206], "texture": "#1"},
				"up": {"uv": [15.61905, 7.36508, 14.47619, 7.49206], "rotation": 270, "texture": "#1"},
				"down": {"uv": [14.47619, 7.36508, 15.61905, 7.49206], "rotation": 270, "texture": "#1"}
			}
		},
		{
			"name": "6_13",
			"from": [7.77302, -0.61905, 14.73016],
			"to": [8.2, -0.49206, 15.61905],
			"rotation": {"angle": 0, "axis": "y", "origin": [0.05, -1, 8]},
			"faces": {
				"north": {"uv": [14.73016, 7.49206, 14.85714, 7.61905], "texture": "#1"},
				"east": {"uv": [14.73016, 7.61905, 15.61905, 7.49206], "rotation": 180, "texture": "#1"},
				"south": {"uv": [15.49206, 7.49206, 15.61905, 7.61905], "texture": "#1"},
				"west": {"uv": [14.73016, 7.49206, 15.61905, 7.61905], "texture": "#1"},
				"up": {"uv": [15.61905, 7.49206, 14.73016, 7.61905], "rotation": 270, "texture": "#1"},
				"down": {"uv": [14.73016, 7.49206, 15.61905, 7.61905], "rotation": 270, "texture": "#1"}
			}
		},
		{
			"name": "6_14",
			"from": [7.77302, -0.74603, 15.11111],
			"to": [8.2, -0.61905, 15.61905],
			"rotation": {"angle": 0, "axis": "y", "origin": [0.05, -1, 8]},
			"faces": {
				"north": {"uv": [15.11111, 7.61905, 15.2381, 7.74603], "texture": "#1"},
				"east": {"uv": [15.11111, 7.74603, 15.61905, 7.61905], "rotation": 180, "texture": "#1"},
				"south": {"uv": [15.49206, 7.61905, 15.61905, 7.74603], "texture": "#1"},
				"west": {"uv": [15.11111, 7.61905, 15.61905, 7.74603], "texture": "#1"},
				"up": {"uv": [15.61905, 7.61905, 15.11111, 7.74603], "rotation": 270, "texture": "#1"},
				"down": {"uv": [15.11111, 7.61905, 15.61905, 7.74603], "rotation": 270, "texture": "#1"}
			}
		},
		{
			"name": "7_0",
			"from": [7.92302, 0.39683, 10.15873],
			"to": [8.05, 0.52381, 10.66667],
			"rotation": {"angle": 0, "axis": "y", "origin": [0.05, -1, 8]},
			"faces": {
				"north": {"uv": [10.15873, 6.47619, 10.28571, 6.60317], "texture": "#1"},
				"east": {"uv": [10.15873, 6.60317, 10.66667, 6.47619], "rotation": 180, "texture": "#1"},
				"south": {"uv": [10.53968, 6.47619, 10.66667, 6.60317], "texture": "#1"},
				"west": {"uv": [10.15873, 6.47619, 10.66667, 6.60317], "texture": "#1"},
				"up": {"uv": [10.66667, 6.47619, 10.15873, 6.60317], "rotation": 270, "texture": "#1"},
				"down": {"uv": [10.15873, 6.47619, 10.66667, 6.60317], "rotation": 270, "texture": "#1"}
			}
		},
		{
			"name": "7_1",
			"from": [7.92302, 0.14286, 11.42857],
			"to": [8.05, 0.52381, 11.55556],
			"rotation": {"angle": 0, "axis": "y", "origin": [0.05, -1, 8]},
			"faces": {
				"north": {"uv": [11.42857, 6.47619, 11.55556, 6.85714], "texture": "#1"},
				"east": {"uv": [11.42857, 6.85714, 11.55556, 6.47619], "rotation": 180, "texture": "#1"},
				"south": {"uv": [11.42857, 6.47619, 11.55556, 6.85714], "texture": "#1"},
				"west": {"uv": [11.42857, 6.47619, 11.55556, 6.85714], "texture": "#1"},
				"up": {"uv": [11.55556, 6.47619, 11.42857, 6.60317], "rotation": 270, "texture": "#1"},
				"down": {"uv": [11.42857, 6.73016, 11.55556, 6.85714], "rotation": 270, "texture": "#1"}
			}
		},
		{
			"name": "7_2",
			"from": [7.92302, 0.26984, 10.28571],
			"to": [8.05, 0.39683, 10.79365],
			"rotation": {"angle": 0, "axis": "y", "origin": [0.05, -1, 8]},
			"faces": {
				"north": {"uv": [10.28571, 6.60317, 10.4127, 6.73016], "texture": "#1"},
				"east": {"uv": [10.28571, 6.73016, 10.79365, 6.60317], "rotation": 180, "texture": "#1"},
				"south": {"uv": [10.66667, 6.60317, 10.79365, 6.73016], "texture": "#1"},
				"west": {"uv": [10.28571, 6.60317, 10.79365, 6.73016], "texture": "#1"},
				"up": {"uv": [10.79365, 6.60317, 10.28571, 6.73016], "rotation": 270, "texture": "#1"},
				"down": {"uv": [10.28571, 6.60317, 10.79365, 6.73016], "rotation": 270, "texture": "#1"}
			}
		},
		{
			"name": "7_3",
			"from": [7.92302, 0.01587, 11.30159],
			"to": [8.05, 0.39683, 11.42857],
			"rotation": {"angle": 0, "axis": "y", "origin": [0.05, -1, 8]},
			"faces": {
				"north": {"uv": [11.30159, 6.60317, 11.42857, 6.98413], "texture": "#1"},
				"east": {"uv": [11.30159, 6.98413, 11.42857, 6.60317], "rotation": 180, "texture": "#1"},
				"south": {"uv": [11.30159, 6.60317, 11.42857, 6.98413], "texture": "#1"},
				"west": {"uv": [11.30159, 6.60317, 11.42857, 6.98413], "texture": "#1"},
				"up": {"uv": [11.42857, 6.60317, 11.30159, 6.73016], "rotation": 270, "texture": "#1"},
				"down": {"uv": [11.30159, 6.85714, 11.42857, 6.98413], "rotation": 270, "texture": "#1"}
			}
		},
		{
			"name": "7_4",
			"from": [7.92302, 0.26984, 11.55556],
			"to": [8.05, 0.39683, 11.68254],
			"rotation": {"angle": 0, "axis": "y", "origin": [0.05, -1, 8]},
			"faces": {
				"north": {"uv": [11.55556, 6.60317, 11.68254, 6.73016], "texture": "#1"},
				"east": {"uv": [11.55556, 6.73016, 11.68254, 6.60317], "rotation": 180, "texture": "#1"},
				"south": {"uv": [11.55556, 6.60317, 11.68254, 6.73016], "texture": "#1"},
				"west": {"uv": [11.55556, 6.60317, 11.68254, 6.73016], "texture": "#1"},
				"up": {"uv": [11.68254, 6.60317, 11.55556, 6.73016], "rotation": 270, "texture": "#1"},
				"down": {"uv": [11.55556, 6.60317, 11.68254, 6.73016], "rotation": 270, "texture": "#1"}
			}
		},
		{
			"name": "7_5",
			"from": [7.92302, 0.14286, 10.4127],
			"to": [8.05, 0.26984, 10.79365],
			"rotation": {"angle": 0, "axis": "y", "origin": [0.05, -1, 8]},
			"faces": {
				"north": {"uv": [10.4127, 6.73016, 10.53968, 6.85714], "texture": "#1"},
				"east": {"uv": [10.4127, 6.85714, 10.79365, 6.73016], "rotation": 180, "texture": "#1"},
				"south": {"uv": [10.66667, 6.73016, 10.79365, 6.85714], "texture": "#1"},
				"west": {"uv": [10.4127, 6.73016, 10.79365, 6.85714], "texture": "#1"},
				"up": {"uv": [10.79365, 6.73016, 10.4127, 6.85714], "rotation": 270, "texture": "#1"},
				"down": {"uv": [10.4127, 6.73016, 10.79365, 6.85714], "rotation": 270, "texture": "#1"}
			}
		},
		{
			"name": "7_6",
			"from": [7.92302, 0.01587, 11.1746],
			"to": [8.05, 0.26984, 11.30159],
			"rotation": {"angle": 0, "axis": "y", "origin": [0.05, -1, 8]},
			"faces": {
				"north": {"uv": [11.1746, 6.73016, 11.30159, 6.98413], "texture": "#1"},
				"east": {"uv": [11.1746, 6.98413, 11.30159, 6.73016], "rotation": 180, "texture": "#1"},
				"south": {"uv": [11.1746, 6.73016, 11.30159, 6.98413], "texture": "#1"},
				"west": {"uv": [11.1746, 6.73016, 11.30159, 6.98413], "texture": "#1"},
				"up": {"uv": [11.30159, 6.73016, 11.1746, 6.85714], "rotation": 270, "texture": "#1"},
				"down": {"uv": [11.1746, 6.85714, 11.30159, 6.98413], "rotation": 270, "texture": "#1"}
			}
		},
		{
			"name": "7_7",
			"from": [7.92302, 0.01587, 10.53968],
			"to": [8.05, 0.14286, 10.92063],
			"rotation": {"angle": 0, "axis": "y", "origin": [0.05, -1, 8]},
			"faces": {
				"north": {"uv": [10.53968, 6.85714, 10.66667, 6.98413], "texture": "#1"},
				"east": {"uv": [10.53968, 6.98413, 10.92063, 6.85714], "rotation": 180, "texture": "#1"},
				"south": {"uv": [10.79365, 6.85714, 10.92063, 6.98413], "texture": "#1"},
				"west": {"uv": [10.53968, 6.85714, 10.92063, 6.98413], "texture": "#1"},
				"up": {"uv": [10.92063, 6.85714, 10.53968, 6.98413], "rotation": 270, "texture": "#1"},
				"down": {"uv": [10.53968, 6.85714, 10.92063, 6.98413], "rotation": 270, "texture": "#1"}
			}
		},
		{
			"name": "7_8",
			"from": [7.92302, -0.11111, 10.66667],
			"to": [8.05, 0.01587, 11.04762],
			"rotation": {"angle": 0, "axis": "y", "origin": [0.05, -1, 8]},
			"faces": {
				"north": {"uv": [10.66667, 6.98413, 10.79365, 7.11111], "texture": "#1"},
				"east": {"uv": [10.66667, 7.11111, 11.04762, 6.98413], "rotation": 180, "texture": "#1"},
				"south": {"uv": [10.92063, 6.98413, 11.04762, 7.11111], "texture": "#1"},
				"west": {"uv": [10.66667, 6.98413, 11.04762, 7.11111], "texture": "#1"},
				"up": {"uv": [11.04762, 6.98413, 10.66667, 7.11111], "rotation": 270, "texture": "#1"},
				"down": {"uv": [10.66667, 6.98413, 11.04762, 7.11111], "rotation": 270, "texture": "#1"}
			}
		},
		{
			"name": "7_9",
			"from": [7.92302, -0.2381, 10.79365],
			"to": [8.05, -0.11111, 12.06349],
			"rotation": {"angle": 0, "axis": "y", "origin": [0.05, -1, 8]},
			"faces": {
				"north": {"uv": [10.79365, 7.11111, 10.92063, 7.2381], "texture": "#1"},
				"east": {"uv": [10.79365, 7.2381, 12.06349, 7.11111], "rotation": 180, "texture": "#1"},
				"south": {"uv": [11.93651, 7.11111, 12.06349, 7.2381], "texture": "#1"},
				"west": {"uv": [10.79365, 7.11111, 12.06349, 7.2381], "texture": "#1"},
				"up": {"uv": [12.06349, 7.11111, 10.79365, 7.2381], "rotation": 270, "texture": "#1"},
				"down": {"uv": [10.79365, 7.11111, 12.06349, 7.2381], "rotation": 270, "texture": "#1"}
			}
		},
		{
			"name": "8_0",
			"from": [7.87302, 0.42381, 1.62381],
			"to": [8.1, 0.65079, 4.9254],
			"rotation": {"angle": 0, "axis": "y", "origin": [0.05, -1.1, 8.1]},
			"faces": {
				"north": {"uv": [1.52381, 6.34921, 1.65079, 6.47619], "texture": "#1"},
				"east": {"uv": [1.52381, 6.47619, 4.8254, 6.34921], "rotation": 180, "texture": "#1"},
				"south": {"uv": [4.69841, 6.34921, 4.8254, 6.47619], "texture": "#1"},
				"west": {"uv": [1.52381, 6.34921, 4.8254, 6.47619], "texture": "#1"},
				"up": {"uv": [4.8254, 6.34921, 1.52381, 6.47619], "rotation": 270, "texture": "#1"},
				"down": {"uv": [1.52381, 6.34921, 4.8254, 6.47619], "rotation": 270, "texture": "#1"}
			}
		},
		{
			"name": "8_1",
			"from": [7.87302, 0.42381, 1.6138],
			"to": [8.1, 0.65079, 1.6138],
			"rotation": {"angle": 0, "axis": "y", "origin": [0.05, -1.1, 8.1]},
			"faces": {
				"north": {"uv": [0, 0, 16, 16], "texture": "#2"},
				"east": {"uv": [0, 0, 16, 16], "texture": "#2"},
				"south": {"uv": [0, 0, 16, 16], "texture": "#2"},
				"west": {"uv": [0, 0, 16, 16], "texture": "#2"},
				"up": {"uv": [0, 0, 16, 16], "texture": "#2"},
				"down": {"uv": [0, 0, 16, 16], "texture": "#2"}
			}
		},
		{
			"name": "8_1",
			"from": [7.87302, 0.29683, 4.41746],
			"to": [8.1, 0.42381, 4.79841],
			"rotation": {"angle": 0, "axis": "y", "origin": [0.05, -1.1, 8.1]},
			"faces": {
				"north": {"uv": [4.31746, 6.47619, 4.44444, 6.60317], "texture": "#1"},
				"east": {"uv": [4.31746, 6.60317, 4.69841, 6.47619], "rotation": 180, "texture": "#1"},
				"south": {"uv": [4.57143, 6.47619, 4.69841, 6.60317], "texture": "#1"},
				"west": {"uv": [4.31746, 6.47619, 4.69841, 6.60317], "texture": "#1"},
				"up": {"uv": [4.69841, 6.47619, 4.31746, 6.60317], "rotation": 270, "texture": "#1"},
				"down": {"uv": [4.31746, 6.47619, 4.69841, 6.60317], "rotation": 270, "texture": "#1"}
			}
		}
	],
	"display": {
		"thirdperson_righthand": {
			"translation": [0, 15.25, 0.25],
			"scale": [2, 2, 2]
		},
		"thirdperson_lefthand": {
			"translation": [0, 15.25, 0.25],
			"scale": [2, 2, 2]
		},
		"firstperson_righthand": {
			"translation": [-2, 34, -1.5],
			"scale": [0, 0, 0]
		},
		"firstperson_lefthand": {
			"translation": [-2, 34, -1.5],
			"scale": [0, 0, 0]
		},
		"ground": {
			"rotation": [0, 0, 90],
			"translation": [-15, -3, 2],
			"scale": [2, 2, 2]
		},
		"gui": {
			"rotation": [92, 55, -91],
			"translation": [7.25, 13.5, 0],
			"scale": [2, 2, 2]
		},
		"head": {
			"rotation": [0, 92, 0],
			"translation": [0, -18.25, 0],
			"scale": [3, 3, 3]
		},
		"fixed": {
			"rotation": [0, 90, 0],
			"translation": [0, 15.75, -1],
			"scale": [2.5, 2.5, 2.5]
		}
	},
	"groups": [
		{
			"name": "1",
			"origin": [8, 8, 8],
			"children": [0, 1, 2, 3]
		},
		{
			"name": "2",
			"origin": [8, 8, 8],
			"children": [4, 5, 6, 7, 8, 9, 10, 11, 12]
		},
		{
			"name": "3",
			"origin": [8, 8, 8],
			"children": [13, 14, 15, 16, 17, 18, 19, 20, 21, 22, 23, 24, 25, 26, 27, 28, 29, 30, 31, 32, 33, 34, 35, 36, 37, 38, 39, 40, 41, 42, 43, 44, 45, 46, 47, 48, 49, 50, 51, 52, 53, 54, 55, 56, 57, 58, 59, 60, 61]
		},
		{
			"name": "4",
			"origin": [8, 8, 8],
			"children": [62, 63, 64, 65, 66, 67, 68, 69]
		},
		{
			"name": "5",
			"origin": [8, 8, 8],
			"children": [70, 71, 72, 73, 74, 75, 76, 77, 78, 79, 80, 81, 82]
		},
		{
			"name": "6",
			"origin": [8, 8, 8],
			"children": [83, 84, 85, 86, 87, 88, 89, 90, 91, 92, 93, 94, 95, 96, 97]
		},
		{
			"name": "7",
			"origin": [8, 8, 8],
			"children": [98, 99, 100, 101, 102, 103, 104, 105, 106, 107]
		},
		{
			"name": "8",
			"origin": [8, 8, 8],
			"children": [108, 109, 110]
		}
	]
}