{
	"credit": "Made by MILENARY",
	"textures": {
		"0": "block/heal_base",
		"1": "block/mushroom_root",
		"2": "block/red_light",
		"particle": "block/mushroom_root"
	},
	"elements": [
		{
			"from": [1, 0, 4],
			"to": [15, 1, 12],
			"rotation": {"angle": 0, "axis": "y", "origin": [8, 8, 17]},
			"faces": {
				"north": {"uv": [0, 2, 14, 3], "texture": "#1"},
				"east": {"uv": [0, 0, 8, 1], "texture": "#1"},
				"south": {"uv": [2, 9.5, 16, 10.5], "texture": "#1"},
				"west": {"uv": [4.5, 10.5, 12.5, 11.5], "texture": "#1"},
				"up": {"uv": [1.5, 4.5, 15.5, 12.5], "texture": "#1"},
				"down": {"uv": [1, 5.5, 15, 13.5], "texture": "#1"}
			}
		},
		{
			"from": [2, 1, 5],
			"to": [5, 1.75, 11],
			"rotation": {"angle": 0, "axis": "y", "origin": [8, 8, 17]},
			"faces": {
				"north": {"uv": [2.75, 6.25, 5.75, 7], "texture": "#0"},
				"east": {"uv": [2.5, 5.5, 8.5, 6.25], "texture": "#0"},
				"south": {"uv": [1, 4.5, 4, 5.25], "texture": "#0"},
				"west": {"uv": [2.25, 4, 8.25, 4.75], "texture": "#0"},
				"up": {"uv": [3, 2, 6, 8], "texture": "#0"},
				"down": {"uv": [2.75, 4, 5.75, 10], "texture": "#0"}
			}
		},
		{
			"from": [5, 1, 2],
			"to": [11, 1.75, 5],
			"rotation": {"angle": 0, "axis": "y", "origin": [8, 8, 17]},
			"faces": {
				"north": {"uv": [1.75, 3.25, 7.75, 4], "texture": "#0"},
				"east": {"uv": [3, 6.75, 6, 7.5], "texture": "#0"},
				"south": {"uv": [3, 4.5, 9, 5.25], "texture": "#0"},
				"west": {"uv": [3.75, 4.5, 6.75, 5.25], "texture": "#0"},
				"up": {"uv": [1.25, 4.75, 7.25, 7.75], "texture": "#0"},
				"down": {"uv": [0.75, 5.75, 6.75, 8.75], "texture": "#0"}
			}
		},
		{
			"from": [5, 1, 11],
			"to": [11, 1.75, 14],
			"rotation": {"angle": 0, "axis": "y", "origin": [8, 8, 25]},
			"faces": {
				"north": {"uv": [1.75, 3.25, 7.75, 4], "texture": "#0"},
				"east": {"uv": [2.75, 2.25, 5.75, 3], "texture": "#0"},
				"south": {"uv": [1.25, 3.75, 7.25, 4.5], "texture": "#0"},
				"west": {"uv": [3.5, 0.75, 6.5, 1.5], "texture": "#0"},
				"up": {"uv": [1, 4.5, 7, 7.5], "texture": "#0"},
				"down": {"uv": [0.75, 5.75, 6.75, 8.75], "texture": "#0"}
			}
		},
		{
			"from": [5.25, 1, 5.25],
			"to": [10.75, 3.25, 10.75],
			"rotation": {"angle": 0, "axis": "y", "origin": [8, 8, 25]},
			"faces": {
				"north": {"uv": [5.5, 0.5, 7.75, 8], "rotation": 90, "texture": "#0"},
				"east": {"uv": [5, 0.75, 7.25, 8.25], "rotation": 90, "texture": "#0"},
				"south": {"uv": [5.25, 0, 7.5, 7.5], "rotation": 90, "texture": "#0"},
				"west": {"uv": [5, 1, 7.25, 8.5], "rotation": 90, "texture": "#0"},
				"up": {"uv": [0, 0, 7.5, 7.5], "texture": "#0"},
				"down": {"uv": [0, 0, 7.5, 7.5], "texture": "#0"}
			}
		},
		{
			"from": [10.75, 1, 4.25],
			"to": [11.75, 4, 11.75],
			"rotation": {"angle": 0, "axis": "y", "origin": [14.5, 8, 25]},
			"faces": {
				"north": {"uv": [12, 1, 15, 2], "rotation": 90, "texture": "#0"},
				"east": {"uv": [12.75, 2.25, 15.75, 9.75], "rotation": 90, "texture": "#0"},
				"south": {"uv": [13, 2, 16, 3], "rotation": 90, "texture": "#0"},
				"west": {"uv": [11.75, 0.5, 14.75, 8], "rotation": 90, "texture": "#0"},
				"up": {"uv": [14.25, 0, 15.25, 7.5], "texture": "#0"},
				"down": {"uv": [11.25, 0.5, 12.25, 8], "texture": "#0"}
			}
		},
		{
			"from": [4.25, 1, 4.25],
			"to": [5.25, 4, 11.75],
			"rotation": {"angle": 0, "axis": "y", "origin": [8, 8, 25]},
			"faces": {
				"north": {"uv": [11.25, 0.75, 14.25, 1.75], "rotation": 90, "texture": "#0"},
				"east": {"uv": [10.75, 0.75, 13.75, 8.25], "rotation": 90, "texture": "#0"},
				"south": {"uv": [12, 1.25, 15, 2.25], "rotation": 90, "texture": "#0"},
				"west": {"uv": [13, 0, 16, 7.5], "rotation": 90, "texture": "#0"},
				"up": {"uv": [14.5, 0, 15.5, 7.5], "texture": "#0"},
				"down": {"uv": [12, 0.5, 13, 8], "texture": "#0"}
			}
		},
		{
			"from": [5.25, 1, 10.75],
			"to": [10.75, 4, 11.75],
			"rotation": {"angle": 0, "axis": "y", "origin": [8, 8, 25]},
			"faces": {
				"north": {"uv": [13, 0.5, 16, 6], "rotation": 90, "texture": "#0"},
				"east": {"uv": [11.25, 1.75, 14.25, 2.75], "rotation": 90, "texture": "#0"},
				"south": {"uv": [12, 0, 15, 5.5], "rotation": 90, "texture": "#0"},
				"west": {"uv": [10, 0.5, 13, 1.5], "rotation": 90, "texture": "#0"},
				"up": {"uv": [10.5, 4, 11.5, 9.5], "rotation": 90, "texture": "#0"},
				"down": {"uv": [10.5, 6.5, 16, 7.5], "texture": "#0"}
			}
		},
		{
			"from": [5.25, 1, 4.25],
			"to": [10.75, 4, 5.25],
			"rotation": {"angle": 0, "axis": "y", "origin": [8, 8, 18.5]},
			"faces": {
				"north": {"uv": [13, 0, 16, 5.5], "rotation": 90, "texture": "#0"},
				"east": {"uv": [12, 3.25, 15, 4.25], "rotation": 90, "texture": "#0"},
				"south": {"uv": [12, 0, 15, 5.5], "rotation": 90, "texture": "#0"},
				"west": {"uv": [13, 1, 16, 2], "rotation": 90, "texture": "#0"},
				"up": {"uv": [11.75, 1.25, 12.75, 6.75], "rotation": 90, "texture": "#0"},
				"down": {"uv": [10.5, 1.25, 16, 2.25], "texture": "#0"}
			}
		},
		{
			"from": [6, 1, 11.75],
			"to": [10, 2.75, 14.75],
			"rotation": {"angle": 0, "axis": "y", "origin": [8, 8, 25]},
			"faces": {
				"north": {"uv": [0, 0, 4, 1.75], "texture": "#0"},
				"east": {"uv": [2.25, 13.75, 5.25, 15.5], "texture": "#0"},
				"south": {"uv": [10.75, 12, 14.75, 13.75], "texture": "#0"},
				"west": {"uv": [0.75, 14.25, 3.75, 16], "texture": "#0"},
				"up": {"uv": [6.75, 11.25, 9.75, 15.25], "rotation": 90, "texture": "#0"},
				"down": {"uv": [0, 0, 4, 3], "texture": "#0"}
			}
		},
		{
			"from": [6, 1, 1.25],
			"to": [10, 2.75, 4.25],
			"rotation": {"angle": 0, "axis": "y", "origin": [8, 8, 14.5]},
			"faces": {
				"north": {"uv": [1.5, 12.5, 5.5, 14.25], "texture": "#0"},
				"east": {"uv": [10.25, 13.5, 13.25, 15.25], "texture": "#0"},
				"south": {"uv": [0, 0, 4, 1.75], "texture": "#0"},
				"west": {"uv": [12.75, 13.75, 15.75, 15.5], "texture": "#0"},
				"up": {"uv": [6.75, 11.25, 9.75, 15.25], "rotation": 270, "texture": "#0"},
				"down": {"uv": [0, 0, 4, 3], "texture": "#0"}
			}
		},
		{
			"from": [1.25, 1, 6],
			"to": [4.25, 2.75, 10],
			"rotation": {"angle": 0, "axis": "y", "origin": [8, 8, 25]},
			"faces": {
				"north": {"uv": [12.75, 13.75, 15.75, 15.5], "texture": "#0"},
				"east": {"uv": [0, 0, 4, 1.75], "texture": "#0"},
				"south": {"uv": [0, 11.5, 3, 13.25], "texture": "#0"},
				"west": {"uv": [10.75, 10.5, 14.75, 12.25], "texture": "#0"},
				"up": {"uv": [6.75, 11.25, 9.75, 15.25], "texture": "#0"},
				"down": {"uv": [0, 0, 3, 4], "texture": "#0"}
			}
		},
		{
			"from": [11.75, 1, 6],
			"to": [14.75, 2.75, 10],
			"rotation": {"angle": 0, "axis": "y", "origin": [18.5, 8, 25]},
			"faces": {
				"north": {"uv": [11.5, 10.25, 14.5, 12], "texture": "#0"},
				"east": {"uv": [12, 11.25, 16, 13], "texture": "#0"},
				"south": {"uv": [10.25, 10.25, 13.25, 12], "texture": "#0"},
				"west": {"uv": [0, 0, 4, 1.75], "texture": "#0"},
				"up": {"uv": [6.75, 11.25, 9.75, 15.25], "rotation": 180, "texture": "#0"},
				"down": {"uv": [0, 0, 3, 4], "texture": "#0"}
			}
		},
		{
			"from": [11, 1, 5],
			"to": [14, 1.75, 11],
			"rotation": {"angle": 0, "axis": "y", "origin": [16, 8, 17]},
			"faces": {
				"north": {"uv": [1.75, 3.25, 4.75, 4], "texture": "#0"},
				"east": {"uv": [3, 8.75, 9, 9.5], "texture": "#0"},
				"south": {"uv": [3.25, 4.25, 6.25, 5], "texture": "#0"},
				"west": {"uv": [0.75, 2.75, 6.75, 3.5], "texture": "#0"},
				"up": {"uv": [3.25, 2.25, 6.25, 8.25], "texture": "#0"},
				"down": {"uv": [1.25, 2.25, 4.25, 8.25], "texture": "#0"}
			}
		},
		{
			"from": [4, 0, 1],
			"to": [12, 1, 4],
			"rotation": {"angle": 0, "axis": "y", "origin": [8, 8, 17]},
			"faces": {
				"north": {"uv": [1.5, 3.5, 9.5, 4.5], "texture": "#1"},
				"east": {"uv": [11, 0.5, 14, 1.5], "texture": "#1"},
				"south": {"uv": [0, 4, 8, 5], "texture": "#1"},
				"west": {"uv": [0, 0, 3, 1], "texture": "#1"},
				"up": {"uv": [4, 9, 12, 12], "texture": "#1"},
				"down": {"uv": [6, 6.5, 14, 9.5], "texture": "#1"}
			}
		},
		{
			"from": [4, 0, 12],
			"to": [12, 1, 15],
			"rotation": {"angle": 0, "axis": "y", "origin": [8, 8, 28]},
			"faces": {
				"north": {"uv": [2.5, 5.5, 10.5, 6.5], "texture": "#1"},
				"east": {"uv": [8.5, 9.5, 11.5, 10.5], "texture": "#1"},
				"south": {"uv": [0, 13.5, 8, 14.5], "texture": "#1"},
				"west": {"uv": [4, 6.5, 7, 7.5], "texture": "#1"},
				"up": {"uv": [1, 9.5, 9, 12.5], "texture": "#1"},
				"down": {"uv": [8, 6, 16, 9], "texture": "#1"}
			}
		},
		{
			"from": [4.5, 4, 11.5],
			"to": [11.5, 9, 11.5],
			"rotation": {"angle": 0, "axis": "y", "origin": [8, 8, 15]},
			"faces": {
				"north": {"uv": [0, 0, 16, 16], "texture": "#2"},
				"east": {"uv": [0, 0, 16, 16], "texture": "#2"},
				"south": {"uv": [0, 0, 16, 16], "texture": "#2"},
				"west": {"uv": [0, 0, 16, 16], "texture": "#2"},
				"up": {"uv": [0, 0, 16, 16], "texture": "#2"},
				"down": {"uv": [0, 0, 16, 16], "texture": "#2"}
			}
		},
		{
			"from": [4.5, 4, 4.5],
			"to": [4.5, 9, 11.5],
			"faces": {
				"north": {"uv": [0, 0, 16, 16], "texture": "#2"},
				"east": {"uv": [0, 0, 16, 16], "texture": "#2"},
				"south": {"uv": [0, 0, 16, 16], "texture": "#2"},
				"west": {"uv": [0, 0, 16, 16], "texture": "#2"},
				"up": {"uv": [0, 0, 16, 16], "rotation": 270, "texture": "#2"},
				"down": {"uv": [0, 0, 16, 16], "rotation": 90, "texture": "#2"}
			}
		},
		{
			"from": [4.5, 4, 4.5],
			"to": [11.5, 9, 4.5],
			"faces": {
				"north": {"uv": [0, 0, 16, 16], "texture": "#2"},
				"east": {"uv": [0, 0, 16, 16], "texture": "#2"},
				"south": {"uv": [0, 0, 16, 16], "texture": "#2"},
				"west": {"uv": [0, 0, 16, 16], "texture": "#2"},
				"up": {"uv": [0, 0, 16, 16], "texture": "#2"},
				"down": {"uv": [0, 0, 16, 16], "texture": "#2"}
			}
		},
		{
			"from": [11.5, 4, 4.5],
			"to": [11.5, 9, 11.5],
			"faces": {
				"north": {"uv": [16, 0, 0, 16], "texture": "#2"},
				"east": {"uv": [16, 0, 0, 16], "texture": "#2"},
				"south": {"uv": [16, 0, 0, 16], "texture": "#2"},
				"west": {"uv": [16, 0, 0, 16], "texture": "#2"},
				"up": {"uv": [16, 0, 0, 16], "rotation": 90, "texture": "#2"},
				"down": {"uv": [16, 0, 0, 16], "rotation": 270, "texture": "#2"}
			}
		}
	],
	"display": {
		"gui": {
			"rotation": [22, 27, 0],
			"translation": [0.75, 5, 0]
		},
		"head": {
			"translation": [0, -19.25, 0],
			"scale": [3, 3, 3]
		}
	}
}