{
	"credit": "Made by MILENARY",
	"textures": {
		"1": "block/brown_wool",
		"2": "block/gold_block",
		"3": "block/black",
		"particle": "block/brown_wool"
	},
	"elements": [
		{
			"from": [3, 0, 3],
			"to": [13, 1, 13],
			"faces": {
				"north": {"uv": [0, 0, 10, 1], "texture": "#1"},
				"east": {"uv": [0, 0, 10, 1], "texture": "#1"},
				"south": {"uv": [0, 0, 10, 1], "texture": "#1"},
				"west": {"uv": [0, 0, 10, 1], "texture": "#1"},
				"up": {"uv": [0, 0, 10, 10], "texture": "#1"},
				"down": {"uv": [0, 0, 10, 10], "texture": "#1"}
			}
		},
		{
			"from": [5, 0, 1.5],
			"to": [11, 1, 3],
			"faces": {
				"north": {"uv": [0, 0, 6, 1], "texture": "#1"},
				"east": {"uv": [0, 0, 1.5, 1], "texture": "#1"},
				"south": {"uv": [0, 0, 6, 1], "texture": "#1"},
				"west": {"uv": [0, 0, 1.5, 1], "texture": "#1"},
				"up": {"uv": [0, 0, 6, 1.5], "texture": "#1"},
				"down": {"uv": [0, 0, 6, 1.5], "texture": "#1"}
			}
		},
		{
			"from": [5, 0, 13],
			"to": [11, 1, 14.5],
			"rotation": {"angle": 0, "axis": "y", "origin": [8, 8, 19.5]},
			"faces": {
				"north": {"uv": [0, 0, 6, 1], "texture": "#1"},
				"east": {"uv": [0, 0, 1.5, 1], "texture": "#1"},
				"south": {"uv": [0, 0, 6, 1], "texture": "#1"},
				"west": {"uv": [0, 0, 1.5, 1], "texture": "#1"},
				"up": {"uv": [0, 0, 6, 1.5], "texture": "#1"},
				"down": {"uv": [0, 0, 6, 1.5], "texture": "#1"}
			}
		},
		{
			"from": [13, 0, 5],
			"to": [14.5, 1, 11],
			"faces": {
				"north": {"uv": [0, 0, 1.5, 1], "texture": "#1"},
				"east": {"uv": [0, 0, 6, 1], "texture": "#1"},
				"south": {"uv": [0, 0, 1.5, 1], "texture": "#1"},
				"west": {"uv": [0, 0, 6, 1], "texture": "#1"},
				"up": {"uv": [0, 0, 1.5, 6], "texture": "#1"},
				"down": {"uv": [0, 0, 1.5, 6], "texture": "#1"}
			}
		},
		{
			"from": [1.5, 0, 5],
			"to": [3, 1, 11],
			"faces": {
				"north": {"uv": [1.5, 0, 0, 1], "texture": "#1"},
				"east": {"uv": [6, 0, 0, 1], "texture": "#1"},
				"south": {"uv": [1.5, 0, 0, 1], "texture": "#1"},
				"west": {"uv": [6, 0, 0, 1], "texture": "#1"},
				"up": {"uv": [1.5, 0, 0, 6], "texture": "#1"},
				"down": {"uv": [1.5, 0, 0, 6], "texture": "#1"}
			}
		},
		{
			"from": [3, 1, 1],
			"to": [13, 10, 15],
			"faces": {
				"north": {"uv": [0, 0, 10, 9], "texture": "#1"},
				"east": {"uv": [0, 0, 14, 9], "texture": "#1"},
				"south": {"uv": [0, 0, 10, 9], "texture": "#1"},
				"west": {"uv": [0, 0, 14, 9], "texture": "#1"},
				"up": {"uv": [0, 0, 10, 14], "texture": "#1"},
				"down": {"uv": [0, 0, 10, 14], "texture": "#1"}
			}
		},
		{
			"from": [3, 10, 2],
			"to": [13, 11, 14],
			"faces": {
				"north": {"uv": [0, 0, 10, 1], "texture": "#1"},
				"east": {"uv": [0, 0, 12, 1], "texture": "#1"},
				"south": {"uv": [0, 0, 10, 1], "texture": "#1"},
				"west": {"uv": [0, 0, 12, 1], "texture": "#1"},
				"up": {"uv": [0, 0, 10, 12], "texture": "#1"},
				"down": {"uv": [0, 0, 10, 12], "texture": "#1"}
			}
		},
		{
			"from": [4, 11, 4],
			"to": [12, 12, 12],
			"faces": {
				"north": {"uv": [0, 0, 8, 1], "texture": "#2"},
				"east": {"uv": [0, 0, 8, 1], "texture": "#2"},
				"south": {"uv": [0, 0, 8, 1], "texture": "#2"},
				"west": {"uv": [0, 0, 8, 1], "texture": "#2"},
				"up": {"uv": [0, 0, 8, 8], "texture": "#3"},
				"down": {"uv": [0, 0, 8, 8], "texture": "#2"}
			}
		},
		{
			"from": [3.5, 12, 3.5],
			"to": [4.5, 13, 5.25],
			"faces": {
				"north": {"uv": [0, 0, 1, 1], "texture": "#1"},
				"east": {"uv": [0, 0, 1.75, 1], "texture": "#1"},
				"south": {"uv": [0, 0, 1, 1], "texture": "#1"},
				"west": {"uv": [0, 0, 1.75, 1], "texture": "#1"},
				"up": {"uv": [0, 0, 1, 1.75], "texture": "#1"},
				"down": {"uv": [0, 0, 1, 1.75], "texture": "#1"}
			}
		},
		{
			"from": [2.5, 13, 3.5],
			"to": [3.5, 14, 5],
			"rotation": {"angle": 0, "axis": "y", "origin": [7, 9, 8]},
			"faces": {
				"north": {"uv": [0, 0, 1, 1], "texture": "#1"},
				"east": {"uv": [0, 0, 1.5, 1], "texture": "#1"},
				"south": {"uv": [0, 0, 1, 1], "texture": "#1"},
				"west": {"uv": [0, 0, 1.5, 1], "texture": "#1"},
				"up": {"uv": [0, 0, 1, 1.5], "texture": "#1"},
				"down": {"uv": [0, 0, 1, 1.5], "texture": "#1"}
			}
		},
		{
			"from": [2.5, 14, 4.25],
			"to": [3.5, 14.5, 5],
			"rotation": {"angle": 0, "axis": "y", "origin": [7, 9, 8]},
			"faces": {
				"north": {"uv": [0, 0, 1, 0.5], "texture": "#1"},
				"east": {"uv": [0, 0, 0.75, 0.5], "texture": "#1"},
				"south": {"uv": [0, 0, 1, 0.5], "texture": "#1"},
				"west": {"uv": [0, 0, 0.75, 0.5], "texture": "#1"},
				"up": {"uv": [0, 0, 1, 0.75], "texture": "#1"},
				"down": {"uv": [0, 0, 1, 0.75], "texture": "#1"}
			}
		},
		{
			"from": [2.5, 14, 3.5],
			"to": [3.5, 14.75, 4.25],
			"rotation": {"angle": 0, "axis": "y", "origin": [7, 9, 8]},
			"faces": {
				"north": {"uv": [0, 0, 1, 0.75], "texture": "#1"},
				"east": {"uv": [0, 0, 0.75, 0.75], "texture": "#1"},
				"south": {"uv": [0, 0, 1, 0.75], "texture": "#1"},
				"west": {"uv": [0, 0, 0.75, 0.75], "texture": "#1"},
				"up": {"uv": [0, 0, 1, 0.75], "texture": "#1"},
				"down": {"uv": [0, 0, 1, 0.75], "texture": "#1"}
			}
		},
		{
			"from": [3.5, 12, 10.75],
			"to": [4.5, 13, 12.5],
			"faces": {
				"north": {"uv": [1, 0, 2, 1], "texture": "#1"},
				"east": {"uv": [1.75, 0, 3.5, 1], "texture": "#1"},
				"south": {"uv": [1, 0, 2, 1], "texture": "#1"},
				"west": {"uv": [1.75, 0, 3.5, 1], "texture": "#1"},
				"up": {"uv": [0, 1.75, 1, 3.5], "texture": "#1"},
				"down": {"uv": [0, 1.75, 1, 3.5], "texture": "#1"}
			}
		},
		{
			"from": [2.5, 13, 11],
			"to": [3.5, 14, 12.5],
			"rotation": {"angle": 0, "axis": "y", "origin": [7, 9, 8]},
			"faces": {
				"north": {"uv": [1, 0, 2, 1], "texture": "#1"},
				"east": {"uv": [1.75, 0, 3.25, 1], "texture": "#1"},
				"south": {"uv": [1, 0, 2, 1], "texture": "#1"},
				"west": {"uv": [1.75, 0, 3.25, 1], "texture": "#1"},
				"up": {"uv": [0, 1.75, 1, 3.25], "texture": "#1"},
				"down": {"uv": [0, 1.75, 1, 3.25], "texture": "#1"}
			}
		},
		{
			"from": [2.5, 14, 11.5],
			"to": [3.5, 14.75, 12.5],
			"rotation": {"angle": 0, "axis": "y", "origin": [7, 9, 8]},
			"faces": {
				"north": {"uv": [1, 0, 2, 0.75], "texture": "#1"},
				"east": {"uv": [1.75, 0, 2.75, 0.75], "texture": "#1"},
				"south": {"uv": [1, 0, 2, 0.75], "texture": "#1"},
				"west": {"uv": [1.75, 0, 2.75, 0.75], "texture": "#1"},
				"up": {"uv": [0, 1.75, 1, 2.75], "texture": "#1"},
				"down": {"uv": [0, 1.75, 1, 2.75], "texture": "#1"}
			}
		},
		{
			"from": [11.5, 12, 3.5],
			"to": [12.5, 13, 5.25],
			"faces": {
				"north": {"uv": [1, 0, 2, 1], "texture": "#1"},
				"east": {"uv": [1.75, 0, 3.5, 1], "texture": "#1"},
				"south": {"uv": [1, 0, 2, 1], "texture": "#1"},
				"west": {"uv": [1.75, 0, 3.5, 1], "texture": "#1"},
				"up": {"uv": [1, 0, 2, 1.75], "texture": "#1"},
				"down": {"uv": [1, 0, 2, 1.75], "texture": "#1"}
			}
		},
		{
			"from": [12.5, 13, 3.5],
			"to": [13.5, 14, 5],
			"rotation": {"angle": 0, "axis": "y", "origin": [9, 9, 8]},
			"faces": {
				"north": {"uv": [1, 0, 2, 1], "texture": "#1"},
				"east": {"uv": [1.75, 0, 3.25, 1], "texture": "#1"},
				"south": {"uv": [1, 0, 2, 1], "texture": "#1"},
				"west": {"uv": [1.75, 0, 3.25, 1], "texture": "#1"},
				"up": {"uv": [1, 0, 2, 1.5], "texture": "#1"},
				"down": {"uv": [1, 0, 2, 1.5], "texture": "#1"}
			}
		},
		{
			"from": [12.5, 14, 3.75],
			"to": [13.5, 14.5, 5],
			"rotation": {"angle": 0, "axis": "y", "origin": [9, 9, 8]},
			"faces": {
				"north": {"uv": [1, 0, 2, 0.5], "texture": "#1"},
				"east": {"uv": [1.75, 0, 3, 0.5], "texture": "#1"},
				"south": {"uv": [1, 0, 2, 0.5], "texture": "#1"},
				"west": {"uv": [1.75, 0, 3, 0.5], "texture": "#1"},
				"up": {"uv": [1, 0, 2, 1.25], "texture": "#1"},
				"down": {"uv": [1, 0, 2, 1.25], "texture": "#1"}
			}
		},
		{
			"from": [11.5, 12, 10.75],
			"to": [12.5, 13, 12.5],
			"faces": {
				"north": {"uv": [0, 0, 1, 1], "texture": "#1"},
				"east": {"uv": [0, 0, 1.75, 1], "texture": "#1"},
				"south": {"uv": [0, 0, 1, 1], "texture": "#1"},
				"west": {"uv": [0, 0, 1.75, 1], "texture": "#1"},
				"up": {"uv": [1, 1.75, 2, 3.5], "texture": "#1"},
				"down": {"uv": [1, 1.75, 2, 3.5], "texture": "#1"}
			}
		},
		{
			"from": [12.5, 13, 11],
			"to": [13.5, 14, 12.5],
			"rotation": {"angle": 0, "axis": "y", "origin": [9, 9, 8]},
			"faces": {
				"north": {"uv": [0, 0, 1, 1], "texture": "#1"},
				"east": {"uv": [0, 0, 1.5, 1], "texture": "#1"},
				"south": {"uv": [0, 0, 1, 1], "texture": "#1"},
				"west": {"uv": [0, 0, 1.5, 1], "texture": "#1"},
				"up": {"uv": [1, 1.75, 2, 3.25], "texture": "#1"},
				"down": {"uv": [1, 1.75, 2, 3.25], "texture": "#1"}
			}
		},
		{
			"from": [12.5, 14, 11],
			"to": [13.5, 14.5, 12],
			"rotation": {"angle": 0, "axis": "y", "origin": [9, 9, 8]},
			"faces": {
				"north": {"uv": [0, 0, 1, 0.5], "texture": "#1"},
				"east": {"uv": [0, 0, 1, 0.5], "texture": "#1"},
				"south": {"uv": [0, 0, 1, 0.5], "texture": "#1"},
				"west": {"uv": [0, 0, 1, 0.5], "texture": "#1"},
				"up": {"uv": [1, 1.75, 2, 2.75], "texture": "#1"},
				"down": {"uv": [1, 1.75, 2, 2.75], "texture": "#1"}
			}
		},
		{
			"from": [4.5, 12, 3.5],
			"to": [5.25, 13, 4.5],
			"faces": {
				"north": {"uv": [0, 0, 0.75, 1], "texture": "#1"},
				"east": {"uv": [0, 0, 1, 1], "texture": "#1"},
				"south": {"uv": [0, 0, 0.75, 1], "texture": "#1"},
				"west": {"uv": [0, 0, 1, 1], "texture": "#1"},
				"up": {"uv": [0, 0, 0.75, 1], "texture": "#1"},
				"down": {"uv": [0, 0, 0.75, 1], "texture": "#1"}
			}
		},
		{
			"from": [4.5, 12, 11.5],
			"to": [5.25, 13, 12.5],
			"faces": {
				"north": {"uv": [0.75, 0, 1.5, 1], "texture": "#1"},
				"east": {"uv": [1, 0, 2, 1], "texture": "#1"},
				"south": {"uv": [0.75, 0, 1.5, 1], "texture": "#1"},
				"west": {"uv": [1, 0, 2, 1], "texture": "#1"},
				"up": {"uv": [0, 1, 0.75, 2], "texture": "#1"},
				"down": {"uv": [0, 1, 0.75, 2], "texture": "#1"}
			}
		},
		{
			"from": [10.75, 12, 3.5],
			"to": [11.5, 13, 4.5],
			"faces": {
				"north": {"uv": [0.75, 0, 1.5, 1], "texture": "#1"},
				"east": {"uv": [1, 0, 2, 1], "texture": "#1"},
				"south": {"uv": [0.75, 0, 1.5, 1], "texture": "#1"},
				"west": {"uv": [1, 0, 2, 1], "texture": "#1"},
				"up": {"uv": [0.75, 0, 1.5, 1], "texture": "#1"},
				"down": {"uv": [0.75, 0, 1.5, 1], "texture": "#1"}
			}
		},
		{
			"from": [3.5, 13, 2.5],
			"to": [5, 14, 3.5],
			"rotation": {"angle": 0, "axis": "y", "origin": [7.75, 9, 7]},
			"faces": {
				"north": {"uv": [2.25, 0, 0.75, 1], "texture": "#1"},
				"east": {"uv": [2, 0, 1, 1], "texture": "#1"},
				"south": {"uv": [2.25, 0, 0.75, 1], "texture": "#1"},
				"west": {"uv": [2, 0, 1, 1], "texture": "#1"},
				"up": {"uv": [2.25, 0, 0.75, 1], "texture": "#1"},
				"down": {"uv": [2.25, 0, 0.75, 1], "texture": "#1"}
			}
		},
		{
			"from": [4, 14, 2.5],
			"to": [5, 14.75, 3.5],
			"rotation": {"angle": 0, "axis": "y", "origin": [7.75, 9, 7]},
			"faces": {
				"north": {"uv": [2.25, 0, 3.25, 0.75], "texture": "#1"},
				"east": {"uv": [2, 0, 3, 0.75], "texture": "#1"},
				"south": {"uv": [2.25, 0, 3.25, 0.75], "texture": "#1"},
				"west": {"uv": [2, 0, 3, 0.75], "texture": "#1"},
				"up": {"uv": [2.25, 0, 3.25, 1], "texture": "#1"},
				"down": {"uv": [2.25, 0, 3.25, 1], "texture": "#1"}
			}
		},
		{
			"from": [3.5, 14, 2.5],
			"to": [4, 14.5, 3.5],
			"rotation": {"angle": 0, "axis": "y", "origin": [7.75, 9, 7]},
			"faces": {
				"north": {"uv": [2.25, 0, 2.75, 0.5], "texture": "#1"},
				"east": {"uv": [2, 0, 3, 0.5], "texture": "#1"},
				"south": {"uv": [2.25, 0, 2.75, 0.5], "texture": "#1"},
				"west": {"uv": [2, 0, 3, 0.5], "texture": "#1"},
				"up": {"uv": [2.25, 0, 2.75, 1], "texture": "#1"},
				"down": {"uv": [2.25, 0, 2.75, 1], "texture": "#1"}
			}
		},
		{
			"from": [11, 13, 2.5],
			"to": [12.5, 14, 3.5],
			"rotation": {"angle": 0, "axis": "y", "origin": [8.25, 9, 7]},
			"faces": {
				"north": {"uv": [0.75, 0, 2.25, 1], "texture": "#1"},
				"east": {"uv": [1, 0, 2, 1], "texture": "#1"},
				"south": {"uv": [0.75, 0, 2.25, 1], "texture": "#1"},
				"west": {"uv": [1, 0, 2, 1], "texture": "#1"},
				"up": {"uv": [0.75, 0, 2.25, 1], "texture": "#1"},
				"down": {"uv": [0.75, 0, 2.25, 1], "texture": "#1"}
			}
		},
		{
			"from": [11.75, 14, 2.5],
			"to": [12.5, 14.5, 3.5],
			"rotation": {"angle": 0, "axis": "y", "origin": [8.25, 9, 7]},
			"faces": {
				"north": {"uv": [0.75, 0, 1.5, 0.5], "texture": "#1"},
				"east": {"uv": [1, 0, 2, 0.5], "texture": "#1"},
				"south": {"uv": [0.75, 0, 1.5, 0.5], "texture": "#1"},
				"west": {"uv": [1, 0, 2, 0.5], "texture": "#1"},
				"up": {"uv": [0.75, 0, 1.5, 1], "texture": "#1"},
				"down": {"uv": [0.75, 0, 1.5, 1], "texture": "#1"}
			}
		},
		{
			"from": [11, 14, 2.5],
			"to": [11.75, 14.25, 3.5],
			"rotation": {"angle": 0, "axis": "y", "origin": [8.25, 9, 7]},
			"faces": {
				"north": {"uv": [0.75, 0, 1.5, 0.25], "texture": "#1"},
				"east": {"uv": [1, 0, 2, 0.25], "texture": "#1"},
				"south": {"uv": [0.75, 0, 1.5, 0.25], "texture": "#1"},
				"west": {"uv": [1, 0, 2, 0.25], "texture": "#1"},
				"up": {"uv": [0.75, 0, 1.5, 1], "texture": "#1"},
				"down": {"uv": [0.75, 0, 1.5, 1], "texture": "#1"}
			}
		},
		{
			"from": [3.5, 13, 12.5],
			"to": [5, 14, 13.5],
			"rotation": {"angle": 0, "axis": "y", "origin": [7.75, 9, 9]},
			"faces": {
				"north": {"uv": [0.75, 0, 2.25, 1], "texture": "#1"},
				"east": {"uv": [1, 0, 2, 1], "texture": "#1"},
				"south": {"uv": [0.75, 0, 2.25, 1], "texture": "#1"},
				"west": {"uv": [1, 0, 2, 1], "texture": "#1"},
				"up": {"uv": [2.25, 1, 0.75, 0], "texture": "#1"},
				"down": {"uv": [2.25, 1, 0.75, 0], "texture": "#1"}
			}
		},
		{
			"from": [3.5, 14, 12.5],
			"to": [4.75, 15, 13.5],
			"rotation": {"angle": 0, "axis": "y", "origin": [7.75, 9, 9]},
			"faces": {
				"north": {"uv": [0.75, 0, 2, 1], "texture": "#1"},
				"east": {"uv": [1, 0, 2, 1], "texture": "#1"},
				"south": {"uv": [0.75, 0, 2, 1], "texture": "#1"},
				"west": {"uv": [1, 0, 2, 1], "texture": "#1"},
				"up": {"uv": [2.25, 1, 3.5, 2], "texture": "#1"},
				"down": {"uv": [2.25, 1, 3.5, 2], "texture": "#1"}
			}
		},
		{
			"from": [11, 13, 12.5],
			"to": [12.5, 14, 13.5],
			"rotation": {"angle": 0, "axis": "y", "origin": [8.25, 9, 9]},
			"faces": {
				"north": {"uv": [2.25, 0, 0.75, 1], "texture": "#1"},
				"east": {"uv": [2, 0, 1, 1], "texture": "#1"},
				"south": {"uv": [2.25, 0, 0.75, 1], "texture": "#1"},
				"west": {"uv": [2, 0, 1, 1], "texture": "#1"},
				"up": {"uv": [0.75, 1, 2.25, 0], "texture": "#1"},
				"down": {"uv": [0.75, 1, 2.25, 0], "texture": "#1"}
			}
		},
		{
			"from": [11, 14, 12.5],
			"to": [12, 14.75, 13.5],
			"rotation": {"angle": 0, "axis": "y", "origin": [8.25, 9, 9]},
			"faces": {
				"north": {"uv": [2.25, 0, 3.25, 0.75], "texture": "#1"},
				"east": {"uv": [2, 0, 3, 0.75], "texture": "#1"},
				"south": {"uv": [2.25, 0, 3.25, 0.75], "texture": "#1"},
				"west": {"uv": [2, 0, 3, 0.75], "texture": "#1"},
				"up": {"uv": [0.75, 1, 1.75, 2], "texture": "#1"},
				"down": {"uv": [0.75, 1, 1.75, 2], "texture": "#1"}
			}
		},
		{
			"from": [10.75, 12, 11.5],
			"to": [11.5, 13, 12.5],
			"faces": {
				"north": {"uv": [0, 0, 0.75, 1], "texture": "#1"},
				"east": {"uv": [0, 0, 1, 1], "texture": "#1"},
				"south": {"uv": [0, 0, 0.75, 1], "texture": "#1"},
				"west": {"uv": [0, 0, 1, 1], "texture": "#1"},
				"up": {"uv": [0.75, 1, 1.5, 2], "texture": "#1"},
				"down": {"uv": [0.75, 1, 1.5, 2], "texture": "#1"}
			}
		},
		{
			"from": [3, 11, 5],
			"to": [4, 12, 11],
			"faces": {
				"north": {"uv": [0, 0, 1, 1], "texture": "#2"},
				"east": {"uv": [0, 0, 6, 1], "texture": "#2"},
				"south": {"uv": [0, 0, 1, 1], "texture": "#2"},
				"west": {"uv": [3, 2, 9, 3], "texture": "#2"},
				"up": {"uv": [0, 0, 1, 6], "texture": "#3"},
				"down": {"uv": [0, 0, 1, 6], "texture": "#2"}
			}
		},
		{
			"from": [2.5, 12, 5],
			"to": [3.5, 13, 11],
			"faces": {
				"north": {"uv": [0, 0, 1, 1], "texture": "#1"},
				"east": {"uv": [0, 0, 6, 1], "texture": "#1"},
				"south": {"uv": [0, 0, 1, 1], "texture": "#1"},
				"west": {"uv": [0, 0, 6, 1], "texture": "#1"},
				"up": {"uv": [0, 0, 1, 6], "texture": "#1"},
				"down": {"uv": [0, 0, 1, 6], "texture": "#1"}
			}
		},
		{
			"from": [2, 13, 5],
			"to": [3, 14, 11],
			"rotation": {"angle": 0, "axis": "y", "origin": [7.5, 9, 8]},
			"faces": {
				"north": {"uv": [0, 0, 1, 1], "texture": "#1"},
				"east": {"uv": [0, 0, 6, 1], "texture": "#1"},
				"south": {"uv": [0, 0, 1, 1], "texture": "#1"},
				"west": {"uv": [0, 0, 6, 1], "texture": "#1"},
				"up": {"uv": [0, 0, 1, 6], "texture": "#1"},
				"down": {"uv": [0, 0, 1, 6], "texture": "#1"}
			}
		},
		{
			"from": [1.84672, 13.7706, 8],
			"to": [2.84672, 15.0206, 10.3],
			"rotation": {"angle": 22.5, "axis": "z", "origin": [2.34672, 14.2706, 8]},
			"faces": {
				"north": {"uv": [0, 0, 1.25, 1], "rotation": 90, "texture": "#1"},
				"east": {"uv": [0, 0, 1.25, 2.3], "rotation": 270, "texture": "#1"},
				"south": {"uv": [0, 0, 1.25, 1], "rotation": 270, "texture": "#1"},
				"west": {"uv": [0, 0, 1.25, 2.3], "rotation": 270, "texture": "#1"},
				"up": {"uv": [0, 0, 2.3, 1], "rotation": 270, "texture": "#1"},
				"down": {"uv": [0, 0, 2.3, 1], "rotation": 270, "texture": "#1"}
			}
		},
		{
			"from": [13.15328, 13.7706, 7],
			"to": [14.15328, 15.0206, 9.8],
			"rotation": {"angle": -22.5, "axis": "z", "origin": [13.65328, 14.2706, 8]},
			"faces": {
				"north": {"uv": [0, 1, 1.25, 2], "rotation": 90, "texture": "#1"},
				"east": {"uv": [0, 2.3, 1.25, 5.1], "rotation": 270, "texture": "#1"},
				"south": {"uv": [0, 1, 1.25, 2], "rotation": 270, "texture": "#1"},
				"west": {"uv": [0, 2.3, 1.25, 5.1], "rotation": 270, "texture": "#1"},
				"up": {"uv": [0, 1, 2.8, 2], "rotation": 270, "texture": "#1"},
				"down": {"uv": [0, 1, 2.8, 2], "rotation": 270, "texture": "#1"}
			}
		},
		{
			"from": [1.84672, 13.7706, 10.3],
			"to": [2.84672, 14.5206, 11.05],
			"rotation": {"angle": 22.5, "axis": "z", "origin": [2.34672, 14.2706, 8]},
			"faces": {
				"north": {"uv": [0, 0, 0.75, 1], "rotation": 90, "texture": "#1"},
				"east": {"uv": [0, 0, 0.75, 0.75], "rotation": 270, "texture": "#1"},
				"south": {"uv": [0, 0, 0.75, 1], "rotation": 270, "texture": "#1"},
				"west": {"uv": [0, 0, 0.75, 0.75], "rotation": 270, "texture": "#1"},
				"up": {"uv": [0, 0, 0.75, 1], "rotation": 270, "texture": "#1"},
				"down": {"uv": [0, 0, 0.75, 1], "rotation": 270, "texture": "#1"}
			}
		},
		{
			"from": [13.15328, 13.7706, 9.8],
			"to": [14.15328, 14.5206, 11.05],
			"rotation": {"angle": -22.5, "axis": "z", "origin": [13.65328, 14.2706, 8]},
			"faces": {
				"north": {"uv": [0, 1, 0.75, 2], "rotation": 90, "texture": "#1"},
				"east": {"uv": [0, 0.75, 0.75, 2], "rotation": 270, "texture": "#1"},
				"south": {"uv": [0, 1, 0.75, 2], "rotation": 270, "texture": "#1"},
				"west": {"uv": [0, 0.75, 0.75, 2], "rotation": 270, "texture": "#1"},
				"up": {"uv": [0, 1, 1.25, 2], "rotation": 270, "texture": "#1"},
				"down": {"uv": [0, 1, 1.25, 2], "rotation": 270, "texture": "#1"}
			}
		},
		{
			"from": [1.84672, 13.7706, 7],
			"to": [2.84672, 14.5206, 8],
			"rotation": {"angle": 22.5, "axis": "z", "origin": [2.34672, 14.2706, 8]},
			"faces": {
				"north": {"uv": [0, 0, 0.75, 1], "rotation": 90, "texture": "#1"},
				"east": {"uv": [0, 0, 0.75, 1], "rotation": 270, "texture": "#1"},
				"south": {"uv": [0, 0, 0.75, 1], "rotation": 270, "texture": "#1"},
				"west": {"uv": [0, 0, 0.75, 1], "rotation": 270, "texture": "#1"},
				"up": {"uv": [0, 0, 1, 1], "rotation": 270, "texture": "#1"},
				"down": {"uv": [0, 0, 1, 1], "rotation": 270, "texture": "#1"}
			}
		},
		{
			"from": [1.84672, 13.7706, 5.75],
			"to": [2.84672, 14.7706, 7],
			"rotation": {"angle": 22.5, "axis": "z", "origin": [2.34672, 14.2706, 8]},
			"faces": {
				"north": {"uv": [0, 0, 1, 1], "rotation": 90, "texture": "#1"},
				"east": {"uv": [0, 0, 1, 1.25], "rotation": 270, "texture": "#1"},
				"south": {"uv": [0, 0, 1, 1], "rotation": 270, "texture": "#1"},
				"west": {"uv": [0, 0, 1, 1.25], "rotation": 270, "texture": "#1"},
				"up": {"uv": [0, 0, 1.25, 1], "rotation": 270, "texture": "#1"},
				"down": {"uv": [0, 0, 1.25, 1], "rotation": 270, "texture": "#1"}
			}
		},
		{
			"from": [13.15328, 13.7706, 5.75],
			"to": [14.15328, 14.8706, 7],
			"rotation": {"angle": -22.5, "axis": "z", "origin": [13.65328, 14.2706, 8]},
			"faces": {
				"north": {"uv": [0, 1, 1.1, 2], "rotation": 90, "texture": "#1"},
				"east": {"uv": [0, 1.25, 1.1, 2.5], "rotation": 270, "texture": "#1"},
				"south": {"uv": [0, 1, 1.1, 2], "rotation": 270, "texture": "#1"},
				"west": {"uv": [0, 1.25, 1.1, 2.5], "rotation": 270, "texture": "#1"},
				"up": {"uv": [0, 1, 1.25, 2], "rotation": 270, "texture": "#1"},
				"down": {"uv": [0, 1, 1.25, 2], "rotation": 270, "texture": "#1"}
			}
		},
		{
			"from": [1.84672, 13.7706, 4.95],
			"to": [2.84672, 14.5206, 5.75],
			"rotation": {"angle": 22.5, "axis": "z", "origin": [2.34672, 14.2706, 8]},
			"faces": {
				"north": {"uv": [0, 0, 0.75, 1], "rotation": 90, "texture": "#1"},
				"east": {"uv": [0, 0, 0.75, 0.8], "rotation": 270, "texture": "#1"},
				"south": {"uv": [0, 0, 0.75, 1], "rotation": 270, "texture": "#1"},
				"west": {"uv": [0, 0, 0.75, 0.8], "rotation": 270, "texture": "#1"},
				"up": {"uv": [0, 0, 0.8, 1], "rotation": 270, "texture": "#1"},
				"down": {"uv": [0, 0, 0.8, 1], "rotation": 270, "texture": "#1"}
			}
		},
		{
			"from": [13.15328, 13.7706, 5.2],
			"to": [14.15328, 14.5206, 5.75],
			"rotation": {"angle": -22.5, "axis": "z", "origin": [13.65328, 14.2706, 8]},
			"faces": {
				"north": {"uv": [0, 1, 0.75, 2], "rotation": 90, "texture": "#1"},
				"east": {"uv": [0, 0.8, 0.75, 1.35], "rotation": 270, "texture": "#1"},
				"south": {"uv": [0, 1, 0.75, 2], "rotation": 270, "texture": "#1"},
				"west": {"uv": [0, 0.8, 0.75, 1.35], "rotation": 270, "texture": "#1"},
				"up": {"uv": [0, 1, 0.55, 2], "rotation": 270, "texture": "#1"},
				"down": {"uv": [0, 1, 0.55, 2], "rotation": 270, "texture": "#1"}
			}
		},
		{
			"from": [12, 11, 5],
			"to": [13, 12, 11],
			"rotation": {"angle": 0, "axis": "y", "origin": [17, 8, 8]},
			"faces": {
				"north": {"uv": [0, 0, 1, 1], "texture": "#2"},
				"east": {"uv": [2, 2, 8, 3], "texture": "#2"},
				"south": {"uv": [0, 0, 1, 1], "texture": "#2"},
				"west": {"uv": [0, 0, 6, 1], "texture": "#2"},
				"up": {"uv": [0, 0, 1, 6], "texture": "#3"},
				"down": {"uv": [0, 0, 1, 6], "texture": "#2"}
			}
		},
		{
			"from": [12.5, 12, 5],
			"to": [13.5, 13, 11],
			"rotation": {"angle": 0, "axis": "y", "origin": [17, 8, 8]},
			"faces": {
				"north": {"uv": [0, 0, 1, 1], "texture": "#1"},
				"east": {"uv": [0, 0, 6, 1], "texture": "#1"},
				"south": {"uv": [0, 0, 1, 1], "texture": "#1"},
				"west": {"uv": [0, 0, 6, 1], "texture": "#1"},
				"up": {"uv": [0, 0, 1, 6], "texture": "#1"},
				"down": {"uv": [0, 0, 1, 6], "texture": "#1"}
			}
		},
		{
			"from": [13, 13, 5],
			"to": [14, 14, 11],
			"rotation": {"angle": 0, "axis": "y", "origin": [17.5, 9, 8]},
			"faces": {
				"north": {"uv": [0, 0, 1, 1], "texture": "#1"},
				"east": {"uv": [0, 0, 6, 1], "texture": "#1"},
				"south": {"uv": [0, 0, 1, 1], "texture": "#1"},
				"west": {"uv": [0, 0, 6, 1], "texture": "#1"},
				"up": {"uv": [0, 0, 1, 6], "texture": "#1"},
				"down": {"uv": [0, 0, 1, 6], "texture": "#1"}
			}
		},
		{
			"from": [5, 11, 12],
			"to": [11, 12, 13],
			"faces": {
				"north": {"uv": [0, 0, 6, 1], "texture": "#2"},
				"east": {"uv": [0, 0, 1, 1], "texture": "#2"},
				"south": {"uv": [1, 3, 7, 4], "texture": "#2"},
				"west": {"uv": [0, 0, 1, 1], "texture": "#2"},
				"up": {"uv": [0, 0, 6, 1], "texture": "#3"},
				"down": {"uv": [0, 0, 6, 1], "texture": "#2"}
			}
		},
		{
			"from": [5, 12, 12.5],
			"to": [11, 13, 13.5],
			"faces": {
				"north": {"uv": [0, 0, 6, 1], "texture": "#1"},
				"east": {"uv": [0, 0, 1, 1], "texture": "#1"},
				"south": {"uv": [0, 0, 6, 1], "texture": "#1"},
				"west": {"uv": [0, 0, 1, 1], "texture": "#1"},
				"up": {"uv": [0, 0, 6, 1], "texture": "#1"},
				"down": {"uv": [0, 0, 6, 1], "texture": "#1"}
			}
		},
		{
			"from": [5, 13, 13],
			"to": [11, 14, 14],
			"rotation": {"angle": 0, "axis": "y", "origin": [8, 9, 8.5]},
			"faces": {
				"north": {"uv": [0, 0, 6, 1], "texture": "#1"},
				"east": {"uv": [0, 0, 1, 1], "texture": "#1"},
				"south": {"uv": [0, 0, 6, 1], "texture": "#1"},
				"west": {"uv": [0, 0, 1, 1], "texture": "#1"},
				"up": {"uv": [0, 0, 6, 1], "texture": "#1"},
				"down": {"uv": [0, 0, 6, 1], "texture": "#1"}
			}
		},
		{
			"from": [5, 11, 3],
			"to": [11, 12, 4],
			"rotation": {"angle": 0, "axis": "y", "origin": [8, 8, -1]},
			"faces": {
				"north": {"uv": [5, 1, 11, 2], "texture": "#2"},
				"east": {"uv": [0, 0, 1, 1], "texture": "#2"},
				"south": {"uv": [0, 0, 6, 1], "texture": "#2"},
				"west": {"uv": [0, 0, 1, 1], "texture": "#2"},
				"up": {"uv": [0, 0, 6, 1], "texture": "#3"},
				"down": {"uv": [0, 0, 6, 1], "texture": "#2"}
			}
		},
		{
			"from": [5, 12, 2.5],
			"to": [11, 13, 3.5],
			"rotation": {"angle": 0, "axis": "y", "origin": [8, 8, -1]},
			"faces": {
				"north": {"uv": [0, 0, 6, 1], "texture": "#1"},
				"east": {"uv": [0, 0, 1, 1], "texture": "#1"},
				"south": {"uv": [0, 0, 6, 1], "texture": "#1"},
				"west": {"uv": [0, 0, 1, 1], "texture": "#1"},
				"up": {"uv": [0, 0, 6, 1], "texture": "#1"},
				"down": {"uv": [0, 0, 6, 1], "texture": "#1"}
			}
		},
		{
			"from": [5, 13, 2],
			"to": [11, 14, 3],
			"rotation": {"angle": 0, "axis": "y", "origin": [8, 9, -1.5]},
			"faces": {
				"north": {"uv": [0, 0, 6, 1], "texture": "#1"},
				"east": {"uv": [0, 0, 1, 1], "texture": "#1"},
				"south": {"uv": [0, 0, 6, 1], "texture": "#1"},
				"west": {"uv": [0, 0, 1, 1], "texture": "#1"},
				"up": {"uv": [0, 0, 6, 1], "texture": "#1"},
				"down": {"uv": [0, 0, 6, 1], "texture": "#1"}
			}
		},
		{
			"from": [6, 13.73254, 1.65538],
			"to": [8.75, 15.73254, 2.65538],
			"rotation": {"angle": -22.5, "axis": "x", "origin": [6.5, 14.73254, 2.15538]},
			"faces": {
				"north": {"uv": [0, 0, 2.75, 2], "texture": "#1"},
				"east": {"uv": [0, 0, 1, 2], "texture": "#1"},
				"south": {"uv": [0, 0, 2.75, 2], "texture": "#1"},
				"west": {"uv": [0, 0, 1, 2], "texture": "#1"},
				"up": {"uv": [0, 0, 2.75, 1], "texture": "#1"},
				"down": {"uv": [0, 0, 2.75, 1], "texture": "#1"}
			}
		},
		{
			"from": [7, 13.73254, 13.34462],
			"to": [8.5, 15.23254, 14.34462],
			"rotation": {"angle": 22.5, "axis": "x", "origin": [6.5, 14.73254, 13.84462]},
			"faces": {
				"north": {"uv": [2.75, 0, 4.25, 1.5], "texture": "#1"},
				"east": {"uv": [1, 0, 2, 1.5], "texture": "#1"},
				"south": {"uv": [2.75, 0, 4.25, 1.5], "texture": "#1"},
				"west": {"uv": [1, 0, 2, 1.5], "texture": "#1"},
				"up": {"uv": [0, 1, 1.5, 2], "texture": "#1"},
				"down": {"uv": [0, 1, 1.5, 2], "texture": "#1"}
			}
		},
		{
			"from": [4.95, 13.73254, 1.65538],
			"to": [6, 14.98254, 2.65538],
			"rotation": {"angle": -22.5, "axis": "x", "origin": [6.5, 14.73254, 2.15538]},
			"faces": {
				"north": {"uv": [0, 0, 1.05, 1.25], "texture": "#1"},
				"east": {"uv": [0, 0, 1, 1.25], "texture": "#1"},
				"south": {"uv": [0, 0, 1.05, 1.25], "texture": "#1"},
				"west": {"uv": [0, 0, 1, 1.25], "texture": "#1"},
				"up": {"uv": [0, 0, 1.05, 1], "texture": "#1"},
				"down": {"uv": [0, 0, 1.05, 1], "texture": "#1"}
			}
		},
		{
			"from": [5.45, 13.73254, 13.34462],
			"to": [7, 14.48254, 14.34462],
			"rotation": {"angle": 22.5, "axis": "x", "origin": [6.5, 14.73254, 13.84462]},
			"faces": {
				"north": {"uv": [1.05, 0, 2.6, 0.75], "texture": "#1"},
				"east": {"uv": [1, 0, 2, 0.75], "texture": "#1"},
				"south": {"uv": [1.05, 0, 2.6, 0.75], "texture": "#1"},
				"west": {"uv": [1, 0, 2, 0.75], "texture": "#1"},
				"up": {"uv": [0, 1, 1.55, 2], "texture": "#1"},
				"down": {"uv": [0, 1, 1.55, 2], "texture": "#1"}
			}
		},
		{
			"from": [8.75, 13.73254, 1.65538],
			"to": [10, 14.98254, 2.65538],
			"rotation": {"angle": -22.5, "axis": "x", "origin": [6.5, 14.73254, 2.15538]},
			"faces": {
				"north": {"uv": [0, 0, 1.25, 1.25], "texture": "#1"},
				"east": {"uv": [0, 0, 1, 1.25], "texture": "#1"},
				"south": {"uv": [0, 0, 1.25, 1.25], "texture": "#1"},
				"west": {"uv": [0, 0, 1, 1.25], "texture": "#1"},
				"up": {"uv": [0, 0, 1.25, 1], "texture": "#1"},
				"down": {"uv": [0, 0, 1.25, 1], "texture": "#1"}
			}
		},
		{
			"from": [8.5, 13.73254, 13.34462],
			"to": [10, 15.48254, 14.34462],
			"rotation": {"angle": 22.5, "axis": "x", "origin": [6.5, 14.73254, 13.84462]},
			"faces": {
				"north": {"uv": [1.25, 0, 2.75, 1.75], "texture": "#1"},
				"east": {"uv": [1, 0, 2, 1.75], "texture": "#1"},
				"south": {"uv": [1.25, 0, 2.75, 1.75], "texture": "#1"},
				"west": {"uv": [1, 0, 2, 1.75], "texture": "#1"},
				"up": {"uv": [0, 1, 1.5, 2], "texture": "#1"},
				"down": {"uv": [0, 1, 1.5, 2], "texture": "#1"}
			}
		},
		{
			"from": [10, 13.73254, 1.65538],
			"to": [11.05, 14.48254, 2.65538],
			"rotation": {"angle": -22.5, "axis": "x", "origin": [6.5, 14.73254, 2.15538]},
			"faces": {
				"north": {"uv": [0, 0, 1.05, 0.75], "texture": "#1"},
				"east": {"uv": [0, 0, 1, 0.75], "texture": "#1"},
				"south": {"uv": [0, 0, 1.05, 0.75], "texture": "#1"},
				"west": {"uv": [0, 0, 1, 0.75], "texture": "#1"},
				"up": {"uv": [0, 0, 1.05, 1], "texture": "#1"},
				"down": {"uv": [0, 0, 1.05, 1], "texture": "#1"}
			}
		},
		{
			"from": [10, 13.73254, 13.34462],
			"to": [11.05, 14.98254, 14.34462],
			"rotation": {"angle": 22.5, "axis": "x", "origin": [6.5, 14.73254, 13.84462]},
			"faces": {
				"north": {"uv": [1.05, 0, 2.1, 1.25], "texture": "#1"},
				"east": {"uv": [1, 0, 2, 1.25], "texture": "#1"},
				"south": {"uv": [1.05, 0, 2.1, 1.25], "texture": "#1"},
				"west": {"uv": [1, 0, 2, 1.25], "texture": "#1"},
				"up": {"uv": [0, 1, 1.05, 2], "texture": "#1"},
				"down": {"uv": [0, 1, 1.05, 2], "texture": "#1"}
			}
		},
		{
			"from": [2, 10, 3],
			"to": [3, 11, 13],
			"faces": {
				"north": {"uv": [0, 0, 1, 1], "texture": "#1"},
				"east": {"uv": [0, 0, 10, 1], "texture": "#1"},
				"south": {"uv": [0, 0, 1, 1], "texture": "#1"},
				"west": {"uv": [0, 0, 10, 1], "texture": "#1"},
				"up": {"uv": [0, 0, 1, 10], "texture": "#1"},
				"down": {"uv": [0, 0, 1, 10], "texture": "#1"}
			}
		},
		{
			"from": [13, 10, 3],
			"to": [14, 11, 13],
			"rotation": {"angle": 0, "axis": "y", "origin": [19, 8, 8]},
			"faces": {
				"north": {"uv": [0, 0, 1, 1], "texture": "#1"},
				"east": {"uv": [0, 0, 10, 1], "texture": "#1"},
				"south": {"uv": [0, 0, 1, 1], "texture": "#1"},
				"west": {"uv": [0, 0, 10, 1], "texture": "#1"},
				"up": {"uv": [0, 0, 1, 10], "texture": "#1"},
				"down": {"uv": [0, 0, 1, 10], "texture": "#1"}
			}
		},
		{
			"from": [13, 2, 13],
			"to": [15, 9, 15],
			"faces": {
				"north": {"uv": [0, 0, 2, 7], "texture": "#1"},
				"east": {"uv": [0, 0, 2, 7], "texture": "#1"},
				"south": {"uv": [0, 0, 2, 7], "texture": "#1"},
				"west": {"uv": [0, 0, 2, 7], "texture": "#1"},
				"up": {"uv": [0, 0, 2, 2], "texture": "#1"},
				"down": {"uv": [0, 0, 2, 2], "texture": "#1"}
			}
		},
		{
			"from": [13, 2, 1],
			"to": [15, 9, 3],
			"faces": {
				"north": {"uv": [2, 0, 4, 7], "texture": "#1"},
				"east": {"uv": [2, 0, 4, 7], "texture": "#1"},
				"south": {"uv": [2, 0, 4, 7], "texture": "#1"},
				"west": {"uv": [2, 0, 4, 7], "texture": "#1"},
				"up": {"uv": [0, 2, 2, 4], "texture": "#1"},
				"down": {"uv": [0, 2, 2, 4], "texture": "#1"}
			}
		},
		{
			"from": [13, 9, 1.5],
			"to": [14.5, 10, 3],
			"faces": {
				"north": {"uv": [2, 0, 3.5, 1], "texture": "#1"},
				"east": {"uv": [2, 0, 3.5, 1], "texture": "#1"},
				"south": {"uv": [2, 0, 3.5, 1], "texture": "#1"},
				"west": {"uv": [2, 0, 3.5, 1], "texture": "#1"},
				"up": {"uv": [0, 2, 1.5, 3.5], "texture": "#1"},
				"down": {"uv": [0, 2, 1.5, 3.5], "texture": "#1"}
			}
		},
		{
			"from": [13, 9, 13],
			"to": [14.5, 10, 14.5],
			"faces": {
				"north": {"uv": [3.5, 0, 2, 1], "texture": "#1"},
				"east": {"uv": [3.5, 0, 2, 1], "texture": "#1"},
				"south": {"uv": [3.5, 0, 2, 1], "texture": "#1"},
				"west": {"uv": [3.5, 0, 2, 1], "texture": "#1"},
				"up": {"uv": [0, 3.5, 1.5, 2], "texture": "#1"},
				"down": {"uv": [0, 3.5, 1.5, 2], "texture": "#1"}
			}
		},
		{
			"from": [1.5, 9, 1.5],
			"to": [3, 10, 3],
			"faces": {
				"north": {"uv": [3.5, 0, 2, 1], "texture": "#1"},
				"east": {"uv": [3.5, 0, 2, 1], "texture": "#1"},
				"south": {"uv": [3.5, 0, 2, 1], "texture": "#1"},
				"west": {"uv": [3.5, 0, 2, 1], "texture": "#1"},
				"up": {"uv": [1.5, 2, 0, 3.5], "texture": "#1"},
				"down": {"uv": [1.5, 2, 0, 3.5], "texture": "#1"}
			}
		},
		{
			"from": [1.5, 9, 13],
			"to": [3, 10, 14.5],
			"faces": {
				"north": {"uv": [2, 0, 3.5, 1], "texture": "#1"},
				"east": {"uv": [2, 0, 3.5, 1], "texture": "#1"},
				"south": {"uv": [2, 0, 3.5, 1], "texture": "#1"},
				"west": {"uv": [2, 0, 3.5, 1], "texture": "#1"},
				"up": {"uv": [1.5, 3.5, 0, 2], "texture": "#1"},
				"down": {"uv": [1.5, 3.5, 0, 2], "texture": "#1"}
			}
		},
		{
			"from": [1, 2, 13],
			"to": [3, 9, 15],
			"faces": {
				"north": {"uv": [2, 0, 4, 7], "texture": "#1"},
				"east": {"uv": [2, 0, 4, 7], "texture": "#1"},
				"south": {"uv": [2, 0, 4, 7], "texture": "#1"},
				"west": {"uv": [2, 0, 4, 7], "texture": "#1"},
				"up": {"uv": [2, 0, 4, 2], "texture": "#1"},
				"down": {"uv": [2, 0, 4, 2], "texture": "#1"}
			}
		},
		{
			"from": [1, 2, 1],
			"to": [3, 9, 3],
			"faces": {
				"north": {"uv": [0, 0, 2, 7], "texture": "#1"},
				"east": {"uv": [0, 0, 2, 7], "texture": "#1"},
				"south": {"uv": [0, 0, 2, 7], "texture": "#1"},
				"west": {"uv": [0, 0, 2, 7], "texture": "#1"},
				"up": {"uv": [2, 2, 4, 4], "texture": "#1"},
				"down": {"uv": [2, 2, 4, 4], "texture": "#1"}
			}
		},
		{
			"from": [3, 1, 1],
			"to": [13, 10, 15],
			"faces": {
				"north": {"uv": [0, 0, 10, 9], "texture": "#1"},
				"east": {"uv": [0, 0, 14, 9], "texture": "#1"},
				"south": {"uv": [0, 0, 10, 9], "texture": "#1"},
				"west": {"uv": [0, 0, 14, 9], "texture": "#1"},
				"up": {"uv": [0, 0, 10, 14], "texture": "#1"},
				"down": {"uv": [0, 0, 10, 14], "texture": "#1"}
			}
		},
		{
			"from": [4, 1.5, 0],
			"to": [12, 9, 1],
			"faces": {
				"north": {"uv": [0, 0, 8, 7.5], "texture": "#1"},
				"east": {"uv": [0, 0, 1, 7.5], "texture": "#1"},
				"south": {"uv": [0, 0, 8, 7.5], "texture": "#1"},
				"west": {"uv": [0, 0, 1, 7.5], "texture": "#1"},
				"up": {"uv": [0, 0, 8, 1], "texture": "#1"},
				"down": {"uv": [0, 0, 8, 1], "texture": "#1"}
			}
		},
		{
			"from": [4, 1.5, 15],
			"to": [12, 9, 16],
			"faces": {
				"north": {"uv": [8, 0, 16, 7.5], "texture": "#1"},
				"east": {"uv": [1, 0, 2, 7.5], "texture": "#1"},
				"south": {"uv": [8, 0, 16, 7.5], "texture": "#1"},
				"west": {"uv": [1, 0, 2, 7.5], "texture": "#1"},
				"up": {"uv": [0, 1, 8, 2], "texture": "#1"},
				"down": {"uv": [0, 1, 8, 2], "texture": "#1"}
			}
		},
		{
			"from": [1, 1, 3],
			"to": [3, 10, 13],
			"faces": {
				"north": {"uv": [0, 0, 2, 9], "texture": "#1"},
				"east": {"uv": [0, 0, 10, 9], "texture": "#1"},
				"south": {"uv": [0, 0, 2, 9], "texture": "#1"},
				"west": {"uv": [0, 0, 10, 9], "texture": "#1"},
				"up": {"uv": [0, 0, 2, 10], "texture": "#1"},
				"down": {"uv": [0, 0, 2, 10], "texture": "#1"}
			}
		},
		{
			"from": [0, 1.5, 4],
			"to": [1, 9, 12],
			"faces": {
				"north": {"uv": [0, 0, 1, 7.5], "texture": "#1"},
				"east": {"uv": [0, 0, 8, 7.5], "texture": "#1"},
				"south": {"uv": [0, 0, 1, 7.5], "texture": "#1"},
				"west": {"uv": [0, 0, 8, 7.5], "texture": "#1"},
				"up": {"uv": [0, 0, 1, 8], "texture": "#1"},
				"down": {"uv": [0, 0, 1, 8], "texture": "#1"}
			}
		},
		{
			"from": [15, 1.5, 4],
			"to": [16, 9, 12],
			"faces": {
				"north": {"uv": [1, 0, 2, 7.5], "texture": "#1"},
				"east": {"uv": [8, 0, 16, 7.5], "texture": "#1"},
				"south": {"uv": [1, 0, 2, 7.5], "texture": "#1"},
				"west": {"uv": [8, 0, 16, 7.5], "texture": "#1"},
				"up": {"uv": [1, 0, 2, 8], "texture": "#1"},
				"down": {"uv": [1, 0, 2, 8], "texture": "#1"}
			}
		},
		{
			"from": [13, 1, 3],
			"to": [15, 10, 13],
			"rotation": {"angle": 0, "axis": "y", "origin": [20, 8, 8]},
			"faces": {
				"north": {"uv": [0, 0, 2, 9], "texture": "#1"},
				"east": {"uv": [0, 0, 10, 9], "texture": "#1"},
				"south": {"uv": [0, 0, 2, 9], "texture": "#1"},
				"west": {"uv": [0, 0, 10, 9], "texture": "#1"},
				"up": {"uv": [0, 0, 2, 10], "texture": "#1"},
				"down": {"uv": [0, 0, 2, 10], "texture": "#1"}
			}
		}
	],
	"display": {
		"thirdperson_righthand": {
			"rotation": [47, 0, 0],
			"translation": [0.5, 3.75, 0]
		},
		"thirdperson_lefthand": {
			"rotation": [47, 0, 0],
			"translation": [0.5, 3.75, 0]
		},
		"firstperson_righthand": {
			"translation": [0, 0.5, 0]
		},
		"ground": {
			"translation": [0, 4.75, 0]
		},
		"gui": {
			"rotation": [31, 55, 0],
			"translation": [0, 1, 0]
		},
		"head": {
			"translation": [0, -19.25, 0],
			"scale": [3, 3, 3]
		},
		"fixed": {
			"translation": [0, 4, 0],
			"scale": [2, 2, 2]
		}
	}
}