{
	"credit": "Made by MILENARY",
	"textures": {
		"2": "block/mushroom_bottom",
		"3": "block/mushroom_root",
		"4": "block/buff_2_face",
		"5": "block/green_mushroom",
		"particle": "block/buff_2_face"
	},
	"elements": [
		{
			"from": [3, 0, 6],
			"to": [13, 6.5, 10],
			"faces": {
				"north": {"uv": [0, 0, 6, 6.5], "texture": "#3"},
				"east": {"uv": [9.5, 3.5, 13.5, 10], "texture": "#3"},
				"south": {"uv": [0, 0, 6, 6.5], "texture": "#3"},
				"west": {"uv": [12, 7, 16, 13.5], "texture": "#3"},
				"up": {"uv": [0, 0, 6, 4], "texture": "#3"},
				"down": {"uv": [0, 0, 6, 4], "texture": "#3"}
			}
		},
		{
			"from": [-0.75, 3.5, 6.75],
			"to": [3.25, 6, 9.5],
			"rotation": {"angle": 0, "axis": "z", "origin": [8.25, 8, 8]},
			"faces": {
				"north": {"uv": [0, 0, 4, 2.5], "texture": "#3"},
				"east": {"uv": [9.5, 3.5, 13.5, 10], "texture": "#3"},
				"south": {"uv": [0, 0, 4, 2.5], "texture": "#3"},
				"west": {"uv": [12, 7, 14.75, 9.5], "texture": "#3"},
				"up": {"uv": [0, 0, 4, 2.75], "texture": "#3"},
				"down": {"uv": [0, 0, 4, 2.75], "texture": "#3"}
			}
		},
		{
			"from": [12.75, 3.5, 6.75],
			"to": [16.75, 6, 9.5],
			"rotation": {"angle": 0, "axis": "z", "origin": [7.75, 8, 8]},
			"faces": {
				"north": {"uv": [4, 0, 0, 2.5], "texture": "#3"},
				"east": {"uv": [14.75, 7, 12, 9.5], "texture": "#3"},
				"south": {"uv": [4, 0, 0, 2.5], "texture": "#3"},
				"west": {"uv": [13.5, 3.5, 9.5, 10], "texture": "#3"},
				"up": {"uv": [4, 0, 0, 2.75], "texture": "#3"},
				"down": {"uv": [4, 0, 0, 2.75], "texture": "#3"}
			}
		},
		{
			"from": [3, 1, 10],
			"to": [13, 6.5, 11.5],
			"rotation": {"angle": 0, "axis": "y", "origin": [8, 8, 13.5]},
			"faces": {
				"north": {"uv": [0, 0, 6, 6.5], "texture": "#3"},
				"east": {"uv": [9.5, 3.5, 11, 9], "texture": "#3"},
				"south": {"uv": [5, 5, 15, 10.5], "texture": "#3"},
				"west": {"uv": [2, 6, 3.5, 11.5], "texture": "#3"},
				"up": {"uv": [0, 0, 6, 4], "texture": "#3"},
				"down": {"uv": [0, 0, 6, 4], "texture": "#3"}
			}
		},
		{
			"from": [3, 1, 4.5],
			"to": [13, 6.5, 6],
			"faces": {
				"north": {"uv": [0.5, 3, 10.5, 8.5], "texture": "#3"},
				"east": {"uv": [7, 3, 8.5, 8.5], "texture": "#3"},
				"south": {"uv": [0, 0, 6, 6.5], "texture": "#3"},
				"west": {"uv": [12, 2.5, 13.5, 8], "texture": "#3"},
				"up": {"uv": [0, 0, 6, 4], "texture": "#3"},
				"down": {"uv": [0, 0, 6, 4], "texture": "#3"}
			}
		},
		{
			"from": [4, -0.25, 4],
			"to": [12, 7, 12],
			"faces": {
				"north": {"uv": [6, 3.5, 14, 11], "texture": "#3"},
				"east": {"uv": [3, 1.5, 11, 9], "texture": "#3"},
				"south": {"uv": [4, 1.5, 12, 9], "texture": "#3"},
				"west": {"uv": [1, 2.5, 9, 10], "texture": "#3"},
				"up": {"uv": [4, 1.5, 8, 5.5], "texture": "#3"},
				"down": {"uv": [5, 1.5, 13, 9.5], "texture": "#3"}
			}
		},
		{
			"from": [6, 0, 3],
			"to": [10, 6.5, 13],
			"faces": {
				"north": {"uv": [0, 0, 4, 6.5], "texture": "#3"},
				"east": {"uv": [3.5, 1.5, 9.5, 8], "texture": "#3"},
				"south": {"uv": [4.5, 2.5, 8.5, 9], "texture": "#3"},
				"west": {"uv": [2.5, 2.5, 8.5, 9], "texture": "#3"},
				"up": {"uv": [0, 0, 4, 6], "texture": "#3"},
				"down": {"uv": [0, 0, 4, 6], "texture": "#3"}
			}
		},
		{
			"from": [8, 2.5, 2.95],
			"to": [12, 6.5, 2.95],
			"rotation": {"angle": 0, "axis": "y", "origin": [8, 8, 7.95]},
			"faces": {
				"north": {"uv": [1.5, 2.5, 7.5, 8.5], "texture": "#4"},
				"east": {"uv": [0, 0, 16, 16], "texture": "#4"},
				"south": {"uv": [0, 0, 16, 16], "texture": "#4"},
				"west": {"uv": [0, 0, 16, 16], "texture": "#4"},
				"up": {"uv": [0, 0, 16, 16], "texture": "#4"},
				"down": {"uv": [0, 0, 16, 16], "texture": "#4"}
			}
		},
		{
			"from": [4, 1.75, 2.95],
			"to": [8, 6.5, 2.95],
			"rotation": {"angle": 0, "axis": "y", "origin": [4, 8, 7.95]},
			"faces": {
				"north": {"uv": [9, 2.5, 15, 9], "texture": "#4"},
				"east": {"uv": [0, 0, 16, 16], "texture": "#4"},
				"south": {"uv": [0, 0, 16, 16], "texture": "#4"},
				"west": {"uv": [0, 0, 16, 16], "texture": "#4"},
				"up": {"uv": [0, 0, 16, 16], "texture": "#4"},
				"down": {"uv": [0, 0, 16, 16], "texture": "#4"}
			}
		},
		{
			"from": [6.25, 0, 2.9],
			"to": [10.25, 3.5, 2.9],
			"rotation": {"angle": 0, "axis": "y", "origin": [4.75, 5.25, 7.95]},
			"faces": {
				"north": {"uv": [4.5, 9.5, 11, 16], "texture": "#4"},
				"east": {"uv": [0, 0, 16, 16], "texture": "#4"},
				"south": {"uv": [0, 0, 16, 16], "texture": "#4"},
				"west": {"uv": [0, 0, 16, 16], "texture": "#4"},
				"up": {"uv": [0, 0, 16, 16], "texture": "#4"},
				"down": {"uv": [0, 0, 16, 16], "texture": "#4"}
			}
		},
		{
			"from": [4.5, 1, 3],
			"to": [6, 6.5, 13],
			"faces": {
				"north": {"uv": [2.5, 3, 4, 8.5], "texture": "#3"},
				"east": {"uv": [3.5, 1.5, 9.5, 8], "texture": "#3"},
				"south": {"uv": [4.5, 2.5, 6, 8], "texture": "#3"},
				"west": {"uv": [1.5, 4.5, 11.5, 10], "texture": "#3"},
				"up": {"uv": [0, 0, 4, 6], "texture": "#3"},
				"down": {"uv": [0, 0, 4, 6], "texture": "#3"}
			}
		},
		{
			"from": [10, 1, 3],
			"to": [11.5, 6.5, 13],
			"rotation": {"angle": 0, "axis": "y", "origin": [13.5, 8, 8]},
			"faces": {
				"north": {"uv": [6.5, 4.5, 8, 10], "texture": "#3"},
				"east": {"uv": [3.5, 1.5, 13.5, 7], "texture": "#3"},
				"south": {"uv": [8, 7, 9.5, 12.5], "texture": "#3"},
				"west": {"uv": [2.5, 2.5, 8.5, 9], "texture": "#3"},
				"up": {"uv": [0, 0, 4, 6], "texture": "#3"},
				"down": {"uv": [0, 0, 4, 6], "texture": "#3"}
			}
		},
		{
			"from": [5, 6.5, 1],
			"to": [11, 9.5, 15],
			"faces": {
				"north": {"uv": [6.5, 2.5, 12.5, 5.5], "texture": "#5"},
				"east": {"uv": [0, 0, 14, 3], "texture": "#5"},
				"south": {"uv": [2, 5, 8, 8], "texture": "#5"},
				"west": {"uv": [0, 0, 14, 3], "texture": "#5"},
				"up": {"uv": [8.75, 1.25, 14.75, 15.25], "texture": "#5"},
				"down": {"uv": [4.5, 0, 10.5, 14], "texture": "#2"}
			}
		},
		{
			"from": [5.5, 9.5, 1.5],
			"to": [10.5, 11.5, 14.5],
			"faces": {
				"north": {"uv": [6.5, 4, 11.5, 6], "texture": "#5"},
				"east": {"uv": [3, 6.5, 16, 8.5], "texture": "#5"},
				"south": {"uv": [3.25, 6.75, 8.25, 8.75], "texture": "#5"},
				"west": {"uv": [3, 7, 16, 9], "texture": "#5"},
				"up": {"uv": [3.75, 3, 8.75, 16], "texture": "#5"},
				"down": {"uv": [11, 2, 16, 15], "texture": "#5"}
			}
		},
		{
			"from": [1.5, 9.5, 5.5],
			"to": [14.5, 11.5, 10.5],
			"faces": {
				"north": {"uv": [0, 0, 13, 2], "texture": "#5"},
				"east": {"uv": [7.75, 0.75, 12.75, 2.75], "texture": "#5"},
				"south": {"uv": [0, 0, 13, 2], "texture": "#5"},
				"west": {"uv": [2, 1.5, 7, 3.5], "texture": "#5"},
				"up": {"uv": [0, 0, 13, 5], "texture": "#5"},
				"down": {"uv": [0, 0, 13, 5], "texture": "#5"}
			}
		},
		{
			"from": [10.85, 6.5, 5],
			"to": [14.85, 9.5, 11],
			"rotation": {"angle": 0, "axis": "y", "origin": [7.85, 8, 8]},
			"faces": {
				"north": {"uv": [0, 0, 4, 3], "texture": "#5"},
				"east": {"uv": [6.75, 3, 12.75, 6], "texture": "#5"},
				"south": {"uv": [0, 0, 4, 3], "texture": "#5"},
				"west": {"uv": [0, 0, 6, 3], "texture": "#5"},
				"up": {"uv": [0, 0, 4, 6], "texture": "#5"},
				"down": {"uv": [9.5, 3, 13.5, 9], "texture": "#2"}
			}
		},
		{
			"from": [1, 6.5, 5],
			"to": [5, 9.5, 11],
			"rotation": {"angle": 0, "axis": "y", "origin": [-2, 8, 8]},
			"faces": {
				"north": {"uv": [0, 0, 4, 3], "texture": "#5"},
				"east": {"uv": [0, 0, 6, 3], "texture": "#5"},
				"south": {"uv": [0, 0, 4, 3], "texture": "#5"},
				"west": {"uv": [0, 0, 6, 3], "texture": "#5"},
				"up": {"uv": [0, 0, 4, 6], "texture": "#5"},
				"down": {"uv": [2, 2.5, 6, 8.5], "texture": "#2"}
			}
		},
		{
			"from": [2, 6.5, 11],
			"to": [5, 9.5, 14],
			"rotation": {"angle": 0, "axis": "y", "origin": [-2, 8, 10]},
			"faces": {
				"north": {"uv": [8.75, 9.5, 11.75, 12.5], "texture": "#5"},
				"east": {"uv": [0, 0, 3, 3], "texture": "#5"},
				"south": {"uv": [8.5, 8.25, 11.5, 11.25], "texture": "#5"},
				"west": {"uv": [8.75, 7.75, 11.75, 10.75], "texture": "#5"},
				"up": {"uv": [5.25, 6.25, 8.25, 9.25], "texture": "#5"},
				"down": {"uv": [3, 1.5, 6, 4.5], "texture": "#2"}
			}
		},
		{
			"from": [2.75, 9.5, 2.75],
			"to": [13.25, 12.25, 13.25],
			"rotation": {"angle": 0, "axis": "y", "origin": [-2, 8, 10]},
			"faces": {
				"north": {"uv": [0, 7, 10.5, 9.75], "texture": "#5"},
				"east": {"uv": [3.25, 6.75, 13.75, 9.5], "texture": "#5"},
				"south": {"uv": [2, 5, 12.5, 7.75], "texture": "#5"},
				"west": {"uv": [3.5, 1.75, 14, 4.5], "texture": "#5"},
				"up": {"uv": [4.25, 1, 14.75, 11.5], "texture": "#5"},
				"down": {"uv": [5, 1.75, 15.5, 12.25], "texture": "#5"}
			}
		},
		{
			"from": [3.75, 12.25, 3.75],
			"to": [12.25, 14, 12.25],
			"rotation": {"angle": 0, "axis": "y", "origin": [-2, 8, 10]},
			"faces": {
				"north": {"uv": [4, 3.25, 12.5, 5], "texture": "#5"},
				"east": {"uv": [0.75, 7, 9.25, 8.75], "texture": "#5"},
				"south": {"uv": [5, 9.25, 13.5, 11], "texture": "#5"},
				"west": {"uv": [4.25, 9, 12.75, 10.75], "texture": "#5"},
				"up": {"uv": [5, 3.25, 13.5, 11.75], "texture": "#5"},
				"down": {"uv": [7.5, 1.75, 16, 10.25], "texture": "#5"}
			}
		},
		{
			"from": [2.75, 12.25, 6.25],
			"to": [13.25, 13.75, 9.75],
			"rotation": {"angle": 0, "axis": "y", "origin": [-2, 8, 10]},
			"faces": {
				"north": {"uv": [0, 0, 10.5, 1.5], "texture": "#5"},
				"east": {"uv": [1.5, 4, 5, 5.5], "texture": "#5"},
				"south": {"uv": [0, 0, 10.5, 1.5], "texture": "#5"},
				"west": {"uv": [10, 5, 13.5, 6.5], "texture": "#5"},
				"up": {"uv": [0, 0, 10.5, 3.5], "texture": "#5"},
				"down": {"uv": [0, 0, 10.5, 3.5], "texture": "#5"}
			}
		},
		{
			"from": [6.25, 12.25, 2.75],
			"to": [9.75, 13.75, 13.25],
			"rotation": {"angle": 0, "axis": "y", "origin": [-2, 8, 10]},
			"faces": {
				"north": {"uv": [8.5, 5.25, 12, 6.75], "texture": "#5"},
				"east": {"uv": [0, 3.25, 10.5, 4.75], "texture": "#5"},
				"south": {"uv": [10.75, 3.25, 14.25, 4.75], "texture": "#5"},
				"west": {"uv": [3, 4.5, 13.5, 6], "texture": "#5"},
				"up": {"uv": [3, 4, 6.5, 14.5], "texture": "#5"},
				"down": {"uv": [8, 1.75, 11.5, 12.25], "texture": "#5"}
			}
		},
		{
			"from": [10.85, 6.5, 2],
			"to": [13.85, 9.5, 5],
			"rotation": {"angle": 0, "axis": "y", "origin": [6.85, 8, 1]},
			"faces": {
				"north": {"uv": [5.25, 4, 8.25, 7], "texture": "#5"},
				"east": {"uv": [0, 0, 3, 3], "texture": "#5"},
				"south": {"uv": [0, 0, 3, 3], "texture": "#5"},
				"west": {"uv": [0, 0, 3, 3], "texture": "#5"},
				"up": {"uv": [0, 0, 3, 3], "texture": "#5"},
				"down": {"uv": [10.5, 10, 13.5, 13], "texture": "#2"}
			}
		},
		{
			"from": [11, 6.5, 11],
			"to": [14, 9.5, 14],
			"rotation": {"angle": 0, "axis": "y", "origin": [7, 8, 10]},
			"faces": {
				"north": {"uv": [0, 0, 3, 3], "texture": "#5"},
				"east": {"uv": [8.5, 10, 11.5, 13], "texture": "#5"},
				"south": {"uv": [3.5, 5.25, 6.5, 8.25], "texture": "#5"},
				"west": {"uv": [0, 0, 3, 3], "texture": "#5"},
				"up": {"uv": [0, 0, 3, 3], "texture": "#5"},
				"down": {"uv": [3.5, 8.5, 6.5, 11.5], "texture": "#2"}
			}
		},
		{
			"from": [2, 6.5, 2],
			"to": [5, 9.5, 5],
			"rotation": {"angle": 0, "axis": "y", "origin": [-2, 8.1, 1]},
			"faces": {
				"north": {"uv": [8.75, 11.75, 11.75, 14.75], "texture": "#5"},
				"east": {"uv": [9.75, 1.5, 12.75, 4.5], "texture": "#5"},
				"south": {"uv": [0, 0, 3, 3], "texture": "#5"},
				"west": {"uv": [7.25, 7, 10.25, 10], "texture": "#5"},
				"up": {"uv": [4.75, 10.5, 7.75, 13.5], "texture": "#5"},
				"down": {"uv": [9.5, 2.5, 12.5, 5.5], "texture": "#2"}
			}
		}
	],
	"display": {
		"thirdperson_righthand": {
			"translation": [0.75, 3, 1],
			"scale": [0.5, 0.5, 0.5]
		},
		"thirdperson_lefthand": {
			"translation": [0.75, 3, 1],
			"scale": [0.5, 0.5, 0.5]
		},
		"firstperson_righthand": {
			"rotation": [0, 167, 0],
			"translation": [0, 7.25, -4]
		},
		"firstperson_lefthand": {
			"rotation": [0, 167, 0],
			"translation": [0, 7.25, -4]
		},
		"ground": {
			"translation": [0, 2.25, 0]
		},
		"gui": {
			"rotation": [-1, 156, 0],
			"translation": [0, 1, 0]
		},
		"head": {
			"translation": [0, -51.25, 0]
		}
	}
}