{
	"credit": "Made by MILENARY",
	"textures": {
		"2": "block/gold_block",
		"particle": "block/mushroom_root"
	},
	"elements": [
		{
			"from": [5, 0, 6],
			"to": [11, 6.5, 10],
			"faces": {
				"north": {"uv": [6, 8, 12, 15], "texture": "#2"},
				"east": {"uv": [11, 1, 15, 8], "texture": "#2"},
				"south": {"uv": [5, 4, 11, 11], "texture": "#2"},
				"west": {"uv": [11, 1, 15, 8], "texture": "#2"},
				"up": {"uv": [0, 0, 6, 4], "texture": "#2"},
				"down": {"uv": [0, 0, 6, 4], "texture": "#2"}
			}
		},
		{
			"from": [6, 0, 5],
			"to": [10, 6.5, 11],
			"faces": {
				"north": {"uv": [5, 1, 9, 8], "texture": "#2"},
				"east": {"uv": [1, 3, 7, 9.5], "texture": "#2"},
				"south": {"uv": [1, 1, 5, 8], "texture": "#2"},
				"west": {"uv": [0, 0, 6, 6.5], "texture": "#2"},
				"up": {"uv": [0, 0, 4, 6], "texture": "#2"},
				"down": {"uv": [0, 0, 4, 6], "texture": "#2"}
			}
		},
		{
			"from": [6, -0.75, 6],
			"to": [10, 0, 10],
			"faces": {
				"north": {"uv": [6, 15, 10, 16], "texture": "#2"},
				"east": {"uv": [0, 15, 4, 16], "texture": "#2"},
				"south": {"uv": [12, 15, 16, 16], "texture": "#2"},
				"west": {"uv": [12, 15, 16, 16], "texture": "#2"},
				"up": {"uv": [0, 0, 4, 4], "texture": "#2"},
				"down": {"uv": [1, 11, 5, 15], "texture": "#2"}
			}
		},
		{
			"from": [5, 6.5, 8],
			"to": [11, 9.5, 15],
			"faces": {
				"north": {"uv": [3, 13, 9, 16], "texture": "#2"},
				"east": {"uv": [1, 13, 15, 16], "texture": "#2"},
				"south": {"uv": [5, 13, 11, 16], "texture": "#2"},
				"west": {"uv": [1, 13, 15, 16], "texture": "#2"},
				"up": {"uv": [15, 4, 16, 10], "texture": "#2"},
				"down": {"uv": [0, 0, 6, 14], "texture": "#2"}
			}
		},
		{
			"from": [5, 6.5, 1],
			"to": [11, 9.5, 8],
			"faces": {
				"north": {"uv": [3, 13, 9, 16], "texture": "#2"},
				"east": {"uv": [1, 13, 15, 16], "texture": "#2"},
				"south": {"uv": [5, 13, 11, 16], "texture": "#2"},
				"west": {"uv": [1, 13, 15, 16], "texture": "#2"},
				"up": {"uv": [15, 4, 16, 10], "texture": "#2"},
				"down": {"uv": [6, 7, 0, 0], "texture": "#2"}
			}
		},
		{
			"from": [5.5, 9.5, 1.5],
			"to": [10.5, 11.5, 14.5],
			"faces": {
				"north": {"uv": [0, 6.75, 5, 8.75], "texture": "#2"},
				"east": {"uv": [0, 0, 13, 2], "texture": "#2"},
				"south": {"uv": [4.25, 9.5, 9.25, 11.5], "texture": "#2"},
				"west": {"uv": [2.75, 7, 15.75, 9], "texture": "#2"},
				"up": {"uv": [15, 4, 16, 10], "texture": "#2"},
				"down": {"uv": [0, 0, 5, 13], "texture": "#2"}
			}
		},
		{
			"from": [1.5, 9.5, 5.5],
			"to": [14.5, 11.5, 10.5],
			"faces": {
				"north": {"uv": [3, 7.75, 16, 9.75], "texture": "#2"},
				"east": {"uv": [5, 5, 10, 7], "texture": "#2"},
				"south": {"uv": [1, 8, 14, 10], "texture": "#2"},
				"west": {"uv": [0, 0, 5, 2], "texture": "#2"},
				"up": {"uv": [15, 4, 16, 10], "texture": "#2"},
				"down": {"uv": [0, 0, 13, 5], "texture": "#2"}
			}
		},
		{
			"from": [11, 6.5, 5],
			"to": [15, 9.5, 11],
			"faces": {
				"north": {"uv": [6, 13, 10, 16], "texture": "#2"},
				"east": {"uv": [4, 13, 10, 16], "texture": "#2"},
				"south": {"uv": [10, 13, 14, 16], "texture": "#2"},
				"west": {"uv": [0, 0, 6, 3], "texture": "#2"},
				"up": {"uv": [15, 4, 16, 10], "texture": "#2"},
				"down": {"uv": [0, 0, 4, 6], "texture": "#2"}
			}
		},
		{
			"from": [1, 6.5, 5],
			"to": [5, 9.5, 11],
			"rotation": {"angle": 0, "axis": "y", "origin": [-2, 8, 8]},
			"faces": {
				"north": {"uv": [2, 13, 6, 16], "texture": "#2"},
				"east": {"uv": [0, 0, 6, 3], "texture": "#2"},
				"south": {"uv": [8, 13, 12, 16], "texture": "#2"},
				"west": {"uv": [6, 13, 12, 16], "texture": "#2"},
				"up": {"uv": [15, 4, 16, 10], "texture": "#2"},
				"down": {"uv": [0, 0, 4, 6], "texture": "#2"}
			}
		},
		{
			"from": [2, 6.5, 11],
			"to": [5, 9.5, 14],
			"rotation": {"angle": 0, "axis": "y", "origin": [-2, 8, 10]},
			"faces": {
				"north": {"uv": [0, 0, 3, 3], "texture": "#2"},
				"east": {"uv": [0, 0, 3, 3], "texture": "#2"},
				"south": {"uv": [16, 13, 13, 16], "texture": "#2"},
				"west": {"uv": [13, 13, 16, 16], "texture": "#2"},
				"up": {"uv": [16, 13, 13, 16], "texture": "#2"},
				"down": {"uv": [0, 0, 3, 3], "texture": "#2"}
			}
		},
		{
			"from": [8.25, 9.5, 2.75],
			"to": [13.25, 12.25, 7.75],
			"rotation": {"angle": 0, "axis": "y", "origin": [-2, 8, 10]},
			"faces": {
				"north": {"uv": [16, 3, 11, 6], "texture": "#2"},
				"east": {"uv": [11, 6, 16, 9], "texture": "#2"},
				"south": {"uv": [3, 11, 14, 14], "texture": "#2"},
				"west": {"uv": [3, 7, 14, 10], "texture": "#2"},
				"up": {"uv": [11, 16, 16, 11], "texture": "#2"},
				"down": {"uv": [0, 0, 10.5, 10.5], "texture": "#2"}
			}
		},
		{
			"from": [7.75, 9.5, 7.75],
			"to": [13.25, 12.25, 13.25],
			"rotation": {"angle": 0, "axis": "y", "origin": [-2, 8, 15]},
			"faces": {
				"north": {"uv": [4, 7, 15, 10], "texture": "#2"},
				"east": {"uv": [16, 9, 11, 12], "texture": "#2"},
				"south": {"uv": [11, 8, 16, 11], "texture": "#2"},
				"west": {"uv": [3, 7, 14, 10], "texture": "#2"},
				"up": {"uv": [11, 11, 16, 16], "texture": "#2"},
				"down": {"uv": [0, 0, 10.5, 10.5], "texture": "#2"}
			}
		},
		{
			"from": [2.75, 9.5, 8.25],
			"to": [7.75, 12.25, 13.25],
			"rotation": {"angle": 0, "axis": "y", "origin": [-7, 8, 15]},
			"faces": {
				"north": {"uv": [4, 7, 15, 10], "texture": "#2"},
				"east": {"uv": [3, 9, 14, 12], "texture": "#2"},
				"south": {"uv": [16, 5, 11, 8], "texture": "#2"},
				"west": {"uv": [11, 12, 16, 15], "texture": "#2"},
				"up": {"uv": [16, 11, 11, 16], "texture": "#2"},
				"down": {"uv": [0, 0, 10.5, 10.5], "texture": "#2"}
			}
		},
		{
			"from": [2.75, 9.5, 2.75],
			"to": [8.25, 12.25, 8.25],
			"rotation": {"angle": 0, "axis": "y", "origin": [-7, 8, 10]},
			"faces": {
				"north": {"uv": [11, 9, 16, 12], "texture": "#2"},
				"east": {"uv": [3, 9, 14, 12], "texture": "#2"},
				"south": {"uv": [3, 11, 14, 14], "texture": "#2"},
				"west": {"uv": [16, 11, 11, 14], "texture": "#2"},
				"up": {"uv": [16, 16, 11, 11], "texture": "#2"},
				"down": {"uv": [0, 0, 10.5, 10.5], "texture": "#2"}
			}
		},
		{
			"from": [3.75, 12.25, 3.75],
			"to": [8.25, 14, 7.75],
			"rotation": {"angle": 0, "axis": "y", "origin": [-2, 8, 10]},
			"faces": {
				"north": {"uv": [11, 10, 16, 12], "texture": "#2"},
				"east": {"uv": [3, 11, 12, 13], "texture": "#2"},
				"south": {"uv": [4, 8, 13, 10], "texture": "#2"},
				"west": {"uv": [16, 10, 11, 12], "texture": "#2"},
				"up": {"uv": [11, 11, 16, 16], "rotation": 180, "texture": "#2"},
				"down": {"uv": [0, 0, 8.5, 8.5], "texture": "#2"}
			}
		},
		{
			"from": [8.25, 12.25, 3.75],
			"to": [12.25, 14, 7.75],
			"rotation": {"angle": 0, "axis": "y", "origin": [-2, 8, 10]},
			"faces": {
				"north": {"uv": [16, 10, 11, 12], "texture": "#2"},
				"east": {"uv": [11, 10, 16, 12], "texture": "#2"},
				"south": {"uv": [4, 8, 13, 10], "texture": "#2"},
				"west": {"uv": [5, 4.25, 13.5, 6], "texture": "#2"},
				"up": {"uv": [11, 11, 16, 16], "rotation": 270, "texture": "#2"},
				"down": {"uv": [0, 0, 8.5, 8.5], "texture": "#2"}
			}
		},
		{
			"from": [3.75, 12.25, 7.75],
			"to": [8.25, 14, 12.25],
			"rotation": {"angle": 0, "axis": "y", "origin": [-2, 8, 10]},
			"faces": {
				"north": {"uv": [7.25, 5.75, 15.75, 7.5], "texture": "#2"},
				"east": {"uv": [3, 11, 12, 13], "texture": "#2"},
				"south": {"uv": [16, 10, 11, 12], "texture": "#2"},
				"west": {"uv": [11, 10, 16, 12], "texture": "#2"},
				"up": {"uv": [11, 11, 16, 16], "rotation": 90, "texture": "#2"},
				"down": {"uv": [0, 0, 8.5, 8.5], "texture": "#2"}
			}
		},
		{
			"from": [8.25, 12.25, 7.75],
			"to": [12.25, 14, 12.25],
			"rotation": {"angle": 0, "axis": "y", "origin": [-2, 8, 10]},
			"faces": {
				"north": {"uv": [7.25, 5.75, 15.75, 7.5], "texture": "#2"},
				"east": {"uv": [16, 10, 11, 12], "texture": "#2"},
				"south": {"uv": [11, 10, 16, 12], "texture": "#2"},
				"west": {"uv": [5, 4.25, 13.5, 6], "texture": "#2"},
				"up": {"uv": [11, 11, 16, 16], "texture": "#2"},
				"down": {"uv": [0, 0, 8.5, 8.5], "texture": "#2"}
			}
		},
		{
			"from": [2.75, 12.25, 6.25],
			"to": [13.25, 13.75, 9.75],
			"rotation": {"angle": 0, "axis": "y", "origin": [-2, 8, 10]},
			"faces": {
				"north": {"uv": [0, 0, 10.5, 1.5], "texture": "#2"},
				"east": {"uv": [0, 0, 3.5, 1.5], "texture": "#2"},
				"south": {"uv": [3.5, 5.5, 14, 7], "texture": "#2"},
				"west": {"uv": [5.25, 0, 8.75, 1.5], "texture": "#2"},
				"up": {"uv": [15, 4, 16, 10], "texture": "#2"},
				"down": {"uv": [0, 0, 10.5, 3.5], "texture": "#2"}
			}
		},
		{
			"from": [6.25, 12.25, 2.75],
			"to": [9.75, 13.75, 13.25],
			"rotation": {"angle": 0, "axis": "y", "origin": [-2, 8, 10]},
			"faces": {
				"north": {"uv": [7, 6.75, 10.5, 8.25], "texture": "#2"},
				"east": {"uv": [0, 0, 10.5, 1.5], "texture": "#2"},
				"south": {"uv": [8, 4, 11.5, 5.5], "texture": "#2"},
				"west": {"uv": [9, 3, 11, 14], "rotation": 90, "texture": "#2"},
				"up": {"uv": [15, 4, 16, 10], "texture": "#2"},
				"down": {"uv": [0, 0, 3.5, 10.5], "texture": "#2"}
			}
		},
		{
			"from": [11, 6.5, 2],
			"to": [14, 9.5, 5],
			"rotation": {"angle": 0, "axis": "y", "origin": [7, 8, 1]},
			"faces": {
				"north": {"uv": [16, 13, 13, 16], "texture": "#2"},
				"east": {"uv": [13, 13, 16, 16], "texture": "#2"},
				"south": {"uv": [0, 0, 3, 3], "texture": "#2"},
				"west": {"uv": [0, 0, 3, 3], "texture": "#2"},
				"up": {"uv": [13, 16, 16, 13], "texture": "#2"},
				"down": {"uv": [0, 0, 3, 3], "texture": "#2"}
			}
		},
		{
			"from": [11, 6.5, 11],
			"to": [14, 9.5, 14],
			"rotation": {"angle": 0, "axis": "y", "origin": [7, 8, 10]},
			"faces": {
				"north": {"uv": [0, 0, 3, 3], "texture": "#2"},
				"east": {"uv": [16, 13, 13, 16], "texture": "#2"},
				"south": {"uv": [13, 13, 16, 16], "texture": "#2"},
				"west": {"uv": [0, 0, 3, 3], "texture": "#2"},
				"up": {"uv": [13, 13, 16, 16], "texture": "#2"},
				"down": {"uv": [0, 0, 3, 3], "texture": "#2"}
			}
		},
		{
			"from": [2, 6.5, 2],
			"to": [5, 9.5, 5],
			"rotation": {"angle": 0, "axis": "y", "origin": [-2, 8, 1]},
			"faces": {
				"north": {"uv": [13, 13, 16, 16], "texture": "#2"},
				"east": {"uv": [0, 0, 3, 3], "texture": "#2"},
				"south": {"uv": [0, 0, 3, 3], "texture": "#2"},
				"west": {"uv": [16, 13, 13, 16], "texture": "#2"},
				"up": {"uv": [16, 16, 13, 13], "texture": "#2"},
				"down": {"uv": [0, 0, 3, 3], "texture": "#2"}
			}
		}
	],
	"display": {
		"thirdperson_righthand": {
			"translation": [0.5, 3.75, 0]
		},
		"thirdperson_lefthand": {
			"translation": [0.5, 3.75, 0]
		},
		"ground": {
			"rotation": [44, 0, 0],
			"translation": [0, 4.75, 0]
		},
		"gui": {
			"rotation": [31, 55, 0],
			"translation": [0, 1, 0]
		},
		"head": {
			"translation": [0, -8.25, 0],
			"scale": [3, 3, 3]
		},
		"fixed": {
			"translation": [0, 4, 0],
			"scale": [2, 2, 2]
		}
	}
}