{
	"credit": "Made by MILENARY",
	"texture_size": [6, 6],
	"textures": {
		"0": "block/purple_mushroom",
		"1": "block/mode2_mushroom",
		"2": "block/purplestone_block",
		"3": "block/mode2_buff_1",
		"particle": "block/purple_mushroom"
	},
	"elements": [
		{
			"from": [4.55285, 0.45821, 6.76756],
			"to": [7.05285, 6.20821, 8.51756],
			"rotation": {"angle": 22.5, "axis": "z", "origin": [7.66667, 4.75135, 7.60089]},
			"faces": {
				"north": {"uv": [0, 0, 6.66667, 15.33333], "texture": "#2"},
				"east": {"uv": [0, 0, 4.66667, 15.33333], "texture": "#2"},
				"south": {"uv": [0, 0, 6.66667, 15.33333], "texture": "#2"},
				"west": {"uv": [0, 0, 4.66667, 15.33333], "texture": "#2"},
				"up": {"uv": [0, 0, 4.66667, 6.66667], "rotation": 270, "texture": "#2"},
				"down": {"uv": [0, 0, 4.66667, 6.66667], "rotation": 90, "texture": "#2"}
			}
		},
		{
			"from": [3.55285, -4.04179, 6.01756],
			"to": [6.30285, 5.70821, 8.01756],
			"rotation": {"angle": 22.5, "axis": "z", "origin": [7.66667, 4.75135, 7.60089]},
			"faces": {
				"north": {"uv": [0, 0, 7.33333, 16], "texture": "#2"},
				"east": {"uv": [0, 0, 5.33333, 16], "texture": "#2"},
				"south": {"uv": [0, 0, 7.33333, 16], "texture": "#2"},
				"west": {"uv": [0, 0, 5.33333, 16], "texture": "#2"},
				"up": {"uv": [0, 0, 5.33333, 7.33333], "rotation": 270, "texture": "#2"},
				"down": {"uv": [0, 0, 5.33333, 7.33333], "rotation": 90, "texture": "#2"}
			}
		},
		{
			"from": [8.87194, -1.25235, 7.26756],
			"to": [11.62194, 8.49765, 8.26756],
			"rotation": {"angle": -22.5, "axis": "z", "origin": [7.66667, 4.75135, 7.60089]},
			"faces": {
				"north": {"uv": [0, 0, 7.33333, 16], "texture": "#2"},
				"east": {"uv": [0, 0, 2.66667, 16], "texture": "#2"},
				"south": {"uv": [0, 0, 7.33333, 16], "texture": "#2"},
				"west": {"uv": [0, 0, 2.66667, 16], "texture": "#2"},
				"up": {"uv": [0, 0, 2.66667, 7.33333], "rotation": 270, "texture": "#2"},
				"down": {"uv": [0, 0, 2.66667, 7.33333], "rotation": 90, "texture": "#2"}
			}
		},
		{
			"from": [8.13857, -0.72971, 6.76756],
			"to": [11.13857, 5.02029, 7.76756],
			"rotation": {"angle": -22.5, "axis": "z", "origin": [10.13857, -2.22971, 7.26756]},
			"faces": {
				"north": {"uv": [0, 0, 8, 15.33333], "texture": "#2"},
				"east": {"uv": [0, 0, 2.66667, 15.33333], "texture": "#2"},
				"south": {"uv": [0, 0, 8, 15.33333], "texture": "#2"},
				"west": {"uv": [0, 0, 2.66667, 15.33333], "texture": "#2"},
				"up": {"uv": [0, 0, 2.66667, 8], "rotation": 270, "texture": "#2"},
				"down": {"uv": [0, 0, 2.66667, 8], "rotation": 90, "texture": "#2"}
			}
		},
		{
			"from": [9.38857, -0.72971, 6.26756],
			"to": [16.63857, 2.27029, 7.26756],
			"rotation": {"angle": -22.5, "axis": "z", "origin": [7.88857, 0.27029, 7.26756]},
			"faces": {
				"north": {"uv": [0, 0, 8, 16], "rotation": 270, "texture": "#0"},
				"east": {"uv": [0, 0, 2.66667, 8], "texture": "#0"},
				"south": {"uv": [0, 0, 8, 16], "rotation": 90, "texture": "#0"},
				"west": {"uv": [0, 0, 2.66667, 8], "rotation": 180, "texture": "#0"},
				"up": {"uv": [0, 0, 2.66667, 16], "rotation": 90, "texture": "#0"},
				"down": {"uv": [0, 0, 2.66667, 16], "rotation": 90, "texture": "#0"}
			}
		},
		{
			"from": [13.88857, -1.47971, 6.76756],
			"to": [20.88857, 1.02029, 8.01756],
			"rotation": {"angle": 22.5, "axis": "z", "origin": [17.38857, -0.22971, 6.76756]},
			"faces": {
				"north": {"uv": [0, 0, 6.66667, 16], "rotation": 270, "texture": "#3"},
				"east": {"uv": [0, 0, 3.33333, 6.66667], "texture": "#3"},
				"south": {"uv": [0, 0, 6.66667, 16], "rotation": 90, "texture": "#3"},
				"west": {"uv": [0, 0, 3.33333, 6.66667], "rotation": 180, "texture": "#3"},
				"up": {"uv": [0, 0, 3.33333, 16], "rotation": 90, "texture": "#3"},
				"down": {"uv": [0, 0, 3.33333, 16], "rotation": 90, "texture": "#3"}
			}
		},
		{
			"from": [11.47231, 3.05744, 6.51756],
			"to": [14.97231, 14.05744, 8.01756],
			"rotation": {"angle": -22.5, "axis": "z", "origin": [14.09731, 8.30744, 7.76756]},
			"faces": {
				"north": {"uv": [0, 0, 9.33333, 16], "texture": "#2"},
				"east": {"uv": [0, 0, 4, 16], "texture": "#2"},
				"south": {"uv": [0, 0, 9.33333, 16], "texture": "#2"},
				"west": {"uv": [0, 0, 4, 16], "texture": "#2"},
				"up": {"uv": [0, 0, 4, 9.33333], "rotation": 270, "texture": "#2"},
				"down": {"uv": [0, 0, 4, 9.33333], "rotation": 90, "texture": "#2"}
			}
		},
		{
			"from": [13.59731, 9.18244, 5.76756],
			"to": [21.34731, 11.93244, 7.51756],
			"rotation": {"angle": 22.5, "axis": "z", "origin": [18.84731, 10.05744, 7.76756]},
			"faces": {
				"north": {"uv": [0, 0, 7.33333, 16], "rotation": 270, "texture": "#3"},
				"east": {"uv": [0, 0, 4.66667, 7.33333], "texture": "#3"},
				"south": {"uv": [0, 0, 7.33333, 16], "rotation": 90, "texture": "#3"},
				"west": {"uv": [0, 0, 4.66667, 7.33333], "rotation": 180, "texture": "#3"},
				"up": {"uv": [0, 0, 4.66667, 16], "rotation": 90, "texture": "#3"},
				"down": {"uv": [0, 0, 4.66667, 16], "rotation": 90, "texture": "#3"}
			}
		},
		{
			"from": [18.34731, 7.43244, 5.51756],
			"to": [25.09731, 10.18244, 7.01756],
			"rotation": {"angle": -22.5, "axis": "z", "origin": [22.59731, 8.30744, 7.26756]},
			"faces": {
				"north": {"uv": [0, 0, 7.33333, 16], "rotation": 270, "texture": "#0"},
				"east": {"uv": [0, 0, 4, 7.33333], "texture": "#0"},
				"south": {"uv": [0, 0, 7.33333, 16], "rotation": 90, "texture": "#0"},
				"west": {"uv": [0, 0, 4, 7.33333], "rotation": 180, "texture": "#0"},
				"up": {"uv": [0, 0, 4, 16], "rotation": 90, "texture": "#0"},
				"down": {"uv": [0, 0, 4, 16], "rotation": 90, "texture": "#0"}
			}
		},
		{
			"from": [17.72231, 3.05744, 6.51756],
			"to": [19.47231, 9.80744, 7.76756],
			"rotation": {"angle": 22.5, "axis": "z", "origin": [18.59731, 5.55744, 8.01756]},
			"faces": {
				"north": {"uv": [0, 0, 4.66667, 16], "rotation": 180, "texture": "#0"},
				"east": {"uv": [0, 0, 3.33333, 16], "rotation": 180, "texture": "#0"},
				"south": {"uv": [0, 0, 4.66667, 16], "rotation": 180, "texture": "#0"},
				"west": {"uv": [0, 0, 3.33333, 16], "rotation": 180, "texture": "#0"},
				"up": {"uv": [0, 0, 3.33333, 4.66667], "rotation": 270, "texture": "#0"},
				"down": {"uv": [0, 0, 3.33333, 4.66667], "rotation": 90, "texture": "#0"}
			}
		},
		{
			"from": [10.72231, 10.30744, 7.01756],
			"to": [12.97231, 21.80744, 8.51756],
			"rotation": {"angle": 22.5, "axis": "z", "origin": [14.09731, 15.55744, 7.76756]},
			"faces": {
				"north": {"uv": [0, 0, 6, 16], "texture": "#2"},
				"east": {"uv": [0, 0, 4, 16], "texture": "#2"},
				"south": {"uv": [0, 0, 6, 16], "texture": "#2"},
				"west": {"uv": [0, 0, 4, 16], "texture": "#2"},
				"up": {"uv": [0, 0, 4, 6], "rotation": 270, "texture": "#2"},
				"down": {"uv": [0, 0, 4, 6], "rotation": 90, "texture": "#2"}
			}
		},
		{
			"from": [8.72231, 15.55744, 5.26756],
			"to": [11.47231, 24.80744, 7.76756],
			"rotation": {"angle": 22.5, "axis": "z", "origin": [12.09731, 24.55744, 6.76756]},
			"faces": {
				"north": {"uv": [0, 0, 7.33333, 16], "texture": "#2"},
				"east": {"uv": [0, 0, 6.66667, 16], "texture": "#2"},
				"south": {"uv": [0, 0, 7.33333, 16], "texture": "#2"},
				"west": {"uv": [0, 0, 6.66667, 16], "texture": "#2"},
				"up": {"uv": [0, 0, 6.66667, 7.33333], "rotation": 270, "texture": "#2"},
				"down": {"uv": [0, 0, 6.66667, 7.33333], "rotation": 90, "texture": "#2"}
			}
		},
		{
			"from": [8.72231, 18.05744, 6.51756],
			"to": [17.22231, 21.30744, 8.26756],
			"rotation": {"angle": 22.5, "axis": "z", "origin": [12.09731, 24.55744, 6.76756]},
			"faces": {
				"north": {"uv": [0, 0, 16, 8.66667], "texture": "#0"},
				"east": {"uv": [0, 0, 4.66667, 8.66667], "texture": "#0"},
				"south": {"uv": [0, 0, 16, 8.66667], "texture": "#0"},
				"west": {"uv": [0, 0, 4.66667, 8.66667], "texture": "#0"},
				"up": {"uv": [0, 0, 4.66667, 16], "rotation": 270, "texture": "#0"},
				"down": {"uv": [0, 0, 4.66667, 16], "rotation": 90, "texture": "#0"}
			}
		},
		{
			"from": [18.47231, 18.05744, 7.26756],
			"to": [25.72231, 20.80744, 8.76756],
			"rotation": {"angle": -22.5, "axis": "z", "origin": [20.59731, 24.55744, 7.26756]},
			"faces": {
				"north": {"uv": [0, 0, 16, 7.33333], "texture": "#3"},
				"east": {"uv": [0, 0, 4, 7.33333], "texture": "#3"},
				"south": {"uv": [0, 0, 16, 7.33333], "texture": "#3"},
				"west": {"uv": [0, 0, 4, 7.33333], "texture": "#3"},
				"up": {"uv": [0, 0, 4, 16], "rotation": 270, "texture": "#3"},
				"down": {"uv": [0, 0, 4, 16], "rotation": 90, "texture": "#3"}
			}
		},
		{
			"from": [4.22231, 13.30744, 6.76756],
			"to": [7.97231, 19.80744, 9.01756],
			"rotation": {"angle": -22.5, "axis": "z", "origin": [13.09731, 17.05744, 7.76756]},
			"faces": {
				"north": {"uv": [0, 0, 10, 16], "texture": "#2"},
				"east": {"uv": [0, 0, 6, 16], "texture": "#2"},
				"south": {"uv": [0, 0, 10, 16], "texture": "#2"},
				"west": {"uv": [0, 0, 6, 16], "texture": "#2"},
				"up": {"uv": [0, 0, 6, 10], "rotation": 270, "texture": "#2"},
				"down": {"uv": [0, 0, 6, 10], "rotation": 90, "texture": "#2"}
			}
		},
		{
			"from": [4.22231, 19.55744, 7.26756],
			"to": [8.22231, 25.80744, 8.51756],
			"rotation": {"angle": 0, "axis": "z", "origin": [13.59731, 16.80744, 7.76756]},
			"faces": {
				"north": {"uv": [0, 0, 10.66667, 16], "texture": "#2"},
				"east": {"uv": [0, 0, 3.33333, 16], "texture": "#2"},
				"south": {"uv": [0, 0, 10.66667, 16], "texture": "#2"},
				"west": {"uv": [0, 0, 3.33333, 16], "texture": "#2"},
				"up": {"uv": [0, 0, 1.25, 4], "rotation": 270, "texture": "#2"},
				"down": {"uv": [0, 0, 3.33333, 10.66667], "rotation": 90, "texture": "#2"}
			}
		},
		{
			"from": [4.72231, 22.30744, 6.51756],
			"to": [8.72231, 30.30744, 8.21756],
			"rotation": {"angle": 22.5, "axis": "z", "origin": [13.59731, 16.80744, 7.76756]},
			"faces": {
				"north": {"uv": [0, 0, 10.66667, 16], "texture": "#0"},
				"east": {"uv": [0, 0, 4, 16], "texture": "#0"},
				"south": {"uv": [0, 0, 10.66667, 16], "texture": "#0"},
				"west": {"uv": [0, 0, 4, 16], "texture": "#0"},
				"up": {"uv": [0, 0, 4, 10.66667], "rotation": 270, "texture": "#0"},
				"down": {"uv": [0, 0, 4, 10.66667], "rotation": 90, "texture": "#0"}
			}
		},
		{
			"from": [-7.34525, 17.68244, 6.01756],
			"to": [0.59731, 20.18244, 7.51756],
			"rotation": {"angle": -22.5, "axis": "z", "origin": [13.59731, 16.80744, 7.26756]},
			"faces": {
				"north": {"uv": [0, 0, 6.66667, 16], "rotation": 90, "texture": "#3"},
				"east": {"uv": [0, 0, 4, 6.66667], "texture": "#3"},
				"south": {"uv": [0, 0, 6.66667, 16], "rotation": 270, "texture": "#3"},
				"west": {"uv": [0, 0, 4, 6.66667], "rotation": 180, "texture": "#3"},
				"up": {"uv": [0, 0, 4, 16], "rotation": 270, "texture": "#3"},
				"down": {"uv": [0, 0, 4, 16], "rotation": 270, "texture": "#3"}
			}
		},
		{
			"from": [8.97231, 22.05744, 7.76756],
			"to": [11.97231, 32, 9.41756],
			"rotation": {"angle": 22.5, "axis": "z", "origin": [18.59731, 22.05744, 7.76756]},
			"faces": {
				"north": {"uv": [0, 0, 8, 16], "texture": "#2"},
				"east": {"uv": [0, 0, 2.66667, 16], "texture": "#2"},
				"south": {"uv": [0, 0, 8, 16], "texture": "#2"},
				"west": {"uv": [0, 0, 2.66667, 16], "texture": "#2"},
				"up": {"uv": [0, 0, 2.66667, 8], "rotation": 270, "texture": "#2"},
				"down": {"uv": [0, 0, 2.66667, 8], "rotation": 90, "texture": "#2"}
			}
		},
		{
			"from": [2.22231, 7.30744, 7.01756],
			"to": [5.22231, 16.30744, 8.76756],
			"rotation": {"angle": -22.5, "axis": "z", "origin": [6.34731, 13.80744, 7.76756]},
			"faces": {
				"north": {"uv": [0, 0, 8, 16], "texture": "#2"},
				"east": {"uv": [0, 0, 4.66667, 16], "texture": "#2"},
				"south": {"uv": [0, 0, 8, 16], "texture": "#2"},
				"west": {"uv": [0, 0, 4.66667, 16], "texture": "#2"},
				"up": {"uv": [0, 0, 4.66667, 8], "rotation": 270, "texture": "#2"},
				"down": {"uv": [0, 0, 4.66667, 8], "rotation": 90, "texture": "#2"}
			}
		},
		{
			"from": [5.90676, 1.46423, 7.41756],
			"to": [12.40676, 20.21423, 7.41756],
			"rotation": {"angle": 0, "axis": "z", "origin": [3.15676, 12.96423, 7.89256]},
			"faces": {
				"north": {"uv": [0, 0, 16, 16], "texture": "#1"},
				"east": {"uv": [0, 0, 0, 16], "texture": "#1"},
				"south": {"uv": [0, 0, 16, 16], "texture": "#1"},
				"west": {"uv": [0, 0, 0, 16], "texture": "#1"},
				"up": {"uv": [0, 0, 16, 0], "texture": "#1"},
				"down": {"uv": [0, 0, 16, 0], "texture": "#1"}
			}
		},
		{
			"from": [3.15676, 3.46423, 7.41756],
			"to": [5.90676, 17.21423, 7.41756],
			"rotation": {"angle": 0, "axis": "z", "origin": [3.15676, 12.96423, 7.89256]},
			"faces": {
				"north": {"uv": [0, 0, 7.33333, 16], "texture": "#1"},
				"east": {"uv": [0, 0, 0, 16], "texture": "#1"},
				"south": {"uv": [8.5, 0, 15.75, 16], "texture": "#1"},
				"west": {"uv": [0, 0, 0, 16], "texture": "#1"},
				"up": {"uv": [0, 0, 7.33333, 0], "texture": "#1"},
				"down": {"uv": [0, 0, 7.33333, 0], "texture": "#1"}
			}
		},
		{
			"from": [2.97231, 15.80744, 5.76756],
			"to": [5.22231, 24.80744, 7.51756],
			"rotation": {"angle": -22.5, "axis": "z", "origin": [4.09731, 20.30744, 6.64256]},
			"faces": {
				"north": {"uv": [0, 0, 6, 16], "texture": "#2"},
				"east": {"uv": [0, 0, 4.66667, 16], "texture": "#2"},
				"south": {"uv": [0, 0, 6, 16], "texture": "#2"},
				"west": {"uv": [0, 0, 4.66667, 16], "texture": "#2"},
				"up": {"uv": [0, 0, 4.66667, 6], "rotation": 270, "texture": "#2"},
				"down": {"uv": [0, 0, 4.66667, 6], "rotation": 90, "texture": "#2"}
			}
		},
		{
			"from": [2.56577, 4.5, 6.51756],
			"to": [5.06577, 12, 8.26756],
			"rotation": {"angle": 22.5, "axis": "z", "origin": [6.66667, 5.75135, 7.60089]},
			"faces": {
				"north": {"uv": [0, 0, 6.66667, 16], "texture": "#2"},
				"east": {"uv": [0, 0, 4.66667, 16], "texture": "#2"},
				"south": {"uv": [0, 0, 6.66667, 16], "texture": "#2"},
				"west": {"uv": [0, 0, 4.66667, 16], "texture": "#2"},
				"up": {"uv": [0, 0, 4.66667, 6.66667], "rotation": 270, "texture": "#2"},
				"down": {"uv": [0, 0, 4.66667, 6.66667], "rotation": 90, "texture": "#2"}
			}
		},
		{
			"from": [-2.18423, -2.75, 6.76756],
			"to": [0.56577, 4.75, 8.01756],
			"rotation": {"angle": -45, "axis": "z", "origin": [2.16667, -1.49865, 7.60089]},
			"faces": {
				"north": {"uv": [0, 0, 7.33333, 16], "texture": "#0"},
				"east": {"uv": [0, 0, 3.33333, 16], "texture": "#0"},
				"south": {"uv": [0, 0, 7.33333, 16], "texture": "#0"},
				"west": {"uv": [0, 0, 3.33333, 16], "texture": "#0"},
				"up": {"uv": [0, 0, 3.33333, 7.33333], "rotation": 270, "texture": "#0"},
				"down": {"uv": [0, 0, 3.33333, 7.33333], "rotation": 90, "texture": "#0"}
			}
		},
		{
			"from": [-4.33468, 12.85224, 7.26756],
			"to": [3.16532, 15.60224, 8.51756],
			"rotation": {"angle": 0, "axis": "z", "origin": [-3.08333, 11.25135, 8.10089]},
			"faces": {
				"north": {"uv": [0, 0, 7.33333, 16], "rotation": 270, "texture": "#3"},
				"east": {"uv": [0, 0, 3.33333, 7.33333], "texture": "#3"},
				"south": {"uv": [0, 0, 7.33333, 16], "rotation": 90, "texture": "#3"},
				"west": {"uv": [0, 0, 3.33333, 7.33333], "rotation": 180, "texture": "#3"},
				"up": {"uv": [0, 0, 3.33333, 16], "rotation": 90, "texture": "#3"},
				"down": {"uv": [0, 0, 3.33333, 16], "rotation": 90, "texture": "#3"}
			}
		},
		{
			"from": [-4.83468, -0.14776, 7.26756],
			"to": [1.16532, 1.60224, 8.51756],
			"rotation": {"angle": 22.5, "axis": "z", "origin": [-0.08333, -1.74865, 8.10089]},
			"faces": {
				"north": {"uv": [0, 0, 4.66667, 16], "rotation": 270, "texture": "#3"},
				"east": {"uv": [0, 0, 3.33333, 4.66667], "texture": "#3"},
				"south": {"uv": [0, 0, 4.66667, 16], "rotation": 90, "texture": "#3"},
				"west": {"uv": [0, 0, 3.33333, 4.66667], "rotation": 180, "texture": "#3"},
				"up": {"uv": [0, 0, 3.33333, 16], "rotation": 90, "texture": "#3"},
				"down": {"uv": [0, 0, 3.33333, 16], "rotation": 90, "texture": "#3"}
			}
		},
		{
			"from": [-12.08468, 12.85224, 7.01756],
			"to": [-5.33468, 14.60224, 8.01756],
			"rotation": {"angle": -45, "axis": "z", "origin": [-3.08333, 11.25135, 8.10089]},
			"faces": {
				"north": {"uv": [0, 0, 4.66667, 16], "rotation": 270, "texture": "#0"},
				"east": {"uv": [0, 0, 2.66667, 4.66667], "texture": "#0"},
				"south": {"uv": [0, 0, 4.66667, 16], "rotation": 90, "texture": "#0"},
				"west": {"uv": [0, 0, 2.66667, 4.66667], "rotation": 180, "texture": "#0"},
				"up": {"uv": [0, 0, 2.66667, 16], "rotation": 90, "texture": "#0"},
				"down": {"uv": [0, 0, 2.66667, 16], "rotation": 90, "texture": "#0"}
			}
		},
		{
			"from": [-5.73244, 10.75269, 8.01756],
			"to": [-3.98244, 18.25269, 9.01756],
			"rotation": {"angle": -45, "axis": "z", "origin": [-7.33333, 8.50135, 9.10089]},
			"faces": {
				"north": {"uv": [0, 0, 4.66667, 16], "rotation": 180, "texture": "#0"},
				"east": {"uv": [0, 0, 2.66667, 16], "rotation": 180, "texture": "#0"},
				"south": {"uv": [0, 0, 4.66667, 16], "rotation": 180, "texture": "#0"},
				"west": {"uv": [0, 0, 2.66667, 16], "rotation": 180, "texture": "#0"},
				"up": {"uv": [0, 0, 2.66667, 4.66667], "rotation": 270, "texture": "#0"},
				"down": {"uv": [0, 0, 2.66667, 4.66667], "rotation": 90, "texture": "#0"}
			}
		}
	],
	"display": {
		"head": {
			"translation": [0, -17.5, 0],
			"scale": [2, 2, 2]
		}
	}
}