{
	"credit": "Made by MILENARY",
	"textures": {
		"1": "block/purple_gun_1",
		"2": "block/purple_gun_2",
		"3": "block/purple_gun_3",
		"4": "block/purple_mushroom",
		"particle": "block/purple_gun_2"
	},
	"elements": [
		{
			"from": [6.75, 1.25, 11.25],
			"to": [9.05, 2.75, 14.75],
			"rotation": {"angle": 0, "axis": "y", "origin": [7.5, 9.25, 17.5]},
			"faces": {
				"north": {"uv": [9, 6.5, 11.3, 8], "texture": "#1"},
				"east": {"uv": [8.5, 6.5, 12, 8], "texture": "#1"},
				"south": {"uv": [9, 6.5, 11.3, 8], "texture": "#1"},
				"west": {"uv": [9, 6, 12.5, 7.5], "texture": "#1"},
				"up": {"uv": [9, 7, 11.3, 10.5], "texture": "#1"},
				"down": {"uv": [9.5, 6.5, 11.8, 10], "texture": "#1"}
			}
		},
		{
			"from": [4.75, 0.75, 11.25],
			"to": [7, 3.25, 11.75],
			"rotation": {"angle": 0, "axis": "y", "origin": [7.5, 9.25, 17.5]},
			"faces": {
				"north": {"uv": [10, 10, 12.25, 12.5], "texture": "#1"},
				"east": {"uv": [11.5, 10, 12, 12.5], "texture": "#1"},
				"south": {"uv": [11, 11, 13.25, 13.5], "texture": "#1"},
				"west": {"uv": [12, 9, 12.5, 11.5], "texture": "#1"},
				"up": {"uv": [10.5, 11, 12.75, 11.5], "texture": "#1"},
				"down": {"uv": [10, 12, 12.25, 12.5], "texture": "#1"}
			}
		},
		{
			"from": [8.85, 0.75, 11.25],
			"to": [11.1, 3.25, 11.75],
			"rotation": {"angle": 0, "axis": "y", "origin": [8.35, 9.25, 17.5]},
			"faces": {
				"north": {"uv": [10, 10, 12.25, 12.5], "texture": "#1"},
				"east": {"uv": [10, 9, 10.5, 11.5], "texture": "#1"},
				"south": {"uv": [11, 11, 13.25, 13.5], "texture": "#1"},
				"west": {"uv": [12, 9, 12.5, 11.5], "texture": "#1"},
				"up": {"uv": [10.5, 11, 12.75, 11.5], "texture": "#1"},
				"down": {"uv": [10, 12, 12.25, 12.5], "texture": "#1"}
			}
		},
		{
			"from": [5.5, 2, 11.75],
			"to": [6, 2.5, 13.5],
			"rotation": {"angle": 0, "axis": "y", "origin": [7.5, 9.25, 17.5]},
			"faces": {
				"north": {"uv": [4, 5.5, 3.5, 6], "texture": "#1"},
				"east": {"uv": [4.25, 5, 2.5, 5.5], "texture": "#1"},
				"south": {"uv": [4, 4.5, 3.5, 5], "texture": "#1"},
				"west": {"uv": [4.25, 4, 2.5, 4.5], "texture": "#1"},
				"up": {"uv": [3, 5, 2.5, 6.75], "texture": "#1"},
				"down": {"uv": [1.5, 6, 1, 7.75], "texture": "#1"}
			}
		},
		{
			"from": [9.85, 2, 11.75],
			"to": [10.35, 2.5, 13.5],
			"rotation": {"angle": 0, "axis": "y", "origin": [8.35, 9.25, 17.5]},
			"faces": {
				"north": {"uv": [4, 5.5, 3.5, 6], "texture": "#1"},
				"east": {"uv": [4.25, 5, 2.5, 5.5], "texture": "#1"},
				"south": {"uv": [4, 4.5, 3.5, 5], "texture": "#1"},
				"west": {"uv": [4.25, 4, 2.5, 4.5], "texture": "#1"},
				"up": {"uv": [3, 5, 2.5, 6.75], "texture": "#1"},
				"down": {"uv": [1.5, 6, 1, 7.75], "texture": "#1"}
			}
		},
		{
			"from": [5.5, 2.65, 11.75],
			"to": [6, 3.15, 13.5],
			"rotation": {"angle": 0, "axis": "y", "origin": [7.5, 9.9, 17.5]},
			"faces": {
				"north": {"uv": [4, 5.5, 3.5, 6], "texture": "#1"},
				"east": {"uv": [4.25, 5, 2.5, 5.5], "texture": "#1"},
				"south": {"uv": [4, 4.5, 3.5, 5], "texture": "#1"},
				"west": {"uv": [4.25, 4, 2.5, 4.5], "texture": "#1"},
				"up": {"uv": [3, 5, 2.5, 6.75], "texture": "#1"},
				"down": {"uv": [1.5, 6, 1, 7.75], "texture": "#1"}
			}
		},
		{
			"from": [9.85, 2.65, 11.75],
			"to": [10.35, 3.15, 13.5],
			"rotation": {"angle": 0, "axis": "y", "origin": [8.35, 9.9, 17.5]},
			"faces": {
				"north": {"uv": [4, 5.5, 3.5, 6], "texture": "#1"},
				"east": {"uv": [4.25, 5, 2.5, 5.5], "texture": "#1"},
				"south": {"uv": [4, 4.5, 3.5, 5], "texture": "#1"},
				"west": {"uv": [4.25, 4, 2.5, 4.5], "texture": "#1"},
				"up": {"uv": [3, 5, 2.5, 6.75], "texture": "#1"},
				"down": {"uv": [1.5, 6, 1, 7.75], "texture": "#1"}
			}
		},
		{
			"from": [5.5, 1.35, 11.75],
			"to": [6, 1.85, 13.5],
			"rotation": {"angle": 0, "axis": "y", "origin": [7.5, 8.6, 17.5]},
			"faces": {
				"north": {"uv": [4, 5.5, 3.5, 6], "texture": "#1"},
				"east": {"uv": [4.25, 5, 2.5, 5.5], "texture": "#1"},
				"south": {"uv": [4, 4.5, 3.5, 5], "texture": "#1"},
				"west": {"uv": [4.25, 4, 2.5, 4.5], "texture": "#1"},
				"up": {"uv": [3, 5, 2.5, 6.75], "texture": "#1"},
				"down": {"uv": [1.5, 6, 1, 7.75], "texture": "#1"}
			}
		},
		{
			"from": [9.85, 1.35, 11.75],
			"to": [10.35, 1.85, 13.5],
			"rotation": {"angle": 0, "axis": "y", "origin": [8.35, 8.6, 17.5]},
			"faces": {
				"north": {"uv": [4, 5.5, 3.5, 6], "texture": "#1"},
				"east": {"uv": [4.25, 5, 2.5, 5.5], "texture": "#1"},
				"south": {"uv": [4, 4.5, 3.5, 5], "texture": "#1"},
				"west": {"uv": [4.25, 4, 2.5, 4.5], "texture": "#1"},
				"up": {"uv": [3, 5, 2.5, 6.75], "texture": "#1"},
				"down": {"uv": [1.5, 6, 1, 7.75], "texture": "#1"}
			}
		},
		{
			"from": [5.5, 2, 13.5],
			"to": [6.75, 2.5, 14],
			"rotation": {"angle": 0, "axis": "y", "origin": [7.5, 9.25, 17.5]},
			"faces": {
				"north": {"uv": [4, 5.5, 3.5, 6], "texture": "#1"},
				"east": {"uv": [4.25, 5, 2.5, 5.5], "texture": "#1"},
				"south": {"uv": [4, 4.5, 3.5, 5], "texture": "#1"},
				"west": {"uv": [3, 4, 2.5, 4.5], "texture": "#1"},
				"up": {"uv": [3, 5, 2.5, 6.75], "texture": "#1"},
				"down": {"uv": [1.5, 6, 1, 7.75], "texture": "#1"}
			}
		},
		{
			"from": [9.1, 2, 13.5],
			"to": [10.35, 2.5, 14],
			"rotation": {"angle": 0, "axis": "y", "origin": [8.35, 9.25, 17.5]},
			"faces": {
				"north": {"uv": [4, 5.5, 3.5, 6], "texture": "#1"},
				"east": {"uv": [4.25, 5, 2.5, 5.5], "texture": "#1"},
				"south": {"uv": [4, 4.5, 3.5, 5], "texture": "#1"},
				"west": {"uv": [3, 4, 2.5, 4.5], "texture": "#1"},
				"up": {"uv": [3, 5, 2.5, 6.75], "texture": "#1"},
				"down": {"uv": [1.5, 6, 1, 7.75], "texture": "#1"}
			}
		},
		{
			"from": [5.5, 2.65, 13.5],
			"to": [6.75, 3.15, 14],
			"rotation": {"angle": 0, "axis": "y", "origin": [7.5, 9.9, 17.5]},
			"faces": {
				"north": {"uv": [4, 5.5, 3.5, 6], "texture": "#1"},
				"east": {"uv": [4.25, 5, 2.5, 5.5], "texture": "#1"},
				"south": {"uv": [4, 4.5, 3.5, 5], "texture": "#1"},
				"west": {"uv": [3, 4, 2.5, 4.5], "texture": "#1"},
				"up": {"uv": [3, 5, 2.5, 6.75], "texture": "#1"},
				"down": {"uv": [1.5, 6, 1, 7.75], "texture": "#1"}
			}
		},
		{
			"from": [9.1, 2.65, 13.5],
			"to": [10.35, 3.15, 14],
			"rotation": {"angle": 0, "axis": "y", "origin": [8.35, 9.9, 17.5]},
			"faces": {
				"north": {"uv": [4, 5.5, 3.5, 6], "texture": "#1"},
				"east": {"uv": [4.25, 5, 2.5, 5.5], "texture": "#1"},
				"south": {"uv": [4, 4.5, 3.5, 5], "texture": "#1"},
				"west": {"uv": [3, 4, 2.5, 4.5], "texture": "#1"},
				"up": {"uv": [3, 5, 2.5, 6.75], "texture": "#1"},
				"down": {"uv": [1.5, 6, 1, 7.75], "texture": "#1"}
			}
		},
		{
			"from": [5.5, 1.35, 13.5],
			"to": [6.75, 1.85, 14],
			"rotation": {"angle": 0, "axis": "y", "origin": [7.5, 8.6, 17.5]},
			"faces": {
				"north": {"uv": [4, 5.5, 3.5, 6], "texture": "#1"},
				"east": {"uv": [4.25, 5, 2.5, 5.5], "texture": "#1"},
				"south": {"uv": [4, 4.5, 3.5, 5], "texture": "#1"},
				"west": {"uv": [3, 4, 2.5, 4.5], "texture": "#1"},
				"up": {"uv": [3, 5, 2.5, 6.75], "texture": "#1"},
				"down": {"uv": [1.5, 6, 1, 7.75], "texture": "#1"}
			}
		},
		{
			"from": [9.1, 1.35, 13.5],
			"to": [10.35, 1.85, 14],
			"rotation": {"angle": 0, "axis": "y", "origin": [8.35, 8.6, 17.5]},
			"faces": {
				"north": {"uv": [4, 5.5, 3.5, 6], "texture": "#1"},
				"east": {"uv": [4.25, 5, 2.5, 5.5], "texture": "#1"},
				"south": {"uv": [4, 4.5, 3.5, 5], "texture": "#1"},
				"west": {"uv": [3, 4, 2.5, 4.5], "texture": "#1"},
				"up": {"uv": [3, 5, 2.5, 6.75], "texture": "#1"},
				"down": {"uv": [1.5, 6, 1, 7.75], "texture": "#1"}
			}
		},
		{
			"from": [4.75, 3, 4],
			"to": [7.25, 3.75, 10.75],
			"rotation": {"angle": 0, "axis": "y", "origin": [7.5, 9.25, 17.5]},
			"faces": {
				"north": {"uv": [10, 9.5, 12.5, 10.25], "texture": "#1"},
				"east": {"uv": [8, 7.5, 14.75, 8.25], "texture": "#1"},
				"south": {"uv": [8.5, 8, 11, 8.75], "texture": "#1"},
				"west": {"uv": [7, 8.5, 13.75, 9.25], "texture": "#1"},
				"up": {"uv": [10, 5, 12.5, 11.75], "texture": "#1"},
				"down": {"uv": [10.5, 7, 13, 13.75], "texture": "#1"}
			}
		},
		{
			"from": [8.6, 3, 4],
			"to": [11.1, 3.75, 10.75],
			"rotation": {"angle": 0, "axis": "y", "origin": [8.35, 9.25, 17.5]},
			"faces": {
				"north": {"uv": [10, 9.5, 12.5, 10.25], "texture": "#1"},
				"east": {"uv": [8, 7.5, 14.75, 8.25], "texture": "#1"},
				"south": {"uv": [8.5, 8, 11, 8.75], "texture": "#1"},
				"west": {"uv": [7, 8.5, 13.75, 9.25], "texture": "#1"},
				"up": {"uv": [10, 5, 12.5, 11.75], "texture": "#1"},
				"down": {"uv": [10.5, 7, 13, 13.75], "texture": "#1"}
			}
		},
		{
			"from": [4.75, 1.5, 3.5],
			"to": [5, 1.75, 11.25],
			"rotation": {"angle": 0, "axis": "y", "origin": [7.5, 9, 17.5]},
			"faces": {
				"north": {"uv": [4, 9, 4.25, 9.25], "texture": "#2"},
				"east": {"uv": [1.5, 5.5, 9.25, 5.75], "texture": "#2"},
				"south": {"uv": [2.5, 8.5, 2.75, 8.75], "texture": "#2"},
				"west": {"uv": [4.5, 10.5, 12.25, 10.75], "texture": "#2"},
				"up": {"uv": [6.5, 5, 6.75, 12.75], "texture": "#2"},
				"down": {"uv": [5, 7.5, 5.25, 15.25], "texture": "#2"}
			}
		},
		{
			"from": [10.85, 1.5, 3.5],
			"to": [11.1, 1.75, 11.25],
			"rotation": {"angle": 0, "axis": "y", "origin": [8.35, 9, 17.5]},
			"faces": {
				"north": {"uv": [4, 9, 4.25, 9.25], "texture": "#2"},
				"east": {"uv": [1.5, 5.5, 9.25, 5.75], "texture": "#2"},
				"south": {"uv": [2.5, 8.5, 2.75, 8.75], "texture": "#2"},
				"west": {"uv": [4.5, 10.5, 12.25, 10.75], "texture": "#2"},
				"up": {"uv": [6.5, 5, 6.75, 12.75], "texture": "#2"},
				"down": {"uv": [5, 7.5, 5.25, 15.25], "texture": "#2"}
			}
		},
		{
			"from": [4.75, 2.25, 3.5],
			"to": [5, 2.5, 11.25],
			"rotation": {"angle": 0, "axis": "y", "origin": [7.5, 9.75, 17.5]},
			"faces": {
				"north": {"uv": [4, 9, 4.25, 9.25], "texture": "#2"},
				"east": {"uv": [1.5, 5.5, 9.25, 5.75], "texture": "#2"},
				"south": {"uv": [2.5, 8.5, 2.75, 8.75], "texture": "#2"},
				"west": {"uv": [4.5, 10.5, 12.25, 10.75], "texture": "#2"},
				"up": {"uv": [6.5, 5, 6.75, 12.75], "texture": "#2"},
				"down": {"uv": [5, 7.5, 5.25, 15.25], "texture": "#2"}
			}
		},
		{
			"from": [10.85, 2.25, 3.5],
			"to": [11.1, 2.5, 11.25],
			"rotation": {"angle": 0, "axis": "y", "origin": [8.35, 9.75, 17.5]},
			"faces": {
				"north": {"uv": [4, 9, 4.25, 9.25], "texture": "#2"},
				"east": {"uv": [1.5, 5.5, 9.25, 5.75], "texture": "#2"},
				"south": {"uv": [2.5, 8.5, 2.75, 8.75], "texture": "#2"},
				"west": {"uv": [4.5, 10.5, 12.25, 10.75], "texture": "#2"},
				"up": {"uv": [6.5, 5, 6.75, 12.75], "texture": "#2"},
				"down": {"uv": [5, 7.5, 5.25, 15.25], "texture": "#2"}
			}
		},
		{
			"from": [4.75, 0.75, 3],
			"to": [7, 3.25, 3.5],
			"rotation": {"angle": 0, "axis": "y", "origin": [7.5, 9.25, 9.25]},
			"faces": {
				"north": {"uv": [10, 10, 12.25, 12.5], "texture": "#1"},
				"east": {"uv": [11.5, 10, 12, 12.5], "texture": "#1"},
				"south": {"uv": [11, 11, 13.25, 13.5], "texture": "#1"},
				"west": {"uv": [12, 9, 12.5, 11.5], "texture": "#1"},
				"up": {"uv": [10.5, 11, 12.75, 11.5], "texture": "#1"},
				"down": {"uv": [10, 12, 12.25, 12.5], "texture": "#1"}
			}
		},
		{
			"from": [8.85, 0.75, 3],
			"to": [11.1, 3.25, 3.5],
			"rotation": {"angle": 0, "axis": "y", "origin": [8.35, 9.25, 9.25]},
			"faces": {
				"north": {"uv": [10, 10, 12.25, 12.5], "texture": "#1"},
				"east": {"uv": [11.5, 10, 12, 12.5], "texture": "#1"},
				"south": {"uv": [11, 11, 13.25, 13.5], "texture": "#1"},
				"west": {"uv": [12, 9, 12.5, 11.5], "texture": "#1"},
				"up": {"uv": [10.5, 11, 12.75, 11.5], "texture": "#1"},
				"down": {"uv": [10, 12, 12.25, 12.5], "texture": "#1"}
			}
		},
		{
			"from": [5.25, 0.75, 3.5],
			"to": [7, 1, 11.25],
			"rotation": {"angle": 0, "axis": "y", "origin": [7.5, 9.25, 9.25]},
			"faces": {
				"north": {"uv": [10, 10, 12.25, 12.5], "texture": "#1"},
				"east": {"uv": [11.5, 10, 12, 12.5], "texture": "#1"},
				"south": {"uv": [11, 11, 13.25, 13.5], "texture": "#1"},
				"west": {"uv": [12, 9, 12.5, 11.5], "texture": "#1"},
				"up": {"uv": [10.5, 11, 12.75, 11.5], "texture": "#1"},
				"down": {"uv": [10.5, 7.5, 12.25, 15.25], "texture": "#1"}
			}
		},
		{
			"from": [8.85, 0.75, 3.5],
			"to": [10.6, 1, 11.25],
			"rotation": {"angle": 0, "axis": "y", "origin": [8.35, 9.25, 9.25]},
			"faces": {
				"north": {"uv": [10, 10, 12.25, 12.5], "texture": "#1"},
				"east": {"uv": [11.5, 10, 12, 12.5], "texture": "#1"},
				"south": {"uv": [11, 11, 13.25, 13.5], "texture": "#1"},
				"west": {"uv": [12, 9, 12.5, 11.5], "texture": "#1"},
				"up": {"uv": [10.5, 11, 12.75, 11.5], "texture": "#1"},
				"down": {"uv": [11.5, 7.5, 13.25, 15.25], "texture": "#1"}
			}
		},
		{
			"from": [7.5, -1.75, 12],
			"to": [8.3, 1.25, 13.25],
			"rotation": {"angle": 0, "axis": "y", "origin": [7.5, 9.25, 17.5]},
			"faces": {
				"north": {"uv": [11, 6.5, 11.8, 9.5], "texture": "#1"},
				"east": {"uv": [12, 3, 13.25, 6], "texture": "#1"},
				"south": {"uv": [12.5, 7, 13.3, 10], "texture": "#1"},
				"west": {"uv": [13.5, 9.5, 14.75, 12.5], "texture": "#1"},
				"up": {"uv": [11.5, 8, 12.3, 9.25], "texture": "#1"},
				"down": {"uv": [9.5, 7.5, 10.3, 8.75], "texture": "#1"}
			}
		},
		{
			"from": [7.25, 0.5, 4.25],
			"to": [8.55, 1.25, 12],
			"rotation": {"angle": 0, "axis": "y", "origin": [7.5, 9.25, 17.5]},
			"faces": {
				"north": {"uv": [9, 5.5, 10.3, 6.25], "texture": "#1"},
				"east": {"uv": [5, 6.5, 12.75, 7.25], "texture": "#1"},
				"south": {"uv": [7.5, 5, 8.8, 5.75], "texture": "#1"},
				"west": {"uv": [4.5, 6.5, 12.25, 7.25], "texture": "#1"},
				"up": {"uv": [7.5, 4, 8.8, 11.75], "texture": "#1"},
				"down": {"uv": [6, 2.5, 7.3, 10.25], "texture": "#1"}
			}
		},
		{
			"from": [7.5, -1.25, 6],
			"to": [8.3, 0.5, 7.25],
			"rotation": {"angle": 0, "axis": "y", "origin": [7.5, 9.25, 17.5]},
			"faces": {
				"north": {"uv": [4, 13, 4.8, 14.75], "texture": "#1"},
				"east": {"uv": [10, 8, 11.25, 9.75], "texture": "#1"},
				"south": {"uv": [4.5, 10.5, 5.3, 12.25], "texture": "#1"},
				"west": {"uv": [7.5, 11.5, 8.75, 13.25], "texture": "#1"},
				"up": {"uv": [12.5, 2, 13.3, 3.25], "texture": "#1"},
				"down": {"uv": [11.5, 5, 12.3, 6.25], "texture": "#1"}
			}
		},
		{
			"from": [7.75, 0, 11.25],
			"to": [8.05, 0.75, 11.75],
			"rotation": {"angle": 22.5, "axis": "x", "origin": [7.9, 0.25, 11.5]},
			"faces": {
				"north": {"uv": [2, 3.5, 2.3, 4.25], "texture": "#1"},
				"east": {"uv": [1, 3, 1.5, 3.75], "texture": "#1"},
				"south": {"uv": [2, 3.5, 2.3, 4.25], "texture": "#1"},
				"west": {"uv": [2.5, 4, 3, 4.75], "texture": "#1"},
				"up": {"uv": [0.5, 2.5, 0.8, 3], "texture": "#1"},
				"down": {"uv": [0.5, 3.5, 0.8, 4], "texture": "#1"}
			}
		},
		{
			"from": [7.6, 0, 7.15],
			"to": [8.2, 0.5, 10.15],
			"rotation": {"angle": 0, "axis": "y", "origin": [7.5, 8.5, 17.5]},
			"faces": {
				"north": {"uv": [8, 8, 8.6, 8.5], "texture": "#1"},
				"east": {"uv": [12.25, 8.625, 15.25, 9.125], "texture": "#1"},
				"south": {"uv": [12.25, 8.625, 12.85, 9.125], "texture": "#1"},
				"west": {"uv": [4, 8, 7, 8.5], "texture": "#1"},
				"up": {"uv": [12.25, 8.625, 12.85, 11.625], "texture": "#1"},
				"down": {"uv": [12.25, 8.625, 12.85, 11.625], "texture": "#1"}
			}
		},
		{
			"from": [7.6, -0.25, 10.15],
			"to": [8.2, 0.5, 10.5],
			"rotation": {"angle": 0, "axis": "y", "origin": [7.5, 8.5, 17.5]},
			"faces": {
				"north": {"uv": [11, 6.5, 11.6, 7.25], "texture": "#1"},
				"east": {"uv": [12.5, 8.5, 12.85, 9.25], "texture": "#1"},
				"south": {"uv": [11, 6.5, 11.6, 7.25], "texture": "#1"},
				"west": {"uv": [12.5, 1.5, 13.75, 4.5], "texture": "#1"},
				"up": {"uv": [11.5, 8, 12.1, 8.35], "texture": "#1"},
				"down": {"uv": [9.5, 7.5, 10.1, 7.85], "texture": "#1"}
			}
		},
		{
			"from": [7.6, -0.45, 10.5],
			"to": [8.2, -0.15, 12],
			"rotation": {"angle": 0, "axis": "y", "origin": [7.5, 8.5, 17.5]},
			"faces": {
				"north": {"uv": [11, 6.5, 11.6, 6.8], "texture": "#1"},
				"east": {"uv": [12, 8.5, 13.5, 8.8], "texture": "#1"},
				"south": {"uv": [11, 6.5, 11.6, 6.8], "texture": "#1"},
				"west": {"uv": [12.5, 1.5, 13.75, 4.5], "texture": "#1"},
				"up": {"uv": [11.5, 8, 12.1, 9.5], "texture": "#1"},
				"down": {"uv": [9.5, 7.5, 10.1, 9], "texture": "#1"}
			}
		},
		{
			"from": [6.95, 1.5, 8.75],
			"to": [8.9, 2.5, 11.25],
			"rotation": {"angle": 0, "axis": "y", "origin": [7.5, 9.25, 17.5]},
			"color": 4,
			"faces": {
				"north": {"uv": [12.25, 8.625, 15.25, 9.25], "texture": "#missing"},
				"east": {"uv": [12.25, 8.625, 15.25, 9.25], "texture": "#missing"},
				"south": {"uv": [12.25, 8.625, 15.25, 9.25], "texture": "#missing"},
				"west": {"uv": [12.25, 8.625, 15.25, 9.25], "texture": "#missing"},
				"up": {"uv": [12.25, 8.625, 15.25, 9.25], "texture": "#missing"},
				"down": {"uv": [12.25, 8.625, 15.25, 9.25], "texture": "#missing"}
			}
		},
		{
			"from": [7, 2, 3],
			"to": [7.85, 3, 11.25],
			"rotation": {"angle": 0, "axis": "y", "origin": [7.5, 9.25, 17.5]},
			"faces": {
				"north": {"uv": [2, 4, 2.85, 5], "texture": "#1"},
				"east": {"uv": [0, 4, 8.25, 5], "texture": "#1"},
				"south": {"uv": [1.5, 4, 2.35, 5], "texture": "#1"},
				"west": {"uv": [2.5, 5.5, 10.75, 6.5], "texture": "#1"},
				"up": {"uv": [3, 0.5, 3.85, 8.75], "texture": "#1"},
				"down": {"uv": [2, 2, 2.85, 10.25], "texture": "#1"}
			}
		},
		{
			"from": [7, 0.75, 3],
			"to": [7.85, 1.75, 11.25],
			"rotation": {"angle": 0, "axis": "y", "origin": [7.5, 8, 17.5]},
			"faces": {
				"north": {"uv": [2, 4, 2.85, 5], "texture": "#1"},
				"east": {"uv": [0, 4, 8.25, 5], "texture": "#1"},
				"south": {"uv": [1.5, 4, 2.35, 5], "texture": "#1"},
				"west": {"uv": [2.5, 5.5, 10.75, 6.5], "texture": "#1"},
				"up": {"uv": [3, 0.5, 3.85, 8.75], "texture": "#1"},
				"down": {"uv": [2, 2, 2.85, 10.25], "texture": "#1"}
			}
		},
		{
			"from": [8, 2, 3],
			"to": [8.85, 3, 11.25],
			"rotation": {"angle": 0, "axis": "y", "origin": [8.5, 9.25, 17.5]},
			"faces": {
				"north": {"uv": [2, 4, 2.85, 5], "texture": "#1"},
				"east": {"uv": [0, 4, 8.25, 5], "texture": "#1"},
				"south": {"uv": [1.5, 4, 2.35, 5], "texture": "#1"},
				"west": {"uv": [2.5, 5.5, 10.75, 6.5], "texture": "#1"},
				"up": {"uv": [3, 0.5, 3.85, 8.75], "texture": "#1"},
				"down": {"uv": [2, 2, 2.85, 10.25], "texture": "#1"}
			}
		},
		{
			"from": [6.75, 0.5, 1.25],
			"to": [9.1, 3.25, 3],
			"rotation": {"angle": 0, "axis": "y", "origin": [8.5, 9.25, 17.5]},
			"faces": {
				"north": {"uv": [10.5, 11, 12.85, 13.75], "texture": "#1"},
				"east": {"uv": [9.5, 11.5, 11.25, 14.25], "texture": "#1"},
				"south": {"uv": [11.5, 4, 13.85, 6.75], "texture": "#1"},
				"west": {"uv": [9, 10.5, 10.75, 13.25], "texture": "#1"},
				"up": {"uv": [11, 5, 13.35, 6.75], "texture": "#1"},
				"down": {"uv": [10.5, 8.5, 12.85, 10.25], "texture": "#1"}
			}
		},
		{
			"from": [6.7, 0.45, 1.25],
			"to": [9.15, 3.3, 2.25],
			"rotation": {"angle": 0, "axis": "y", "origin": [8.5, 9.25, 17.5]},
			"faces": {
				"north": {"uv": [3.5, 10.5, 5.95, 13.35], "texture": "#1"},
				"east": {"uv": [3, 10, 4, 12.85], "texture": "#1"},
				"south": {"uv": [2.5, 10.5, 4.95, 13.35], "texture": "#1"},
				"west": {"uv": [3.5, 9.5, 4.5, 12.35], "texture": "#1"},
				"up": {"uv": [2, 11.5, 4.45, 12.5], "texture": "#1"},
				"down": {"uv": [10.5, 3.5, 12.95, 4.5], "texture": "#1"}
			}
		},
		{
			"from": [7.25, 3.25, 1.25],
			"to": [8.6, 3.5, 2.5],
			"rotation": {"angle": 0, "axis": "y", "origin": [8.5, 9.25, 17.5]},
			"faces": {
				"north": {"uv": [5, 4.5, 6.35, 4.75], "texture": "#1"},
				"east": {"uv": [4.5, 2.5, 5.75, 2.75], "texture": "#1"},
				"south": {"uv": [2.5, 3.5, 3.85, 3.75], "texture": "#1"},
				"west": {"uv": [6.5, 5, 7.75, 5.25], "texture": "#1"},
				"up": {"uv": [4.5, 1.5, 5.85, 2.75], "texture": "#1"},
				"down": {"uv": [4.5, 5, 5.85, 6.25], "texture": "#1"}
			}
		},
		{
			"from": [6, 0.75, 0.5],
			"to": [9.95, 3, 1.25],
			"rotation": {"angle": 0, "axis": "y", "origin": [8.5, 9.25, 16.75]},
			"faces": {
				"north": {"uv": [3.5, 5, 7.45, 7.25], "texture": "#4"},
				"east": {"uv": [2.5, 1.75, 3.25, 4], "texture": "#4"},
				"south": {"uv": [6.5, 4.5, 10.45, 6.75], "texture": "#4"},
				"west": {"uv": [8.25, 2.75, 9, 5], "texture": "#4"},
				"up": {"uv": [7.25, 10.75, 11.2, 11.5], "texture": "#4"},
				"down": {"uv": [9.5, 3.25, 13.45, 4], "texture": "#4"}
			}
		},
		{
			"from": [9.2, 3, 0.5],
			"to": [9.7, 3.5, 1.25],
			"rotation": {"angle": 0, "axis": "y", "origin": [8.5, 9.25, 16.75]},
			"faces": {
				"north": {"uv": [12.25, 8.625, 15.25, 9.25], "texture": "#4"},
				"east": {"uv": [12.25, 3.75, 13, 4.25], "texture": "#4"},
				"south": {"uv": [12.25, 8.625, 15.25, 9.25], "texture": "#4"},
				"west": {"uv": [12.25, 8.625, 15.25, 9.25], "texture": "#4"},
				"up": {"uv": [12.5, 12.5, 13, 13.25], "texture": "#4"},
				"down": {"uv": [12.25, 8.625, 15.25, 9.25], "texture": "#4"}
			}
		},
		{
			"from": [9.2, 0.25, 0.5],
			"to": [9.7, 0.75, 1.25],
			"rotation": {"angle": 0, "axis": "y", "origin": [8.5, 6.5, 16.75]},
			"faces": {
				"north": {"uv": [11.75, 3.5, 12.25, 4], "texture": "#4"},
				"east": {"uv": [11, 6.25, 11.75, 6.75], "texture": "#4"},
				"south": {"uv": [12.25, 8.625, 15.25, 9.25], "texture": "#4"},
				"west": {"uv": [12.25, 8.625, 15.25, 9.25], "texture": "#4"},
				"up": {"uv": [12.25, 8.625, 15.25, 9.25], "texture": "#4"},
				"down": {"uv": [6.75, 10, 7.25, 10.75], "texture": "#4"}
			}
		},
		{
			"from": [6.25, 3, 0.5],
			"to": [6.75, 3.5, 1.25],
			"rotation": {"angle": 0, "axis": "y", "origin": [5.55, 9.25, 16.75]},
			"faces": {
				"north": {"uv": [12.25, 8.625, 15.25, 9.25], "texture": "#4"},
				"east": {"uv": [12.25, 8.625, 15.25, 9.25], "texture": "#4"},
				"south": {"uv": [12.25, 8.625, 15.25, 9.25], "texture": "#4"},
				"west": {"uv": [12.25, 8.625, 15.25, 9.25], "texture": "#4"},
				"up": {"uv": [12.25, 8.625, 15.25, 9.25], "texture": "#4"},
				"down": {"uv": [12.25, 8.625, 15.25, 9.25], "texture": "#4"}
			}
		},
		{
			"from": [6.25, 0.25, 0.5],
			"to": [6.75, 0.75, 1.25],
			"rotation": {"angle": 0, "axis": "y", "origin": [5.55, 6.5, 16.75]},
			"faces": {
				"north": {"uv": [12.25, 8.625, 15.25, 9.25], "texture": "#4"},
				"east": {"uv": [12.25, 8.625, 15.25, 9.25], "texture": "#4"},
				"south": {"uv": [12.25, 8.625, 15.25, 9.25], "texture": "#4"},
				"west": {"uv": [9, 7, 9.75, 7.5], "texture": "#4"},
				"up": {"uv": [12.25, 8.625, 15.25, 9.25], "texture": "#4"},
				"down": {"uv": [10.5, 8, 11, 8.75], "texture": "#4"}
			}
		},
		{
			"from": [9.7, 1.25, -0.25],
			"to": [9.95, 2.5, 0.5],
			"rotation": {"angle": 0, "axis": "y", "origin": [8.5, 9.25, 16.75]},
			"faces": {
				"north": {"uv": [12.25, 8.625, 15.25, 9.25], "texture": "#4"},
				"east": {"uv": [1.25, 11.75, 2, 13], "texture": "#4"},
				"south": {"uv": [12.25, 8.625, 15.25, 9.25], "texture": "#4"},
				"west": {"uv": [12.25, 8.625, 15.25, 9.25], "texture": "#4"},
				"up": {"uv": [12.25, 8.625, 15.25, 9.25], "texture": "#4"},
				"down": {"uv": [12.25, 8.625, 15.25, 9.25], "texture": "#4"}
			}
		},
		{
			"from": [7, 3, -0.75],
			"to": [8.95, 3.5, 0.5],
			"rotation": {"angle": 0, "axis": "y", "origin": [8.5, 9.25, 16.75]},
			"faces": {
				"north": {"uv": [5.75, 4.25, 7.7, 4.75], "texture": "#4"},
				"east": {"uv": [3.75, 10.5, 5, 11], "texture": "#4"},
				"south": {"uv": [3.5, 5, 5.45, 5.5], "texture": "#4"},
				"west": {"uv": [5.5, 3, 6.75, 3.5], "texture": "#4"},
				"up": {"uv": [1, 10.25, 2.95, 11.5], "texture": "#4"},
				"down": {"uv": [10, 4.75, 11.95, 6], "texture": "#4"}
			}
		},
		{
			"from": [7, 0.25, -0.75],
			"to": [8.95, 0.75, 0.5],
			"rotation": {"angle": 0, "axis": "y", "origin": [8.5, 6.5, 16.75]},
			"faces": {
				"north": {"uv": [12.25, 8.625, 15.25, 9.25], "texture": "#4"},
				"east": {"uv": [12.25, 8.625, 15.25, 9.25], "texture": "#4"},
				"south": {"uv": [12.25, 8.625, 15.25, 9.25], "texture": "#4"},
				"west": {"uv": [12.25, 8.625, 15.25, 9.25], "texture": "#4"},
				"up": {"uv": [12.25, 8.625, 15.25, 9.25], "texture": "#4"},
				"down": {"uv": [8, 1.75, 9.95, 3], "texture": "#4"}
			}
		},
		{
			"from": [6.5, 0.5, -1],
			"to": [9.45, 3.25, 0.5],
			"rotation": {"angle": 0, "axis": "y", "origin": [8.5, 9.25, 16.75]},
			"faces": {
				"north": {"uv": [3.5, 5, 6.45, 7.75], "texture": "#4"},
				"east": {"uv": [6.25, 5, 7.75, 7.75], "texture": "#4"},
				"south": {"uv": [6.5, 4.5, 9.45, 7.25], "texture": "#4"},
				"west": {"uv": [10.5, 4, 12, 6.75], "texture": "#4"},
				"up": {"uv": [7.25, 10.75, 10.2, 12.25], "texture": "#4"},
				"down": {"uv": [0.5, 4.75, 3.45, 6.25], "texture": "#4"}
			}
		},
		{
			"from": [6.5, 0.9, -2.75],
			"to": [6.75, 2.85, -1],
			"rotation": {"angle": 0, "axis": "z", "origin": [6.625, 1.875, -1.75]},
			"faces": {
				"north": {"uv": [4, 4.5, 6.15, 4.75], "rotation": 90, "texture": "#1"},
				"east": {"uv": [0.5, 4, 2.25, 4.25], "rotation": 270, "texture": "#1"},
				"south": {"uv": [2.5, 4, 4.65, 4.25], "rotation": 270, "texture": "#1"},
				"west": {"uv": [0.5, 3.5, 2.25, 3.75], "rotation": 270, "texture": "#1"},
				"up": {"uv": [2.5, 4, 4.25, 4.25], "rotation": 270, "texture": "#1"},
				"down": {"uv": [2, 3.5, 3.75, 3.75], "rotation": 270, "texture": "#1"}
			}
		},
		{
			"from": [9.2, 0.9, -2.75],
			"to": [9.45, 2.85, -1],
			"rotation": {"angle": 0, "axis": "z", "origin": [9.325, 1.875, -1.75]},
			"faces": {
				"north": {"uv": [4, 4.5, 6.15, 4.75], "rotation": 90, "texture": "#1"},
				"east": {"uv": [0.5, 4, 2.25, 4.25], "rotation": 270, "texture": "#1"},
				"south": {"uv": [2.5, 4, 4.65, 4.25], "rotation": 270, "texture": "#1"},
				"west": {"uv": [0.5, 3.5, 2.25, 3.75], "rotation": 270, "texture": "#1"},
				"up": {"uv": [2.5, 4, 4.25, 4.25], "rotation": 270, "texture": "#1"},
				"down": {"uv": [2, 3.5, 3.75, 3.75], "rotation": 270, "texture": "#1"}
			}
		},
		{
			"from": [6.75, 0.75, -2.75],
			"to": [7.2, 1.2, -1],
			"rotation": {"angle": 0, "axis": "z", "origin": [6.625, 1.875, -1.75]},
			"faces": {
				"north": {"uv": [4, 4.5, 6.15, 4.75], "rotation": 90, "texture": "#1"},
				"east": {"uv": [0.5, 4, 2.25, 4.25], "rotation": 270, "texture": "#1"},
				"south": {"uv": [2.5, 4, 4.65, 4.25], "rotation": 270, "texture": "#1"},
				"west": {"uv": [0.5, 3.5, 2.25, 3.75], "rotation": 270, "texture": "#1"},
				"up": {"uv": [2.5, 4, 4.25, 4.45], "rotation": 270, "texture": "#1"},
				"down": {"uv": [2, 3.5, 3.75, 3.95], "rotation": 270, "texture": "#1"}
			}
		},
		{
			"from": [6.75, 2.55, -2.75],
			"to": [7.2, 3, -1],
			"rotation": {"angle": 0, "axis": "z", "origin": [6.625, 3.675, -1.75]},
			"faces": {
				"north": {"uv": [4, 4.5, 6.15, 4.75], "rotation": 90, "texture": "#1"},
				"east": {"uv": [0.5, 4, 2.25, 4.25], "rotation": 270, "texture": "#1"},
				"south": {"uv": [2.5, 4, 4.65, 4.25], "rotation": 270, "texture": "#1"},
				"west": {"uv": [0.5, 3.5, 2.25, 3.75], "rotation": 270, "texture": "#1"},
				"up": {"uv": [2.5, 4, 4.25, 4.45], "rotation": 270, "texture": "#1"},
				"down": {"uv": [2, 3.5, 3.75, 3.95], "rotation": 270, "texture": "#1"}
			}
		},
		{
			"from": [8.75, 2.55, -2.75],
			"to": [9.2, 3, -1],
			"rotation": {"angle": 0, "axis": "z", "origin": [8.625, 3.675, -1.75]},
			"faces": {
				"north": {"uv": [4, 4.5, 6.15, 4.75], "rotation": 90, "texture": "#1"},
				"east": {"uv": [0.5, 4, 2.25, 4.25], "rotation": 270, "texture": "#1"},
				"south": {"uv": [2.5, 4, 4.65, 4.25], "rotation": 270, "texture": "#1"},
				"west": {"uv": [0.5, 3.5, 2.25, 3.75], "rotation": 270, "texture": "#1"},
				"up": {"uv": [2.5, 4, 4.25, 4.45], "rotation": 270, "texture": "#1"},
				"down": {"uv": [2, 3.5, 3.75, 3.95], "rotation": 270, "texture": "#1"}
			}
		},
		{
			"from": [8.75, 0.75, -2.75],
			"to": [9.2, 1.2, -1],
			"rotation": {"angle": 0, "axis": "z", "origin": [8.575, 1.875, -1.75]},
			"faces": {
				"north": {"uv": [4, 4.5, 6.15, 4.75], "rotation": 90, "texture": "#1"},
				"east": {"uv": [0.5, 4, 2.25, 4.25], "rotation": 270, "texture": "#1"},
				"south": {"uv": [2.5, 4, 4.65, 4.25], "rotation": 270, "texture": "#1"},
				"west": {"uv": [0.5, 3.5, 2.25, 3.75], "rotation": 270, "texture": "#1"},
				"up": {"uv": [2.5, 4, 4.25, 4.45], "rotation": 270, "texture": "#1"},
				"down": {"uv": [2, 3.5, 3.75, 3.95], "rotation": 270, "texture": "#1"}
			}
		},
		{
			"from": [6.9, 0.5, -2.75],
			"to": [9.05, 0.75, -1],
			"rotation": {"angle": 0, "axis": "y", "origin": [8.5, 6.75, 16.25]},
			"faces": {
				"north": {"uv": [4, 4.5, 6.15, 4.75], "texture": "#1"},
				"east": {"uv": [0.5, 4, 2.25, 4.25], "texture": "#1"},
				"south": {"uv": [2.5, 4, 4.65, 4.25], "texture": "#1"},
				"west": {"uv": [0.5, 3.5, 2.25, 3.75], "texture": "#1"},
				"up": {"uv": [2.5, 4, 4.65, 5.75], "texture": "#1"},
				"down": {"uv": [2, 3.5, 4.15, 5.25], "texture": "#1"}
			}
		},
		{
			"from": [6.9, 3, -2.75],
			"to": [9.05, 3.25, -1],
			"rotation": {"angle": 0, "axis": "y", "origin": [8.5, 9.25, 16.25]},
			"faces": {
				"north": {"uv": [4, 4.5, 6.15, 4.75], "texture": "#1"},
				"east": {"uv": [0.5, 4, 2.25, 4.25], "texture": "#1"},
				"south": {"uv": [2.5, 4, 4.65, 4.25], "texture": "#1"},
				"west": {"uv": [0.5, 3.5, 2.25, 3.75], "texture": "#1"},
				"up": {"uv": [2.5, 4, 4.65, 5.75], "texture": "#1"},
				"down": {"uv": [2, 3.5, 4.15, 5.25], "texture": "#1"}
			}
		},
		{
			"from": [9.2, 1, -0.75],
			"to": [9.7, 2.75, 0.5],
			"rotation": {"angle": 0, "axis": "y", "origin": [9, 9.25, 16.75]},
			"faces": {
				"north": {"uv": [12.25, 8.625, 15.25, 9.25], "texture": "#4"},
				"east": {"uv": [5.75, 3, 7, 4.75], "texture": "#4"},
				"south": {"uv": [12.25, 8.625, 15.25, 9.25], "texture": "#4"},
				"west": {"uv": [12.25, 8.625, 15.25, 9.25], "texture": "#4"},
				"up": {"uv": [12.25, 8.625, 15.25, 9.25], "texture": "#4"},
				"down": {"uv": [12.25, 8.625, 15.25, 9.25], "texture": "#4"}
			}
		},
		{
			"from": [6.25, 1, -0.75],
			"to": [6.75, 2.75, 0.5],
			"rotation": {"angle": 0, "axis": "y", "origin": [6.05, 9.25, 16.75]},
			"faces": {
				"north": {"uv": [3.5, 5, 7.45, 7.25], "texture": "#4"},
				"east": {"uv": [6.25, 5, 7.5, 6.75], "texture": "#4"},
				"south": {"uv": [6.5, 4.5, 7, 6.25], "texture": "#4"},
				"west": {"uv": [10, 11.25, 11.25, 13], "texture": "#4"},
				"up": {"uv": [7.25, 10.75, 7.75, 12], "texture": "#4"},
				"down": {"uv": [9.5, 3.25, 10, 4.5], "texture": "#4"}
			}
		},
		{
			"from": [6.75, 3, 0.5],
			"to": [9.2, 3.75, 1.25],
			"rotation": {"angle": 0, "axis": "y", "origin": [8.5, 9.25, 16.75]},
			"faces": {
				"north": {"uv": [5.75, 4.25, 8.2, 5], "texture": "#4"},
				"east": {"uv": [3.75, 10.5, 4.5, 11.25], "texture": "#4"},
				"south": {"uv": [3.5, 5, 5.95, 5.75], "texture": "#4"},
				"west": {"uv": [5.5, 3, 6.25, 3.75], "texture": "#4"},
				"up": {"uv": [2, 4.25, 4.45, 5], "texture": "#4"},
				"down": {"uv": [10, 4.75, 12.45, 5.5], "texture": "#4"}
			}
		},
		{
			"from": [7.25, 3.5, -0.25],
			"to": [8.7, 3.75, 0.5],
			"rotation": {"angle": 0, "axis": "y", "origin": [8.5, 9.25, 16.75]},
			"faces": {
				"north": {"uv": [5.75, 4.25, 7.2, 4.5], "texture": "#4"},
				"east": {"uv": [3.75, 10.5, 4.5, 10.75], "texture": "#4"},
				"south": {"uv": [3.5, 5, 4.95, 5.25], "texture": "#4"},
				"west": {"uv": [5.5, 3, 6.25, 3.25], "texture": "#4"},
				"up": {"uv": [6.75, 3.25, 8.2, 4], "texture": "#4"},
				"down": {"uv": [10, 4.75, 11.45, 5.5], "texture": "#4"}
			}
		},
		{
			"from": [7.25, 0, -0.25],
			"to": [8.7, 0.25, 0.5],
			"rotation": {"angle": 0, "axis": "y", "origin": [8.5, 5.75, 16.75]},
			"faces": {
				"north": {"uv": [12.25, 8.625, 15.25, 9.25], "texture": "#4"},
				"east": {"uv": [12.25, 8.625, 15.25, 9.25], "texture": "#4"},
				"south": {"uv": [12.25, 8.625, 15.25, 9.25], "texture": "#4"},
				"west": {"uv": [12.25, 8.625, 15.25, 9.25], "texture": "#4"},
				"up": {"uv": [12.25, 8.625, 15.25, 9.25], "texture": "#4"},
				"down": {"uv": [8.5, 3.25, 9.95, 4], "texture": "#4"}
			}
		},
		{
			"from": [6.75, 0, 0.5],
			"to": [9.2, 0.75, 1.25],
			"rotation": {"angle": 0, "axis": "y", "origin": [8.5, 6.25, 16.75]},
			"faces": {
				"north": {"uv": [12.25, 8.625, 15.25, 9.25], "texture": "#4"},
				"east": {"uv": [12.25, 8.625, 15.25, 9.25], "texture": "#4"},
				"south": {"uv": [12.25, 8.625, 15.25, 9.25], "texture": "#4"},
				"west": {"uv": [12.25, 8.625, 15.25, 9.25], "texture": "#4"},
				"up": {"uv": [12.25, 8.625, 15.25, 9.25], "texture": "#4"},
				"down": {"uv": [11.5, 11, 13.95, 11.75], "texture": "#4"}
			}
		},
		{
			"from": [8, 0.75, 3],
			"to": [8.85, 1.75, 11.25],
			"rotation": {"angle": 0, "axis": "y", "origin": [8.5, 8, 17.5]},
			"faces": {
				"north": {"uv": [2, 4, 2.85, 5], "texture": "#1"},
				"east": {"uv": [0, 4, 8.25, 5], "texture": "#1"},
				"south": {"uv": [1.5, 4, 2.35, 5], "texture": "#1"},
				"west": {"uv": [2.5, 5.5, 10.75, 6.5], "texture": "#1"},
				"up": {"uv": [3, 0.5, 3.85, 8.75], "texture": "#1"},
				"down": {"uv": [2, 2, 2.85, 10.25], "texture": "#1"}
			}
		},
		{
			"from": [6.95, 2.5, 6.5],
			"to": [8.9, 3.25, 11.25],
			"rotation": {"angle": 0, "axis": "y", "origin": [7.5, 9.25, 17.5]},
			"faces": {
				"north": {"uv": [6, 7, 7.95, 7.75], "texture": "#2"},
				"east": {"uv": [6.5, 12.5, 11.25, 13.25], "texture": "#2"},
				"south": {"uv": [9, 2.5, 10.95, 3.25], "texture": "#2"},
				"west": {"uv": [7.5, 12, 12.25, 12.75], "texture": "#2"},
				"up": {"uv": [2.5, 4.5, 4.45, 9.25], "texture": "#2"},
				"down": {"uv": [8.5, 6, 10.45, 10.75], "texture": "#2"}
			}
		},
		{
			"from": [7.25, 1.75, 14.75],
			"to": [8.55, 3.55, 16.25],
			"rotation": {"angle": 0, "axis": "y", "origin": [7.5, 9.25, 17.5]},
			"color": 4,
			"faces": {
				"north": {"uv": [12.25, 8.625, 15.25, 9.25], "texture": "#missing"},
				"east": {"uv": [12.25, 8.625, 15.25, 9.25], "texture": "#missing"},
				"south": {"uv": [12.25, 8.625, 15.25, 9.25], "texture": "#missing"},
				"west": {"uv": [12.25, 8.625, 15.25, 9.25], "texture": "#missing"},
				"up": {"uv": [12.25, 8.625, 15.25, 9.25], "texture": "#missing"},
				"down": {"uv": [12.25, 8.625, 15.25, 9.25], "texture": "#missing"}
			}
		},
		{
			"from": [7, 1, 16],
			"to": [8.8, 4.25, 18],
			"rotation": {"angle": 0, "axis": "y", "origin": [7.5, 9.25, 18.75]},
			"faces": {
				"north": {"uv": [9, 9.5, 10.8, 12.75], "texture": "#1"},
				"east": {"uv": [9.5, 8, 11.5, 11.25], "texture": "#1"},
				"south": {"uv": [7.5, 11, 9.3, 14.25], "texture": "#1"},
				"west": {"uv": [7.5, 11.5, 9.5, 14.75], "texture": "#1"},
				"up": {"uv": [12, 3.5, 13.8, 5.5], "texture": "#1"},
				"down": {"uv": [11.5, 4, 13.3, 6], "texture": "#1"}
			}
		},
		{
			"from": [6.75, 0.5, 18],
			"to": [9.05, 5, 21],
			"rotation": {"angle": 0, "axis": "y", "origin": [7.5, 9.25, 19.5]},
			"faces": {
				"north": {"uv": [12, 8.5, 14.3, 13], "texture": "#1"},
				"east": {"uv": [11.5, 4.5, 14.5, 9], "texture": "#1"},
				"south": {"uv": [5.5, 8.5, 7.8, 13], "texture": "#1"},
				"west": {"uv": [8.5, 10.5, 11.5, 15], "texture": "#1"},
				"up": {"uv": [12, 3.5, 14.3, 6.5], "texture": "#1"},
				"down": {"uv": [11.5, 4, 13.8, 7], "texture": "#1"}
			}
		},
		{
			"from": [6.7, 2.75, 11.25],
			"to": [9.15, 3.75, 15.5],
			"rotation": {"angle": 0, "axis": "y", "origin": [7.5, 10.75, 17.5]},
			"faces": {
				"north": {"uv": [4, 4.5, 6.45, 5.5], "texture": "#2"},
				"east": {"uv": [2.5, 5, 6.75, 6], "texture": "#2"},
				"south": {"uv": [5.5, 6.5, 7.95, 7.5], "texture": "#2"},
				"west": {"uv": [5.5, 6, 9.75, 7], "texture": "#2"},
				"up": {"uv": [4.5, 9.5, 6.95, 13.75], "texture": "#2"},
				"down": {"uv": [3.5, 11.5, 5.95, 15.75], "texture": "#2"}
			}
		},
		{
			"from": [7.45, 2.75, 6.5],
			"to": [8.4, 3.5, 11.25],
			"rotation": {"angle": 0, "axis": "y", "origin": [7.5, 10.75, 17.5]},
			"faces": {
				"north": {"uv": [7, 6.5, 7.95, 7.25], "texture": "#3"},
				"east": {"uv": [3.5, 7.5, 8.25, 8.25], "texture": "#3"},
				"south": {"uv": [5.5, 7.5, 6.45, 8.25], "texture": "#3"},
				"west": {"uv": [5, 4.5, 9.75, 5.25], "texture": "#3"},
				"up": {"uv": [3.5, 5, 4.45, 9.75], "texture": "#3"},
				"down": {"uv": [2, 5.5, 2.95, 10.25], "texture": "#3"}
			}
		},
		{
			"from": [5, 1, 3.5],
			"to": [7, 3.5, 11.25],
			"rotation": {"angle": 0, "axis": "y", "origin": [7.5, 8, 8]},
			"faces": {
				"north": {"uv": [4.5, 11.75, 6.5, 14.25], "texture": "#4"},
				"east": {"uv": [5.25, 6.5, 13, 9], "texture": "#4"},
				"south": {"uv": [9.75, 4.25, 11.75, 6.75], "texture": "#4"},
				"west": {"uv": [2, 4.5, 9.75, 7], "texture": "#4"},
				"up": {"uv": [8.25, 3.5, 10.25, 11.25], "texture": "#4"},
				"down": {"uv": [13.5, 8.25, 15.5, 16], "texture": "#4"}
			}
		},
		{
			"from": [8.85, 1, 3.5],
			"to": [10.85, 3.5, 11.25],
			"rotation": {"angle": 0, "axis": "y", "origin": [8.35, 8, 8]},
			"faces": {
				"north": {"uv": [14.75, 6.5, 12.75, 9], "texture": "#4"},
				"east": {"uv": [13.75, 5, 6, 7.5], "texture": "#4"},
				"south": {"uv": [5, 6.25, 3, 8.75], "texture": "#4"},
				"west": {"uv": [9.5, 3, 1.75, 5.5], "texture": "#4"},
				"up": {"uv": [6, 2.25, 4, 10], "texture": "#4"},
				"down": {"uv": [4.75, 6.75, 2.75, 14.5], "texture": "#4"}
			}
		}
	],
	"display": {
		"thirdperson_righthand": {
			"translation": [0, 12.25, 2.25],
			"scale": [1.5, 1.5, 1]
		},
		"thirdperson_lefthand": {
			"translation": [0, 12.25, 2.25],
			"scale": [1.5, 1.5, 1]
		},
		"firstperson_righthand": {
			"rotation": [22, 0, 0],
			"translation": [-8.5, 19.5, -1],
			"scale": [1.5, 1.5, 1]
		},
		"firstperson_lefthand": {
			"rotation": [22, 0, 0],
			"translation": [-8.5, 19.5, -1],
			"scale": [1.5, 1.5, 1]
		},
		"ground": {
			"translation": [0, 10, 0],
			"scale": [1.5, 1.5, 1]
		},
		"gui": {
			"rotation": [63, 41, -73],
			"translation": [6, 7.5, 0],
			"scale": [1.5, 1.5, 1]
		},
		"head": {
			"rotation": [93, -154, 92],
			"translation": [9, -10.25, 8.25],
			"scale": [1.5, 1.5, 1]
		},
		"fixed": {
			"rotation": [0, 90, 0],
			"translation": [-1.75, 10.75, -4.75],
			"scale": [1.5, 1.5, 1]
		}
	}
}