{
	"credit": "Made by MILENARY",
	"texture_size": [8, 8],
	"textures": {
		"4": "block/gun_smoke",
		"6": "block/gun_1",
		"particle": "block/gun_smoke"
	},
	"elements": [
		{
			"from": [9.75, 5.5, 6.25],
			"to": [10.25, 8, 7],
			"rotation": {"angle": 0, "axis": "y", "origin": [8, 8.75, 9.75]},
			"faces": {
				"north": {"uv": [1, 11, 2, 16], "texture": "#6"},
				"east": {"uv": [0, 11, 1.5, 16], "rotation": 180, "texture": "#6"},
				"south": {"uv": [0.5, 11, 1.5, 16], "texture": "#6"},
				"west": {"uv": [9.5, 9.5, 11, 14.5], "texture": "#6"},
				"up": {"uv": [0, 12.5, 1.5, 13.5], "rotation": 90, "texture": "#6"},
				"down": {"uv": [0, 12.5, 1.5, 13.5], "rotation": 270, "texture": "#6"}
			}
		},
		{
			"from": [6.7, 8.25, 6.2],
			"to": [9.3, 9, 7],
			"rotation": {"angle": 0, "axis": "y", "origin": [8, 8.75, 9.75]},
			"faces": {
				"north": {"uv": [1, 11, 2, 16], "rotation": 90, "texture": "#6"},
				"east": {"uv": [0, 12.5, 1.5, 13.5], "rotation": 180, "texture": "#6"},
				"south": {"uv": [0.5, 11, 1.5, 16], "rotation": 90, "texture": "#6"},
				"west": {"uv": [0, 12.5, 1.5, 13.5], "texture": "#6"},
				"up": {"uv": [0, 11, 1.5, 16], "rotation": 90, "texture": "#6"},
				"down": {"uv": [7, 7.5, 12.2, 9.1], "texture": "#6"}
			}
		},
		{
			"from": [6.75, 4.5, 6.25],
			"to": [9.25, 5.5, 7],
			"rotation": {"angle": 0, "axis": "y", "origin": [8, 4.75, 9.75]},
			"faces": {
				"north": {"uv": [1, 11, 2, 16], "rotation": 90, "texture": "#6"},
				"east": {"uv": [0, 12.5, 1.5, 13.5], "rotation": 180, "texture": "#6"},
				"south": {"uv": [0.5, 11, 1.5, 16], "rotation": 90, "texture": "#6"},
				"west": {"uv": [0, 12.5, 1.5, 13.5], "texture": "#6"},
				"up": {"uv": [2, 6.5, 7, 8], "texture": "#6"},
				"down": {"uv": [0, 11, 1.5, 16], "rotation": 270, "texture": "#6"}
			}
		},
		{
			"from": [9, 7.75, 5.75],
			"to": [9.75, 8.5, 8],
			"rotation": {"angle": 0, "axis": "y", "origin": [8.5, 8.25, 9.75]},
			"faces": {
				"north": {"uv": [7, 13, 7.5, 13.5], "texture": "#6"},
				"east": {"uv": [7, 12.5, 9.5, 14], "rotation": 180, "texture": "#6"},
				"south": {"uv": [8.5, 13.5, 9, 14], "texture": "#6"},
				"west": {"uv": [7, 12.5, 9.5, 14], "texture": "#6"},
				"up": {"uv": [7, 12.5, 9.5, 14], "rotation": 90, "texture": "#6"},
				"down": {"uv": [7, 12.5, 9.5, 14], "rotation": 270, "texture": "#6"}
			}
		},
		{
			"from": [8.75, 5.75, 6.25],
			"to": [9.75, 7.75, 7.75],
			"rotation": {"angle": 0, "axis": "y", "origin": [8.5, 8.25, 9.75]},
			"faces": {
				"north": {"uv": [1, 0.5, 2.5, 2], "texture": "#6"},
				"east": {"uv": [3, 10.5, 6, 14.5], "texture": "#6"},
				"south": {"uv": [4, 11, 6, 15], "texture": "#6"},
				"west": {"uv": [9, 4, 12, 8], "texture": "#6"},
				"up": {"uv": [4.5, 8, 6.5, 11], "texture": "#6"},
				"down": {"uv": [4, 12.5, 6, 15.5], "texture": "#6"}
			}
		},
		{
			"from": [6.25, 5.75, 6.25],
			"to": [7.25, 7.75, 7.75],
			"rotation": {"angle": 0, "axis": "y", "origin": [5.5, 8.25, 9.75]},
			"faces": {
				"north": {"uv": [1, 0.5, 2.5, 2], "texture": "#6"},
				"east": {"uv": [3, 11.5, 6, 15.5], "texture": "#6"},
				"south": {"uv": [6, 11, 4, 15], "texture": "#6"},
				"west": {"uv": [3, 10.5, 6, 14.5], "texture": "#6"},
				"up": {"uv": [4, 10, 6, 13], "texture": "#6"},
				"down": {"uv": [4, 12.5, 6, 15.5], "texture": "#6"}
			}
		},
		{
			"from": [6.25, 7.75, 5.75],
			"to": [7, 8.5, 8],
			"rotation": {"angle": 0, "axis": "y", "origin": [5.5, 8.25, 9.75]},
			"faces": {
				"north": {"uv": [7, 13, 7.5, 13.5], "texture": "#6"},
				"east": {"uv": [7, 12.5, 9.5, 14], "rotation": 180, "texture": "#6"},
				"south": {"uv": [8.5, 13.5, 9, 14], "texture": "#6"},
				"west": {"uv": [7, 12.5, 9.5, 14], "texture": "#6"},
				"up": {"uv": [7, 12.5, 9.5, 14], "rotation": 90, "texture": "#6"},
				"down": {"uv": [7, 12.5, 9.5, 14], "rotation": 270, "texture": "#6"}
			}
		},
		{
			"from": [6.25, 4.95, 5.75],
			"to": [7, 5.75, 8],
			"rotation": {"angle": 0, "axis": "y", "origin": [5.5, 5.25, 9.75]},
			"faces": {
				"north": {"uv": [7, 13, 7.5, 13.5], "texture": "#6"},
				"east": {"uv": [7, 12.5, 9.5, 14], "texture": "#6"},
				"south": {"uv": [8.5, 13.5, 9, 14], "texture": "#6"},
				"west": {"uv": [7, 12.5, 9.5, 14], "texture": "#6"},
				"up": {"uv": [7, 12.5, 9.5, 14], "rotation": 90, "texture": "#6"},
				"down": {"uv": [7, 12.5, 9.5, 14], "rotation": 270, "texture": "#6"}
			}
		},
		{
			"from": [7.75, 3, 7],
			"to": [8.25, 5.5, 8.25],
			"rotation": {"angle": 0, "axis": "y", "origin": [5.5, 2.25, 8.5]},
			"faces": {
				"north": {"uv": [12, 11, 13, 16], "texture": "#6"},
				"east": {"uv": [14.5, 11, 12, 16], "texture": "#6"},
				"south": {"uv": [12, 11, 13, 16], "texture": "#6"},
				"west": {"uv": [12, 11, 14.5, 16], "texture": "#6"},
				"up": {"uv": [10, 12, 11, 12.5], "texture": "#6"},
				"down": {"uv": [10, 12, 11, 12.5], "texture": "#6"}
			}
		},
		{
			"from": [7.55, 5.45, 11.75],
			"to": [8.45, 6.45, 13.25],
			"rotation": {"angle": -22.5, "axis": "x", "origin": [5.5, 2.95, 13.25]},
			"faces": {
				"north": {"uv": [7, 9, 9, 10.8], "rotation": 90, "texture": "#6"},
				"east": {"uv": [7, 7.5, 9, 12], "rotation": 90, "texture": "#6"},
				"south": {"uv": [7, 9, 9, 10.8], "rotation": 90, "texture": "#6"},
				"west": {"uv": [7, 7.5, 9, 12], "rotation": 90, "texture": "#6"},
				"up": {"uv": [12, 4.5, 13, 6.5], "texture": "#6"},
				"down": {"uv": [8, 13, 9, 14.5], "texture": "#6"}
			}
		},
		{
			"from": [7.8, 5.2, 11],
			"to": [8.2, 5.45, 12.25],
			"rotation": {"angle": -22.5, "axis": "x", "origin": [5.5, 2.95, 13.25]},
			"faces": {
				"north": {"uv": [7.5, 12, 8.5, 12.5], "rotation": 180, "texture": "#6"},
				"east": {"uv": [7, 14, 9.5, 14.5], "rotation": 180, "texture": "#6"},
				"south": {"uv": [7.5, 12, 8.5, 12.5], "rotation": 180, "texture": "#6"},
				"west": {"uv": [7, 14, 9.5, 14.5], "rotation": 180, "texture": "#6"},
				"up": {"uv": [7, 14, 9.5, 14.5], "rotation": 270, "texture": "#6"},
				"down": {"uv": [7, 14, 9.5, 14.5], "rotation": 270, "texture": "#6"}
			}
		},
		{
			"from": [7.8, 4.31277, 9.78274],
			"to": [8.2, 5.56277, 10.03274],
			"rotation": {"angle": -22.5, "axis": "x", "origin": [8, 4.81277, 9.90774]},
			"faces": {
				"north": {"uv": [7, 14, 9.5, 14.5], "rotation": 270, "texture": "#6"},
				"east": {"uv": [7, 14, 9.5, 14.5], "rotation": 270, "texture": "#6"},
				"south": {"uv": [7, 14, 9.5, 14.5], "rotation": 270, "texture": "#6"},
				"west": {"uv": [7, 14, 9.5, 14.5], "rotation": 270, "texture": "#6"},
				"up": {"uv": [4, 10.5, 4.8, 11], "texture": "#6"},
				"down": {"uv": [7.5, 12, 8.5, 12.5], "rotation": 180, "texture": "#6"}
			}
		},
		{
			"from": [7.85, 4.81277, 10.28274],
			"to": [8.15, 5.56277, 10.53274],
			"rotation": {"angle": 22.5, "axis": "x", "origin": [8, 4.81277, 10.40774]},
			"faces": {
				"north": {"uv": [10, 13.5, 11.5, 14], "rotation": 270, "texture": "#6"},
				"east": {"uv": [10, 13.5, 11.5, 14], "rotation": 270, "texture": "#6"},
				"south": {"uv": [10, 13.5, 11.5, 14], "rotation": 270, "texture": "#6"},
				"west": {"uv": [10, 13.5, 11.5, 14], "rotation": 270, "texture": "#6"},
				"up": {"uv": [4, 10.5, 4.6, 11], "texture": "#6"},
				"down": {"uv": [10, 13.5, 10.5, 14.1], "rotation": 270, "texture": "#6"}
			}
		},
		{
			"from": [7.75, 3.45, 12],
			"to": [8.25, 5.45, 13],
			"rotation": {"angle": -22.5, "axis": "x", "origin": [5.5, 2.95, 13.25]},
			"faces": {
				"north": {"uv": [8.5, 8, 9, 10.5], "texture": "#6"},
				"east": {"uv": [7, 8, 9, 12], "texture": "#6"},
				"south": {"uv": [8.5, 8, 9, 10.5], "texture": "#6"},
				"west": {"uv": [7, 8, 9, 12], "texture": "#6"},
				"up": {"uv": [7.5, 7.5, 8.5, 8], "texture": "#6"},
				"down": {"uv": [7.5, 7.5, 8.5, 8], "texture": "#6"}
			}
		},
		{
			"from": [7.25, 5, 6.3],
			"to": [8.75, 7.25, 8.5],
			"rotation": {"angle": 0, "axis": "y", "origin": [5.5, 5.25, 9.75]},
			"faces": {
				"north": {"uv": [10.5, 12, 12, 12.5], "texture": "#6"},
				"east": {"uv": [9.5, 15.5, 12, 12], "rotation": 270, "texture": "#6"},
				"south": {"uv": [9.5, 12.5, 11.5, 15], "rotation": 270, "texture": "#6"},
				"west": {"uv": [9.5, 12, 12, 15.5], "rotation": 270, "texture": "#6"},
				"up": {"uv": [10.5, 12, 12, 12.5], "texture": "#6"},
				"down": {"uv": [10.5, 12, 12, 12.5], "texture": "#6"}
			}
		},
		{
			"from": [6.75, 6.25, 6.25],
			"to": [9.25, 8.3, 8.5],
			"rotation": {"angle": 0, "axis": "y", "origin": [5.5, 5.25, 9.75]},
			"faces": {
				"north": {"uv": [10, 12, 11, 13], "texture": "#6"},
				"east": {"uv": [10, 12.5, 11.5, 15.5], "rotation": 90, "texture": "#6"},
				"south": {"uv": [10, 12, 11, 12.5], "texture": "#6"},
				"west": {"uv": [10, 12.5, 11.5, 15.5], "rotation": 90, "texture": "#6"},
				"up": {"uv": [9.5, 12, 11.5, 16], "rotation": 90, "texture": "#6"},
				"down": {"uv": [10, 12.5, 10.5, 15], "rotation": 90, "texture": "#6"}
			}
		},
		{
			"from": [6.5, 5.75, 5],
			"to": [9.5, 7.75, 6.25],
			"rotation": {"angle": 0, "axis": "y", "origin": [5.5, 5.25, 9.75]},
			"faces": {
				"north": {"uv": [10, 12, 10.5, 12.5], "texture": "#6"},
				"east": {"uv": [9.5, 12, 12, 16], "rotation": 180, "texture": "#6"},
				"south": {"uv": [4.5, 8, 8.5, 14], "texture": "#6"},
				"west": {"uv": [9.5, 12, 12, 16], "texture": "#6"},
				"up": {"uv": [10, 12, 10.5, 12.5], "texture": "#6"},
				"down": {"uv": [10, 12, 10.5, 12.5], "texture": "#6"}
			}
		},
		{
			"from": [6.75, 5.5, 4.75],
			"to": [9.25, 8, 6.25],
			"rotation": {"angle": 0, "axis": "y", "origin": [5.5, 5.25, 9.75]},
			"faces": {
				"north": {"uv": [15.5, 15.5, 16, 16], "texture": "#6"},
				"east": {"uv": [2, 9, 7, 16], "rotation": 90, "texture": "#6"},
				"south": {"uv": [2, 4, 7, 9], "texture": "#6"},
				"west": {"uv": [2, 9, 7, 16], "rotation": 90, "texture": "#6"},
				"up": {"uv": [2, 9, 7, 16], "texture": "#6"},
				"down": {"uv": [2, 9, 7, 16], "texture": "#6"}
			}
		},
		{
			"from": [4.75, 3.5, 3.5],
			"to": [11.25, 10, 3.5],
			"rotation": {"angle": 0, "axis": "y", "origin": [5.5, 5.25, 9.75]},
			"faces": {
				"north": {"uv": [16, 0, 0, 16], "texture": "#4"},
				"east": {"uv": [0, 0, 16, 16], "texture": "#4"},
				"south": {"uv": [0, 0, 16, 16], "texture": "#4"},
				"west": {"uv": [0, 0, 16, 16], "texture": "#4"},
				"up": {"uv": [0, 0, 16, 16], "texture": "#4"},
				"down": {"uv": [0, 0, 16, 16], "texture": "#4"}
			}
		},
		{
			"from": [6.75, 7.75, 3.75],
			"to": [9.25, 8.25, 4.75],
			"rotation": {"angle": 0, "axis": "y", "origin": [5.5, 5.25, 11.25]},
			"faces": {
				"north": {"uv": [0, 13, 0.5, 14], "texture": "#6"},
				"east": {"uv": [0, 13, 0.5, 14], "texture": "#6"},
				"south": {"uv": [0, 13, 0.5, 14], "texture": "#6"},
				"west": {"uv": [0, 13, 0.5, 14], "texture": "#6"},
				"up": {"uv": [0, 11, 2, 16], "rotation": 90, "texture": "#6"},
				"down": {"uv": [0, 13, 0.5, 14], "texture": "#6"}
			}
		},
		{
			"from": [6.75, 5.25, 3.75],
			"to": [9.25, 5.75, 4.75],
			"rotation": {"angle": 0, "axis": "y", "origin": [5.5, 2.75, 11.25]},
			"faces": {
				"north": {"uv": [0, 13, 0.5, 14], "texture": "#6"},
				"east": {"uv": [0, 14, 0.5, 16], "texture": "#6"},
				"south": {"uv": [0, 13, 0.5, 14], "texture": "#6"},
				"west": {"uv": [0, 14, 0.5, 16], "texture": "#6"},
				"up": {"uv": [0, 13, 0.5, 14], "texture": "#6"},
				"down": {"uv": [0, 14, 0.5, 16], "texture": "#6"}
			}
		},
		{
			"from": [6.5, 5.5, 3.75],
			"to": [7, 8, 4.75],
			"rotation": {"angle": 0, "axis": "y", "origin": [5.5, 5.25, 11.25]},
			"faces": {
				"north": {"uv": [0, 13, 0.5, 14], "texture": "#6"},
				"east": {"uv": [0, 13, 0.5, 14], "texture": "#6"},
				"south": {"uv": [0, 13, 0.5, 14], "texture": "#6"},
				"west": {"uv": [0, 11, 2, 16], "texture": "#6"},
				"up": {"uv": [0, 14, 0.5, 16], "texture": "#6"},
				"down": {"uv": [0, 14, 0.5, 16], "texture": "#6"}
			}
		},
		{
			"from": [9, 5.5, 3.75],
			"to": [9.5, 8, 4.75],
			"rotation": {"angle": 0, "axis": "y", "origin": [5.5, 5.25, 11.25]},
			"faces": {
				"north": {"uv": [0, 13, 0.5, 14], "texture": "#6"},
				"east": {"uv": [2, 11, 0, 16], "texture": "#6"},
				"south": {"uv": [0, 13, 0.5, 14], "texture": "#6"},
				"west": {"uv": [0, 13, 0.5, 14], "texture": "#6"},
				"up": {"uv": [0, 14, 0.5, 16], "texture": "#6"},
				"down": {"uv": [0, 14, 0.5, 16], "texture": "#6"}
			}
		},
		{
			"from": [7, 5.25, 5],
			"to": [9, 8.25, 6.25],
			"rotation": {"angle": 0, "axis": "y", "origin": [5.5, 5.25, 9.75]},
			"faces": {
				"north": {"uv": [7, 14, 7.5, 16], "texture": "#6"},
				"east": {"uv": [7, 14, 7.5, 16], "texture": "#6"},
				"south": {"uv": [4.5, 8, 8.5, 14], "texture": "#6"},
				"west": {"uv": [7, 14, 7.5, 16], "texture": "#6"},
				"up": {"uv": [7, 12, 9.5, 16], "rotation": 90, "texture": "#6"},
				"down": {"uv": [7, 12, 9.5, 16], "rotation": 270, "texture": "#6"}
			}
		},
		{
			"from": [7.1, 8, 6.4],
			"to": [7.5, 8.65, 10.1],
			"rotation": {"angle": 0, "axis": "y", "origin": [5.5, 5.25, 9.75]},
			"faces": {
				"north": {"uv": [8.5, 8.5, 9.8, 9.3], "rotation": 90, "texture": "#6"},
				"east": {"uv": [7, 12.5, 8.5, 15.5], "rotation": 180, "texture": "#6"},
				"south": {"uv": [8.5, 13.5, 9.5, 14.5], "rotation": 90, "texture": "#6"},
				"west": {"uv": [7, 12.5, 8.5, 15.5], "texture": "#6"},
				"up": {"uv": [7, 12.5, 8.5, 15.5], "rotation": 90, "texture": "#6"},
				"down": {"uv": [7, 12.5, 8.5, 15.5], "rotation": 90, "texture": "#6"}
			}
		},
		{
			"from": [8.5, 8, 6.4],
			"to": [8.9, 8.65, 10.1],
			"rotation": {"angle": 0, "axis": "y", "origin": [7, 5.25, 9.75]},
			"faces": {
				"north": {"uv": [8.5, 8.5, 9.8, 9.3], "rotation": 90, "texture": "#6"},
				"east": {"uv": [7, 12.5, 8.5, 15.5], "rotation": 180, "texture": "#6"},
				"south": {"uv": [8.5, 13.5, 9.5, 14.5], "rotation": 90, "texture": "#6"},
				"west": {"uv": [7, 12.5, 8.5, 15.5], "texture": "#6"},
				"up": {"uv": [7, 12.5, 8.5, 15.5], "rotation": 90, "texture": "#6"},
				"down": {"uv": [7, 12.5, 8.5, 15.5], "rotation": 90, "texture": "#6"}
			}
		},
		{
			"from": [7, 5.25, 8.5],
			"to": [9, 8, 11],
			"rotation": {"angle": 0, "axis": "y", "origin": [5.5, 4.5, 12.25]},
			"faces": {
				"north": {"uv": [2.5, 10, 6.5, 15.5], "texture": "#6"},
				"east": {"uv": [2, 10.5, 7, 15.5], "rotation": 90, "texture": "#6"},
				"south": {"uv": [2, 10, 7, 14], "rotation": 90, "texture": "#6"},
				"west": {"uv": [2, 10.5, 7, 15.5], "rotation": 90, "texture": "#6"},
				"up": {"uv": [2.5, 10.5, 6.5, 15.5], "texture": "#6"},
				"down": {"uv": [2.5, 10.5, 6.5, 15.5], "texture": "#6"}
			}
		},
		{
			"from": [6.95, 6.5, 8.75],
			"to": [9.05, 7.5, 10.75],
			"rotation": {"angle": 0, "axis": "y", "origin": [5.5, 4.5, 12.25]},
			"faces": {
				"north": {"uv": [0, 0, 0, 2], "texture": "#6"},
				"east": {"uv": [4, 0, 0, 2], "texture": "#6"},
				"south": {"uv": [0, 0, 0, 2], "texture": "#6"},
				"west": {"uv": [0, 0, 4, 2], "texture": "#6"},
				"up": {"uv": [0, 0, 3.5, 0.5], "texture": "#6"},
				"down": {"uv": [0, 0, 3.5, 0.5], "texture": "#6"}
			}
		},
		{
			"from": [7.25, 5.7, 11],
			"to": [8.75, 7.7, 13.25],
			"rotation": {"angle": 0, "axis": "y", "origin": [5.5, 4.7, 14.75]},
			"faces": {
				"north": {"uv": [10, 12.5, 10.5, 14.5], "texture": "#6"},
				"east": {"uv": [12, 13, 9.5, 16], "texture": "#6"},
				"south": {"uv": [10, 12.5, 10.5, 14.5], "texture": "#6"},
				"west": {"uv": [9.5, 13, 11.99, 16], "texture": "#6"},
				"up": {"uv": [9.5, 12.5, 12, 15.5], "rotation": 90, "texture": "#6"},
				"down": {"uv": [9.5, 12.5, 12, 15.5], "rotation": 270, "texture": "#6"}
			}
		},
		{
			"from": [7.25, 7.7, 12.25],
			"to": [8.75, 7.95, 13.25],
			"rotation": {"angle": 0, "axis": "y", "origin": [5.5, 4.95, 14.75]},
			"faces": {
				"north": {"uv": [10.5, 12.5, 11.5, 13.5], "texture": "#6"},
				"east": {"uv": [11, 13, 11.5, 14], "texture": "#6"},
				"south": {"uv": [10.5, 12.5, 11.5, 13.5], "texture": "#6"},
				"west": {"uv": [11, 13, 11.5, 14], "texture": "#6"},
				"up": {"uv": [10.5, 12.5, 11.5, 13.5], "texture": "#6"},
				"down": {"uv": [10.5, 12.5, 11.5, 13.5], "texture": "#6"}
			}
		},
		{
			"from": [7.25, 7.7, 13.25],
			"to": [8.75, 8.2, 14.5],
			"rotation": {"angle": 0, "axis": "y", "origin": [5.5, 4.95, 15.75]},
			"faces": {
				"north": {"uv": [10.5, 12.5, 11.5, 13.5], "texture": "#6"},
				"east": {"uv": [9.5, 13.5, 11, 14.5], "texture": "#6"},
				"south": {"uv": [9.5, 12, 12.5, 13], "texture": "#6"},
				"west": {"uv": [9.5, 13.5, 11, 14.5], "rotation": 180, "texture": "#6"},
				"up": {"uv": [11, 12.5, 9.5, 13.5], "rotation": 90, "texture": "#6"},
				"down": {"uv": [10.5, 12.5, 11.5, 13.5], "texture": "#6"}
			}
		},
		{
			"from": [7.25, 5.7, 13.25],
			"to": [8.75, 7.7, 14.5],
			"rotation": {"angle": 0, "axis": "y", "origin": [5.5, 4.7, 17.75]},
			"faces": {
				"north": {"uv": [0, 3, 3, 7], "texture": "#6"},
				"east": {"uv": [9.5, 13, 11, 16], "texture": "#6"},
				"south": {"uv": [9.5, 12.5, 12.5, 16], "texture": "#6"},
				"west": {"uv": [11, 13, 9.5, 16], "texture": "#6"},
				"up": {"uv": [10.5, 2, 13.5, 4], "texture": "#6"},
				"down": {"uv": [9.5, 12.5, 11, 15.5], "rotation": 90, "texture": "#6"}
			}
		},
		{
			"from": [9, 4.95, 5.75],
			"to": [9.75, 5.75, 8],
			"rotation": {"angle": 0, "axis": "y", "origin": [8.5, 5.25, 9.75]},
			"faces": {
				"north": {"uv": [7, 13, 7.5, 13.5], "texture": "#6"},
				"east": {"uv": [7, 12.5, 9.5, 14], "rotation": 180, "texture": "#6"},
				"south": {"uv": [8.5, 13.5, 9, 14], "texture": "#6"},
				"west": {"uv": [7, 12.5, 9.5, 14], "texture": "#6"},
				"up": {"uv": [7, 12.5, 9.5, 14], "rotation": 90, "texture": "#6"},
				"down": {"uv": [7, 12.5, 9.5, 14], "rotation": 270, "texture": "#6"}
			}
		},
		{
			"from": [5.75, 5.5, 6.25],
			"to": [6.25, 8, 7],
			"rotation": {"angle": 0, "axis": "y", "origin": [4, 8.75, 9.75]},
			"faces": {
				"north": {"uv": [1, 11, 2, 16], "texture": "#6"},
				"east": {"uv": [7, 6, 8.5, 11], "texture": "#6"},
				"south": {"uv": [0.5, 11, 1.5, 16], "texture": "#6"},
				"west": {"uv": [0, 11, 1.5, 16], "texture": "#6"},
				"up": {"uv": [0, 12.5, 1.5, 13.5], "rotation": 90, "texture": "#6"},
				"down": {"uv": [0, 12.5, 1.5, 13.5], "rotation": 270, "texture": "#6"}
			}
		}
	],
	"display": {
		"thirdperson_righthand": {
			"translation": [0, 6.25, 2.25],
			"scale": [1.5, 1.5, 1.5]
		},
		"thirdperson_lefthand": {
			"translation": [0, 6.25, 2.25],
			"scale": [1.5, 1.5, 1.5]
		},
		"firstperson_righthand": {
			"rotation": [3, 5, 0],
			"translation": [2, 15.75, 3],
			"scale": [2, 2, 2]
		},
		"firstperson_lefthand": {
			"rotation": [3, 5, 0],
			"translation": [2, 15.75, 3],
			"scale": [2, 2, 2]
		},
		"ground": {
			"rotation": [0, 0, 90],
			"translation": [2, 0, 0],
			"scale": [2, 2, 2]
		},
		"gui": {
			"rotation": [68, 44, -52],
			"translation": [3, 3.5, 0],
			"scale": [2, 2, 2]
		},
		"head": {
			"translation": [0, -25, 0],
			"scale": [2, 2, 2]
		},
		"fixed": {
			"rotation": [0, 90, 0],
			"translation": [0, 3, -1],
			"scale": [2, 2, 2]
		}
	}
}