{
	"credit": "Made by MILENARY",
	"textures": {
		"0": "block/knife_1",
		"particle": "block/knife_1"
	},
	"elements": [
		{
			"name": "1_0",
			"from": [7.82418, 13.18681, 8.61538],
			"to": [8, 15.64835, 8.79121],
			"rotation": {"angle": 0, "axis": "y", "origin": [0, 8, 8]},
			"faces": {
				"north": {"uv": [8.61538, 0.35165, 8.79121, 2.81319], "texture": "#0"},
				"east": {"uv": [8.61538, 2.81319, 8.79121, 0.35165], "rotation": 180, "texture": "#0"},
				"south": {"uv": [8.61538, 0.35165, 8.79121, 2.81319], "texture": "#0"},
				"west": {"uv": [8.61538, 0.35165, 8.79121, 2.81319], "texture": "#0"},
				"up": {"uv": [8.79121, 0.35165, 8.61538, 0.52747], "rotation": 270, "texture": "#0"},
				"down": {"uv": [8.61538, 2.63736, 8.79121, 2.81319], "rotation": 270, "texture": "#0"}
			}
		},
		{
			"name": "1_1",
			"from": [7.82418, 5.62637, 8.43956],
			"to": [8, 15.47253, 8.61538],
			"rotation": {"angle": 0, "axis": "y", "origin": [0, 8, 8]},
			"faces": {
				"north": {"uv": [8.43956, 0.52747, 8.61538, 10.37363], "texture": "#0"},
				"east": {"uv": [8.43956, 10.37363, 8.61538, 0.52747], "rotation": 180, "texture": "#0"},
				"south": {"uv": [8.43956, 0.52747, 8.61538, 10.37363], "texture": "#0"},
				"west": {"uv": [8.43956, 0.52747, 8.61538, 10.37363], "texture": "#0"},
				"up": {"uv": [8.61538, 0.52747, 8.43956, 0.7033], "rotation": 270, "texture": "#0"},
				"down": {"uv": [8.43956, 10.1978, 8.61538, 10.37363], "rotation": 270, "texture": "#0"}
			}
		},
		{
			"name": "1_2",
			"from": [7.82418, 5.62637, 8.26374],
			"to": [8, 15.2967, 8.43956],
			"rotation": {"angle": 0, "axis": "y", "origin": [0, 8, 8]},
			"faces": {
				"north": {"uv": [8.26374, 0.7033, 8.43956, 10.37363], "texture": "#0"},
				"east": {"uv": [8.26374, 10.37363, 8.43956, 0.7033], "rotation": 180, "texture": "#0"},
				"south": {"uv": [8.26374, 0.7033, 8.43956, 10.37363], "texture": "#0"},
				"west": {"uv": [8.26374, 0.7033, 8.43956, 10.37363], "texture": "#0"},
				"up": {"uv": [8.43956, 0.7033, 8.26374, 0.87912], "rotation": 270, "texture": "#0"},
				"down": {"uv": [8.26374, 10.1978, 8.43956, 10.37363], "rotation": 270, "texture": "#0"}
			}
		},
		{
			"name": "1_3",
			"from": [7.82418, 5.45055, 8.08791],
			"to": [8, 14.94505, 8.26374],
			"rotation": {"angle": 0, "axis": "y", "origin": [0, 8, 8]},
			"faces": {
				"north": {"uv": [8.08791, 1.05495, 8.26374, 10.54945], "texture": "#0"},
				"east": {"uv": [8.08791, 10.54945, 8.26374, 1.05495], "rotation": 180, "texture": "#0"},
				"south": {"uv": [8.08791, 1.05495, 8.26374, 10.54945], "texture": "#0"},
				"west": {"uv": [8.08791, 1.05495, 8.26374, 10.54945], "texture": "#0"},
				"up": {"uv": [8.26374, 1.05495, 8.08791, 1.23077], "rotation": 270, "texture": "#0"},
				"down": {"uv": [8.08791, 10.37363, 8.26374, 10.54945], "rotation": 270, "texture": "#0"}
			}
		},
		{
			"name": "1_4",
			"from": [7.82418, 5.45055, 7.91209],
			"to": [8, 14.59341, 8.08791],
			"rotation": {"angle": 0, "axis": "y", "origin": [0, 8, 8]},
			"faces": {
				"north": {"uv": [7.91209, 1.40659, 8.08791, 10.54945], "texture": "#0"},
				"east": {"uv": [7.91209, 10.54945, 8.08791, 1.40659], "rotation": 180, "texture": "#0"},
				"south": {"uv": [7.91209, 1.40659, 8.08791, 10.54945], "texture": "#0"},
				"west": {"uv": [7.91209, 1.40659, 8.08791, 10.54945], "texture": "#0"},
				"up": {"uv": [8.08791, 1.40659, 7.91209, 1.58242], "rotation": 270, "texture": "#0"},
				"down": {"uv": [7.91209, 10.37363, 8.08791, 10.54945], "rotation": 270, "texture": "#0"}
			}
		},
		{
			"name": "1_5",
			"from": [7.82418, 5.45055, 7.73626],
			"to": [8, 14.24176, 7.91209],
			"rotation": {"angle": 0, "axis": "y", "origin": [0, 8, 8]},
			"faces": {
				"north": {"uv": [7.73626, 1.75824, 7.91209, 10.54945], "texture": "#0"},
				"east": {"uv": [7.73626, 10.54945, 7.91209, 1.75824], "rotation": 180, "texture": "#0"},
				"south": {"uv": [7.73626, 1.75824, 7.91209, 10.54945], "texture": "#0"},
				"west": {"uv": [7.73626, 1.75824, 7.91209, 10.54945], "texture": "#0"},
				"up": {"uv": [7.91209, 1.75824, 7.73626, 1.93407], "rotation": 270, "texture": "#0"},
				"down": {"uv": [7.73626, 10.37363, 7.91209, 10.54945], "rotation": 270, "texture": "#0"}
			}
		},
		{
			"name": "1_6",
			"from": [7.82418, 5.45055, 7.56044],
			"to": [8, 14.06593, 7.73626],
			"rotation": {"angle": 0, "axis": "y", "origin": [0, 8, 8]},
			"faces": {
				"north": {"uv": [7.56044, 1.93407, 7.73626, 10.54945], "texture": "#0"},
				"east": {"uv": [7.56044, 10.54945, 7.73626, 1.93407], "rotation": 180, "texture": "#0"},
				"south": {"uv": [7.56044, 1.93407, 7.73626, 10.54945], "texture": "#0"},
				"west": {"uv": [7.56044, 1.93407, 7.73626, 10.54945], "texture": "#0"},
				"up": {"uv": [7.73626, 1.93407, 7.56044, 2.10989], "rotation": 270, "texture": "#0"},
				"down": {"uv": [7.56044, 10.37363, 7.73626, 10.54945], "rotation": 270, "texture": "#0"}
			}
		},
		{
			"name": "1_7",
			"from": [7.82418, 5.27473, 7.38462],
			"to": [8, 13.53846, 7.56044],
			"rotation": {"angle": 0, "axis": "y", "origin": [0, 8, 8]},
			"faces": {
				"north": {"uv": [7.38462, 2.46154, 7.56044, 10.72527], "texture": "#0"},
				"east": {"uv": [7.38462, 10.72527, 7.56044, 2.46154], "rotation": 180, "texture": "#0"},
				"south": {"uv": [7.38462, 2.46154, 7.56044, 10.72527], "texture": "#0"},
				"west": {"uv": [7.38462, 2.46154, 7.56044, 10.72527], "texture": "#0"},
				"up": {"uv": [7.56044, 2.46154, 7.38462, 2.63736], "rotation": 270, "texture": "#0"},
				"down": {"uv": [7.38462, 10.54945, 7.56044, 10.72527], "rotation": 270, "texture": "#0"}
			}
		},
		{
			"name": "1_8",
			"from": [7.82418, 5.27473, 7.20879],
			"to": [8, 13.18681, 7.38462],
			"rotation": {"angle": 0, "axis": "y", "origin": [0, 8, 8]},
			"faces": {
				"north": {"uv": [7.20879, 2.81319, 7.38462, 10.72527], "texture": "#0"},
				"east": {"uv": [7.20879, 10.72527, 7.38462, 2.81319], "rotation": 180, "texture": "#0"},
				"south": {"uv": [7.20879, 2.81319, 7.38462, 10.72527], "texture": "#0"},
				"west": {"uv": [7.20879, 2.81319, 7.38462, 10.72527], "texture": "#0"},
				"up": {"uv": [7.38462, 2.81319, 7.20879, 2.98901], "rotation": 270, "texture": "#0"},
				"down": {"uv": [7.20879, 10.54945, 7.38462, 10.72527], "rotation": 270, "texture": "#0"}
			}
		},
		{
			"name": "1_9",
			"from": [7.82418, 5.27473, 7.03297],
			"to": [8, 12.83516, 7.20879],
			"rotation": {"angle": 0, "axis": "y", "origin": [0, 8, 8]},
			"faces": {
				"north": {"uv": [7.03297, 3.16484, 7.20879, 10.72527], "texture": "#0"},
				"east": {"uv": [7.03297, 10.72527, 7.20879, 3.16484], "rotation": 180, "texture": "#0"},
				"south": {"uv": [7.03297, 3.16484, 7.20879, 10.72527], "texture": "#0"},
				"west": {"uv": [7.03297, 3.16484, 7.20879, 10.72527], "texture": "#0"},
				"up": {"uv": [7.20879, 3.16484, 7.03297, 3.34066], "rotation": 270, "texture": "#0"},
				"down": {"uv": [7.03297, 10.54945, 7.20879, 10.72527], "rotation": 270, "texture": "#0"}
			}
		},
		{
			"name": "1_10",
			"from": [7.82418, 5.27473, 6.85714],
			"to": [8, 12.30769, 7.03297],
			"rotation": {"angle": 0, "axis": "y", "origin": [0, 8, 8]},
			"faces": {
				"north": {"uv": [6.85714, 3.69231, 7.03297, 10.72527], "texture": "#0"},
				"east": {"uv": [6.85714, 10.72527, 7.03297, 3.69231], "rotation": 180, "texture": "#0"},
				"south": {"uv": [6.85714, 3.69231, 7.03297, 10.72527], "texture": "#0"},
				"west": {"uv": [6.85714, 3.69231, 7.03297, 10.72527], "texture": "#0"},
				"up": {"uv": [7.03297, 3.69231, 6.85714, 3.86813], "rotation": 270, "texture": "#0"},
				"down": {"uv": [6.85714, 10.54945, 7.03297, 10.72527], "rotation": 270, "texture": "#0"}
			}
		},
		{
			"name": "1_11",
			"from": [7.82418, 7.56044, 6.68132],
			"to": [8, 11.42857, 6.85714],
			"rotation": {"angle": 0, "axis": "y", "origin": [0, 8, 8]},
			"faces": {
				"north": {"uv": [6.68132, 4.57143, 6.85714, 8.43956], "texture": "#0"},
				"east": {"uv": [6.68132, 8.43956, 6.85714, 4.57143], "rotation": 180, "texture": "#0"},
				"south": {"uv": [6.68132, 4.57143, 6.85714, 8.43956], "texture": "#0"},
				"west": {"uv": [6.68132, 4.57143, 6.85714, 8.43956], "texture": "#0"},
				"up": {"uv": [6.85714, 4.57143, 6.68132, 4.74725], "rotation": 270, "texture": "#0"},
				"down": {"uv": [6.68132, 8.26374, 6.85714, 8.43956], "rotation": 270, "texture": "#0"}
			}
		},
		{
			"name": "1_12",
			"from": [7.82418, 5.8022, 8.61538],
			"to": [8, 9.67033, 8.79121],
			"rotation": {"angle": 0, "axis": "y", "origin": [0, 8, 8]},
			"faces": {
				"north": {"uv": [8.61538, 6.32967, 8.79121, 10.1978], "texture": "#0"},
				"east": {"uv": [8.61538, 10.1978, 8.79121, 6.32967], "rotation": 180, "texture": "#0"},
				"south": {"uv": [8.61538, 6.32967, 8.79121, 10.1978], "texture": "#0"},
				"west": {"uv": [8.61538, 6.32967, 8.79121, 10.1978], "texture": "#0"},
				"up": {"uv": [8.79121, 6.32967, 8.61538, 6.50549], "rotation": 270, "texture": "#0"},
				"down": {"uv": [8.61538, 10.02198, 8.79121, 10.1978], "rotation": 270, "texture": "#0"}
			}
		},
		{
			"name": "2_0",
			"from": [7.57418, 4.21978, 8.79121],
			"to": [8.25, 7.91209, 8.96703],
			"rotation": {"angle": 0, "axis": "y", "origin": [0, 8, 8]},
			"faces": {
				"north": {"uv": [8.79121, 8.08791, 8.96703, 11.78022], "texture": "#0"},
				"east": {"uv": [8.79121, 11.78022, 8.96703, 8.08791], "rotation": 180, "texture": "#0"},
				"south": {"uv": [8.79121, 8.08791, 8.96703, 11.78022], "texture": "#0"},
				"west": {"uv": [8.79121, 8.08791, 8.96703, 11.78022], "texture": "#0"},
				"up": {"uv": [8.96703, 8.08791, 8.79121, 8.26374], "rotation": 270, "texture": "#0"},
				"down": {"uv": [8.79121, 11.6044, 8.96703, 11.78022], "rotation": 270, "texture": "#0"}
			}
		},
		{
			"name": "2_1",
			"from": [7.57418, 4.21978, 8.96703],
			"to": [8.25, 7.56044, 9.14286],
			"rotation": {"angle": 0, "axis": "y", "origin": [0, 8, 8]},
			"faces": {
				"north": {"uv": [8.96703, 8.43956, 9.14286, 11.78022], "texture": "#0"},
				"east": {"uv": [8.96703, 11.78022, 9.14286, 8.43956], "rotation": 180, "texture": "#0"},
				"south": {"uv": [8.96703, 8.43956, 9.14286, 11.78022], "texture": "#0"},
				"west": {"uv": [8.96703, 8.43956, 9.14286, 11.78022], "texture": "#0"},
				"up": {"uv": [9.14286, 8.43956, 8.96703, 8.61538], "rotation": 270, "texture": "#0"},
				"down": {"uv": [8.96703, 11.6044, 9.14286, 11.78022], "rotation": 270, "texture": "#0"}
			}
		},
		{
			"name": "2_2",
			"from": [7.57418, 4.3956, 9.14286],
			"to": [8.25, 7.03297, 9.31868],
			"rotation": {"angle": 0, "axis": "y", "origin": [0, 8, 8]},
			"faces": {
				"north": {"uv": [9.14286, 8.96703, 9.31868, 11.6044], "texture": "#0"},
				"east": {"uv": [9.14286, 11.6044, 9.31868, 8.96703], "rotation": 180, "texture": "#0"},
				"south": {"uv": [9.14286, 8.96703, 9.31868, 11.6044], "texture": "#0"},
				"west": {"uv": [9.14286, 8.96703, 9.31868, 11.6044], "texture": "#0"},
				"up": {"uv": [9.31868, 8.96703, 9.14286, 9.14286], "rotation": 270, "texture": "#0"},
				"down": {"uv": [9.14286, 11.42857, 9.31868, 11.6044], "rotation": 270, "texture": "#0"}
			}
		},
		{
			"name": "2_3",
			"from": [7.57418, 4.3956, 9.31868],
			"to": [8.25, 6.50549, 9.49451],
			"rotation": {"angle": 0, "axis": "y", "origin": [0, 8, 8]},
			"faces": {
				"north": {"uv": [9.31868, 9.49451, 9.49451, 11.6044], "texture": "#0"},
				"east": {"uv": [9.31868, 11.6044, 9.49451, 9.49451], "rotation": 180, "texture": "#0"},
				"south": {"uv": [9.31868, 9.49451, 9.49451, 11.6044], "texture": "#0"},
				"west": {"uv": [9.31868, 9.49451, 9.49451, 11.6044], "texture": "#0"},
				"up": {"uv": [9.49451, 9.49451, 9.31868, 9.67033], "rotation": 270, "texture": "#0"},
				"down": {"uv": [9.31868, 11.42857, 9.49451, 11.6044], "rotation": 270, "texture": "#0"}
			}
		},
		{
			"name": "2_4",
			"from": [7.57418, 4.3956, 9.49451],
			"to": [8.25, 5.97802, 9.67033],
			"rotation": {"angle": 0, "axis": "y", "origin": [0, 8, 8]},
			"faces": {
				"north": {"uv": [9.49451, 10.02198, 9.67033, 11.6044], "texture": "#0"},
				"east": {"uv": [9.49451, 11.6044, 9.67033, 10.02198], "rotation": 180, "texture": "#0"},
				"south": {"uv": [9.49451, 10.02198, 9.67033, 11.6044], "texture": "#0"},
				"west": {"uv": [9.49451, 10.02198, 9.67033, 11.6044], "texture": "#0"},
				"up": {"uv": [9.67033, 10.02198, 9.49451, 10.1978], "rotation": 270, "texture": "#0"},
				"down": {"uv": [9.49451, 11.42857, 9.67033, 11.6044], "rotation": 270, "texture": "#0"}
			}
		},
		{
			"name": "2_5",
			"from": [7.57418, 4.21978, 8.61538],
			"to": [8.25, 5.8022, 8.79121],
			"rotation": {"angle": 0, "axis": "y", "origin": [0, 8, 8]},
			"faces": {
				"north": {"uv": [8.61538, 10.1978, 8.79121, 11.78022], "texture": "#0"},
				"east": {"uv": [8.61538, 11.78022, 8.79121, 10.1978], "rotation": 180, "texture": "#0"},
				"south": {"uv": [8.61538, 10.1978, 8.79121, 11.78022], "texture": "#0"},
				"west": {"uv": [8.61538, 10.1978, 8.79121, 11.78022], "texture": "#0"},
				"up": {"uv": [8.79121, 10.1978, 8.61538, 10.37363], "rotation": 270, "texture": "#0"},
				"down": {"uv": [8.61538, 11.6044, 8.79121, 11.78022], "rotation": 270, "texture": "#0"}
			}
		},
		{
			"name": "2_6",
			"from": [7.57418, 4.3956, 8.26374],
			"to": [8.25, 5.62637, 8.61538],
			"rotation": {"angle": 0, "axis": "y", "origin": [0, 8, 8]},
			"faces": {
				"north": {"uv": [8.26374, 10.37363, 8.43956, 11.6044], "texture": "#0"},
				"east": {"uv": [8.26374, 11.6044, 8.61538, 10.37363], "rotation": 180, "texture": "#0"},
				"south": {"uv": [8.43956, 10.37363, 8.61538, 11.6044], "texture": "#0"},
				"west": {"uv": [8.26374, 10.37363, 8.61538, 11.6044], "texture": "#0"},
				"up": {"uv": [8.61538, 10.37363, 8.26374, 10.54945], "rotation": 270, "texture": "#0"},
				"down": {"uv": [8.26374, 11.42857, 8.61538, 11.6044], "rotation": 270, "texture": "#0"}
			}
		},
		{
			"name": "2_7",
			"from": [7.57418, 4.57143, 9.67033],
			"to": [8.25, 5.62637, 10.02198],
			"rotation": {"angle": 0, "axis": "y", "origin": [0, 8, 8]},
			"faces": {
				"north": {"uv": [9.67033, 10.37363, 9.84615, 11.42857], "texture": "#0"},
				"east": {"uv": [9.67033, 11.42857, 10.02198, 10.37363], "rotation": 180, "texture": "#0"},
				"south": {"uv": [9.84615, 10.37363, 10.02198, 11.42857], "texture": "#0"},
				"west": {"uv": [9.67033, 10.37363, 10.02198, 11.42857], "texture": "#0"},
				"up": {"uv": [10.02198, 10.37363, 9.67033, 10.54945], "rotation": 270, "texture": "#0"},
				"down": {"uv": [9.67033, 11.25275, 10.02198, 11.42857], "rotation": 270, "texture": "#0"}
			}
		},
		{
			"name": "2_8",
			"from": [7.57418, 4.57143, 7.56044],
			"to": [8.25, 5.45055, 8.26374],
			"rotation": {"angle": 0, "axis": "y", "origin": [0, 8, 8]},
			"faces": {
				"north": {"uv": [7.56044, 10.54945, 7.73626, 11.42857], "texture": "#0"},
				"east": {"uv": [7.56044, 11.42857, 8.26374, 10.54945], "rotation": 180, "texture": "#0"},
				"south": {"uv": [8.08791, 10.54945, 8.26374, 11.42857], "texture": "#0"},
				"west": {"uv": [7.56044, 10.54945, 8.26374, 11.42857], "texture": "#0"},
				"up": {"uv": [8.26374, 10.54945, 7.56044, 10.72527], "rotation": 270, "texture": "#0"},
				"down": {"uv": [7.56044, 11.25275, 8.26374, 11.42857], "rotation": 270, "texture": "#0"}
			}
		},
		{
			"name": "2_9",
			"from": [7.57418, 4.74725, 10.02198],
			"to": [8.25, 5.45055, 10.54945],
			"rotation": {"angle": 0, "axis": "y", "origin": [0, 8, 8]},
			"faces": {
				"north": {"uv": [10.02198, 10.54945, 10.1978, 11.25275], "texture": "#0"},
				"east": {"uv": [10.02198, 11.25275, 10.54945, 10.54945], "rotation": 180, "texture": "#0"},
				"south": {"uv": [10.37363, 10.54945, 10.54945, 11.25275], "texture": "#0"},
				"west": {"uv": [10.02198, 10.54945, 10.54945, 11.25275], "texture": "#0"},
				"up": {"uv": [10.54945, 10.54945, 10.02198, 10.72527], "rotation": 270, "texture": "#0"},
				"down": {"uv": [10.02198, 11.07692, 10.54945, 11.25275], "rotation": 270, "texture": "#0"}
			}
		},
		{
			"name": "2_10",
			"from": [7.57418, 4.92308, 7.03297],
			"to": [8.25, 5.27473, 7.56044],
			"rotation": {"angle": 0, "axis": "y", "origin": [0, 8, 8]},
			"faces": {
				"north": {"uv": [7.03297, 10.72527, 7.20879, 11.07692], "texture": "#0"},
				"east": {"uv": [7.03297, 11.07692, 7.56044, 10.72527], "rotation": 180, "texture": "#0"},
				"south": {"uv": [7.38462, 10.72527, 7.56044, 11.07692], "texture": "#0"},
				"west": {"uv": [7.03297, 10.72527, 7.56044, 11.07692], "texture": "#0"},
				"up": {"uv": [7.56044, 10.72527, 7.03297, 10.9011], "rotation": 270, "texture": "#0"},
				"down": {"uv": [7.03297, 10.9011, 7.56044, 11.07692], "rotation": 270, "texture": "#0"}
			}
		},
		{
			"name": "2_11",
			"from": [7.57418, 4.57143, 7.20879],
			"to": [8.25, 4.92308, 7.56044],
			"rotation": {"angle": 0, "axis": "y", "origin": [0, 8, 8]},
			"faces": {
				"north": {"uv": [7.20879, 11.07692, 7.38462, 11.42857], "texture": "#0"},
				"east": {"uv": [7.20879, 11.42857, 7.56044, 11.07692], "rotation": 180, "texture": "#0"},
				"south": {"uv": [7.38462, 11.07692, 7.56044, 11.42857], "texture": "#0"},
				"west": {"uv": [7.20879, 11.07692, 7.56044, 11.42857], "texture": "#0"},
				"up": {"uv": [7.56044, 11.07692, 7.20879, 11.25275], "rotation": 270, "texture": "#0"},
				"down": {"uv": [7.20879, 11.25275, 7.56044, 11.42857], "rotation": 270, "texture": "#0"}
			}
		},
		{
			"name": "2_12",
			"from": [7.57418, 4.57143, 10.02198],
			"to": [8.25, 4.74725, 10.1978],
			"rotation": {"angle": 0, "axis": "y", "origin": [0, 8, 8]},
			"faces": {
				"north": {"uv": [10.02198, 11.25275, 10.1978, 11.42857], "texture": "#0"},
				"east": {"uv": [10.02198, 11.42857, 10.1978, 11.25275], "rotation": 180, "texture": "#0"},
				"south": {"uv": [10.02198, 11.25275, 10.1978, 11.42857], "texture": "#0"},
				"west": {"uv": [10.02198, 11.25275, 10.1978, 11.42857], "texture": "#0"},
				"up": {"uv": [10.1978, 11.25275, 10.02198, 11.42857], "rotation": 270, "texture": "#0"},
				"down": {"uv": [10.02198, 11.25275, 10.1978, 11.42857], "rotation": 270, "texture": "#0"}
			}
		},
		{
			"name": "3_0",
			"from": [7.67418, 4.04396, 5.45055],
			"to": [8.15, 5.27473, 6.68132],
			"rotation": {"angle": 0, "axis": "y", "origin": [0, 8, 8]},
			"faces": {
				"north": {"uv": [5.45055, 10.72527, 5.62637, 11.95604], "texture": "#0"},
				"east": {"uv": [5.45055, 11.95604, 6.68132, 10.72527], "rotation": 180, "texture": "#0"},
				"south": {"uv": [6.50549, 10.72527, 6.68132, 11.95604], "texture": "#0"},
				"west": {"uv": [5.45055, 10.72527, 6.68132, 11.95604], "texture": "#0"},
				"up": {"uv": [6.68132, 10.72527, 5.45055, 10.9011], "rotation": 270, "texture": "#0"},
				"down": {"uv": [5.45055, 11.78022, 6.68132, 11.95604], "rotation": 270, "texture": "#0"}
			}
		},
		{
			"name": "3_1",
			"from": [7.67418, 4.21978, 6.68132],
			"to": [8.15, 5.27473, 7.03297],
			"rotation": {"angle": 0, "axis": "y", "origin": [0, 8, 8]},
			"faces": {
				"north": {"uv": [6.68132, 10.72527, 6.85714, 11.78022], "texture": "#0"},
				"east": {"uv": [6.68132, 11.78022, 7.03297, 10.72527], "rotation": 180, "texture": "#0"},
				"south": {"uv": [6.85714, 10.72527, 7.03297, 11.78022], "texture": "#0"},
				"west": {"uv": [6.68132, 10.72527, 7.03297, 11.78022], "texture": "#0"},
				"up": {"uv": [7.03297, 10.72527, 6.68132, 10.9011], "rotation": 270, "texture": "#0"},
				"down": {"uv": [6.68132, 11.6044, 7.03297, 11.78022], "rotation": 270, "texture": "#0"}
			}
		},
		{
			"name": "3_2",
			"from": [7.67418, 4.3956, 7.03297],
			"to": [8.15, 4.92308, 7.20879],
			"rotation": {"angle": 0, "axis": "y", "origin": [0, 8, 8]},
			"faces": {
				"north": {"uv": [7.03297, 11.07692, 7.20879, 11.6044], "texture": "#0"},
				"east": {"uv": [7.03297, 11.6044, 7.20879, 11.07692], "rotation": 180, "texture": "#0"},
				"south": {"uv": [7.03297, 11.07692, 7.20879, 11.6044], "texture": "#0"},
				"west": {"uv": [7.03297, 11.07692, 7.20879, 11.6044], "texture": "#0"},
				"up": {"uv": [7.20879, 11.07692, 7.03297, 11.25275], "rotation": 270, "texture": "#0"},
				"down": {"uv": [7.03297, 11.42857, 7.20879, 11.6044], "rotation": 270, "texture": "#0"}
			}
		},
		{
			"name": "3_3",
			"from": [7.67418, 2.81319, 5.27473],
			"to": [8.15, 4.74725, 5.45055],
			"rotation": {"angle": 0, "axis": "y", "origin": [0, 8, 8]},
			"faces": {
				"north": {"uv": [5.27473, 11.25275, 5.45055, 13.18681], "texture": "#0"},
				"east": {"uv": [5.27473, 13.18681, 5.45055, 11.25275], "rotation": 180, "texture": "#0"},
				"south": {"uv": [5.27473, 11.25275, 5.45055, 13.18681], "texture": "#0"},
				"west": {"uv": [5.27473, 11.25275, 5.45055, 13.18681], "texture": "#0"},
				"up": {"uv": [5.45055, 11.25275, 5.27473, 11.42857], "rotation": 270, "texture": "#0"},
				"down": {"uv": [5.27473, 13.01099, 5.45055, 13.18681], "rotation": 270, "texture": "#0"}
			}
		},
		{
			"name": "3_4",
			"from": [7.67418, 3.16484, 5.45055],
			"to": [8.15, 4.04396, 6.15385],
			"rotation": {"angle": 0, "axis": "y", "origin": [0, 8, 8]},
			"faces": {
				"north": {"uv": [5.45055, 11.95604, 5.62637, 12.83516], "texture": "#0"},
				"east": {"uv": [5.45055, 12.83516, 6.15385, 11.95604], "rotation": 180, "texture": "#0"},
				"south": {"uv": [5.97802, 11.95604, 6.15385, 12.83516], "texture": "#0"},
				"west": {"uv": [5.45055, 11.95604, 6.15385, 12.83516], "texture": "#0"},
				"up": {"uv": [6.15385, 11.95604, 5.45055, 12.13187], "rotation": 270, "texture": "#0"},
				"down": {"uv": [5.45055, 12.65934, 6.15385, 12.83516], "rotation": 270, "texture": "#0"}
			}
		},
		{
			"name": "3_5",
			"from": [7.67418, 3.86813, 6.15385],
			"to": [8.15, 4.04396, 6.50549],
			"rotation": {"angle": 0, "axis": "y", "origin": [0, 8, 8]},
			"faces": {
				"north": {"uv": [6.15385, 11.95604, 6.32967, 12.13187], "texture": "#0"},
				"east": {"uv": [6.15385, 12.13187, 6.50549, 11.95604], "rotation": 180, "texture": "#0"},
				"south": {"uv": [6.32967, 11.95604, 6.50549, 12.13187], "texture": "#0"},
				"west": {"uv": [6.15385, 11.95604, 6.50549, 12.13187], "texture": "#0"},
				"up": {"uv": [6.50549, 11.95604, 6.15385, 12.13187], "rotation": 270, "texture": "#0"},
				"down": {"uv": [6.15385, 11.95604, 6.50549, 12.13187], "rotation": 270, "texture": "#0"}
			}
		},
		{
			"name": "3_6",
			"from": [7.67418, 2.81319, 5.45055],
			"to": [8.15, 3.16484, 5.97802],
			"rotation": {"angle": 0, "axis": "y", "origin": [0, 8, 8]},
			"faces": {
				"north": {"uv": [5.45055, 12.83516, 5.62637, 13.18681], "texture": "#0"},
				"east": {"uv": [5.45055, 13.18681, 5.97802, 12.83516], "rotation": 180, "texture": "#0"},
				"south": {"uv": [5.8022, 12.83516, 5.97802, 13.18681], "texture": "#0"},
				"west": {"uv": [5.45055, 12.83516, 5.97802, 13.18681], "texture": "#0"},
				"up": {"uv": [5.97802, 12.83516, 5.45055, 13.01099], "rotation": 270, "texture": "#0"},
				"down": {"uv": [5.45055, 13.01099, 5.97802, 13.18681], "rotation": 270, "texture": "#0"}
			}
		},
		{
			"name": "4_0",
			"from": [7.72418, 1.05495, 7.20879],
			"to": [8.1, 4.57143, 8.26374],
			"rotation": {"angle": 0, "axis": "y", "origin": [0, 8, 8]},
			"faces": {
				"north": {"uv": [7.20879, 11.42857, 7.38462, 14.94505], "texture": "#0"},
				"east": {"uv": [7.20879, 14.94505, 8.26374, 11.42857], "rotation": 180, "texture": "#0"},
				"south": {"uv": [8.08791, 11.42857, 8.26374, 14.94505], "texture": "#0"},
				"west": {"uv": [7.20879, 11.42857, 8.26374, 14.94505], "texture": "#0"},
				"up": {"uv": [8.26374, 11.42857, 7.20879, 11.6044], "rotation": 270, "texture": "#0"},
				"down": {"uv": [7.20879, 14.76923, 8.26374, 14.94505], "rotation": 270, "texture": "#0"}
			}
		},
		{
			"name": "4_1",
			"from": [7.72418, 1.05495, 7.03297],
			"to": [8.1, 4.3956, 7.20879],
			"rotation": {"angle": 0, "axis": "y", "origin": [0, 8, 8]},
			"faces": {
				"north": {"uv": [7.03297, 11.6044, 7.20879, 14.94505], "texture": "#0"},
				"east": {"uv": [7.03297, 14.94505, 7.20879, 11.6044], "rotation": 180, "texture": "#0"},
				"south": {"uv": [7.03297, 11.6044, 7.20879, 14.94505], "texture": "#0"},
				"west": {"uv": [7.03297, 11.6044, 7.20879, 14.94505], "texture": "#0"},
				"up": {"uv": [7.20879, 11.6044, 7.03297, 11.78022], "rotation": 270, "texture": "#0"},
				"down": {"uv": [7.03297, 14.76923, 7.20879, 14.94505], "rotation": 270, "texture": "#0"}
			}
		},
		{
			"name": "4_2",
			"from": [7.72418, 1.05495, 8.26374],
			"to": [8.1, 4.3956, 8.61538],
			"rotation": {"angle": 0, "axis": "y", "origin": [0, 8, 8]},
			"faces": {
				"north": {"uv": [8.26374, 11.6044, 8.43956, 14.94505], "texture": "#0"},
				"east": {"uv": [8.26374, 14.94505, 8.61538, 11.6044], "rotation": 180, "texture": "#0"},
				"south": {"uv": [8.43956, 11.6044, 8.61538, 14.94505], "texture": "#0"},
				"west": {"uv": [8.26374, 11.6044, 8.61538, 14.94505], "texture": "#0"},
				"up": {"uv": [8.61538, 11.6044, 8.26374, 11.78022], "rotation": 270, "texture": "#0"},
				"down": {"uv": [8.26374, 14.76923, 8.61538, 14.94505], "rotation": 270, "texture": "#0"}
			}
		},
		{
			"name": "5_0",
			"from": [7.57418, 0.35165, 6.50549],
			"to": [8.25, 1.05495, 8.96703],
			"rotation": {"angle": 0, "axis": "y", "origin": [0, 8, 8]},
			"faces": {
				"north": {"uv": [6.50549, 14.94505, 6.68132, 15.64835], "texture": "#0"},
				"east": {"uv": [6.50549, 15.64835, 8.96703, 14.94505], "rotation": 180, "texture": "#0"},
				"south": {"uv": [8.79121, 14.94505, 8.96703, 15.64835], "texture": "#0"},
				"west": {"uv": [6.50549, 14.94505, 8.96703, 15.64835], "texture": "#0"},
				"up": {"uv": [8.96703, 14.94505, 6.50549, 15.12088], "rotation": 270, "texture": "#0"},
				"down": {"uv": [6.50549, 15.47253, 8.96703, 15.64835], "rotation": 270, "texture": "#0"}
			}
		},
		{
			"name": "5_1",
			"from": [7.57418, 0.35165, 6.32967],
			"to": [8.25, 0.87912, 6.50549],
			"rotation": {"angle": 0, "axis": "y", "origin": [0, 8, 8]},
			"faces": {
				"north": {"uv": [6.32967, 15.12088, 6.50549, 15.64835], "texture": "#0"},
				"east": {"uv": [6.32967, 15.64835, 6.50549, 15.12088], "rotation": 180, "texture": "#0"},
				"south": {"uv": [6.32967, 15.12088, 6.50549, 15.64835], "texture": "#0"},
				"west": {"uv": [6.32967, 15.12088, 6.50549, 15.64835], "texture": "#0"},
				"up": {"uv": [6.50549, 15.12088, 6.32967, 15.2967], "rotation": 270, "texture": "#0"},
				"down": {"uv": [6.32967, 15.47253, 6.50549, 15.64835], "rotation": 270, "texture": "#0"}
			}
		},
		{
			"name": "5_2",
			"from": [7.57418, 0.35165, 8.96703],
			"to": [8.25, 0.87912, 9.14286],
			"rotation": {"angle": 0, "axis": "y", "origin": [0, 8, 8]},
			"faces": {
				"north": {"uv": [8.96703, 15.12088, 9.14286, 15.64835], "texture": "#0"},
				"east": {"uv": [8.96703, 15.64835, 9.14286, 15.12088], "rotation": 180, "texture": "#0"},
				"south": {"uv": [8.96703, 15.12088, 9.14286, 15.64835], "texture": "#0"},
				"west": {"uv": [8.96703, 15.12088, 9.14286, 15.64835], "texture": "#0"},
				"up": {"uv": [9.14286, 15.12088, 8.96703, 15.2967], "rotation": 270, "texture": "#0"},
				"down": {"uv": [8.96703, 15.47253, 9.14286, 15.64835], "rotation": 270, "texture": "#0"}
			}
		},
		{
			"name": "5_3",
			"from": [7.57418, 0.35165, 6.15385],
			"to": [8.25, 0.7033, 6.32967],
			"rotation": {"angle": 0, "axis": "y", "origin": [0, 8, 8]},
			"faces": {
				"north": {"uv": [6.15385, 15.2967, 6.32967, 15.64835], "texture": "#0"},
				"east": {"uv": [6.15385, 15.64835, 6.32967, 15.2967], "rotation": 180, "texture": "#0"},
				"south": {"uv": [6.15385, 15.2967, 6.32967, 15.64835], "texture": "#0"},
				"west": {"uv": [6.15385, 15.2967, 6.32967, 15.64835], "texture": "#0"},
				"up": {"uv": [6.32967, 15.2967, 6.15385, 15.47253], "rotation": 270, "texture": "#0"},
				"down": {"uv": [6.15385, 15.47253, 6.32967, 15.64835], "rotation": 270, "texture": "#0"}
			}
		},
		{
			"name": "5_4",
			"from": [7.57418, 0.35165, 9.14286],
			"to": [8.25, 0.7033, 9.31868],
			"rotation": {"angle": 0, "axis": "y", "origin": [0, 8, 8]},
			"faces": {
				"north": {"uv": [9.14286, 15.2967, 9.31868, 15.64835], "texture": "#0"},
				"east": {"uv": [9.14286, 15.64835, 9.31868, 15.2967], "rotation": 180, "texture": "#0"},
				"south": {"uv": [9.14286, 15.2967, 9.31868, 15.64835], "texture": "#0"},
				"west": {"uv": [9.14286, 15.2967, 9.31868, 15.64835], "texture": "#0"},
				"up": {"uv": [9.31868, 15.2967, 9.14286, 15.47253], "rotation": 270, "texture": "#0"},
				"down": {"uv": [9.14286, 15.47253, 9.31868, 15.64835], "rotation": 270, "texture": "#0"}
			}
		},
		{
			"name": "5_5",
			"from": [7.57418, 0.35165, 5.97802],
			"to": [8.25, 0.52747, 6.15385],
			"rotation": {"angle": 0, "axis": "y", "origin": [0, 8, 8]},
			"faces": {
				"north": {"uv": [5.97802, 15.47253, 6.15385, 15.64835], "texture": "#0"},
				"east": {"uv": [5.97802, 15.64835, 6.15385, 15.47253], "rotation": 180, "texture": "#0"},
				"south": {"uv": [5.97802, 15.47253, 6.15385, 15.64835], "texture": "#0"},
				"west": {"uv": [5.97802, 15.47253, 6.15385, 15.64835], "texture": "#0"},
				"up": {"uv": [6.15385, 15.47253, 5.97802, 15.64835], "rotation": 270, "texture": "#0"},
				"down": {"uv": [5.97802, 15.47253, 6.15385, 15.64835], "rotation": 270, "texture": "#0"}
			}
		},
		{
			"name": "5_6",
			"from": [7.57418, 0.35165, 9.31868],
			"to": [8.25, 0.52747, 9.49451],
			"rotation": {"angle": 0, "axis": "y", "origin": [0, 8, 8]},
			"faces": {
				"north": {"uv": [9.31868, 15.47253, 9.49451, 15.64835], "texture": "#0"},
				"east": {"uv": [9.31868, 15.64835, 9.49451, 15.47253], "rotation": 180, "texture": "#0"},
				"south": {"uv": [9.31868, 15.47253, 9.49451, 15.64835], "texture": "#0"},
				"west": {"uv": [9.31868, 15.47253, 9.49451, 15.64835], "texture": "#0"},
				"up": {"uv": [9.49451, 15.47253, 9.31868, 15.64835], "rotation": 270, "texture": "#0"},
				"down": {"uv": [9.31868, 15.47253, 9.49451, 15.64835], "rotation": 270, "texture": "#0"}
			}
		}
	],
	"display": {
		"thirdperson_righthand": {
			"translation": [0, 4.75, 0.5]
		},
		"thirdperson_lefthand": {
			"translation": [0, 4.75, 0.5]
		},
		"firstperson_righthand": {
			"rotation": [-92, 0, 0],
			"translation": [-5, 22, 0.75]
		},
		"firstperson_lefthand": {
			"rotation": [-92, 0, 0],
			"translation": [-5, 22, 0.75]
		},
		"ground": {
			"rotation": [0, 0, 90],
			"translation": [0, -3.25, 0]
		},
		"gui": {
			"rotation": [99, 136, -86],
			"translation": [-0.25, 0, 0]
		},
		"head": {
			"rotation": [109, 0, 0],
			"translation": [0, 5.75, -7.25]
		},
		"fixed": {
			"rotation": [0, 90, 0],
			"translation": [0, 0, -0.5]
		}
	},
	"groups": [
		{
			"name": "1",
			"origin": [8, 8, 8],
			"children": [0, 1, 2, 3, 4, 5, 6, 7, 8, 9, 10, 11, 12]
		},
		{
			"name": "2",
			"origin": [8, 8, 8],
			"children": [13, 14, 15, 16, 17, 18, 19, 20, 21, 22, 23, 24, 25]
		},
		{
			"name": "3",
			"origin": [8, 8, 8],
			"children": [26, 27, 28, 29, 30, 31, 32]
		},
		{
			"name": "4",
			"origin": [8, 8, 8],
			"children": [33, 34, 35]
		},
		{
			"name": "5",
			"origin": [8, 8, 8],
			"children": [36, 37, 38, 39, 40, 41, 42]
		}
	]
}