{
	"credit": "Made by MILENARY",
	"textures": {
		"2": "block/gun_5",
		"3": "block/gun_fire",
		"8": "block/gun_opening",
		"9": "block/green_gun_2",
		"particle": "block/gun_5"
	},
	"elements": [
		{
			"name": "1_0",
			"from": [7.75, 1.53846, 11.38462],
			"to": [8.30385, 2.76923, 13.69231],
			"rotation": {"angle": 0, "axis": "y", "origin": [15.95, 2, 8]},
			"faces": {
				"north": {"uv": [4.46154, 7.23077, 4.61538, 8.46154], "texture": "#2"},
				"east": {"uv": [2.30769, 7.23077, 4.61538, 8.46154], "texture": "#2"},
				"south": {"uv": [2.30769, 7.23077, 2.46154, 8.46154], "texture": "#2"},
				"west": {"uv": [2.30769, 8.46154, 4.61538, 7.23077], "rotation": 180, "texture": "#2"},
				"up": {"uv": [4.61538, 7.23077, 2.30769, 7.38462], "rotation": 90, "texture": "#2"},
				"down": {"uv": [2.30769, 8.30769, 4.61538, 8.46154], "rotation": 90, "texture": "#2"}
			}
		},
		{
			"name": "1_1",
			"from": [7.75, 1.38462, 13.69231],
			"to": [8.30385, 2.61538, 16],
			"rotation": {"angle": 0, "axis": "y", "origin": [15.95, 2, 8]},
			"faces": {
				"north": {"uv": [2.15385, 7.38462, 2.30769, 8.61538], "texture": "#2"},
				"east": {"uv": [0, 7.38462, 2.30769, 8.61538], "texture": "#2"},
				"south": {"uv": [0, 7.38462, 0.15385, 8.61538], "texture": "#2"},
				"west": {"uv": [0, 8.61538, 2.30769, 7.38462], "rotation": 180, "texture": "#2"},
				"up": {"uv": [2.30769, 7.38462, 0, 7.53846], "rotation": 90, "texture": "#2"},
				"down": {"uv": [0, 8.46154, 2.30769, 8.61538], "rotation": 90, "texture": "#2"}
			}
		},
		{
			"name": "1_2",
			"from": [7.75, 2.30769, 11.07692],
			"to": [8.30385, 2.61538, 11.38462],
			"rotation": {"angle": 0, "axis": "y", "origin": [15.95, 2, 8]},
			"faces": {
				"north": {"uv": [4.76923, 7.38462, 4.92308, 7.69231], "texture": "#2"},
				"east": {"uv": [4.61538, 7.38462, 4.92308, 7.69231], "texture": "#2"},
				"south": {"uv": [4.61538, 7.38462, 4.76923, 7.69231], "texture": "#2"},
				"west": {"uv": [4.61538, 7.69231, 4.92308, 7.38462], "rotation": 180, "texture": "#2"},
				"up": {"uv": [4.92308, 7.38462, 4.61538, 7.53846], "rotation": 90, "texture": "#2"},
				"down": {"uv": [4.61538, 7.53846, 4.92308, 7.69231], "rotation": 90, "texture": "#2"}
			}
		},
		{
			"name": "1_3",
			"from": [7.75, 2.46154, 10.92308],
			"to": [8.30385, 2.61538, 11.07692],
			"rotation": {"angle": 0, "axis": "y", "origin": [15.95, 2, 8]},
			"faces": {
				"north": {"uv": [4.92308, 7.38462, 5.07692, 7.53846], "texture": "#2"},
				"east": {"uv": [4.92308, 7.38462, 5.07692, 7.53846], "texture": "#2"},
				"south": {"uv": [4.92308, 7.38462, 5.07692, 7.53846], "texture": "#2"},
				"west": {"uv": [4.92308, 7.53846, 5.07692, 7.38462], "rotation": 180, "texture": "#2"},
				"up": {"uv": [5.07692, 7.38462, 4.92308, 7.53846], "rotation": 90, "texture": "#2"},
				"down": {"uv": [4.92308, 7.38462, 5.07692, 7.53846], "rotation": 90, "texture": "#2"}
			}
		},
		{
			"name": "1_4",
			"from": [7.75, 1.53846, 11.23077],
			"to": [8.30385, 2.30769, 11.38462],
			"rotation": {"angle": 0, "axis": "y", "origin": [15.95, 2, 8]},
			"faces": {
				"north": {"uv": [4.61538, 7.69231, 4.76923, 8.46154], "texture": "#2"},
				"east": {"uv": [4.61538, 7.69231, 4.76923, 8.46154], "texture": "#2"},
				"south": {"uv": [4.61538, 7.69231, 4.76923, 8.46154], "texture": "#2"},
				"west": {"uv": [4.61538, 8.46154, 4.76923, 7.69231], "rotation": 180, "texture": "#2"},
				"up": {"uv": [4.76923, 7.69231, 4.61538, 7.84615], "rotation": 90, "texture": "#2"},
				"down": {"uv": [4.61538, 8.30769, 4.76923, 8.46154], "rotation": 90, "texture": "#2"}
			}
		},
		{
			"name": "1_5",
			"from": [7.75, 1.84615, 11.07692],
			"to": [8.30385, 2.15385, 11.23077],
			"rotation": {"angle": 0, "axis": "y", "origin": [15.95, 2, 8]},
			"faces": {
				"north": {"uv": [4.76923, 7.84615, 4.92308, 8.15385], "texture": "#2"},
				"east": {"uv": [4.76923, 7.84615, 4.92308, 8.15385], "texture": "#2"},
				"south": {"uv": [4.76923, 7.84615, 4.92308, 8.15385], "texture": "#2"},
				"west": {"uv": [4.76923, 8.15385, 4.92308, 7.84615], "rotation": 180, "texture": "#2"},
				"up": {"uv": [4.92308, 7.84615, 4.76923, 8], "rotation": 90, "texture": "#2"},
				"down": {"uv": [4.76923, 8, 4.92308, 8.15385], "rotation": 90, "texture": "#2"}
			}
		},
		{
			"name": "1_6",
			"from": [7.75, 1.23077, 13.07692],
			"to": [8.30385, 1.53846, 13.69231],
			"rotation": {"angle": 0, "axis": "y", "origin": [15.95, 2, 8]},
			"faces": {
				"north": {"uv": [2.76923, 8.46154, 2.92308, 8.76923], "texture": "#2"},
				"east": {"uv": [2.30769, 8.46154, 2.92308, 8.76923], "texture": "#2"},
				"south": {"uv": [2.30769, 8.46154, 2.46154, 8.76923], "texture": "#2"},
				"west": {"uv": [2.30769, 8.76923, 2.92308, 8.46154], "rotation": 180, "texture": "#2"},
				"up": {"uv": [2.92308, 8.46154, 2.30769, 8.61538], "rotation": 90, "texture": "#2"},
				"down": {"uv": [2.30769, 8.61538, 2.92308, 8.76923], "rotation": 90, "texture": "#2"}
			}
		},
		{
			"name": "1_7",
			"from": [7.75, 1.38462, 12.76923],
			"to": [8.30385, 1.53846, 13.07692],
			"rotation": {"angle": 0, "axis": "y", "origin": [15.95, 2, 8]},
			"faces": {
				"north": {"uv": [3.07692, 8.46154, 3.23077, 8.61538], "texture": "#2"},
				"east": {"uv": [2.92308, 8.46154, 3.23077, 8.61538], "texture": "#2"},
				"south": {"uv": [2.92308, 8.46154, 3.07692, 8.61538], "texture": "#2"},
				"west": {"uv": [2.92308, 8.61538, 3.23077, 8.46154], "rotation": 180, "texture": "#2"},
				"up": {"uv": [3.23077, 8.46154, 2.92308, 8.61538], "rotation": 90, "texture": "#2"},
				"down": {"uv": [2.92308, 8.46154, 3.23077, 8.61538], "rotation": 90, "texture": "#2"}
			}
		},
		{
			"name": "1_8",
			"from": [7.75, 1.38462, 11.38462],
			"to": [8.30385, 1.53846, 12.46154],
			"rotation": {"angle": 0, "axis": "y", "origin": [15.95, 2, 8]},
			"faces": {
				"north": {"uv": [4.46154, 8.46154, 4.61538, 8.61538], "texture": "#2"},
				"east": {"uv": [3.53846, 8.46154, 4.61538, 8.61538], "texture": "#2"},
				"south": {"uv": [3.53846, 8.46154, 3.69231, 8.61538], "texture": "#2"},
				"west": {"uv": [3.53846, 8.61538, 4.61538, 8.46154], "rotation": 180, "texture": "#2"},
				"up": {"uv": [4.61538, 8.46154, 3.53846, 8.61538], "rotation": 90, "texture": "#2"},
				"down": {"uv": [3.53846, 8.46154, 4.61538, 8.61538], "rotation": 90, "texture": "#2"}
			}
		},
		{
			"name": "1_9",
			"from": [7.75, 0.46154, 14.61538],
			"to": [8.30385, 1.38462, 15.84615],
			"rotation": {"angle": 0, "axis": "y", "origin": [15.95, 2, 8]},
			"faces": {
				"north": {"uv": [1.23077, 8.61538, 1.38462, 9.53846], "texture": "#2"},
				"east": {"uv": [0.15385, 8.61538, 1.38462, 9.53846], "texture": "#2"},
				"south": {"uv": [0.15385, 8.61538, 0.30769, 9.53846], "texture": "#2"},
				"west": {"uv": [0.15385, 9.53846, 1.38462, 8.61538], "rotation": 180, "texture": "#2"},
				"up": {"uv": [1.38462, 8.61538, 0.15385, 8.76923], "rotation": 90, "texture": "#2"},
				"down": {"uv": [0.15385, 9.38462, 1.38462, 9.53846], "rotation": 90, "texture": "#2"}
			}
		},
		{
			"name": "1_10",
			"from": [7.75, 0.76923, 14],
			"to": [8.30385, 1.38462, 14.61538],
			"rotation": {"angle": 0, "axis": "y", "origin": [15.95, 2, 8]},
			"faces": {
				"north": {"uv": [1.84615, 8.61538, 2, 9.23077], "texture": "#2"},
				"east": {"uv": [1.38462, 8.61538, 2, 9.23077], "texture": "#2"},
				"south": {"uv": [1.38462, 8.61538, 1.53846, 9.23077], "texture": "#2"},
				"west": {"uv": [1.38462, 9.23077, 2, 8.61538], "rotation": 180, "texture": "#2"},
				"up": {"uv": [2, 8.61538, 1.38462, 8.76923], "rotation": 90, "texture": "#2"},
				"down": {"uv": [1.38462, 9.07692, 2, 9.23077], "rotation": 90, "texture": "#2"}
			}
		},
		{
			"name": "1_11",
			"from": [7.75, 0.92308, 13.69231],
			"to": [8.30385, 1.38462, 14],
			"rotation": {"angle": 0, "axis": "y", "origin": [15.95, 2, 8]},
			"faces": {
				"north": {"uv": [2.15385, 8.61538, 2.30769, 9.07692], "texture": "#2"},
				"east": {"uv": [2, 8.61538, 2.30769, 9.07692], "texture": "#2"},
				"south": {"uv": [2, 8.61538, 2.15385, 9.07692], "texture": "#2"},
				"west": {"uv": [2, 9.07692, 2.30769, 8.61538], "rotation": 180, "texture": "#2"},
				"up": {"uv": [2.30769, 8.61538, 2, 8.76923], "rotation": 90, "texture": "#2"},
				"down": {"uv": [2, 8.92308, 2.30769, 9.07692], "rotation": 90, "texture": "#2"}
			}
		},
		{
			"name": "1_12",
			"from": [7.75, 1.23077, 11.38462],
			"to": [8.30385, 1.38462, 12.15385],
			"rotation": {"angle": 0, "axis": "y", "origin": [15.95, 2, 8]},
			"faces": {
				"north": {"uv": [4.46154, 8.61538, 4.61538, 8.76923], "texture": "#2"},
				"east": {"uv": [3.84615, 8.61538, 4.61538, 8.76923], "texture": "#2"},
				"south": {"uv": [3.84615, 8.61538, 4, 8.76923], "texture": "#2"},
				"west": {"uv": [3.84615, 8.76923, 4.61538, 8.61538], "rotation": 180, "texture": "#2"},
				"up": {"uv": [4.61538, 8.61538, 3.84615, 8.76923], "rotation": 90, "texture": "#2"},
				"down": {"uv": [3.84615, 8.61538, 4.61538, 8.76923], "rotation": 90, "texture": "#2"}
			}
		},
		{
			"name": "1_13",
			"from": [7.75, 1.07692, 13.38462],
			"to": [8.30385, 1.23077, 13.69231],
			"rotation": {"angle": 0, "axis": "y", "origin": [15.95, 2, 8]},
			"faces": {
				"north": {"uv": [2.46154, 8.76923, 2.61538, 8.92308], "texture": "#2"},
				"east": {"uv": [2.30769, 8.76923, 2.61538, 8.92308], "texture": "#2"},
				"south": {"uv": [2.30769, 8.76923, 2.46154, 8.92308], "texture": "#2"},
				"west": {"uv": [2.30769, 8.92308, 2.61538, 8.76923], "rotation": 180, "texture": "#2"},
				"up": {"uv": [2.61538, 8.76923, 2.30769, 8.92308], "rotation": 90, "texture": "#2"},
				"down": {"uv": [2.30769, 8.76923, 2.61538, 8.92308], "rotation": 90, "texture": "#2"}
			}
		},
		{
			"name": "1_14",
			"from": [7.75, 1.07692, 11.53846],
			"to": [8.30385, 1.23077, 11.84615],
			"rotation": {"angle": 0, "axis": "y", "origin": [15.95, 2, 8]},
			"faces": {
				"north": {"uv": [4.30769, 8.76923, 4.46154, 8.92308], "texture": "#2"},
				"east": {"uv": [4.15385, 8.76923, 4.46154, 8.92308], "texture": "#2"},
				"south": {"uv": [4.15385, 8.76923, 4.30769, 8.92308], "texture": "#2"},
				"west": {"uv": [4.15385, 8.92308, 4.46154, 8.76923], "rotation": 180, "texture": "#2"},
				"up": {"uv": [4.46154, 8.76923, 4.15385, 8.92308], "rotation": 90, "texture": "#2"},
				"down": {"uv": [4.15385, 8.76923, 4.46154, 8.92308], "rotation": 90, "texture": "#2"}
			}
		},
		{
			"name": "1_15",
			"from": [7.75, 0.61538, 14.30769],
			"to": [8.30385, 0.76923, 14.61538],
			"rotation": {"angle": 0, "axis": "y", "origin": [15.95, 2, 8]},
			"faces": {
				"north": {"uv": [1.53846, 9.23077, 1.69231, 9.38462], "texture": "#2"},
				"east": {"uv": [1.38462, 9.23077, 1.69231, 9.38462], "texture": "#2"},
				"south": {"uv": [1.38462, 9.23077, 1.53846, 9.38462], "texture": "#2"},
				"west": {"uv": [1.38462, 9.38462, 1.69231, 9.23077], "rotation": 180, "texture": "#2"},
				"up": {"uv": [1.69231, 9.23077, 1.38462, 9.38462], "rotation": 90, "texture": "#2"},
				"down": {"uv": [1.38462, 9.23077, 1.69231, 9.38462], "rotation": 90, "texture": "#2"}
			}
		},
		{
			"name": "1_16",
			"from": [7.75, 0.15385, 15.23077],
			"to": [8.30385, 0.46154, 15.84615],
			"rotation": {"angle": 0, "axis": "y", "origin": [15.95, 2, 8]},
			"faces": {
				"north": {"uv": [0.61538, 9.53846, 0.76923, 9.84615], "texture": "#2"},
				"east": {"uv": [0.15385, 9.53846, 0.76923, 9.84615], "texture": "#2"},
				"south": {"uv": [0.15385, 9.53846, 0.30769, 9.84615], "texture": "#2"},
				"west": {"uv": [0.15385, 9.84615, 0.76923, 9.53846], "rotation": 180, "texture": "#2"},
				"up": {"uv": [0.76923, 9.53846, 0.15385, 9.69231], "rotation": 90, "texture": "#2"},
				"down": {"uv": [0.15385, 9.69231, 0.76923, 9.84615], "rotation": 90, "texture": "#2"}
			}
		},
		{
			"name": "1_17",
			"from": [7.75, 0.30769, 14.92308],
			"to": [8.30385, 0.46154, 15.23077],
			"rotation": {"angle": 0, "axis": "y", "origin": [15.95, 2, 8]},
			"faces": {
				"north": {"uv": [0.92308, 9.53846, 1.07692, 9.69231], "texture": "#2"},
				"east": {"uv": [0.76923, 9.53846, 1.07692, 9.69231], "texture": "#2"},
				"south": {"uv": [0.76923, 9.53846, 0.92308, 9.69231], "texture": "#2"},
				"west": {"uv": [0.76923, 9.69231, 1.07692, 9.53846], "rotation": 180, "texture": "#2"},
				"up": {"uv": [1.07692, 9.53846, 0.76923, 9.69231], "rotation": 90, "texture": "#2"},
				"down": {"uv": [0.76923, 9.53846, 1.07692, 9.69231], "rotation": 90, "texture": "#2"}
			}
		},
		{
			"name": "1_18",
			"from": [7.75, 0, 15.53846],
			"to": [8.30385, 0.15385, 15.84615],
			"rotation": {"angle": 0, "axis": "y", "origin": [15.95, 2, 8]},
			"faces": {
				"north": {"uv": [0.30769, 9.84615, 0.46154, 10], "texture": "#2"},
				"east": {"uv": [0.15385, 9.84615, 0.46154, 10], "texture": "#2"},
				"south": {"uv": [0.15385, 9.84615, 0.30769, 10], "texture": "#2"},
				"west": {"uv": [0.15385, 10, 0.46154, 9.84615], "rotation": 180, "texture": "#2"},
				"up": {"uv": [0.46154, 9.84615, 0.15385, 10], "rotation": 90, "texture": "#2"},
				"down": {"uv": [0.15385, 9.84615, 0.46154, 10], "rotation": 90, "texture": "#2"}
			}
		},
		{
			"name": "2_0",
			"from": [7.7, 2.30769, 6.92308],
			"to": [8.35385, 3.38462, 10.30769],
			"rotation": {"angle": 0, "axis": "y", "origin": [15.95, 2, 8]},
			"faces": {
				"north": {"uv": [8.92308, 6.61538, 9.07692, 7.69231], "texture": "#2"},
				"east": {"uv": [5.69231, 6.61538, 9.07692, 7.69231], "texture": "#2"},
				"south": {"uv": [5.69231, 6.61538, 5.84615, 7.69231], "texture": "#2"},
				"west": {"uv": [5.69231, 7.69231, 9.07692, 6.61538], "rotation": 180, "texture": "#2"},
				"up": {"uv": [9.07692, 6.61538, 5.69231, 6.76923], "rotation": 90, "texture": "#2"},
				"down": {"uv": [5.69231, 7.53846, 9.07692, 7.69231], "rotation": 90, "texture": "#2"}
			}
		},
		{
			"name": "2_1",
			"from": [7.7, 2.15385, 10.30769],
			"to": [8.35385, 3.23077, 10.61538],
			"rotation": {"angle": 0, "axis": "y", "origin": [15.95, 2, 8]},
			"faces": {
				"north": {"uv": [5.53846, 6.76923, 5.69231, 7.84615], "texture": "#2"},
				"east": {"uv": [5.38462, 6.76923, 5.69231, 7.84615], "texture": "#2"},
				"south": {"uv": [5.38462, 6.76923, 5.53846, 7.84615], "texture": "#2"},
				"west": {"uv": [5.38462, 7.84615, 5.69231, 6.76923], "rotation": 180, "texture": "#2"},
				"up": {"uv": [5.69231, 6.76923, 5.38462, 6.92308], "rotation": 90, "texture": "#2"},
				"down": {"uv": [5.38462, 7.69231, 5.69231, 7.84615], "rotation": 90, "texture": "#2"}
			}
		},
		{
			"name": "2_2",
			"from": [7.7, 2.61538, 10.61538],
			"to": [8.35385, 3.07692, 11.07692],
			"rotation": {"angle": 0, "axis": "y", "origin": [15.95, 2, 8]},
			"faces": {
				"north": {"uv": [5.23077, 6.92308, 5.38462, 7.38462], "texture": "#2"},
				"east": {"uv": [4.92308, 6.92308, 5.38462, 7.38462], "texture": "#2"},
				"south": {"uv": [4.92308, 6.92308, 5.07692, 7.38462], "texture": "#2"},
				"west": {"uv": [4.92308, 7.38462, 5.38462, 6.92308], "rotation": 180, "texture": "#2"},
				"up": {"uv": [5.38462, 6.92308, 4.92308, 7.07692], "rotation": 90, "texture": "#2"},
				"down": {"uv": [4.92308, 7.23077, 5.38462, 7.38462], "rotation": 90, "texture": "#2"}
			}
		},
		{
			"name": "2_3",
			"from": [7.7, 2.61538, 11.07692],
			"to": [8.35385, 2.92308, 11.38462],
			"rotation": {"angle": 0, "axis": "y", "origin": [15.95, 2, 8]},
			"faces": {
				"north": {"uv": [4.76923, 7.07692, 4.92308, 7.38462], "texture": "#2"},
				"east": {"uv": [4.61538, 7.07692, 4.92308, 7.38462], "texture": "#2"},
				"south": {"uv": [4.61538, 7.07692, 4.76923, 7.38462], "texture": "#2"},
				"west": {"uv": [4.61538, 7.38462, 4.92308, 7.07692], "rotation": 180, "texture": "#2"},
				"up": {"uv": [4.92308, 7.07692, 4.61538, 7.23077], "rotation": 90, "texture": "#2"},
				"down": {"uv": [4.61538, 7.23077, 4.92308, 7.38462], "rotation": 90, "texture": "#2"}
			}
		},
		{
			"name": "2_4",
			"from": [7.7, 2.15385, 10.61538],
			"to": [8.35385, 2.61538, 10.92308],
			"rotation": {"angle": 0, "axis": "y", "origin": [15.95, 2, 8]},
			"faces": {
				"north": {"uv": [5.23077, 7.38462, 5.38462, 7.84615], "texture": "#2"},
				"east": {"uv": [5.07692, 7.38462, 5.38462, 7.84615], "texture": "#2"},
				"south": {"uv": [5.07692, 7.38462, 5.23077, 7.84615], "texture": "#2"},
				"west": {"uv": [5.07692, 7.84615, 5.38462, 7.38462], "rotation": 180, "texture": "#2"},
				"up": {"uv": [5.38462, 7.38462, 5.07692, 7.53846], "rotation": 90, "texture": "#2"},
				"down": {"uv": [5.07692, 7.69231, 5.38462, 7.84615], "rotation": 90, "texture": "#2"}
			}
		},
		{
			"name": "2_5",
			"from": [7.7, 2.15385, 10.92308],
			"to": [8.35385, 2.46154, 11.07692],
			"rotation": {"angle": 0, "axis": "y", "origin": [15.95, 2, 8]},
			"faces": {
				"north": {"uv": [4.92308, 7.53846, 5.07692, 7.84615], "texture": "#2"},
				"east": {"uv": [4.92308, 7.53846, 5.07692, 7.84615], "texture": "#2"},
				"south": {"uv": [4.92308, 7.53846, 5.07692, 7.84615], "texture": "#2"},
				"west": {"uv": [4.92308, 7.84615, 5.07692, 7.53846], "rotation": 180, "texture": "#2"},
				"up": {"uv": [5.07692, 7.53846, 4.92308, 7.69231], "rotation": 90, "texture": "#2"},
				"down": {"uv": [4.92308, 7.69231, 5.07692, 7.84615], "rotation": 90, "texture": "#2"}
			}
		},
		{
			"name": "2_6",
			"from": [7.7, 2.15385, 11.07692],
			"to": [8.35385, 2.30769, 11.23077],
			"rotation": {"angle": 0, "axis": "y", "origin": [15.95, 2, 8]},
			"faces": {
				"north": {"uv": [4.76923, 7.69231, 4.92308, 7.84615], "texture": "#2"},
				"east": {"uv": [4.76923, 7.69231, 4.92308, 7.84615], "texture": "#2"},
				"south": {"uv": [4.76923, 7.69231, 4.92308, 7.84615], "texture": "#2"},
				"west": {"uv": [4.76923, 7.84615, 4.92308, 7.69231], "rotation": 180, "texture": "#2"},
				"up": {"uv": [4.92308, 7.69231, 4.76923, 7.84615], "rotation": 90, "texture": "#2"},
				"down": {"uv": [4.76923, 7.69231, 4.92308, 7.84615], "rotation": 90, "texture": "#2"}
			}
		},
		{
			"name": "2_7",
			"from": [7.7, 2.15385, 10.15385],
			"to": [8.35385, 2.30769, 10.30769],
			"rotation": {"angle": 0, "axis": "y", "origin": [15.95, 2, 8]},
			"faces": {
				"north": {"uv": [5.69231, 7.69231, 5.84615, 7.84615], "texture": "#2"},
				"east": {"uv": [5.69231, 7.69231, 5.84615, 7.84615], "texture": "#2"},
				"south": {"uv": [5.69231, 7.69231, 5.84615, 7.84615], "texture": "#2"},
				"west": {"uv": [5.69231, 7.84615, 5.84615, 7.69231], "rotation": 180, "texture": "#2"},
				"up": {"uv": [5.84615, 7.69231, 5.69231, 7.84615], "rotation": 90, "texture": "#2"},
				"down": {"uv": [5.69231, 7.69231, 5.84615, 7.84615], "rotation": 90, "texture": "#2"}
			}
		},
		{
			"name": "2_8",
			"from": [7.7, 2.15385, 6.92308],
			"to": [8.35385, 2.30769, 8.61538],
			"rotation": {"angle": 0, "axis": "y", "origin": [15.95, 2, 8]},
			"faces": {
				"north": {"uv": [8.92308, 7.69231, 9.07692, 7.84615], "texture": "#2"},
				"east": {"uv": [7.38462, 7.69231, 9.07692, 7.84615], "texture": "#2"},
				"south": {"uv": [7.38462, 7.69231, 7.53846, 7.84615], "texture": "#2"},
				"west": {"uv": [7.38462, 7.84615, 9.07692, 7.69231], "rotation": 180, "texture": "#2"},
				"up": {"uv": [9.07692, 7.69231, 7.38462, 7.84615], "rotation": 90, "texture": "#2"},
				"down": {"uv": [7.38462, 7.69231, 9.07692, 7.84615], "rotation": 90, "texture": "#2"}
			}
		},
		{
			"name": "3_0",
			"from": [7.8, 3.38462, 7.23077],
			"to": [8.25385, 3.43846, 9.53846],
			"rotation": {"angle": 0, "axis": "y", "origin": [15.95, 2, 8]},
			"faces": {
				"north": {"uv": [8.61538, 6.46154, 8.76923, 6.61538], "texture": "#2"},
				"east": {"uv": [6.46154, 6.46154, 8.76923, 6.61538], "texture": "#2"},
				"south": {"uv": [6.46154, 6.46154, 6.61538, 6.61538], "texture": "#2"},
				"west": {"uv": [6.46154, 6.61538, 8.76923, 6.46154], "rotation": 180, "texture": "#2"},
				"up": {"uv": [8.76923, 6.46154, 6.46154, 6.61538], "rotation": 90, "texture": "#2"},
				"down": {"uv": [6.46154, 6.46154, 8.76923, 6.61538], "rotation": 90, "texture": "#2"}
			}
		},
		{
			"name": "3_1",
			"from": [7.85, 3.43846, 9.33077],
			"to": [8.20385, 3.48846, 9.53846],
			"rotation": {"angle": 0, "axis": "y", "origin": [15.95, 2, 8]},
			"faces": {
				"north": {"uv": [8.61538, 6.46154, 8.76923, 6.61538], "texture": "#2"},
				"east": {"uv": [6.46154, 6.46154, 8.76923, 6.61538], "texture": "#2"},
				"south": {"uv": [6.46154, 6.46154, 6.61538, 6.61538], "texture": "#2"},
				"west": {"uv": [6.46154, 6.61538, 8.76923, 6.46154], "rotation": 180, "texture": "#2"},
				"up": {"uv": [8.76923, 6.46154, 6.46154, 6.61538], "rotation": 90, "texture": "#2"},
				"down": {"uv": [6.46154, 6.46154, 8.76923, 6.61538], "rotation": 90, "texture": "#2"}
			}
		},
		{
			"name": "3_2",
			"from": [7.85, 3.43846, 9.18077],
			"to": [8.20385, 3.48846, 9.28846],
			"rotation": {"angle": 0, "axis": "y", "origin": [15.95, 2, 7.85]},
			"faces": {
				"north": {"uv": [8.61538, 6.46154, 8.76923, 6.61538], "texture": "#2"},
				"east": {"uv": [6.46154, 6.46154, 8.76923, 6.61538], "texture": "#2"},
				"south": {"uv": [6.46154, 6.46154, 6.61538, 6.61538], "texture": "#2"},
				"west": {"uv": [6.46154, 6.61538, 8.76923, 6.46154], "rotation": 180, "texture": "#2"},
				"up": {"uv": [8.76923, 6.46154, 6.46154, 6.61538], "rotation": 90, "texture": "#2"},
				"down": {"uv": [6.46154, 6.46154, 8.76923, 6.61538], "rotation": 90, "texture": "#2"}
			}
		},
		{
			"name": "3_3",
			"from": [7.85, 3.43846, 8.88077],
			"to": [8.20385, 3.48846, 8.98846],
			"rotation": {"angle": 0, "axis": "y", "origin": [15.95, 2, 7.55]},
			"faces": {
				"north": {"uv": [8.61538, 6.46154, 8.76923, 6.61538], "texture": "#2"},
				"east": {"uv": [6.46154, 6.46154, 8.76923, 6.61538], "texture": "#2"},
				"south": {"uv": [6.46154, 6.46154, 6.61538, 6.61538], "texture": "#2"},
				"west": {"uv": [6.46154, 6.61538, 8.76923, 6.46154], "rotation": 180, "texture": "#2"},
				"up": {"uv": [8.76923, 6.46154, 6.46154, 6.61538], "rotation": 90, "texture": "#2"},
				"down": {"uv": [6.46154, 6.46154, 8.76923, 6.61538], "rotation": 90, "texture": "#2"}
			}
		},
		{
			"name": "4_4",
			"from": [7.85, 3.43846, 8.58077],
			"to": [8.20385, 3.48846, 8.68846],
			"rotation": {"angle": 0, "axis": "y", "origin": [15.95, 2, 7.25]},
			"faces": {
				"north": {"uv": [8.61538, 6.46154, 8.76923, 6.61538], "texture": "#2"},
				"east": {"uv": [6.46154, 6.46154, 8.76923, 6.61538], "texture": "#2"},
				"south": {"uv": [6.46154, 6.46154, 6.61538, 6.61538], "texture": "#2"},
				"west": {"uv": [6.46154, 6.61538, 8.76923, 6.46154], "rotation": 180, "texture": "#2"},
				"up": {"uv": [8.76923, 6.46154, 6.46154, 6.61538], "rotation": 90, "texture": "#2"},
				"down": {"uv": [6.46154, 6.46154, 8.76923, 6.61538], "rotation": 90, "texture": "#2"}
			}
		},
		{
			"name": "5_5",
			"from": [7.85, 3.43846, 8.28077],
			"to": [8.20385, 3.48846, 8.38846],
			"rotation": {"angle": 0, "axis": "y", "origin": [15.95, 2, 6.95]},
			"faces": {
				"north": {"uv": [8.61538, 6.46154, 8.76923, 6.61538], "texture": "#2"},
				"east": {"uv": [6.46154, 6.46154, 8.76923, 6.61538], "texture": "#2"},
				"south": {"uv": [6.46154, 6.46154, 6.61538, 6.61538], "texture": "#2"},
				"west": {"uv": [6.46154, 6.61538, 8.76923, 6.46154], "rotation": 180, "texture": "#2"},
				"up": {"uv": [8.76923, 6.46154, 6.46154, 6.61538], "rotation": 90, "texture": "#2"},
				"down": {"uv": [6.46154, 6.46154, 8.76923, 6.61538], "rotation": 90, "texture": "#2"}
			}
		},
		{
			"name": "6_6",
			"from": [7.85, 3.43846, 7.98077],
			"to": [8.20385, 3.48846, 8.08846],
			"rotation": {"angle": 0, "axis": "y", "origin": [15.95, 2, 6.65]},
			"faces": {
				"north": {"uv": [8.61538, 6.46154, 8.76923, 6.61538], "texture": "#2"},
				"east": {"uv": [6.46154, 6.46154, 8.76923, 6.61538], "texture": "#2"},
				"south": {"uv": [6.46154, 6.46154, 6.61538, 6.61538], "texture": "#2"},
				"west": {"uv": [6.46154, 6.61538, 8.76923, 6.46154], "rotation": 180, "texture": "#2"},
				"up": {"uv": [8.76923, 6.46154, 6.46154, 6.61538], "rotation": 90, "texture": "#2"},
				"down": {"uv": [6.46154, 6.46154, 8.76923, 6.61538], "rotation": 90, "texture": "#2"}
			}
		},
		{
			"name": "7_7",
			"from": [7.85, 3.43846, 7.68077],
			"to": [8.20385, 3.48846, 7.78846],
			"rotation": {"angle": 0, "axis": "y", "origin": [15.95, 2, 6.35]},
			"faces": {
				"north": {"uv": [8.61538, 6.46154, 8.76923, 6.61538], "texture": "#2"},
				"east": {"uv": [6.46154, 6.46154, 8.76923, 6.61538], "texture": "#2"},
				"south": {"uv": [6.46154, 6.46154, 6.61538, 6.61538], "texture": "#2"},
				"west": {"uv": [6.46154, 6.61538, 8.76923, 6.46154], "rotation": 180, "texture": "#2"},
				"up": {"uv": [8.76923, 6.46154, 6.46154, 6.61538], "rotation": 90, "texture": "#2"},
				"down": {"uv": [6.46154, 6.46154, 8.76923, 6.61538], "rotation": 90, "texture": "#2"}
			}
		},
		{
			"name": "8_8",
			"from": [7.85, 3.43846, 7.38077],
			"to": [8.20385, 3.48846, 7.48846],
			"rotation": {"angle": 0, "axis": "y", "origin": [15.95, 2, 6.05]},
			"faces": {
				"north": {"uv": [8.61538, 6.46154, 8.76923, 6.61538], "texture": "#2"},
				"east": {"uv": [6.46154, 6.46154, 8.76923, 6.61538], "texture": "#2"},
				"south": {"uv": [6.46154, 6.46154, 6.61538, 6.61538], "texture": "#2"},
				"west": {"uv": [6.46154, 6.61538, 8.76923, 6.46154], "rotation": 180, "texture": "#2"},
				"up": {"uv": [8.76923, 6.46154, 6.46154, 6.61538], "rotation": 90, "texture": "#2"},
				"down": {"uv": [6.46154, 6.46154, 8.76923, 6.61538], "rotation": 90, "texture": "#2"}
			}
		},
		{
			"name": "3_3",
			"from": [7.85, 3.43846, 9.03077],
			"to": [8.20385, 3.48846, 9.13846],
			"rotation": {"angle": 0, "axis": "y", "origin": [15.95, 2, 7.7]},
			"faces": {
				"north": {"uv": [8.61538, 6.46154, 8.76923, 6.61538], "texture": "#2"},
				"east": {"uv": [6.46154, 6.46154, 8.76923, 6.61538], "texture": "#2"},
				"south": {"uv": [6.46154, 6.46154, 6.61538, 6.61538], "texture": "#2"},
				"west": {"uv": [6.46154, 6.61538, 8.76923, 6.46154], "rotation": 180, "texture": "#2"},
				"up": {"uv": [8.76923, 6.46154, 6.46154, 6.61538], "rotation": 90, "texture": "#2"},
				"down": {"uv": [6.46154, 6.46154, 8.76923, 6.61538], "rotation": 90, "texture": "#2"}
			}
		},
		{
			"name": "4_4",
			"from": [7.85, 3.43846, 8.73077],
			"to": [8.20385, 3.48846, 8.83846],
			"rotation": {"angle": 0, "axis": "y", "origin": [15.95, 2, 7.4]},
			"faces": {
				"north": {"uv": [8.61538, 6.46154, 8.76923, 6.61538], "texture": "#2"},
				"east": {"uv": [6.46154, 6.46154, 8.76923, 6.61538], "texture": "#2"},
				"south": {"uv": [6.46154, 6.46154, 6.61538, 6.61538], "texture": "#2"},
				"west": {"uv": [6.46154, 6.61538, 8.76923, 6.46154], "rotation": 180, "texture": "#2"},
				"up": {"uv": [8.76923, 6.46154, 6.46154, 6.61538], "rotation": 90, "texture": "#2"},
				"down": {"uv": [6.46154, 6.46154, 8.76923, 6.61538], "rotation": 90, "texture": "#2"}
			}
		},
		{
			"name": "5_5",
			"from": [7.85, 3.43846, 8.43077],
			"to": [8.20385, 3.48846, 8.53846],
			"rotation": {"angle": 0, "axis": "y", "origin": [15.95, 2, 7.1]},
			"faces": {
				"north": {"uv": [8.61538, 6.46154, 8.76923, 6.61538], "texture": "#2"},
				"east": {"uv": [6.46154, 6.46154, 8.76923, 6.61538], "texture": "#2"},
				"south": {"uv": [6.46154, 6.46154, 6.61538, 6.61538], "texture": "#2"},
				"west": {"uv": [6.46154, 6.61538, 8.76923, 6.46154], "rotation": 180, "texture": "#2"},
				"up": {"uv": [8.76923, 6.46154, 6.46154, 6.61538], "rotation": 90, "texture": "#2"},
				"down": {"uv": [6.46154, 6.46154, 8.76923, 6.61538], "rotation": 90, "texture": "#2"}
			}
		},
		{
			"name": "6_6",
			"from": [7.85, 3.43846, 8.13077],
			"to": [8.20385, 3.48846, 8.23846],
			"rotation": {"angle": 0, "axis": "y", "origin": [15.95, 2, 6.8]},
			"faces": {
				"north": {"uv": [8.61538, 6.46154, 8.76923, 6.61538], "texture": "#2"},
				"east": {"uv": [6.46154, 6.46154, 8.76923, 6.61538], "texture": "#2"},
				"south": {"uv": [6.46154, 6.46154, 6.61538, 6.61538], "texture": "#2"},
				"west": {"uv": [6.46154, 6.61538, 8.76923, 6.46154], "rotation": 180, "texture": "#2"},
				"up": {"uv": [8.76923, 6.46154, 6.46154, 6.61538], "rotation": 90, "texture": "#2"},
				"down": {"uv": [6.46154, 6.46154, 8.76923, 6.61538], "rotation": 90, "texture": "#2"}
			}
		},
		{
			"name": "7_7",
			"from": [7.85, 3.43846, 7.83077],
			"to": [8.20385, 3.48846, 7.93846],
			"rotation": {"angle": 0, "axis": "y", "origin": [15.95, 2, 6.5]},
			"faces": {
				"north": {"uv": [8.61538, 6.46154, 8.76923, 6.61538], "texture": "#2"},
				"east": {"uv": [6.46154, 6.46154, 8.76923, 6.61538], "texture": "#2"},
				"south": {"uv": [6.46154, 6.46154, 6.61538, 6.61538], "texture": "#2"},
				"west": {"uv": [6.46154, 6.61538, 8.76923, 6.46154], "rotation": 180, "texture": "#2"},
				"up": {"uv": [8.76923, 6.46154, 6.46154, 6.61538], "rotation": 90, "texture": "#2"},
				"down": {"uv": [6.46154, 6.46154, 8.76923, 6.61538], "rotation": 90, "texture": "#2"}
			}
		},
		{
			"name": "8_8",
			"from": [7.85, 3.43846, 7.53077],
			"to": [8.20385, 3.48846, 7.63846],
			"rotation": {"angle": 0, "axis": "y", "origin": [15.95, 2, 6.2]},
			"faces": {
				"north": {"uv": [8.61538, 6.46154, 8.76923, 6.61538], "texture": "#2"},
				"east": {"uv": [6.46154, 6.46154, 8.76923, 6.61538], "texture": "#2"},
				"south": {"uv": [6.46154, 6.46154, 6.61538, 6.61538], "texture": "#2"},
				"west": {"uv": [6.46154, 6.61538, 8.76923, 6.46154], "rotation": 180, "texture": "#2"},
				"up": {"uv": [8.76923, 6.46154, 6.46154, 6.61538], "rotation": 90, "texture": "#2"},
				"down": {"uv": [6.46154, 6.46154, 8.76923, 6.61538], "rotation": 90, "texture": "#2"}
			}
		},
		{
			"name": "9_9",
			"from": [7.85, 3.43846, 7.23077],
			"to": [8.20385, 3.48846, 7.33846],
			"rotation": {"angle": 0, "axis": "y", "origin": [15.95, 2, 5.9]},
			"faces": {
				"north": {"uv": [8.61538, 6.46154, 8.76923, 6.61538], "texture": "#2"},
				"east": {"uv": [6.46154, 6.46154, 8.76923, 6.61538], "texture": "#2"},
				"south": {"uv": [6.46154, 6.46154, 6.61538, 6.61538], "texture": "#2"},
				"west": {"uv": [6.46154, 6.61538, 8.76923, 6.46154], "rotation": 180, "texture": "#2"},
				"up": {"uv": [8.76923, 6.46154, 6.46154, 6.61538], "rotation": 90, "texture": "#2"},
				"down": {"uv": [6.46154, 6.46154, 8.76923, 6.61538], "rotation": 90, "texture": "#2"}
			}
		},
		{
			"name": "4_0",
			"from": [7.9, 2, 9.84615],
			"to": [8.15385, 2.30769, 10.15385],
			"rotation": {"angle": 0, "axis": "y", "origin": [15.95, 2, 8]},
			"faces": {
				"north": {"uv": [6, 7.69231, 6.15385, 8], "texture": "#2"},
				"east": {"uv": [5.84615, 7.69231, 6.15385, 8], "texture": "#2"},
				"south": {"uv": [5.84615, 7.69231, 6, 8], "texture": "#2"},
				"west": {"uv": [5.84615, 8, 6.15385, 7.69231], "rotation": 180, "texture": "#2"},
				"up": {"uv": [6.15385, 7.69231, 5.84615, 7.84615], "rotation": 90, "texture": "#2"},
				"down": {"uv": [5.84615, 7.84615, 6.15385, 8], "rotation": 90, "texture": "#2"}
			}
		},
		{
			"name": "4_1",
			"from": [7.95, 2, 9.53846],
			"to": [8.10385, 2.30769, 9.69231],
			"rotation": {"angle": 0, "axis": "y", "origin": [15.95, 2, 8]},
			"faces": {
				"north": {"uv": [6.30769, 7.69231, 6.46154, 8], "texture": "#2"},
				"east": {"uv": [6.30769, 7.69231, 6.46154, 8], "texture": "#2"},
				"south": {"uv": [6.30769, 7.69231, 6.46154, 8], "texture": "#2"},
				"west": {"uv": [6.30769, 8, 6.46154, 7.69231], "rotation": 180, "texture": "#2"},
				"up": {"uv": [6.46154, 7.69231, 6.30769, 7.84615], "rotation": 90, "texture": "#2"},
				"down": {"uv": [6.30769, 7.84615, 6.46154, 8], "rotation": 90, "texture": "#2"}
			}
		},
		{
			"name": "4_2",
			"from": [7.9, 2, 8.61538],
			"to": [8.15385, 2.30769, 8.92308],
			"rotation": {"angle": 0, "axis": "y", "origin": [15.95, 2, 8]},
			"faces": {
				"north": {"uv": [7.23077, 7.69231, 7.38462, 8], "texture": "#2"},
				"east": {"uv": [7.07692, 7.69231, 7.38462, 8], "texture": "#2"},
				"south": {"uv": [7.07692, 7.69231, 7.23077, 8], "texture": "#2"},
				"west": {"uv": [7.07692, 8, 7.38462, 7.69231], "rotation": 180, "texture": "#2"},
				"up": {"uv": [7.38462, 7.69231, 7.07692, 7.84615], "rotation": 90, "texture": "#2"},
				"down": {"uv": [7.07692, 7.84615, 7.38462, 8], "rotation": 90, "texture": "#2"}
			}
		},
		{
			"name": "4_3",
			"from": [7.95, 1.84615, 9.38462],
			"to": [8.10385, 2.15385, 9.53846],
			"rotation": {"angle": 0, "axis": "y", "origin": [15.95, 2, 8]},
			"faces": {
				"north": {"uv": [6.46154, 7.84615, 6.61538, 8.15385], "texture": "#2"},
				"east": {"uv": [6.46154, 7.84615, 6.61538, 8.15385], "texture": "#2"},
				"south": {"uv": [6.46154, 7.84615, 6.61538, 8.15385], "texture": "#2"},
				"west": {"uv": [6.46154, 8.15385, 6.61538, 7.84615], "rotation": 180, "texture": "#2"},
				"up": {"uv": [6.61538, 7.84615, 6.46154, 8], "rotation": 90, "texture": "#2"},
				"down": {"uv": [6.46154, 8, 6.61538, 8.15385], "rotation": 90, "texture": "#2"}
			}
		},
		{
			"name": "4_4",
			"from": [7.9, 2, 8.46154],
			"to": [8.15385, 2.15385, 8.61538],
			"rotation": {"angle": 0, "axis": "y", "origin": [15.95, 2, 8]},
			"faces": {
				"north": {"uv": [7.38462, 7.84615, 7.53846, 8], "texture": "#2"},
				"east": {"uv": [7.38462, 7.84615, 7.53846, 8], "texture": "#2"},
				"south": {"uv": [7.38462, 7.84615, 7.53846, 8], "texture": "#2"},
				"west": {"uv": [7.38462, 8, 7.53846, 7.84615], "rotation": 180, "texture": "#2"},
				"up": {"uv": [7.53846, 7.84615, 7.38462, 8], "rotation": 90, "texture": "#2"},
				"down": {"uv": [7.38462, 7.84615, 7.53846, 8], "rotation": 90, "texture": "#2"}
			}
		},
		{
			"name": "4_5",
			"from": [7.9, 1.69231, 9.84615],
			"to": [8.15385, 2, 10],
			"rotation": {"angle": 0, "axis": "y", "origin": [15.95, 2, 8]},
			"faces": {
				"north": {"uv": [6, 8, 6.15385, 8.30769], "texture": "#2"},
				"east": {"uv": [6, 8, 6.15385, 8.30769], "texture": "#2"},
				"south": {"uv": [6, 8, 6.15385, 8.30769], "texture": "#2"},
				"west": {"uv": [6, 8.30769, 6.15385, 8], "rotation": 180, "texture": "#2"},
				"up": {"uv": [6.15385, 8, 6, 8.15385], "rotation": 90, "texture": "#2"},
				"down": {"uv": [6, 8.15385, 6.15385, 8.30769], "rotation": 90, "texture": "#2"}
			}
		},
		{
			"name": "4_6",
			"from": [7.9, 1.84615, 8.76923],
			"to": [8.15385, 2, 9.07692],
			"rotation": {"angle": 0, "axis": "y", "origin": [15.95, 2, 8]},
			"faces": {
				"north": {"uv": [7.07692, 8, 7.23077, 8.15385], "texture": "#2"},
				"east": {"uv": [6.92308, 8, 7.23077, 8.15385], "texture": "#2"},
				"south": {"uv": [6.92308, 8, 7.07692, 8.15385], "texture": "#2"},
				"west": {"uv": [6.92308, 8.15385, 7.23077, 8], "rotation": 180, "texture": "#2"},
				"up": {"uv": [7.23077, 8, 6.92308, 8.15385], "rotation": 90, "texture": "#2"},
				"down": {"uv": [6.92308, 8, 7.23077, 8.15385], "rotation": 90, "texture": "#2"}
			}
		},
		{
			"name": "4_7",
			"from": [7.9, 1.53846, 9.69231],
			"to": [8.15385, 1.84615, 9.84615],
			"rotation": {"angle": 0, "axis": "y", "origin": [15.95, 2, 8]},
			"faces": {
				"north": {"uv": [6.15385, 8.15385, 6.30769, 8.46154], "texture": "#2"},
				"east": {"uv": [6.15385, 8.15385, 6.30769, 8.46154], "texture": "#2"},
				"south": {"uv": [6.15385, 8.15385, 6.30769, 8.46154], "texture": "#2"},
				"west": {"uv": [6.15385, 8.46154, 6.30769, 8.15385], "rotation": 180, "texture": "#2"},
				"up": {"uv": [6.30769, 8.15385, 6.15385, 8.30769], "rotation": 90, "texture": "#2"},
				"down": {"uv": [6.15385, 8.30769, 6.30769, 8.46154], "rotation": 90, "texture": "#2"}
			}
		},
		{
			"name": "4_8",
			"from": [7.9, 1.69231, 8.92308],
			"to": [8.15385, 1.84615, 9.23077],
			"rotation": {"angle": 0, "axis": "y", "origin": [15.95, 2, 8]},
			"faces": {
				"north": {"uv": [6.92308, 8.15385, 7.07692, 8.30769], "texture": "#2"},
				"east": {"uv": [6.76923, 8.15385, 7.07692, 8.30769], "texture": "#2"},
				"south": {"uv": [6.76923, 8.15385, 6.92308, 8.30769], "texture": "#2"},
				"west": {"uv": [6.76923, 8.30769, 7.07692, 8.15385], "rotation": 180, "texture": "#2"},
				"up": {"uv": [7.07692, 8.15385, 6.76923, 8.30769], "rotation": 90, "texture": "#2"},
				"down": {"uv": [6.76923, 8.15385, 7.07692, 8.30769], "rotation": 90, "texture": "#2"}
			}
		},
		{
			"name": "4_9",
			"from": [7.9, 1.53846, 9.07692],
			"to": [8.15385, 1.69231, 9.69231],
			"rotation": {"angle": 0, "axis": "y", "origin": [15.95, 2, 8]},
			"faces": {
				"north": {"uv": [6.76923, 8.30769, 6.92308, 8.46154], "texture": "#2"},
				"east": {"uv": [6.30769, 8.30769, 6.92308, 8.46154], "texture": "#2"},
				"south": {"uv": [6.30769, 8.30769, 6.46154, 8.46154], "texture": "#2"},
				"west": {"uv": [6.30769, 8.46154, 6.92308, 8.30769], "rotation": 180, "texture": "#2"},
				"up": {"uv": [6.92308, 8.30769, 6.30769, 8.46154], "rotation": 90, "texture": "#2"},
				"down": {"uv": [6.30769, 8.30769, 6.92308, 8.46154], "rotation": 90, "texture": "#2"}
			}
		},
		{
			"name": "5_0",
			"from": [7.7, 2.15385, 2.61538],
			"to": [8.35385, 2.71923, 5.69231],
			"rotation": {"angle": 0, "axis": "y", "origin": [15.95, 2, 8]},
			"faces": {
				"north": {"uv": [13.23077, 7.23077, 13.38462, 7.84615], "texture": "#2"},
				"east": {"uv": [10.30769, 7.23077, 13.38462, 7.84615], "texture": "#2"},
				"south": {"uv": [10.30769, 7.23077, 10.46154, 7.84615], "texture": "#2"},
				"west": {"uv": [10.30769, 7.84615, 13.38462, 7.23077], "rotation": 180, "texture": "#2"},
				"up": {"uv": [13.38462, 7.23077, 10.30769, 7.38462], "rotation": 90, "texture": "#2"},
				"down": {"uv": [10.30769, 7.69231, 13.38462, 7.84615], "rotation": 90, "texture": "#2"}
			}
		},
		{
			"name": "6_0",
			"from": [7.8, 2.92308, 0],
			"to": [8.25385, 3.38462, 6.92308],
			"rotation": {"angle": 0, "axis": "y", "origin": [15.95, 2, 8]},
			"faces": {
				"north": {"uv": [15.84615, 6.61538, 16, 7.07692], "texture": "#2"},
				"east": {"uv": [9.07692, 6.61538, 16, 7.07692], "texture": "#2"},
				"south": {"uv": [9.07692, 6.61538, 9.23077, 7.07692], "texture": "#2"},
				"west": {"uv": [9.07692, 7.07692, 16, 6.61538], "rotation": 180, "texture": "#2"},
				"up": {"uv": [9.539, 6.616, 9.539, 6.616], "rotation": 90, "texture": "#2"},
				"down": {"uv": [9.07692, 6.92308, 16, 7.07692], "rotation": 90, "texture": "#2"}
			}
		},
		{
			"name": "6_1",
			"from": [7.8, 2.92308, -0.001],
			"to": [8.25385, 3.38462, -0.001],
			"rotation": {"angle": 0, "axis": "y", "origin": [15.95, 2, 8]},
			"faces": {
				"north": {"uv": [0, 0, 16, 16], "texture": "#8"},
				"east": {"uv": [0, 0, 16, 16], "texture": "#8"},
				"south": {"uv": [0, 0, 16, 16], "texture": "#8"},
				"west": {"uv": [0, 0, 16, 16], "texture": "#8"},
				"up": {"uv": [0, 0, 16, 16], "texture": "#8"},
				"down": {"uv": [0, 0, 16, 16], "texture": "#8"}
			}
		},
		{
			"name": "6_2",
			"from": [6.3, 0.92308, -0.151],
			"to": [9.75385, 4.38462, -0.151],
			"rotation": {"angle": 0, "axis": "y", "origin": [15.95, 2, 7.85]},
			"faces": {
				"north": {"uv": [16, 0, 0, 16], "texture": "#3"},
				"east": {"uv": [0, 0, 16, 16], "texture": "#3"},
				"south": {"uv": [0, 0, 16, 16], "texture": "#3"},
				"west": {"uv": [0, 0, 16, 16], "texture": "#3"},
				"up": {"uv": [0, 0, 16, 16], "texture": "#3"},
				"down": {"uv": [0, 0, 16, 16], "texture": "#3"}
			}
		},
		{
			"name": "6_1",
			"from": [7.8, 2.30769, 2.6123],
			"to": [8.25385, 2.76923, 6.9231],
			"rotation": {"angle": 0, "axis": "y", "origin": [15.95, 2, 8]},
			"faces": {
				"north": {"uv": [10.15385, 7.23077, 10.30769, 7.69231], "texture": "#2"},
				"east": {"uv": [9.07692, 7.23077, 10.30769, 7.69231], "texture": "#2"},
				"south": {"uv": [9.07692, 7.23077, 9.23077, 7.69231], "texture": "#2"},
				"west": {"uv": [9.07692, 7.69231, 10.30769, 7.23077], "rotation": 180, "texture": "#2"},
				"up": {"uv": [10.30769, 7.23077, 9.07692, 7.38462], "rotation": 90, "texture": "#2"},
				"down": {"uv": [9.07692, 7.53846, 10.30769, 7.69231], "rotation": 90, "texture": "#2"}
			}
		},
		{
			"name": "6_2",
			"from": [7.8, 2.30769, 0.30769],
			"to": [8.25385, 2.76923, 2.61538],
			"rotation": {"angle": 0, "axis": "y", "origin": [15.95, 2, 8]},
			"faces": {
				"north": {"uv": [15.53846, 7.23077, 15.69231, 7.69231], "texture": "#2"},
				"east": {"uv": [13.38462, 7.23077, 15.69231, 7.69231], "texture": "#2"},
				"south": {"uv": [13.38462, 7.23077, 13.53846, 7.69231], "texture": "#2"},
				"west": {"uv": [13.38462, 7.69231, 15.69231, 7.23077], "rotation": 180, "texture": "#2"},
				"up": {"uv": [15.69231, 7.23077, 13.38462, 7.38462], "rotation": 90, "texture": "#2"},
				"down": {"uv": [13.38462, 7.53846, 15.69231, 7.69231], "rotation": 90, "texture": "#2"}
			}
		},
		{
			"name": "6_3",
			"from": [7.8, 2.30769, 0.306],
			"to": [8.25385, 2.76923, 0.306],
			"rotation": {"angle": 0, "axis": "y", "origin": [15.95, 2, 8]},
			"faces": {
				"north": {"uv": [0, 0, 16, 16], "texture": "#8"},
				"east": {"uv": [0, 0, 16, 16], "texture": "#8"},
				"south": {"uv": [0, 0, 16, 16], "texture": "#8"},
				"west": {"uv": [0, 0, 16, 16], "texture": "#8"},
				"up": {"uv": [0, 0, 16, 16], "texture": "#8"},
				"down": {"uv": [0, 0, 16, 16], "texture": "#8"}
			}
		},
		{
			"name": "7_0",
			"from": [7.9, 2.76923, 2.61538],
			"to": [8.15385, 2.92308, 6.92308],
			"rotation": {"angle": 0, "axis": "y", "origin": [15.95, 2, 8]},
			"faces": {
				"north": {"uv": [13.23077, 7.07692, 13.38462, 7.23077], "texture": "#2"},
				"east": {"uv": [9.07692, 7.07692, 13.38462, 7.23077], "texture": "#2"},
				"south": {"uv": [9.07692, 7.07692, 9.23077, 7.23077], "texture": "#2"},
				"west": {"uv": [9.07692, 7.23077, 13.38462, 7.07692], "rotation": 180, "texture": "#2"},
				"up": {"uv": [13.38462, 7.07692, 9.07692, 7.23077], "rotation": 90, "texture": "#2"},
				"down": {"uv": [9.07692, 7.07692, 13.38462, 7.23077], "rotation": 90, "texture": "#2"}
			}
		},
		{
			"name": "7_1",
			"from": [7.9, 2.76923, 0.61538],
			"to": [8.15385, 2.92308, 1.07692],
			"rotation": {"angle": 0, "axis": "y", "origin": [15.95, 2, 8]},
			"faces": {
				"north": {"uv": [15.23077, 7.07692, 15.38462, 7.23077], "texture": "#2"},
				"east": {"uv": [14.92308, 7.07692, 15.38462, 7.23077], "texture": "#2"},
				"south": {"uv": [14.92308, 7.07692, 15.07692, 7.23077], "texture": "#2"},
				"west": {"uv": [14.92308, 7.23077, 15.38462, 7.07692], "rotation": 180, "texture": "#2"},
				"up": {"uv": [15.38462, 7.07692, 14.92308, 7.23077], "rotation": 90, "texture": "#2"},
				"down": {"uv": [14.92308, 7.07692, 15.38462, 7.23077], "rotation": 90, "texture": "#2"}
			}
		},
		{
			"name": "8_0",
			"from": [7.8, 3.38462, 4.30769],
			"to": [7.90385, 3.59231, 4.61538],
			"rotation": {"angle": 0, "axis": "y", "origin": [15.8, 2, 8]},
			"faces": {
				"north": {"uv": [11.53846, 6.30769, 11.69231, 6.61538], "texture": "#2"},
				"east": {"uv": [11.38462, 6.30769, 11.69231, 6.61538], "texture": "#2"},
				"south": {"uv": [11.38462, 6.30769, 11.53846, 6.61538], "texture": "#2"},
				"west": {"uv": [11.38462, 6.61538, 11.69231, 6.30769], "rotation": 180, "texture": "#2"},
				"up": {"uv": [11.69231, 6.30769, 11.38462, 6.46154], "rotation": 90, "texture": "#2"},
				"down": {"uv": [11.38462, 6.46154, 11.69231, 6.61538], "rotation": 90, "texture": "#2"}
			}
		},
		{
			"name": "8_1",
			"from": [7.9, 3.38462, 4.30769],
			"to": [8.15385, 3.44231, 4.61538],
			"rotation": {"angle": 0, "axis": "y", "origin": [15.8, 2, 8]},
			"faces": {
				"north": {"uv": [11.53846, 6.30769, 11.69231, 6.61538], "texture": "#2"},
				"east": {"uv": [11.38462, 6.30769, 11.69231, 6.61538], "texture": "#2"},
				"south": {"uv": [11.38462, 6.30769, 11.53846, 6.61538], "texture": "#2"},
				"west": {"uv": [11.38462, 6.61538, 11.69231, 6.30769], "rotation": 180, "texture": "#2"},
				"up": {"uv": [11.69231, 6.30769, 11.38462, 6.46154], "rotation": 90, "texture": "#2"},
				"down": {"uv": [11.38462, 6.46154, 11.69231, 6.61538], "rotation": 90, "texture": "#2"}
			}
		},
		{
			"name": "8_1",
			"from": [8.15, 3.38462, 4.30769],
			"to": [8.25385, 3.59231, 4.61538],
			"rotation": {"angle": 0, "axis": "y", "origin": [16.15, 2, 8]},
			"faces": {
				"north": {"uv": [11.53846, 6.30769, 11.69231, 6.61538], "texture": "#2"},
				"east": {"uv": [11.38462, 6.30769, 11.69231, 6.61538], "texture": "#2"},
				"south": {"uv": [11.38462, 6.30769, 11.53846, 6.61538], "texture": "#2"},
				"west": {"uv": [11.38462, 6.61538, 11.69231, 6.30769], "rotation": 180, "texture": "#2"},
				"up": {"uv": [11.69231, 6.30769, 11.38462, 6.46154], "rotation": 90, "texture": "#2"},
				"down": {"uv": [11.38462, 6.46154, 11.69231, 6.61538], "rotation": 90, "texture": "#2"}
			}
		},
		{
			"name": "8_1",
			"from": [8, 3.38462, 0],
			"to": [8.05385, 3.54231, 0.30769],
			"rotation": {"angle": 0, "axis": "y", "origin": [15.95, 2, 8]},
			"faces": {
				"north": {"uv": [15.84615, 6.30769, 16, 6.61538], "texture": "#2"},
				"east": {"uv": [15.69231, 6.30769, 16, 6.61538], "texture": "#2"},
				"south": {"uv": [15.69231, 6.30769, 15.84615, 6.61538], "texture": "#9"},
				"west": {"uv": [15.69231, 6.61538, 16, 6.30769], "rotation": 180, "texture": "#2"},
				"up": {"uv": [16, 6.30769, 15.69231, 6.46154], "rotation": 90, "texture": "#2"},
				"down": {"uv": [15.69231, 6.46154, 16, 6.61538], "rotation": 90, "texture": "#2"}
			}
		},
		{
			"name": "8_2",
			"from": [7.8, 3.38462, 4.61538],
			"to": [7.90385, 3.43846, 4.76923],
			"rotation": {"angle": 0, "axis": "y", "origin": [15.8, 2, 8]},
			"faces": {
				"north": {"uv": [11.23077, 6.46154, 11.38462, 6.61538], "texture": "#2"},
				"east": {"uv": [11.23077, 6.46154, 11.38462, 6.61538], "texture": "#2"},
				"south": {"uv": [11.23077, 6.46154, 11.38462, 6.61538], "texture": "#2"},
				"west": {"uv": [11.23077, 6.61538, 11.38462, 6.46154], "rotation": 180, "texture": "#2"},
				"up": {"uv": [11.38462, 6.46154, 11.23077, 6.61538], "rotation": 90, "texture": "#2"},
				"down": {"uv": [11.23077, 6.46154, 11.38462, 6.61538], "rotation": 90, "texture": "#2"}
			}
		},
		{
			"name": "8_3",
			"from": [8.15, 3.38462, 4.61538],
			"to": [8.25385, 3.43846, 4.76923],
			"rotation": {"angle": 0, "axis": "y", "origin": [16.15, 2, 8]},
			"faces": {
				"north": {"uv": [11.23077, 6.46154, 11.38462, 6.61538], "texture": "#2"},
				"east": {"uv": [11.23077, 6.46154, 11.38462, 6.61538], "texture": "#2"},
				"south": {"uv": [11.23077, 6.46154, 11.38462, 6.61538], "texture": "#2"},
				"west": {"uv": [11.23077, 6.61538, 11.38462, 6.46154], "rotation": 180, "texture": "#2"},
				"up": {"uv": [11.38462, 6.46154, 11.23077, 6.61538], "rotation": 90, "texture": "#2"},
				"down": {"uv": [11.23077, 6.46154, 11.38462, 6.61538], "rotation": 90, "texture": "#2"}
			}
		},
		{
			"name": "8_3",
			"from": [8, 3.38462, 0.30769],
			"to": [8.05385, 3.43846, 0.46154],
			"rotation": {"angle": 0, "axis": "y", "origin": [15.95, 2, 8]},
			"faces": {
				"north": {"uv": [15.53846, 6.46154, 15.69231, 6.61538], "texture": "#2"},
				"east": {"uv": [15.53846, 6.46154, 15.69231, 6.61538], "texture": "#2"},
				"south": {"uv": [15.53846, 6.46154, 15.69231, 6.61538], "texture": "#2"},
				"west": {"uv": [15.53846, 6.61538, 15.69231, 6.46154], "rotation": 180, "texture": "#2"},
				"up": {"uv": [15.69231, 6.46154, 15.53846, 6.61538], "rotation": 90, "texture": "#2"},
				"down": {"uv": [15.53846, 6.46154, 15.69231, 6.61538], "rotation": 90, "texture": "#2"}
			}
		}
	],
	"display": {
		"thirdperson_righthand": {
			"translation": [0, 9, 0.5],
			"scale": [1.5, 1.5, 1.5]
		},
		"thirdperson_lefthand": {
			"translation": [0, 9, 0.5],
			"scale": [1.5, 1.5, 1.5]
		},
		"firstperson_righthand": {
			"translation": [-9, 24.2, 8.75],
			"scale": [1.5, 1.5, 1.5]
		},
		"firstperson_lefthand": {
			"translation": [-9, 24.2, 8.75],
			"scale": [1.5, 1.5, 1.5]
		},
		"ground": {
			"rotation": [0, 0, 90],
			"translation": [-11.25, -1.5, -1],
			"scale": [2, 2, 2]
		},
		"gui": {
			"rotation": [55, 46, -56],
			"translation": [6, 7.75, 0],
			"scale": [1.5, 1.5, 1.5]
		},
		"head": {
			"rotation": [0, 90, 0],
			"translation": [0, 10, 0],
			"scale": [2, 2, 2]
		},
		"fixed": {
			"rotation": [0, 90, 0],
			"translation": [0, 11.5, -1],
			"scale": [2, 2, 2]
		}
	},
	"groups": [
		{
			"name": "1",
			"origin": [8, 8, 8],
			"children": [0, 1, 2, 3, 4, 5, 6, 7, 8, 9, 10, 11, 12, 13, 14, 15, 16, 17, 18]
		},
		{
			"name": "2",
			"origin": [8, 8, 8],
			"children": [19, 20, 21, 22, 23, 24, 25, 26, 27]
		},
		{
			"name": "3",
			"origin": [8, 8, 8],
			"children": [28, 29, 30, 31, 32, 33, 34, 35, 36, 37, 38, 39, 40, 41, 42, 43]
		},
		{
			"name": "4",
			"origin": [8, 8, 8],
			"children": [44, 45, 46, 47, 48, 49, 50, 51, 52, 53]
		},
		{
			"name": "5",
			"origin": [8, 8, 8],
			"children": [54]
		},
		{
			"name": "6",
			"origin": [8, 8, 8],
			"children": [55, 56, 57, 58, 59, 60]
		},
		{
			"name": "7",
			"origin": [8, 8, 8],
			"children": [61, 62]
		},
		{
			"name": "8",
			"origin": [8, 8, 8],
			"children": [63, 64, 65, 66, 67, 68, 69]
		}
	]
}