{
	"credit": "Made by MILENARY",
	"texture_size": [8, 8],
	"textures": {
		"3": "block/green_mushroom",
		"5": "block/black",
		"6": "block/gun_2"
	},
	"elements": [
		{
			"from": [7.25, 4.25, 14.75],
			"to": [8.75, 7.5, 16.75],
			"rotation": {"angle": 0, "axis": "y", "origin": [17, 10.25, 12.25]},
			"faces": {
				"north": {"uv": [11, 11, 14, 13], "texture": "#6"},
				"east": {"uv": [12, 9.5, 16, 16], "rotation": 180, "texture": "#6"},
				"south": {"uv": [15.5, 13.5, 16, 14.5], "texture": "#6"},
				"west": {"uv": [12, 9.5, 16, 16], "texture": "#6"},
				"up": {"uv": [12, 11, 16, 14], "rotation": 90, "texture": "#6"},
				"down": {"uv": [12, 11, 16, 14], "rotation": 270, "texture": "#6"}
			}
		},
		{
			"from": [7.5, 3.5, 15],
			"to": [8.5, 4.25, 16.75],
			"rotation": {"angle": 0, "axis": "y", "origin": [17, 10.25, 12.25]},
			"faces": {
				"north": {"uv": [4.5, 12.5, 5, 13], "texture": "#6"},
				"east": {"uv": [2, 12, 3.5, 15.5], "rotation": 270, "texture": "#6"},
				"south": {"uv": [4.5, 12, 5.5, 12.5], "texture": "#6"},
				"west": {"uv": [2, 12, 3.5, 15.5], "rotation": 90, "texture": "#6"},
				"up": {"uv": [5.50133, 4.50133, 8.168, 9.168], "texture": "#6"},
				"down": {"uv": [2, 12.5, 4, 16], "rotation": 180, "texture": "#6"}
			}
		},
		{
			"from": [7.25, 2.5, 15.25],
			"to": [8.75, 3.5, 16.75],
			"rotation": {"angle": 0, "axis": "y", "origin": [17, 8.25, 12.25]},
			"faces": {
				"north": {"uv": [11, 11, 14, 13], "texture": "#6"},
				"east": {"uv": [13, 9.5, 16, 11.5], "rotation": 180, "texture": "#6"},
				"south": {"uv": [15.5, 13.5, 16, 14.5], "texture": "#6"},
				"west": {"uv": [13, 9.5, 16, 11.5], "texture": "#6"},
				"up": {"uv": [13, 10, 16, 13], "rotation": 90, "texture": "#6"},
				"down": {"uv": [13, 10, 16, 13], "rotation": 270, "texture": "#6"}
			}
		},
		{
			"from": [7.25, 7, 12.75],
			"to": [8.75, 7.25, 14.75],
			"rotation": {"angle": 0, "axis": "y", "origin": [17, 13.5, 12]},
			"faces": {
				"north": {"uv": [11.5, 9.5, 14, 15], "rotation": 180, "texture": "#6"},
				"east": {"uv": [11.5, 9.5, 14, 15], "rotation": 180, "texture": "#6"},
				"south": {"uv": [11.5, 9.5, 14, 15], "rotation": 180, "texture": "#6"},
				"west": {"uv": [11.5, 9.5, 14, 15], "rotation": 180, "texture": "#6"},
				"up": {"uv": [11.5, 9.5, 14, 15], "rotation": 180, "texture": "#6"},
				"down": {"uv": [11.5, 9.5, 14, 15], "rotation": 180, "texture": "#6"}
			}
		},
		{
			"from": [7.25, 4.75, 12.75],
			"to": [8.75, 5, 14.75],
			"rotation": {"angle": 0, "axis": "y", "origin": [17, 11.25, 12]},
			"faces": {
				"north": {"uv": [11.5, 9.5, 14, 15], "rotation": 180, "texture": "#6"},
				"east": {"uv": [11.5, 9.5, 14, 15], "rotation": 180, "texture": "#6"},
				"south": {"uv": [11.5, 9.5, 14, 15], "rotation": 180, "texture": "#6"},
				"west": {"uv": [11.5, 9.5, 14, 15], "rotation": 180, "texture": "#6"},
				"up": {"uv": [11.5, 9.5, 14, 15], "rotation": 180, "texture": "#6"},
				"down": {"uv": [11.5, 9.5, 14, 15], "rotation": 180, "texture": "#6"}
			}
		},
		{
			"from": [7.25, 5, 12],
			"to": [8.75, 7, 14.75],
			"rotation": {"angle": 0, "axis": "y", "origin": [17, 13.5, 12]},
			"faces": {
				"north": {"uv": [10.5, 10.5, 11, 11.5], "texture": "#6"},
				"east": {"uv": [11, 10.5, 15.5, 14.5], "texture": "#6"},
				"south": {"uv": [5, 5, 9, 10.33333], "texture": "#6"},
				"west": {"uv": [10.5, 10.5, 15.5, 14.5], "texture": "#6"},
				"up": {"uv": [10.5, 10.5, 15.5, 13.5], "rotation": 90, "texture": "#6"},
				"down": {"uv": [10.5, 10.5, 15.5, 13.5], "rotation": 90, "texture": "#6"}
			}
		},
		{
			"from": [7.5, 5.25, 10.75],
			"to": [8.5, 6.95, 12],
			"rotation": {"angle": 0, "axis": "y", "origin": [17, 13.5, 10.75]},
			"faces": {
				"north": {"uv": [1, 3.50133, 3.66667, 8.03467], "texture": "#6"},
				"east": {"uv": [10, 10, 12.5, 13.4], "rotation": 180, "texture": "#6"},
				"south": {"uv": [5.50133, 5, 8.168, 9.53333], "texture": "#6"},
				"west": {"uv": [10, 10, 12.5, 13.4], "texture": "#6"},
				"up": {"uv": [10, 10, 12.5, 12], "rotation": 90, "texture": "#6"},
				"down": {"uv": [10, 10, 12.5, 12], "rotation": 270, "texture": "#6"}
			}
		},
		{
			"from": [7, 4.75, 6.25],
			"to": [9, 7, 10.75],
			"rotation": {"angle": 0, "axis": "y", "origin": [17, 13.5, 7.25]},
			"faces": {
				"north": {"uv": [4.50133, 5, 9.83467, 11], "texture": "#6"},
				"east": {"uv": [1.5, 12, 3, 16], "texture": "#6"},
				"south": {"uv": [1.5, 12, 3, 16], "texture": "#6"},
				"west": {"uv": [1.5, 12, 3, 16], "texture": "#6"},
				"up": {"uv": [0.5, 12, 9.5, 16], "rotation": 90, "texture": "#6"},
				"down": {"uv": [0.5, 12, 9.5, 16], "rotation": 90, "texture": "#6"}
			}
		},
		{
			"from": [5.65, 2.25, 5.25],
			"to": [10.4, 7, 6.25],
			"rotation": {"angle": 0, "axis": "y", "origin": [17.15, 13.75, 7.25]},
			"faces": {
				"north": {"uv": [11.5, 13.5, 12, 14], "rotation": 270, "texture": "#6"},
				"east": {"uv": [10, 9, 12, 15.5], "texture": "#6"},
				"south": {"uv": [15.5, 12, 16, 13], "texture": "#6"},
				"west": {"uv": [10, 9, 12, 15.5], "rotation": 180, "texture": "#6"},
				"up": {"uv": [11.5, 13.5, 12, 14], "rotation": 270, "texture": "#6"},
				"down": {"uv": [14, 13, 16, 14.5], "rotation": 270, "texture": "#6"}
			}
		},
		{
			"from": [5.35, 2.5, 2.5],
			"to": [10.65, 5.25, 5.25],
			"rotation": {"angle": 0, "axis": "y", "origin": [17.15, 13.75, 7.25]},
			"faces": {
				"north": {"uv": [1, 6, 2, 6.5], "texture": "#6"},
				"east": {"uv": [2, 6, 7.5, 11.5], "rotation": 270, "texture": "#6"},
				"south": {"uv": [1, 6, 2, 6.5], "texture": "#6"},
				"west": {"uv": [2, 6, 7.5, 11.5], "rotation": 90, "texture": "#6"},
				"up": {"uv": [0, 6.5, 4.5, 12], "texture": "#6"},
				"down": {"uv": [2, 6, 3, 11.5], "texture": "#6"}
			}
		},
		{
			"from": [9.2, 5.55, 2.5],
			"to": [10.45, 5.8, 5.25],
			"rotation": {"angle": 22.5, "axis": "z", "origin": [9.825, 5.675, 3.875]},
			"faces": {
				"north": {"uv": [2, 4, 3.752, 7.50133], "rotation": 270, "texture": "#6"},
				"east": {"uv": [4.5, 11, 5, 11.5], "rotation": 90, "texture": "#6"},
				"south": {"uv": [4, 3, 5.752, 6.50133], "rotation": 90, "texture": "#6"},
				"west": {"uv": [1.50133, 4, 3.25067, 7.50133], "rotation": 90, "texture": "#6"},
				"up": {"uv": [1, 9, 6.5, 11.5], "rotation": 270, "texture": "#6"},
				"down": {"uv": [2, 9, 7.5, 11.5], "rotation": 270, "texture": "#6"}
			}
		},
		{
			"from": [7.35, 5.4, 2.5],
			"to": [7.6, 6.65, 5.25],
			"rotation": {"angle": -45, "axis": "z", "origin": [7.475, 6.025, 3.875]},
			"faces": {
				"north": {"uv": [2, 4, 3.752, 7.50133], "texture": "#6"},
				"east": {"uv": [2, 9, 7.5, 11.5], "rotation": 180, "texture": "#6"},
				"south": {"uv": [4, 3, 5.752, 6.50133], "texture": "#6"},
				"west": {"uv": [1, 9, 6.5, 11.5], "rotation": 180, "texture": "#6"},
				"up": {"uv": [4.5, 11, 5, 11.5], "texture": "#6"},
				"down": {"uv": [1.50133, 4, 3.25067, 7.50133], "texture": "#6"}
			}
		},
		{
			"from": [7.4, 2.5, 2.5],
			"to": [8.9, 5.75, 5.25],
			"rotation": {"angle": 0, "axis": "y", "origin": [17.15, 13.75, 7.25]},
			"faces": {
				"north": {"uv": [0.50133, 3, 4.50133, 11.66667], "texture": "#6"},
				"east": {"uv": [2, 5.5, 7.5, 12], "texture": "#6"},
				"south": {"uv": [2, 4.50133, 6, 13.168], "texture": "#6"},
				"west": {"uv": [3.50133, 4, 10.83467, 12.66667], "texture": "#6"},
				"up": {"uv": [0, 6.5, 4.5, 12], "texture": "#6"},
				"down": {"uv": [4.50133, 5.50133, 8.50133, 12.83467], "texture": "#6"}
			}
		},
		{
			"from": [5.15, 3.25, 2.5],
			"to": [5.9, 5, 5.25],
			"rotation": {"angle": 0, "axis": "y", "origin": [17.15, 13.75, 7.25]},
			"faces": {
				"north": {"uv": [2.50133, 6, 4.50133, 10.66667], "texture": "#6"},
				"east": {"uv": [3, 6, 10.33333, 10.66667], "texture": "#6"},
				"south": {"uv": [4, 3.50133, 6, 8.168], "texture": "#6"},
				"west": {"uv": [3, 12, 6, 16], "rotation": 90, "texture": "#6"},
				"up": {"uv": [1.5, 12, 6.5, 16], "texture": "#6"},
				"down": {"uv": [1.5, 12, 6.5, 16], "texture": "#6"}
			}
		},
		{
			"from": [4.95, 5, 2.5],
			"to": [5.05, 6, 5.25],
			"rotation": {"angle": 22.5, "axis": "z", "origin": [5.075, 5.875, 3.875]},
			"faces": {
				"north": {"uv": [2, 4, 3.752, 7.50133], "texture": "#6"},
				"east": {"uv": [2, 9, 7.5, 11.5], "rotation": 180, "texture": "#6"},
				"south": {"uv": [4, 3, 5.752, 6.50133], "texture": "#6"},
				"west": {"uv": [2, 9.5, 7.5, 11.5], "rotation": 180, "texture": "#6"},
				"up": {"uv": [4.5, 11, 5, 11.5], "texture": "#6"},
				"down": {"uv": [1.50133, 4, 3.25067, 7.50133], "texture": "#6"}
			}
		},
		{
			"from": [11, 5, 2.5],
			"to": [11.1, 6, 5.25],
			"rotation": {"angle": -22.5, "axis": "z", "origin": [10.975, 5.875, 3.875]},
			"faces": {
				"north": {"uv": [2, 4, 3.752, 7.50133], "texture": "#6"},
				"east": {"uv": [2, 9.5, 7.5, 11.5], "rotation": 180, "texture": "#6"},
				"south": {"uv": [4, 3, 5.752, 6.50133], "texture": "#6"},
				"west": {"uv": [2, 9.5, 7.5, 11.5], "rotation": 180, "texture": "#6"},
				"up": {"uv": [4.5, 11, 5, 11.5], "texture": "#6"},
				"down": {"uv": [1.50133, 4, 3.25067, 7.50133], "texture": "#6"}
			}
		},
		{
			"from": [10.15, 3.25, 2.5],
			"to": [10.9, 5, 5.25],
			"rotation": {"angle": 0, "axis": "y", "origin": [22.15, 13.75, 7.25]},
			"faces": {
				"north": {"uv": [1.50133, 1.50133, 3.50133, 6.168], "texture": "#6"},
				"east": {"uv": [1.5, 12, 6.5, 16], "rotation": 90, "texture": "#6"},
				"south": {"uv": [2.50133, 3.50133, 4.50133, 8.168], "texture": "#6"},
				"west": {"uv": [3.50133, 4.50133, 10.83467, 9.168], "texture": "#6"},
				"up": {"uv": [1.5, 12, 6.5, 16], "texture": "#6"},
				"down": {"uv": [1.5, 12, 6.5, 16], "texture": "#6"}
			}
		},
		{
			"from": [5.65, 2.25, 1.5],
			"to": [10.4, 7, 2.5],
			"rotation": {"angle": 0, "axis": "y", "origin": [17.15, 13.75, 3.5]},
			"faces": {
				"north": {"uv": [15.5, 9.5, 16, 10], "texture": "#6"},
				"east": {"uv": [14, 10.5, 16, 12], "texture": "#6"},
				"south": {"uv": [12.5, 12, 13, 12.5], "texture": "#6"},
				"west": {"uv": [10, 9, 12, 15.5], "texture": "#6"},
				"up": {"uv": [10, 9, 12, 15.5], "rotation": 90, "texture": "#6"},
				"down": {"uv": [14, 9.5, 16, 16], "rotation": 90, "texture": "#6"}
			}
		},
		{
			"from": [6.65, 4, -3.5],
			"to": [9.4, 7, 1.5],
			"rotation": {"angle": 0, "axis": "y", "origin": [17.15, 13.75, 3.5]},
			"faces": {
				"north": {"uv": [3, 3.5, 10.33333, 11.5], "texture": "#5"},
				"east": {"uv": [0, 6, 10, 12], "texture": "#6"},
				"south": {"uv": [2.50133, 3.50133, 9.83467, 11.50133], "texture": "#6"},
				"west": {"uv": [0, 6, 10, 12], "texture": "#6"},
				"up": {"uv": [0, 0.5, 10, 6], "rotation": 90, "texture": "#6"},
				"down": {"uv": [0, 6.5, 10, 11.5], "rotation": 90, "texture": "#6"}
			}
		},
		{
			"from": [6.65, 3.75, -6.5],
			"to": [9.4, 4, -3.5],
			"rotation": {"angle": 0, "axis": "y", "origin": [17.15, 13.75, 3]},
			"faces": {
				"north": {"uv": [15.5, 9, 16, 16], "texture": "#6"},
				"east": {"uv": [6, 1.50133, 14, 2.168], "texture": "#6"},
				"south": {"uv": [15.5, 11.5, 16, 12], "rotation": 90, "texture": "#6"},
				"west": {"uv": [3.50133, 1, 11.50133, 1.66667], "texture": "#6"},
				"up": {"uv": [10, 15, 16, 16], "rotation": 90, "texture": "#6"},
				"down": {"uv": [10, 10.5, 16, 16], "rotation": 90, "texture": "#6"}
			}
		},
		{
			"from": [6.65, 7, -6.5],
			"to": [9.4, 7.25, -3.5],
			"rotation": {"angle": 0, "axis": "y", "origin": [17.15, 17, 3]},
			"faces": {
				"north": {"uv": [10, 10.5, 10.5, 16], "rotation": 90, "texture": "#6"},
				"east": {"uv": [6, 1.50133, 14, 2.168], "texture": "#6"},
				"south": {"uv": [15.5, 11.5, 16, 12], "rotation": 90, "texture": "#6"},
				"west": {"uv": [3.50133, 1, 11.50133, 1.66667], "texture": "#6"},
				"up": {"uv": [10, 10.5, 16, 16], "rotation": 90, "texture": "#6"},
				"down": {"uv": [10, 15, 16, 16], "rotation": 90, "texture": "#6"}
			}
		},
		{
			"from": [8.9, 6.5, -6.5],
			"to": [9.4, 7, -3.5],
			"rotation": {"angle": 0, "axis": "y", "origin": [17.15, 17, 3]},
			"faces": {
				"north": {"uv": [15.5, 10, 16, 10.5], "texture": "#6"},
				"east": {"uv": [6, 1.50133, 14, 2.83467], "texture": "#6"},
				"south": {"uv": [4.50133, 4, 5.83467, 5.33333], "texture": "#6"},
				"west": {"uv": [10, 15, 16, 16], "texture": "#6"},
				"up": {"uv": [3, 9.50133, 4.33333, 17.50133], "texture": "#6"},
				"down": {"uv": [10, 15, 16, 16], "rotation": 90, "texture": "#6"}
			}
		},
		{
			"from": [6.65, 6.5, -6.5],
			"to": [7.15, 7, -3.5],
			"rotation": {"angle": 0, "axis": "y", "origin": [14.9, 17, 3]},
			"faces": {
				"north": {"uv": [15.5, 10, 16, 10.5], "texture": "#6"},
				"east": {"uv": [10, 10.5, 16, 11.5], "texture": "#6"},
				"south": {"uv": [4.50133, 4, 5.83467, 5.33333], "texture": "#6"},
				"west": {"uv": [3.50133, 1, 11.50133, 2.33333], "texture": "#6"},
				"up": {"uv": [3, 9.50133, 4.33333, 17.50133], "texture": "#6"},
				"down": {"uv": [10, 10.5, 16, 11.5], "rotation": 90, "texture": "#6"}
			}
		},
		{
			"from": [6.65, 4, -6.5],
			"to": [7.15, 4.5, -3.5],
			"rotation": {"angle": 0, "axis": "y", "origin": [14.9, 14.5, 3]},
			"faces": {
				"north": {"uv": [15.5, 10, 16, 10.5], "texture": "#6"},
				"east": {"uv": [10, 15, 16, 16], "texture": "#6"},
				"south": {"uv": [4.50133, 4, 5.83467, 5.33333], "texture": "#6"},
				"west": {"uv": [3.50133, 1, 11.50133, 2.33333], "texture": "#6"},
				"up": {"uv": [10, 15, 16, 16], "rotation": 90, "texture": "#6"},
				"down": {"uv": [7, 9, 8.33333, 17], "texture": "#6"}
			}
		},
		{
			"from": [8.9, 4, -6.5],
			"to": [9.4, 4.5, -3.5],
			"rotation": {"angle": 0, "axis": "y", "origin": [17.15, 14.5, 3]},
			"faces": {
				"north": {"uv": [15.5, 10, 16, 10.5], "texture": "#6"},
				"east": {"uv": [6, 1.50133, 14, 2.83467], "texture": "#6"},
				"south": {"uv": [4.50133, 4, 5.83467, 5.33333], "texture": "#6"},
				"west": {"uv": [10, 15, 16, 16], "texture": "#6"},
				"up": {"uv": [10, 15, 16, 16], "rotation": 90, "texture": "#6"},
				"down": {"uv": [7, 9, 8.33333, 17], "texture": "#6"}
			}
		},
		{
			"from": [9.4, 3.75, -6.5],
			"to": [9.65, 7.25, -3.5],
			"rotation": {"angle": 0, "axis": "y", "origin": [17.15, 17, 3]},
			"faces": {
				"north": {"uv": [15.5, 9, 16, 16], "texture": "#6"},
				"east": {"uv": [10, 9, 16, 16], "texture": "#6"},
				"south": {"uv": [15.5, 11.5, 16, 12], "rotation": 90, "texture": "#6"},
				"west": {"uv": [10, 9, 16, 16], "texture": "#6"},
				"up": {"uv": [10, 15.5, 16, 16], "rotation": 90, "texture": "#6"},
				"down": {"uv": [10, 15.5, 16, 16], "rotation": 90, "texture": "#6"}
			}
		},
		{
			"from": [6.4, 3.75, -6.5],
			"to": [6.65, 7.25, -3.5],
			"rotation": {"angle": 0, "axis": "y", "origin": [14.15, 17, 3]},
			"faces": {
				"north": {"uv": [15.5, 9, 16, 16], "texture": "#6"},
				"east": {"uv": [10, 9, 16, 16], "texture": "#6"},
				"south": {"uv": [15.5, 11.5, 16, 12], "rotation": 90, "texture": "#6"},
				"west": {"uv": [10, 9, 16, 16], "texture": "#6"},
				"up": {"uv": [10, 15.5, 16, 16], "rotation": 90, "texture": "#6"},
				"down": {"uv": [10, 15.5, 16, 16], "rotation": 90, "texture": "#6"}
			}
		},
		{
			"from": [6.15, 4.5, -3.5],
			"to": [6.65, 6.5, 1.5],
			"rotation": {"angle": 0, "axis": "y", "origin": [17.15, 13.75, 3.5]},
			"faces": {
				"north": {"uv": [5.5, 12, 6, 16], "texture": "#6"},
				"east": {"uv": [0, 4, 13.33333, 9.33333], "texture": "#6"},
				"south": {"uv": [0.50133, 2, 1.83467, 7.33333], "texture": "#6"},
				"west": {"uv": [0, 12, 10, 16], "texture": "#6"},
				"up": {"uv": [4, 15.5, 4.5, 16], "texture": "#6"},
				"down": {"uv": [4, 15.5, 4.5, 16], "texture": "#6"}
			}
		},
		{
			"from": [9.65, 4.75, -5.75],
			"to": [10.15, 6.25, -3.5],
			"rotation": {"angle": 0, "axis": "y", "origin": [20.65, 13.75, 3]},
			"faces": {
				"north": {"uv": [6, 4.50133, 7.33333, 8.50133], "texture": "#6"},
				"east": {"uv": [0, 12.5, 4.5, 15.5], "texture": "#6"},
				"south": {"uv": [0, 12.5, 0.5, 15.5], "texture": "#6"},
				"west": {"uv": [3.50133, 1, 9.50133, 5], "texture": "#6"},
				"up": {"uv": [2.5, 15, 3.5, 15.5], "texture": "#6"},
				"down": {"uv": [2.5, 15, 3.5, 15.5], "texture": "#6"}
			}
		},
		{
			"from": [9.65, 4.25, -6.5],
			"to": [10.15, 6.75, -5.75],
			"rotation": {"angle": 0, "axis": "y", "origin": [20.65, 13.75, 3]},
			"faces": {
				"north": {"uv": [15.5, 11, 16, 11.5], "rotation": 90, "texture": "#6"},
				"east": {"uv": [14.5, 11, 16, 16], "texture": "#6"},
				"south": {"uv": [13.5, 11, 14.5, 16], "texture": "#6"},
				"west": {"uv": [2, 2.50133, 3.33333, 9.168], "texture": "#6"},
				"up": {"uv": [10, 15, 11.5, 16], "rotation": 90, "texture": "#6"},
				"down": {"uv": [14.5, 15, 16, 16], "rotation": 90, "texture": "#6"}
			}
		},
		{
			"from": [5.9, 4.75, -5.75],
			"to": [6.4, 6.25, -3.5],
			"rotation": {"angle": 0, "axis": "y", "origin": [17.15, 13.75, 3]},
			"faces": {
				"north": {"uv": [6, 4.50133, 7.33333, 8.50133], "texture": "#6"},
				"east": {"uv": [6, 1.50133, 12, 5.50133], "texture": "#6"},
				"south": {"uv": [0, 12.5, 0.5, 15.5], "texture": "#6"},
				"west": {"uv": [0, 12.5, 4.5, 15.5], "texture": "#6"},
				"up": {"uv": [2.5, 15, 3.5, 15.5], "texture": "#6"},
				"down": {"uv": [2.5, 15, 3.5, 15.5], "texture": "#6"}
			}
		},
		{
			"from": [5.9, 4.25, -6.5],
			"to": [6.4, 6.75, -5.75],
			"rotation": {"angle": 0, "axis": "y", "origin": [17.15, 13.75, 3]},
			"faces": {
				"north": {"uv": [15.5, 11, 16, 11.5], "rotation": 90, "texture": "#6"},
				"east": {"uv": [3, 5, 4.33333, 11.66667], "texture": "#6"},
				"south": {"uv": [13.5, 11, 14.5, 16], "texture": "#6"},
				"west": {"uv": [14.5, 11, 16, 16], "rotation": 180, "texture": "#6"},
				"up": {"uv": [10, 15, 11.5, 16], "rotation": 90, "texture": "#6"},
				"down": {"uv": [10, 15, 11.5, 16], "rotation": 270, "texture": "#6"}
			}
		},
		{
			"from": [9.4, 4.5, -3.5],
			"to": [9.9, 6.5, 1.5],
			"rotation": {"angle": 0, "axis": "y", "origin": [20.4, 13.75, 3.5]},
			"faces": {
				"north": {"uv": [5.5, 12, 6, 16], "texture": "#6"},
				"east": {"uv": [0, 12, 10, 16], "texture": "#6"},
				"south": {"uv": [4, 6, 5.33333, 11.33333], "texture": "#6"},
				"west": {"uv": [0, 4, 13.33333, 9.33333], "texture": "#6"},
				"up": {"uv": [4, 15.5, 4.5, 16], "texture": "#6"},
				"down": {"uv": [4, 15.5, 4.5, 16], "texture": "#6"}
			}
		},
		{
			"from": [6.65, 1.75, 2.5],
			"to": [9.4, 2.5, 5.25],
			"rotation": {"angle": 0, "axis": "y", "origin": [17.15, 13.75, 7.25]},
			"faces": {
				"north": {"uv": [2.50133, 4, 9.83467, 6], "texture": "#6"},
				"east": {"uv": [14.5, 10.5, 16, 16], "rotation": 90, "texture": "#6"},
				"south": {"uv": [1.50133, 4, 8.83467, 6], "texture": "#6"},
				"west": {"uv": [14.5, 10.5, 16, 16], "rotation": 90, "texture": "#6"},
				"up": {"uv": [0.50133, 4, 7.83467, 11.33333], "texture": "#6"},
				"down": {"uv": [10, 10.5, 16, 16], "texture": "#6"}
			}
		},
		{
			"from": [6.4, 1.5, 5.25],
			"to": [9.65, 2.25, 6.25],
			"rotation": {"angle": 0, "axis": "y", "origin": [17.15, 13.75, 7.25]},
			"faces": {
				"north": {"uv": [11.5, 13.5, 12, 14], "rotation": 270, "texture": "#6"},
				"east": {"uv": [10, 9, 12, 15.5], "texture": "#6"},
				"south": {"uv": [15.5, 12, 16, 13], "texture": "#6"},
				"west": {"uv": [10, 9, 12, 15.5], "rotation": 180, "texture": "#6"},
				"up": {"uv": [2.50133, 5.50133, 11.168, 8.168], "texture": "#6"},
				"down": {"uv": [14, 13, 16, 14.5], "rotation": 270, "texture": "#6"}
			}
		},
		{
			"from": [6.4, 1.5, 1.5],
			"to": [9.65, 2.25, 2.5],
			"rotation": {"angle": 0, "axis": "y", "origin": [17.15, 13.75, 3.5]},
			"faces": {
				"north": {"uv": [15.5, 9.5, 16, 10], "texture": "#6"},
				"east": {"uv": [14, 10.5, 16, 12], "texture": "#6"},
				"south": {"uv": [12.5, 12, 13, 12.5], "texture": "#6"},
				"west": {"uv": [10, 9, 12, 15.5], "texture": "#6"},
				"up": {"uv": [5.50133, 3.50133, 14.168, 6.168], "texture": "#6"},
				"down": {"uv": [14, 9.5, 16, 16], "rotation": 90, "texture": "#6"}
			}
		},
		{
			"from": [6.35, 7, 5.25],
			"to": [9.65, 7.75, 6.25],
			"rotation": {"angle": 0, "axis": "y", "origin": [17.15, 19.25, 7.25]},
			"faces": {
				"north": {"uv": [11.5, 13.5, 12, 14], "rotation": 270, "texture": "#6"},
				"east": {"uv": [10, 9, 12, 15.5], "texture": "#6"},
				"south": {"uv": [15.5, 12, 16, 13], "texture": "#6"},
				"west": {"uv": [10, 9, 12, 15.5], "rotation": 180, "texture": "#6"},
				"up": {"uv": [10, 9, 12, 15.5], "rotation": 270, "texture": "#6"},
				"down": {"uv": [1.50133, 4, 10.30133, 6.66667], "texture": "#6"}
			}
		},
		{
			"from": [6.5, 7, 2.5],
			"to": [9.5, 7.5, 5.25],
			"rotation": {"angle": 0, "axis": "y", "origin": [17, 19.25, 7.25]},
			"faces": {
				"north": {"uv": [3.50133, 5, 10.83467, 7.66667], "texture": "#6"},
				"east": {"uv": [1.5, 12, 6.5, 16], "rotation": 90, "texture": "#6"},
				"south": {"uv": [4, 4, 11.33333, 6.66667], "texture": "#6"},
				"west": {"uv": [1.5, 12, 6.5, 16], "rotation": 90, "texture": "#6"},
				"up": {"uv": [1.5, 12, 6.5, 16], "texture": "#6"},
				"down": {"uv": [1.5, 12, 6.5, 16], "texture": "#6"}
			}
		},
		{
			"from": [6.4, 7, 1.5],
			"to": [9.65, 7.75, 2.5],
			"rotation": {"angle": 0, "axis": "y", "origin": [17.15, 19.25, 3.5]},
			"faces": {
				"north": {"uv": [15.5, 9.5, 16, 10], "texture": "#6"},
				"east": {"uv": [14, 10.5, 16, 12], "texture": "#6"},
				"south": {"uv": [12.5, 12, 13, 12.5], "texture": "#6"},
				"west": {"uv": [10, 9, 12, 15.5], "texture": "#6"},
				"up": {"uv": [10, 9, 12, 15.5], "rotation": 90, "texture": "#6"},
				"down": {"uv": [3, 5, 11.66667, 7.66667], "texture": "#6"}
			}
		},
		{
			"from": [7.15, 7, -3.5],
			"to": [8.9, 7.5, 1.5],
			"rotation": {"angle": 0, "axis": "y", "origin": [17.15, 19.25, 3.5]},
			"faces": {
				"north": {"uv": [6, 4.50133, 10.66667, 5.83467], "texture": "#6"},
				"east": {"uv": [10, 9, 11, 16], "rotation": 90, "texture": "#6"},
				"south": {"uv": [4.50133, 4, 9.168, 5.33333], "texture": "#6"},
				"west": {"uv": [10, 9, 11, 16], "rotation": 90, "texture": "#6"},
				"up": {"uv": [10, 10.5, 16, 16], "texture": "#6"},
				"down": {"uv": [7, 9, 11.66667, 22.33333], "texture": "#6"}
			}
		},
		{
			"from": [6.9, 3.25, -6.5],
			"to": [9.15, 3.75, -3.5],
			"rotation": {"angle": 0, "axis": "y", "origin": [17.15, 15.25, 3]},
			"faces": {
				"north": {"uv": [15.5, 11, 16, 11.5], "rotation": 90, "texture": "#6"},
				"east": {"uv": [10, 15, 16, 16], "texture": "#6"},
				"south": {"uv": [15.5, 11.5, 16, 12], "rotation": 90, "texture": "#6"},
				"west": {"uv": [10, 15, 16, 16], "texture": "#6"},
				"up": {"uv": [3, 9.50133, 9, 17.50133], "texture": "#6"},
				"down": {"uv": [10, 11.5, 16, 16], "rotation": 90, "texture": "#6"}
			}
		},
		{
			"from": [6.9, 7.25, -6.5],
			"to": [9.15, 7.75, -3.5],
			"rotation": {"angle": 0, "axis": "y", "origin": [17.15, 19.25, 3]},
			"faces": {
				"north": {"uv": [15.5, 11, 16, 11.5], "rotation": 90, "texture": "#6"},
				"east": {"uv": [10, 15, 16, 16], "texture": "#6"},
				"south": {"uv": [15.5, 11.5, 16, 12], "rotation": 90, "texture": "#6"},
				"west": {"uv": [10, 15, 16, 16], "texture": "#6"},
				"up": {"uv": [10, 11.5, 16, 16], "rotation": 90, "texture": "#6"},
				"down": {"uv": [7, 9, 13, 17], "texture": "#6"}
			}
		},
		{
			"from": [7.15, 3.5, -3.5],
			"to": [8.9, 4, 1.5],
			"rotation": {"angle": 0, "axis": "y", "origin": [17.15, 15.75, 3.5]},
			"faces": {
				"north": {"uv": [6, 4.50133, 10.66667, 5.83467], "texture": "#6"},
				"east": {"uv": [15, 9.5, 16, 16], "rotation": 90, "texture": "#6"},
				"south": {"uv": [4.50133, 4, 9.168, 5.33333], "texture": "#6"},
				"west": {"uv": [15, 9.5, 16, 16], "rotation": 90, "texture": "#6"},
				"up": {"uv": [3, 9.50133, 7.66667, 22.83467], "texture": "#6"},
				"down": {"uv": [15.5, 11.5, 16, 12], "texture": "#6"}
			}
		},
		{
			"from": [7.15, 2.75, -2],
			"to": [8.9, 3.5, 0],
			"rotation": {"angle": 0, "axis": "y", "origin": [17.15, 15.75, 3.5]},
			"faces": {
				"north": {"uv": [14, 12, 15.5, 16], "rotation": 270, "texture": "#6"},
				"east": {"uv": [14, 12, 15.5, 16], "rotation": 270, "texture": "#6"},
				"south": {"uv": [14, 12, 15.5, 16], "rotation": 270, "texture": "#6"},
				"west": {"uv": [14, 12, 15.5, 16], "rotation": 270, "texture": "#6"},
				"up": {"uv": [3, 9.50133, 7.66667, 14.83467], "texture": "#6"},
				"down": {"uv": [11.5, 10.5, 13, 11.5], "texture": "#6"}
			}
		},
		{
			"from": [7.65, 0.5, -1.5],
			"to": [8.4, 2.75, -0.25],
			"rotation": {"angle": 0, "axis": "y", "origin": [17.15, 15.75, 3.5]},
			"faces": {
				"north": {"uv": [3, 14, 3.5, 14.5], "rotation": 90, "texture": "#6"},
				"east": {"uv": [1.5, 12.5, 6, 15], "rotation": 270, "texture": "#6"},
				"south": {"uv": [5, 15, 5.5, 15.5], "texture": "#6"},
				"west": {"uv": [1.5, 12.5, 6, 15], "rotation": 90, "texture": "#6"},
				"up": {"uv": [7.5, 5.5, 9.5, 8.83333], "texture": "#6"},
				"down": {"uv": [6.5, 12.5, 8, 15], "texture": "#6"}
			}
		},
		{
			"from": [10.4, 3, 5.25],
			"to": [11.15, 6.25, 6.25],
			"rotation": {"angle": 0, "axis": "y", "origin": [17.15, 13.75, 7.25]},
			"faces": {
				"north": {"uv": [11.5, 13.5, 12, 14], "rotation": 270, "texture": "#6"},
				"east": {"uv": [10, 9, 12, 15.5], "texture": "#6"},
				"south": {"uv": [15.5, 12, 16, 13], "texture": "#6"},
				"west": {"uv": [3.50133, 1.50133, 6.168, 10.168], "texture": "#6"},
				"up": {"uv": [10, 9, 12, 15.5], "rotation": 270, "texture": "#6"},
				"down": {"uv": [14, 13, 16, 14.5], "rotation": 270, "texture": "#6"}
			}
		},
		{
			"from": [10.4, 3, 1.5],
			"to": [11.15, 6.25, 2.5],
			"rotation": {"angle": 0, "axis": "y", "origin": [17.15, 13.75, 3.5]},
			"faces": {
				"north": {"uv": [15.5, 9.5, 16, 10], "texture": "#6"},
				"east": {"uv": [14, 10.5, 16, 12], "texture": "#6"},
				"south": {"uv": [11.5, 13.5, 12, 14], "rotation": 270, "texture": "#6"},
				"west": {"uv": [3, 4.50133, 5.66667, 13.168], "texture": "#6"},
				"up": {"uv": [12.5, 12, 13, 12.5], "texture": "#6"},
				"down": {"uv": [14, 9.5, 16, 16], "rotation": 90, "texture": "#6"}
			}
		},
		{
			"from": [4.9, 3, 5.25],
			"to": [5.65, 6.25, 6.25],
			"rotation": {"angle": 0, "axis": "y", "origin": [11.4, 13.75, 7.25]},
			"faces": {
				"north": {"uv": [11.5, 13.5, 12, 14], "rotation": 270, "texture": "#6"},
				"east": {"uv": [4.50133, 5, 7.168, 13.66667], "texture": "#6"},
				"south": {"uv": [15.5, 12, 16, 13], "texture": "#6"},
				"west": {"uv": [10, 9, 12, 15.5], "rotation": 180, "texture": "#6"},
				"up": {"uv": [10, 9, 12, 15.5], "rotation": 270, "texture": "#6"},
				"down": {"uv": [14, 13, 16, 14.5], "rotation": 270, "texture": "#6"}
			}
		},
		{
			"from": [4.9, 3, 1.5],
			"to": [5.65, 6.25, 2.5],
			"rotation": {"angle": 0, "axis": "y", "origin": [11.4, 13.75, 3.5]},
			"faces": {
				"north": {"uv": [15.5, 9.5, 16, 10], "texture": "#6"},
				"east": {"uv": [4.50133, 5, 7.168, 13.66667], "texture": "#6"},
				"south": {"uv": [12.5, 12, 13, 12.5], "texture": "#6"},
				"west": {"uv": [10, 9, 12, 15.5], "texture": "#6"},
				"up": {"uv": [10, 9, 12, 15.5], "rotation": 90, "texture": "#6"},
				"down": {"uv": [14, 9.5, 16, 16], "rotation": 90, "texture": "#6"}
			}
		},
		{
			"from": [7.25, 7, 6.25],
			"to": [8.75, 7.25, 10.5],
			"rotation": {"angle": 0, "axis": "y", "origin": [17, 15.75, 7.25]},
			"faces": {
				"north": {"uv": [4.50133, 7, 8.50133, 7.66667], "texture": "#6"},
				"east": {"uv": [10, 12, 16, 15], "texture": "#6"},
				"south": {"uv": [15.5, 11.5, 16, 12], "texture": "#6"},
				"west": {"uv": [10, 12, 16, 15], "texture": "#6"},
				"up": {"uv": [10, 12, 16, 15], "rotation": 90, "texture": "#6"},
				"down": {"uv": [3.50133, 6, 7.50133, 17.33333], "texture": "#6"}
			}
		},
		{
			"from": [7.25, 4.25, 8.25],
			"to": [8.75, 4.75, 10.5],
			"rotation": {"angle": 0, "axis": "y", "origin": [17, 13.5, 7.25]},
			"faces": {
				"north": {"uv": [11.5, 11.5, 13, 12.5], "texture": "#6"},
				"east": {"uv": [11.5, 9.5, 16, 10.5], "rotation": 180, "texture": "#6"},
				"south": {"uv": [15.5, 13, 16, 13.5], "rotation": 90, "texture": "#6"},
				"west": {"uv": [11.5, 9.5, 16, 10.5], "texture": "#6"},
				"up": {"uv": [5, 3.50133, 9, 9.50133], "texture": "#6"},
				"down": {"uv": [10, 11.5, 14.5, 14.5], "rotation": 90, "texture": "#6"}
			}
		},
		{
			"from": [7.5, 3.75, 8.5],
			"to": [8.5, 4.25, 10.5],
			"rotation": {"angle": 0, "axis": "y", "origin": [17, 13.5, 7.25]},
			"faces": {
				"north": {"uv": [11.5, 11.5, 13, 12.5], "texture": "#6"},
				"east": {"uv": [12, 11.5, 16, 12.5], "rotation": 180, "texture": "#6"},
				"south": {"uv": [15.5, 13, 16, 13.5], "rotation": 90, "texture": "#6"},
				"west": {"uv": [12, 11.5, 16, 12.5], "texture": "#6"},
				"up": {"uv": [5, 3.50133, 7.66667, 8.83467], "texture": "#6"},
				"down": {"uv": [13, 0, 15.66667, 5.33333], "texture": "#6"}
			}
		},
		{
			"from": [7.55, 0.88478, 9.42074],
			"to": [8.45, 4.13478, 10.92074],
			"rotation": {"angle": -22.5, "axis": "x", "origin": [8, 3.13478, 10.42074]},
			"faces": {
				"north": {"uv": [11.5, 11.5, 13, 12.5], "texture": "#6"},
				"east": {"uv": [13, 9.5, 16, 15.5], "rotation": 180, "texture": "#6"},
				"south": {"uv": [15.5, 13, 16, 13.5], "rotation": 90, "texture": "#6"},
				"west": {"uv": [13, 9.5, 16, 15.5], "texture": "#6"},
				"up": {"uv": [8.50133, 3, 10.90133, 7], "texture": "#6"},
				"down": {"uv": [13, 11.5, 16, 13.5], "rotation": 270, "texture": "#6"}
			}
		},
		{
			"from": [7.5, 3.25, 8.5],
			"to": [8.5, 3.75, 9.25],
			"rotation": {"angle": 0, "axis": "y", "origin": [17, 13.5, 7.25]},
			"faces": {
				"north": {"uv": [11.5, 11.5, 13, 12.5], "texture": "#6"},
				"east": {"uv": [11.5, 12, 13, 13], "texture": "#6"},
				"south": {"uv": [11.5, 12, 13, 13], "texture": "#6"},
				"west": {"uv": [11.5, 12, 13, 13], "texture": "#6"},
				"up": {"uv": [11.5, 12, 13, 13], "texture": "#6"},
				"down": {"uv": [11.5, 12, 13, 13], "texture": "#6"}
			}
		},
		{
			"from": [7.5, 4.5, 6.75],
			"to": [8.5, 4.75, 8.5],
			"rotation": {"angle": 0, "axis": "y", "origin": [17, 13.5, 7.25]},
			"faces": {
				"north": {"uv": [11.5, 11.5, 13, 12.5], "texture": "#6"},
				"east": {"uv": [11.5, 11.5, 13, 12.5], "texture": "#6"},
				"south": {"uv": [11.5, 11.5, 13, 12.5], "texture": "#6"},
				"west": {"uv": [11.5, 11.5, 13, 12.5], "texture": "#6"},
				"up": {"uv": [11.5, 11.5, 13, 12.5], "texture": "#6"},
				"down": {"uv": [11.5, 11.5, 13, 12.5], "texture": "#6"}
			}
		},
		{
			"from": [7.8, 4, 7.5],
			"to": [8.2, 4.75, 8],
			"rotation": {"angle": 22.5, "axis": "x", "origin": [8, 4.25, 7.75]},
			"faces": {
				"north": {"uv": [4, 7.5, 4.8, 9], "texture": "#6"},
				"east": {"uv": [3.5, 6.5, 5, 7.5], "rotation": 270, "texture": "#6"},
				"south": {"uv": [3.5, 6.5, 5, 7], "rotation": 270, "texture": "#6"},
				"west": {"uv": [3.5, 6.5, 5, 7.5], "rotation": 90, "texture": "#6"},
				"up": {"uv": [4, 6, 5.06667, 7.33333], "texture": "#6"},
				"down": {"uv": [3.5, 6.5, 5, 7.5], "texture": "#6"}
			}
		},
		{
			"from": [7.75, 3.7, 6.5],
			"to": [8.25, 4.75, 6.75],
			"rotation": {"angle": 0, "axis": "y", "origin": [17, 13.5, 7.25]},
			"faces": {
				"north": {"uv": [15.5, 13, 16, 13.5], "rotation": 90, "texture": "#6"},
				"east": {"uv": [15.5, 13, 16, 13.5], "rotation": 90, "texture": "#6"},
				"south": {"uv": [15.5, 13, 16, 13.5], "rotation": 90, "texture": "#6"},
				"west": {"uv": [15.5, 13, 16, 13.5], "rotation": 90, "texture": "#6"},
				"up": {"uv": [15.5, 13, 16, 13.5], "rotation": 90, "texture": "#6"},
				"down": {"uv": [15.5, 13, 16, 13.5], "rotation": 90, "texture": "#6"}
			}
		},
		{
			"from": [7.75, 3.5, 6.75],
			"to": [8.25, 3.85, 8.75],
			"rotation": {"angle": 0, "axis": "y", "origin": [17, 13.5, 7.25]},
			"faces": {
				"north": {"uv": [15.5, 13, 16, 13.5], "rotation": 90, "texture": "#6"},
				"east": {"uv": [15.5, 13, 16, 13.5], "rotation": 90, "texture": "#6"},
				"south": {"uv": [15.5, 13, 16, 13.5], "rotation": 90, "texture": "#6"},
				"west": {"uv": [15.5, 13, 16, 13.5], "rotation": 90, "texture": "#6"},
				"up": {"uv": [15.5, 13, 16, 13.5], "rotation": 90, "texture": "#6"},
				"down": {"uv": [15.5, 13, 16, 13.5], "rotation": 90, "texture": "#6"}
			}
		},
		{
			"from": [6.21828, 5.75, 3.26358],
			"to": [6.71828, 6.25, 4.41358],
			"rotation": {"angle": -22.5, "axis": "y", "origin": [6.34328, 6, 3.71358]},
			"faces": {
				"north": {"uv": [3, 3.50133, 4.33333, 4.83467], "texture": "#3"},
				"east": {"uv": [7.25067, 3, 10.184, 4.33333], "texture": "#3"},
				"south": {"uv": [7.752, 5.50133, 9.08533, 6.83467], "texture": "#3"},
				"west": {"uv": [5.752, 2, 8.052, 3], "texture": "#3"},
				"up": {"uv": [6.25067, 2, 7.25067, 4.3], "texture": "#3"},
				"down": {"uv": [6.25067, 10, 7.584, 12.93333], "texture": "#3"}
			}
		},
		{
			"from": [8.21828, 5.75, 3.26358],
			"to": [8.71828, 6.25, 4.41358],
			"rotation": {"angle": -22.5, "axis": "y", "origin": [8.34328, 6, 3.71358]},
			"faces": {
				"north": {"uv": [3, 3.50133, 4.33333, 4.83467], "texture": "#3"},
				"east": {"uv": [7.25067, 3, 10.184, 4.33333], "texture": "#3"},
				"south": {"uv": [7.752, 5.50133, 9.08533, 6.83467], "texture": "#3"},
				"west": {"uv": [5.752, 2, 8.81867, 3.33333], "texture": "#3"},
				"up": {"uv": [6.25067, 2, 7.584, 4.93333], "texture": "#3"},
				"down": {"uv": [6.25067, 10, 7.584, 12.93333], "texture": "#3"}
			}
		},
		{
			"from": [6.4, 5.92216, 3.26548],
			"to": [6.9, 6.42216, 4.36548],
			"rotation": {"angle": -22.5, "axis": "x", "origin": [6.65, 6.29716, 3.69048]},
			"faces": {
				"north": {"uv": [3, 3.50133, 4.33333, 4.83467], "texture": "#3"},
				"east": {"uv": [7.25067, 3, 10.184, 4.33333], "texture": "#3"},
				"south": {"uv": [7.752, 5.50133, 9.08533, 6.83467], "texture": "#3"},
				"west": {"uv": [5.752, 2, 7.952, 3], "texture": "#3"},
				"up": {"uv": [6.25067, 2, 7.584, 4.93333], "texture": "#3"},
				"down": {"uv": [6.25067, 10, 7.584, 12.93333], "texture": "#3"}
			}
		},
		{
			"from": [8.4, 5.92216, 3.26548],
			"to": [8.9, 6.42216, 4.36548],
			"rotation": {"angle": -22.5, "axis": "x", "origin": [8.65, 6.29716, 3.69048]},
			"faces": {
				"north": {"uv": [3, 3.50133, 4.33333, 4.83467], "texture": "#3"},
				"east": {"uv": [7.25067, 3, 10.184, 4.33333], "texture": "#3"},
				"south": {"uv": [7.752, 5.50133, 9.08533, 6.83467], "texture": "#3"},
				"west": {"uv": [5.752, 2, 8.68533, 3.33333], "texture": "#3"},
				"up": {"uv": [6.25067, 2, 7.584, 4.93333], "texture": "#3"},
				"down": {"uv": [6.25067, 10, 7.584, 12.93333], "texture": "#3"}
			}
		},
		{
			"from": [6.4, 5.75, 3.25],
			"to": [6.9, 6.25, 4.6],
			"rotation": {"angle": 0, "axis": "y", "origin": [14.15, 13.5, 10.75]},
			"faces": {
				"north": {"uv": [3, 3.50133, 4.33333, 4.83467], "texture": "#3"},
				"east": {"uv": [7.25067, 3, 10.184, 4.33333], "texture": "#3"},
				"south": {"uv": [7.752, 5.50133, 8.752, 6.50133], "texture": "#3"},
				"west": {"uv": [5.752, 2, 8.452, 3], "texture": "#3"},
				"up": {"uv": [6.25067, 2, 7.25067, 4.7], "texture": "#3"},
				"down": {"uv": [6.25067, 10, 7.584, 12.93333], "texture": "#3"}
			}
		},
		{
			"from": [8.4, 5.75, 3.25],
			"to": [8.9, 6.25, 4.6],
			"rotation": {"angle": 0, "axis": "y", "origin": [16.15, 13.5, 10.75]},
			"faces": {
				"north": {"uv": [3, 3.50133, 4.33333, 4.83467], "texture": "#3"},
				"east": {"uv": [7.25067, 3, 10.184, 4.33333], "texture": "#3"},
				"south": {"uv": [7.752, 5.50133, 9.08533, 6.83467], "texture": "#3"},
				"west": {"uv": [5.752, 2, 9.352, 3.33333], "texture": "#3"},
				"up": {"uv": [6.25067, 2, 7.584, 4.93333], "texture": "#3"},
				"down": {"uv": [6.25067, 10, 7.584, 12.93333], "texture": "#3"}
			}
		},
		{
			"from": [6.4, 5.57784, 3.26548],
			"to": [6.9, 6.07784, 4.36548],
			"rotation": {"angle": 22.5, "axis": "x", "origin": [6.65, 5.70284, 3.69048]},
			"faces": {
				"north": {"uv": [3, 3.50133, 4.33333, 4.83467], "texture": "#3"},
				"east": {"uv": [7.25067, 3, 10.184, 4.33333], "texture": "#3"},
				"south": {"uv": [7.752, 5.50133, 9.08533, 6.83467], "texture": "#3"},
				"west": {"uv": [5.752, 2, 8.68533, 3.33333], "texture": "#3"},
				"up": {"uv": [6.25067, 2, 7.584, 4.93333], "texture": "#3"},
				"down": {"uv": [6.25067, 10, 7.584, 12.93333], "texture": "#3"}
			}
		},
		{
			"from": [8.4, 5.57784, 3.26548],
			"to": [8.9, 6.07784, 4.36548],
			"rotation": {"angle": 22.5, "axis": "x", "origin": [8.65, 5.70284, 3.69048]},
			"faces": {
				"north": {"uv": [3, 3.50133, 4.33333, 4.83467], "texture": "#3"},
				"east": {"uv": [7.25067, 3, 10.184, 4.33333], "texture": "#3"},
				"south": {"uv": [7.752, 5.50133, 9.08533, 6.83467], "texture": "#3"},
				"west": {"uv": [5.752, 2, 8.68533, 3.33333], "texture": "#3"},
				"up": {"uv": [6.25067, 2, 7.584, 4.93333], "texture": "#3"},
				"down": {"uv": [6.25067, 10, 7.584, 12.93333], "texture": "#3"}
			}
		},
		{
			"from": [6.58172, 5.75, 3.26358],
			"to": [7.08172, 6.25, 4.41358],
			"rotation": {"angle": 22.5, "axis": "y", "origin": [6.95672, 6, 3.71358]},
			"faces": {
				"north": {"uv": [3, 3.50133, 4.33333, 4.83467], "texture": "#3"},
				"east": {"uv": [7.25067, 3, 10.184, 4.33333], "texture": "#3"},
				"south": {"uv": [7.752, 5.50133, 9.08533, 6.83467], "texture": "#3"},
				"west": {"uv": [5.752, 2, 8.81867, 3.33333], "texture": "#3"},
				"up": {"uv": [6.25067, 2, 7.25067, 4.3], "texture": "#3"},
				"down": {"uv": [6.25067, 10, 7.584, 12.93333], "texture": "#3"}
			}
		},
		{
			"from": [8.58172, 5.75, 3.26358],
			"to": [9.08172, 6.25, 4.41358],
			"rotation": {"angle": 22.5, "axis": "y", "origin": [8.95672, 6, 3.71358]},
			"faces": {
				"north": {"uv": [3, 3.50133, 4.33333, 4.83467], "texture": "#3"},
				"east": {"uv": [7.25067, 3, 10.184, 4.33333], "texture": "#3"},
				"south": {"uv": [7.752, 5.50133, 9.08533, 6.83467], "texture": "#3"},
				"west": {"uv": [5.752, 2, 8.81867, 3.33333], "texture": "#3"},
				"up": {"uv": [6.25067, 2, 7.584, 4.93333], "texture": "#3"},
				"down": {"uv": [6.25067, 10, 7.584, 12.93333], "texture": "#3"}
			}
		}
	],
	"display": {
		"thirdperson_righthand": {
			"translation": [0, 4.5, 1.5]
		},
		"thirdperson_lefthand": {
			"translation": [0, 4.5, 1.5]
		},
		"firstperson_righthand": {
			"rotation": [8, 0, 1],
			"translation": [5.5, 16.25, 8.5],
			"scale": [1.5, 1.5, 1.5]
		},
		"firstperson_lefthand": {
			"rotation": [8, 0, 1],
			"translation": [5.5, 16.25, 8.5],
			"scale": [1.5, 1.5, 1.5]
		},
		"ground": {
			"rotation": [0, 0, 87]
		},
		"gui": {
			"rotation": [70, 63, -61],
			"translation": [5.5, 2.75, 0]
		},
		"head": {
			"translation": [0, -21.75, 5.5],
			"scale": [1.5, 1.5, 1.5]
		},
		"fixed": {
			"rotation": [0, 90, 0],
			"translation": [4.75, 5.75, -2.75],
			"scale": [1.5, 1.5, 1.5]
		}
	},
	"groups": [0, 1, 2, 3, 4, 5, 6, 7, 8, 9, 10, 11, 12, 13, 14, 15, 16, 17, 18, 19, 20, 21, 22, 23, 24, 25, 26, 27, 28, 29, 30, 31, 32, 33, 34, 35, 36, 37, 38, 39, 40, 41, 42, 43, 44, 45, 46, 47, 48, 49, 50, 51, 52, 53, 54, 55, 56, 57,
		{
			"name": "bullet",
			"origin": [0.80672, 0.5, -0.03642],
			"children": [58, 59, 60, 61, 62, 63, 64, 65, 66, 67]
		}
	]
}