{
	"credit": "Made by MILENARY",
	"textures": {
		"1": "block/green_mushroom",
		"2": "block/gun_8_bullet",
		"particle": "block/green_gun_2"
	},
	"elements": [
		{
			"from": [7.5, 0, 6.25],
			"to": [8.5, 1, 8],
			"rotation": {"angle": 45, "axis": "x", "origin": [8, 0.5, 7.125]},
			"faces": {
				"north": {"uv": [0, 0, 1, 1], "texture": "#2"},
				"east": {"uv": [0, 0, 1.75, 1], "texture": "#2"},
				"south": {"uv": [0, 0, 1, 1], "texture": "#2"},
				"west": {"uv": [0, 0, 1.75, 1], "texture": "#2"},
				"up": {"uv": [0, 0, 1, 1.75], "texture": "#2"},
				"down": {"uv": [0, 0, 1, 1.75], "texture": "#2"}
			}
		},
		{
			"from": [6.94822, -0.43566, 7.5],
			"to": [8.69822, 0.56434, 8.5],
			"rotation": {"angle": -45, "axis": "z", "origin": [8, 1.125, 8]},
			"faces": {
				"north": {"uv": [0, 0, 1.75, 1], "texture": "#2"},
				"east": {"uv": [0, 0, 1, 1], "texture": "#2"},
				"south": {"uv": [0, 0, 1.75, 1], "texture": "#2"},
				"west": {"uv": [0, 0, 1, 1], "texture": "#2"},
				"up": {"uv": [0, 0, 1, 1.75], "rotation": 270, "texture": "#2"},
				"down": {"uv": [0, 0, 1, 1.75], "rotation": 90, "texture": "#2"}
			}
		},
		{
			"from": [8.56066, 0.42678, 7.5],
			"to": [9.56066, 2.17678, 8.5],
			"rotation": {"angle": -45, "axis": "z", "origin": [8, 1.125, 8]},
			"faces": {
				"north": {"uv": [0, 0, 1.75, 1], "rotation": 270, "texture": "#2"},
				"east": {"uv": [0, 0, 1, 1.75], "texture": "#2"},
				"south": {"uv": [0, 0, 1.75, 1], "rotation": 90, "texture": "#2"},
				"west": {"uv": [0, 0, 1, 1.75], "rotation": 180, "texture": "#2"},
				"up": {"uv": [0, 0, 1, 1], "rotation": 90, "texture": "#2"},
				"down": {"uv": [0, 0, 1, 1], "rotation": 90, "texture": "#2"}
			}
		},
		{
			"from": [7.5, -0.375, 8.375],
			"to": [8.5, 1.375, 9.375],
			"rotation": {"angle": 45, "axis": "x", "origin": [8, 0.5, 8.875]},
			"faces": {
				"north": {"uv": [0, 0, 1, 1.75], "rotation": 180, "texture": "#2"},
				"east": {"uv": [0, 0, 1.75, 1], "rotation": 270, "texture": "#2"},
				"south": {"uv": [0, 0, 1, 1.75], "texture": "#2"},
				"west": {"uv": [0, 0, 1.75, 1], "rotation": 90, "texture": "#2"},
				"up": {"uv": [0, 0, 1, 1], "rotation": 180, "texture": "#2"},
				"down": {"uv": [0, 0, 1, 1], "texture": "#2"}
			}
		},
		{
			"from": [7.30178, 1.68566, 7.5],
			"to": [9.05178, 2.68566, 8.5],
			"rotation": {"angle": -45, "axis": "z", "origin": [8, 1.125, 8]},
			"faces": {
				"north": {"uv": [0, 0, 1.75, 1], "rotation": 180, "texture": "#2"},
				"east": {"uv": [0, 0, 1, 1], "rotation": 180, "texture": "#2"},
				"south": {"uv": [0, 0, 1.75, 1], "rotation": 180, "texture": "#2"},
				"west": {"uv": [0, 0, 1, 1], "rotation": 180, "texture": "#2"},
				"up": {"uv": [0, 0, 1, 1.75], "rotation": 270, "texture": "#2"},
				"down": {"uv": [0, 0, 1, 1.75], "rotation": 90, "texture": "#2"}
			}
		},
		{
			"from": [7.5, 1.25, 8],
			"to": [8.5, 2.25, 9.75],
			"rotation": {"angle": 45, "axis": "x", "origin": [8, 1.75, 8.875]},
			"faces": {
				"north": {"uv": [0, 0, 1, 1], "rotation": 180, "texture": "#2"},
				"east": {"uv": [0, 0, 1.75, 1], "rotation": 180, "texture": "#2"},
				"south": {"uv": [0, 0, 1, 1], "rotation": 180, "texture": "#2"},
				"west": {"uv": [0, 0, 1.75, 1], "rotation": 180, "texture": "#2"},
				"up": {"uv": [0, 0, 1, 1.75], "texture": "#2"},
				"down": {"uv": [0, 0, 1, 1.75], "texture": "#2"}
			}
		},
		{
			"from": [6.94822, 1.68566, 7.5],
			"to": [8.69822, 2.68566, 8.5],
			"rotation": {"angle": 45, "axis": "z", "origin": [8, 1.125, 8]},
			"faces": {
				"north": {"uv": [0, 0, 1.75, 1], "rotation": 180, "texture": "#2"},
				"east": {"uv": [0, 0, 1, 1], "rotation": 180, "texture": "#2"},
				"south": {"uv": [0, 0, 1.75, 1], "rotation": 180, "texture": "#2"},
				"west": {"uv": [0, 0, 1, 1], "rotation": 180, "texture": "#2"},
				"up": {"uv": [0, 0, 1, 1.75], "rotation": 270, "texture": "#2"},
				"down": {"uv": [0, 0, 1, 1.75], "rotation": 90, "texture": "#2"}
			}
		},
		{
			"from": [6.94822, 0.08566, 7.3],
			"to": [9.04822, 2.18566, 8.7],
			"rotation": {"angle": 45, "axis": "z", "origin": [8, 1.125, 8]},
			"faces": {
				"north": {"uv": [0, 0, 2.1, 2.1], "rotation": 180, "texture": "#1"},
				"east": {"uv": [0, 0, 1.4, 2.1], "rotation": 180, "texture": "#1"},
				"south": {"uv": [0, 0, 2.1, 2.1], "rotation": 180, "texture": "#1"},
				"west": {"uv": [0, 0, 1.4, 2.1], "rotation": 180, "texture": "#1"},
				"up": {"uv": [0, 0, 1.4, 2.1], "rotation": 270, "texture": "#1"},
				"down": {"uv": [0, 0, 1.4, 2.1], "rotation": 90, "texture": "#1"}
			}
		},
		{
			"from": [7.48934, -0.37678, 7.5],
			"to": [8.48934, -0.37678, 8.5],
			"rotation": {"angle": 0, "axis": "z", "origin": [8, 1.125, 8]},
			"faces": {
				"north": {"uv": [0, 0, 0.55, 1], "rotation": 270, "texture": "#1"},
				"east": {"uv": [0, 0, 1, 0.55], "texture": "#1"},
				"south": {"uv": [0, 0, 0.55, 1], "rotation": 90, "texture": "#1"},
				"west": {"uv": [0, 0, 1, 0.55], "rotation": 180, "texture": "#1"},
				"up": {"uv": [0, 0, 1, 1], "rotation": 90, "texture": "#1"},
				"down": {"uv": [0, 0, 1, 1], "rotation": 90, "texture": "#1"}
			}
		},
		{
			"from": [7.48934, 2.62322, 7.5],
			"to": [8.48934, 2.62322, 8.5],
			"rotation": {"angle": 0, "axis": "z", "origin": [8, 4.125, 8]},
			"faces": {
				"north": {"uv": [0, 0, 0.55, 1], "rotation": 270, "texture": "#1"},
				"east": {"uv": [0, 0, 1, 0.55], "texture": "#1"},
				"south": {"uv": [0, 0, 0.55, 1], "rotation": 90, "texture": "#1"},
				"west": {"uv": [0, 0, 1, 0.55], "rotation": 180, "texture": "#1"},
				"up": {"uv": [0, 0, 1, 1], "rotation": 90, "texture": "#1"},
				"down": {"uv": [0, 0, 1, 1], "rotation": 90, "texture": "#1"}
			}
		},
		{
			"from": [7.3, 0.08566, 6.94822],
			"to": [8.7, 2.18566, 9.04822],
			"rotation": {"angle": 45, "axis": "x", "origin": [8, 1.125, 8]},
			"faces": {
				"north": {"uv": [0, 0, 1.4, 2.1], "rotation": 180, "texture": "#1"},
				"east": {"uv": [0, 0, 2.1, 2.1], "rotation": 180, "texture": "#1"},
				"south": {"uv": [0, 0, 1.4, 2.1], "rotation": 180, "texture": "#1"},
				"west": {"uv": [0, 0, 2.1, 2.1], "rotation": 180, "texture": "#1"},
				"up": {"uv": [0, 0, 1.4, 2.1], "texture": "#1"},
				"down": {"uv": [0, 0, 1.4, 2.1], "texture": "#1"}
			}
		},
		{
			"from": [7.5, 1.25, 6.25],
			"to": [8.5, 2.25, 8],
			"rotation": {"angle": -45, "axis": "x", "origin": [8, 1.75, 7.125]},
			"faces": {
				"north": {"uv": [0, 0, 1, 1], "rotation": 180, "texture": "#2"},
				"east": {"uv": [0, 0, 1.75, 1], "rotation": 180, "texture": "#2"},
				"south": {"uv": [0, 0, 1, 1], "rotation": 180, "texture": "#2"},
				"west": {"uv": [0, 0, 1.75, 1], "rotation": 180, "texture": "#2"},
				"up": {"uv": [0, 0, 1, 1.75], "texture": "#2"},
				"down": {"uv": [0, 0, 1, 1.75], "texture": "#2"}
			}
		}
	],
	"display": {
		"thirdperson_righthand": {
			"translation": [0, 7.5, 0]
		},
		"thirdperson_lefthand": {
			"translation": [0, 7.5, 0]
		},
		"firstperson_righthand": {
			"translation": [0, 14.25, 0],
			"scale": [1.5, 1.5, 1.5]
		},
		"firstperson_lefthand": {
			"translation": [0, 14.25, 0],
			"scale": [1.5, 1.5, 1.5]
		},
		"ground": {
			"translation": [0, 4.75, 0]
		},
		"gui": {
			"rotation": [34, 58, 0],
			"translation": [0, 18, 0],
			"scale": [3, 3, 3]
		},
		"head": {
			"translation": [0, -30.25, 0],
			"scale": [2, 2, 2]
		},
		"fixed": {
			"translation": [0, 13.75, 0],
			"scale": [2, 2, 2]
		}
	}
}