{
	"credit": "Made by MILENARY",
	"texture_size": [8, 8],
	"textures": {
		"0": "block/red_flag",
		"1": "block/green_gun_3",
		"2": "block/core_tex",
		"3": "block/purple_gun_3",
		"4": "block/red_gun_1",
		"particle": "block/red_flag"
	},
	"elements": [
		{
			"from": [11.25, -1, 5.5],
			"to": [12, 0.5, 10.5],
			"rotation": {"angle": 0, "axis": "y", "origin": [16, 8, 16]},
			"faces": {
				"north": {"uv": [1.94, 0.97, 3.44, 3.97], "texture": "#0"},
				"east": {"uv": [5.818, 12.606, 15.818, 15.606], "texture": "#0"},
				"south": {"uv": [0, 0, 1.5, 3], "texture": "#0"},
				"west": {"uv": [0, 0, 10, 3], "texture": "#0"},
				"up": {"uv": [0, 0, 1.5, 10], "texture": "#0"},
				"down": {"uv": [0, 0, 1.5, 10], "texture": "#0"}
			}
		},
		{
			"from": [5.5, -1, 11.25],
			"to": [10.5, 0.5, 12],
			"rotation": {"angle": 0, "axis": "y", "origin": [16, 8, 7]},
			"faces": {
				"north": {"uv": [0, 0, 10, 3], "texture": "#0"},
				"east": {"uv": [0, 0, 1.5, 3], "texture": "#0"},
				"south": {"uv": [5.818, 12.606, 15.818, 15.606], "texture": "#0"},
				"west": {"uv": [0, 0, 1.5, 3], "texture": "#0"},
				"up": {"uv": [0, 0, 1.5, 10], "rotation": 270, "texture": "#0"},
				"down": {"uv": [0, 0, 1.5, 10], "rotation": 90, "texture": "#0"}
			}
		},
		{
			"from": [5.5, -1, 4],
			"to": [10.5, 0.5, 4.75],
			"rotation": {"angle": 0, "axis": "y", "origin": [16, 8, 0]},
			"faces": {
				"north": {"uv": [5.818, 12.606, 15.818, 15.606], "texture": "#0"},
				"east": {"uv": [0, 0, 1.5, 3], "texture": "#0"},
				"south": {"uv": [0, 0, 10, 3], "texture": "#0"},
				"west": {"uv": [0, 0, 1.5, 3], "texture": "#0"},
				"up": {"uv": [0, 0, 1.5, 10], "rotation": 270, "texture": "#0"},
				"down": {"uv": [0, 0, 1.5, 10], "rotation": 90, "texture": "#0"}
			}
		},
		{
			"from": [4, -1, 5.5],
			"to": [4.75, 0.5, 10.5],
			"rotation": {"angle": 0, "axis": "y", "origin": [9, 8, 16]},
			"faces": {
				"north": {"uv": [0, 0, 1.5, 3], "texture": "#0"},
				"east": {"uv": [0, 0, 10, 3], "texture": "#0"},
				"south": {"uv": [0, 0, 1.5, 3], "texture": "#0"},
				"west": {"uv": [5.818, 12.606, 15.818, 15.606], "texture": "#0"},
				"up": {"uv": [0, 0, 1.5, 10], "texture": "#0"},
				"down": {"uv": [0, 0, 1.5, 10], "texture": "#0"}
			}
		},
		{
			"from": [4.25, 0.5, 6.45],
			"to": [5, 1.5, 9.5],
			"rotation": {"angle": 0, "axis": "y", "origin": [9, 8, 16]},
			"faces": {
				"north": {"uv": [0, 0, 1.5, 2], "texture": "#0"},
				"east": {"uv": [0, 0, 6.1, 2], "texture": "#0"},
				"south": {"uv": [0, 0, 1.5, 2], "texture": "#0"},
				"west": {"uv": [9.212, 9.212, 15.312, 11.212], "texture": "#0"},
				"up": {"uv": [0, 0, 1.5, 6.1], "texture": "#0"},
				"down": {"uv": [0, 0, 1.5, 6.1], "texture": "#0"}
			}
		},
		{
			"from": [11, 0.5, 6.45],
			"to": [11.75, 1.5, 9.5],
			"rotation": {"angle": 0, "axis": "y", "origin": [15.75, 8, 16]},
			"faces": {
				"north": {"uv": [0, 0, 1.5, 2], "texture": "#0"},
				"east": {"uv": [0, 8.242, 6.1, 10.242], "texture": "#0"},
				"south": {"uv": [0, 0, 1.5, 2], "texture": "#0"},
				"west": {"uv": [0, 0, 6.1, 2], "texture": "#0"},
				"up": {"uv": [0, 0, 1.5, 6.1], "texture": "#0"},
				"down": {"uv": [0, 0, 1.5, 6.1], "texture": "#0"}
			}
		},
		{
			"from": [6.5, 0.5, 10.95],
			"to": [9.5, 1.5, 11.75],
			"rotation": {"angle": 0, "axis": "y", "origin": [16, 8, 7]},
			"faces": {
				"north": {"uv": [0, 0, 6, 2], "texture": "#0"},
				"east": {"uv": [0, 0, 1.6, 2], "texture": "#0"},
				"south": {"uv": [4.848, 0, 10.848, 2], "texture": "#0"},
				"west": {"uv": [0, 0, 1.6, 2], "texture": "#0"},
				"up": {"uv": [0, 0, 1.6, 6], "rotation": 270, "texture": "#0"},
				"down": {"uv": [0, 0, 1.6, 6], "rotation": 90, "texture": "#0"}
			}
		},
		{
			"from": [6.5, 0.5, 4.2],
			"to": [9.5, 1.5, 5],
			"rotation": {"angle": 0, "axis": "y", "origin": [16, 8, 0.25]},
			"faces": {
				"north": {"uv": [0, 8.728, 6, 10.728], "texture": "#0"},
				"east": {"uv": [0, 0, 1.6, 2], "texture": "#0"},
				"south": {"uv": [0, 0, 6, 2], "texture": "#0"},
				"west": {"uv": [0, 0, 1.6, 2], "texture": "#0"},
				"up": {"uv": [0, 0, 1.6, 6], "rotation": 270, "texture": "#0"},
				"down": {"uv": [0, 0, 1.6, 6], "rotation": 90, "texture": "#0"}
			}
		},
		{
			"from": [4.75, -1, 4.75],
			"to": [11.25, 1, 11.25],
			"rotation": {"angle": 0, "axis": "y", "origin": [15, 8, 16]},
			"faces": {
				"north": {"uv": [0, 8.242, 13, 12.242], "texture": "#0"},
				"east": {"uv": [0, 7.758, 13, 11.758], "texture": "#0"},
				"south": {"uv": [2.424, 7.758, 15.424, 11.758], "texture": "#0"},
				"west": {"uv": [0, 7.758, 13, 11.758], "texture": "#0"},
				"up": {"uv": [0, 0, 10.092, 10.092], "texture": "#0"},
				"down": {"uv": [0, 0, 10.092, 9.606], "texture": "#0"}
			}
		},
		{
			"from": [5, 0.5, 4.95],
			"to": [11, 2.25, 11],
			"rotation": {"angle": 0, "axis": "y", "origin": [15, 8.5, 16]},
			"faces": {
				"north": {"uv": [1.94, 8.728, 14.04, 12.228], "texture": "#0"},
				"east": {"uv": [0, 7.758, 12.1, 11.258], "texture": "#0"},
				"south": {"uv": [0, 7.758, 12, 11.258], "texture": "#0"},
				"west": {"uv": [1.94, 8.728, 14.04, 12.228], "texture": "#0"},
				"up": {"uv": [0, 0, 9.576, 9.192], "texture": "#0"},
				"down": {"uv": [0, 0, 12, 12.1], "texture": "#0"}
			}
		},
		{
			"from": [7, 2.75, 7],
			"to": [9, 3.25, 9],
			"rotation": {"angle": 0, "axis": "y", "origin": [15, 9, 16]},
			"faces": {
				"north": {"uv": [3.5, 2.5, 7.5, 3.5], "texture": "#2"},
				"east": {"uv": [3.5, 2.5, 7.5, 3.5], "texture": "#2"},
				"south": {"uv": [3.5, 2.5, 7.5, 3.5], "texture": "#2"},
				"west": {"uv": [3.5, 2.5, 7.5, 3.5], "texture": "#2"},
				"up": {"uv": [1.75, 10.25, 5.75, 14.25], "texture": "#2"},
				"down": {"uv": [0, 0, 4, 4], "texture": "#2"}
			}
		},
		{
			"from": [7.4, 16.25, 7.4],
			"to": [8.6, 16.75, 8.6],
			"rotation": {"angle": 0, "axis": "y", "origin": [15, 9, 16]},
			"faces": {
				"north": {"uv": [4.5, 4.25, 6.9, 5.25], "texture": "#2"},
				"east": {"uv": [4.5, 4.25, 6.9, 5.25], "texture": "#2"},
				"south": {"uv": [4.5, 4.25, 6.9, 5.25], "texture": "#2"},
				"west": {"uv": [4.5, 4.25, 6.9, 5.25], "texture": "#2"},
				"up": {"uv": [4.5, 4.25, 6.9, 5.25], "texture": "#2"},
				"down": {"uv": [5.75, 4, 6, 4.25], "texture": "#2"}
			}
		},
		{
			"from": [7.5, 3.25, 7.5],
			"to": [8.5, 16.25, 8.5],
			"rotation": {"angle": 0, "axis": "y", "origin": [15, 9, 16]},
			"faces": {
				"north": {"uv": [0, 0, 2, 16], "texture": "#4"},
				"east": {"uv": [14, 0, 16, 16], "texture": "#4"},
				"south": {"uv": [4.5, 0, 6.5, 16], "texture": "#4"},
				"west": {"uv": [0, 0, 2, 16], "texture": "#4"},
				"up": {"uv": [0, 0, 2, 2], "texture": "#4"},
				"down": {"uv": [0, 0, 2, 2], "texture": "#4"}
			}
		},
		{
			"from": [7.75, 8, 6],
			"to": [8.25, 16, 7.5],
			"rotation": {"angle": 0, "axis": "y", "origin": [15, 8.75, 16]},
			"faces": {
				"north": {"uv": [0, 0, 1, 16], "texture": "#0"},
				"east": {"uv": [0, 0, 3, 16], "texture": "#0"},
				"south": {"uv": [0, 0, 1, 16], "texture": "#0"},
				"west": {"uv": [4.364, 0, 7.364, 16], "texture": "#0"},
				"up": {"uv": [0, 0, 1, 3], "texture": "#0"},
				"down": {"uv": [0, 0, 1, 3], "texture": "#0"}
			}
		},
		{
			"from": [7.75, 12, -1],
			"to": [8.25, 14.75, 1.5],
			"rotation": {"angle": 0, "axis": "y", "origin": [15, 8.75, 12.25]},
			"faces": {
				"north": {"uv": [0, 0, 1, 5.5], "texture": "#0"},
				"east": {"uv": [4.848, 7.272, 9.848, 12.772], "texture": "#0"},
				"south": {"uv": [0, 0, 1, 5.5], "texture": "#0"},
				"west": {"uv": [3.88, 4.364, 8.88, 9.864], "texture": "#0"},
				"up": {"uv": [0, 0, 1, 5], "texture": "#0"},
				"down": {"uv": [0, 0, 1, 5], "texture": "#0"}
			}
		},
		{
			"from": [8, 13, -4.25],
			"to": [8.5, 14.5, -1],
			"rotation": {"angle": 0, "axis": "y", "origin": [15.25, 9, 9.25]},
			"faces": {
				"north": {"uv": [0, 0, 1, 3], "texture": "#0"},
				"east": {"uv": [3.88, 6.788, 10.38, 9.788], "texture": "#0"},
				"south": {"uv": [0, 0, 1, 3], "texture": "#0"},
				"west": {"uv": [3.394, 6.304, 9.894, 9.304], "texture": "#0"},
				"up": {"uv": [0, 0, 1, 6.5], "texture": "#0"},
				"down": {"uv": [0, 0, 1, 6.5], "texture": "#0"}
			}
		},
		{
			"from": [7.25, 8.6, 3.25],
			"to": [7.75, 14.85, 6],
			"rotation": {"angle": 0, "axis": "y", "origin": [14.5, 7.85, 16]},
			"faces": {
				"north": {"uv": [0, 0, 1, 12.5], "texture": "#0"},
				"east": {"uv": [10.182, 0, 15.682, 12.5], "texture": "#0"},
				"south": {"uv": [0, 0, 1, 12.5], "texture": "#0"},
				"west": {"uv": [10.182, 0, 15.682, 12.5], "texture": "#0"},
				"up": {"uv": [0, 0, 1, 5.5], "texture": "#0"},
				"down": {"uv": [0, 0, 1, 5.5], "texture": "#0"}
			}
		},
		{
			"from": [7.5, 9.5, 1.5],
			"to": [8, 14.25, 3.25],
			"rotation": {"angle": 0, "axis": "y", "origin": [14.75, 7.5, 14]},
			"faces": {
				"north": {"uv": [0, 0, 1, 9.5], "texture": "#0"},
				"east": {"uv": [0.484, 4.364, 3.984, 13.864], "texture": "#0"},
				"south": {"uv": [0, 0, 1, 9.5], "texture": "#0"},
				"west": {"uv": [0.97, 4.364, 4.47, 13.864], "texture": "#0"},
				"up": {"uv": [0, 0, 1, 3.5], "texture": "#0"},
				"down": {"uv": [0, 0, 1, 3.5], "texture": "#0"}
			}
		},
		{
			"from": [7.25, 16.75, 7.25],
			"to": [8.75, 18.75, 8.75],
			"rotation": {"angle": 0, "axis": "y", "origin": [15, 11.25, 16]},
			"faces": {
				"north": {"uv": [9.5, 8, 11.5, 8.5], "texture": "#3"},
				"east": {"uv": [0, 0, 3, 4], "texture": "#3"},
				"south": {"uv": [0, 0, 3, 4], "texture": "#3"},
				"west": {"uv": [0, 0, 3, 4], "texture": "#3"},
				"up": {"uv": [0, 0, 3, 3], "texture": "#3"},
				"down": {"uv": [8.5, 5, 11.5, 8], "texture": "#3"}
			}
		},
		{
			"from": [7.5, 18.75, 7.25],
			"to": [8.5, 18.9, 8.75],
			"rotation": {"angle": 0, "axis": "y", "origin": [15, 11.25, 16]},
			"faces": {
				"north": {"uv": [9.5, 8, 11.5, 8.5], "texture": "#3"},
				"east": {"uv": [0, 0, 3, 0.3], "texture": "#3"},
				"south": {"uv": [0, 0, 2, 0.3], "texture": "#3"},
				"west": {"uv": [0, 0, 3, 0.3], "texture": "#3"},
				"up": {"uv": [9.5, 5.5, 11.5, 8.5], "texture": "#3"},
				"down": {"uv": [0, 0, 2, 3], "texture": "#3"}
			}
		},
		{
			"from": [7.25, 18.75, 7.5],
			"to": [7.5, 18.9, 8.5],
			"rotation": {"angle": 0, "axis": "y", "origin": [15, 11.25, 16]},
			"faces": {
				"north": {"uv": [9.5, 8, 11.5, 8.5], "texture": "#3"},
				"east": {"uv": [0, 0, 2, 0.3], "texture": "#3"},
				"south": {"uv": [0, 0, 0.5, 0.3], "texture": "#3"},
				"west": {"uv": [0, 0, 2, 0.3], "texture": "#3"},
				"up": {"uv": [0, 0, 0.5, 2], "texture": "#3"},
				"down": {"uv": [0, 0, 0.5, 2], "texture": "#3"}
			}
		},
		{
			"from": [8.5, 18.75, 7.5],
			"to": [8.75, 18.9, 8.5],
			"rotation": {"angle": 0, "axis": "y", "origin": [16.25, 11.25, 16]},
			"faces": {
				"north": {"uv": [9.5, 8, 11.5, 8.5], "texture": "#3"},
				"east": {"uv": [0, 0, 2, 0.3], "texture": "#3"},
				"south": {"uv": [0, 0, 0.5, 0.3], "texture": "#3"},
				"west": {"uv": [0, 0, 2, 0.3], "texture": "#3"},
				"up": {"uv": [0, 0, 0.5, 2], "texture": "#3"},
				"down": {"uv": [0, 0, 0.5, 2], "texture": "#3"}
			}
		},
		{
			"from": [7.5, 18.5, 7.05],
			"to": [8.5, 18.75, 7.25],
			"rotation": {"angle": 0, "axis": "y", "origin": [15, 11.25, 16]},
			"faces": {
				"north": {"uv": [9.5, 8, 11.5, 8.5], "texture": "#3"},
				"east": {"uv": [0, 0, 0.4, 0.5], "texture": "#3"},
				"south": {"uv": [0, 0, 2, 0.5], "texture": "#3"},
				"west": {"uv": [0, 0, 0.4, 0.5], "texture": "#3"},
				"up": {"uv": [0, 0, 2, 0.4], "texture": "#3"},
				"down": {"uv": [0, 0, 2, 0.4], "texture": "#3"}
			}
		},
		{
			"from": [7.5, 16.75, 7.05],
			"to": [8.5, 17, 7.25],
			"rotation": {"angle": 0, "axis": "y", "origin": [15, 9.5, 16]},
			"faces": {
				"north": {"uv": [9.5, 8, 11.5, 8.5], "texture": "#3"},
				"east": {"uv": [0, 0, 0.4, 0.5], "texture": "#3"},
				"south": {"uv": [0, 0, 2, 0.5], "texture": "#3"},
				"west": {"uv": [0, 0, 0.4, 0.5], "texture": "#3"},
				"up": {"uv": [0, 0, 2, 0.4], "texture": "#3"},
				"down": {"uv": [3, 4.5, 5, 4.9], "texture": "#3"}
			}
		},
		{
			"from": [7, 17, 7.25],
			"to": [7.25, 18.5, 8.75],
			"rotation": {"angle": 0, "axis": "y", "origin": [15, 11.25, 16]},
			"faces": {
				"north": {"uv": [9.5, 8, 11.5, 8.5], "texture": "#3"},
				"east": {"uv": [0, 0, 3, 3], "texture": "#3"},
				"south": {"uv": [0, 0, 0.5, 3], "texture": "#3"},
				"west": {"uv": [0, 0, 3, 3], "texture": "#3"},
				"up": {"uv": [0, 0, 0.5, 3], "texture": "#3"},
				"down": {"uv": [0, 0, 0.5, 3], "texture": "#3"}
			}
		},
		{
			"from": [7.05, 18.5, 7.5],
			"to": [7.25, 18.75, 8.5],
			"rotation": {"angle": 0, "axis": "y", "origin": [15, 11.25, 16]},
			"faces": {
				"north": {"uv": [9.5, 9, 11.5, 9.5], "texture": "#3"},
				"east": {"uv": [0, 0, 2, 0.5], "texture": "#3"},
				"south": {"uv": [0, 0, 0.4, 0.5], "texture": "#3"},
				"west": {"uv": [0, 0, 2, 0.5], "texture": "#3"},
				"up": {"uv": [0, 0, 0.4, 2], "texture": "#3"},
				"down": {"uv": [0, 0, 0.4, 2], "texture": "#3"}
			}
		},
		{
			"from": [7.05, 16.75, 7.5],
			"to": [7.25, 17, 8.5],
			"rotation": {"angle": 0, "axis": "y", "origin": [15, 9.5, 16]},
			"faces": {
				"north": {"uv": [9.5, 8, 11.5, 8.5], "texture": "#3"},
				"east": {"uv": [0, 0, 2, 0.5], "texture": "#3"},
				"south": {"uv": [0, 0, 0.4, 0.5], "texture": "#3"},
				"west": {"uv": [0, 0, 2, 0.5], "texture": "#3"},
				"up": {"uv": [0, 0, 0.4, 2], "texture": "#3"},
				"down": {"uv": [0, 0, 0.4, 2], "texture": "#3"}
			}
		},
		{
			"from": [8.75, 17, 7.25],
			"to": [9, 18.5, 8.75],
			"rotation": {"angle": 0, "axis": "y", "origin": [16.75, 11.25, 16]},
			"faces": {
				"north": {"uv": [9.5, 8, 11.5, 8.5], "texture": "#3"},
				"east": {"uv": [0, 0, 3, 3], "texture": "#3"},
				"south": {"uv": [0, 0, 0.5, 3], "texture": "#3"},
				"west": {"uv": [0, 0, 3, 3], "texture": "#3"},
				"up": {"uv": [0, 0, 0.5, 3], "texture": "#3"},
				"down": {"uv": [0, 0, 0.5, 3], "texture": "#3"}
			}
		},
		{
			"from": [8.75, 18.5, 7.5],
			"to": [8.95, 18.75, 8.5],
			"rotation": {"angle": 0, "axis": "y", "origin": [16.75, 11.25, 16]},
			"faces": {
				"north": {"uv": [9.5, 8, 11.5, 8.5], "texture": "#3"},
				"east": {"uv": [2.5, 1, 4.5, 1.5], "texture": "#3"},
				"south": {"uv": [0, 0, 0.4, 0.5], "texture": "#3"},
				"west": {"uv": [0, 0, 2, 0.5], "texture": "#3"},
				"up": {"uv": [0, 0, 0.4, 2], "texture": "#3"},
				"down": {"uv": [0, 0, 0.4, 2], "texture": "#3"}
			}
		},
		{
			"from": [8.75, 16.75, 7.5],
			"to": [8.95, 17, 8.5],
			"rotation": {"angle": 0, "axis": "y", "origin": [16.75, 9.5, 16]},
			"faces": {
				"north": {"uv": [9.5, 8, 11.5, 8.5], "texture": "#3"},
				"east": {"uv": [0, 0, 2, 0.5], "texture": "#3"},
				"south": {"uv": [0, 0, 0.4, 0.5], "texture": "#3"},
				"west": {"uv": [0, 0, 2, 0.5], "texture": "#3"},
				"up": {"uv": [0, 0, 0.4, 2], "texture": "#3"},
				"down": {"uv": [0, 0, 0.4, 2], "texture": "#3"}
			}
		},
		{
			"from": [7.25, 17, 8.75],
			"to": [8.75, 18.5, 9],
			"rotation": {"angle": 0, "axis": "y", "origin": [7.725, 17.75, 8.85]},
			"faces": {
				"north": {"uv": [9.5, 8, 11.5, 8.5], "texture": "#3"},
				"east": {"uv": [0, 0, 0.5, 3], "texture": "#3"},
				"south": {"uv": [0, 0, 3, 3], "texture": "#3"},
				"west": {"uv": [0, 0, 0.5, 3], "texture": "#3"},
				"up": {"uv": [0, 0, 0.5, 3], "rotation": 270, "texture": "#3"},
				"down": {"uv": [0, 0, 0.5, 3], "rotation": 90, "texture": "#3"}
			}
		},
		{
			"from": [7.5, 17, 9],
			"to": [8.5, 18.5, 9.15],
			"rotation": {"angle": 0, "axis": "y", "origin": [7.725, 17.75, 8.85]},
			"faces": {
				"north": {"uv": [9.5, 8, 11.5, 8.5], "texture": "#3"},
				"east": {"uv": [0, 0, 0.3, 3], "texture": "#3"},
				"south": {"uv": [10, 2, 12, 5], "texture": "#3"},
				"west": {"uv": [0, 0, 0.3, 3], "texture": "#3"},
				"up": {"uv": [0, 0, 0.3, 2], "rotation": 270, "texture": "#3"},
				"down": {"uv": [0, 0, 0.3, 2], "rotation": 90, "texture": "#3"}
			}
		},
		{
			"from": [7.5, 17, 6.85],
			"to": [8.5, 18.5, 7],
			"rotation": {"angle": 0, "axis": "y", "origin": [7.725, 17.75, 7.15]},
			"faces": {
				"north": {"uv": [9.5, 7, 11.5, 10], "texture": "#3"},
				"east": {"uv": [0.3, 0, 0, 3], "texture": "#3"},
				"south": {"uv": [2, 0, 0, 3], "texture": "#3"},
				"west": {"uv": [0.3, 0, 0, 3], "texture": "#3"},
				"up": {"uv": [0.3, 0, 0, 2], "rotation": 270, "texture": "#3"},
				"down": {"uv": [0.3, 0, 0, 2], "rotation": 90, "texture": "#3"}
			}
		},
		{
			"from": [6.85, 17, 7.5],
			"to": [7, 18.5, 8.5],
			"rotation": {"angle": 0, "axis": "y", "origin": [7.05, 17.75, 7.925]},
			"faces": {
				"north": {"uv": [9.5, 8, 11.5, 8.5], "texture": "#3"},
				"east": {"uv": [1, 0, 3, 3], "texture": "#3"},
				"south": {"uv": [0.15, 0, 0.45, 3], "texture": "#3"},
				"west": {"uv": [10, 6, 12, 9], "texture": "#3"},
				"up": {"uv": [0.15, 0, 0.45, 2], "rotation": 180, "texture": "#3"},
				"down": {"uv": [0.15, 0, 0.45, 2], "rotation": 180, "texture": "#3"}
			}
		},
		{
			"from": [9, 17, 7.5],
			"to": [9.15, 18.5, 8.5],
			"rotation": {"angle": 0, "axis": "y", "origin": [8.95, 17.75, 7.925]},
			"faces": {
				"north": {"uv": [9.5, 8, 11.5, 8.5], "texture": "#3"},
				"east": {"uv": [3, 0, 1, 3], "texture": "#3"},
				"south": {"uv": [0.45, 0, 0.15, 3], "texture": "#3"},
				"west": {"uv": [3, 0, 1, 3], "texture": "#3"},
				"up": {"uv": [0.45, 0, 0.15, 2], "rotation": 180, "texture": "#3"},
				"down": {"uv": [0.45, 0, 0.15, 2], "rotation": 180, "texture": "#3"}
			}
		},
		{
			"from": [8.5, 17.25, 9],
			"to": [8.75, 18.25, 9.15],
			"rotation": {"angle": 0, "axis": "y", "origin": [7.725, 17.75, 8.85]},
			"faces": {
				"north": {"uv": [9.5, 8, 11.5, 8.5], "texture": "#3"},
				"east": {"uv": [0, 0, 0.3, 2], "texture": "#3"},
				"south": {"uv": [11, 4.5, 11.5, 6.5], "texture": "#3"},
				"west": {"uv": [0, 0, 0.3, 2], "texture": "#3"},
				"up": {"uv": [0, 0, 0.3, 0.5], "rotation": 270, "texture": "#3"},
				"down": {"uv": [0, 0, 0.3, 0.5], "rotation": 90, "texture": "#3"}
			}
		},
		{
			"from": [8.5, 17.25, 6.85],
			"to": [8.75, 18.25, 7],
			"rotation": {"angle": 0, "axis": "y", "origin": [7.725, 17.75, 7.15]},
			"faces": {
				"north": {"uv": [9.5, 8, 11.5, 8.5], "texture": "#3"},
				"east": {"uv": [0.3, 0, 0, 2], "texture": "#3"},
				"south": {"uv": [0.5, 0, 0, 2], "texture": "#3"},
				"west": {"uv": [0.3, 0, 0, 2], "texture": "#3"},
				"up": {"uv": [0.3, 0, 0, 0.5], "rotation": 270, "texture": "#3"},
				"down": {"uv": [0.3, 0, 0, 0.5], "rotation": 90, "texture": "#3"}
			}
		},
		{
			"from": [6.85, 17.25, 7.25],
			"to": [7, 18.25, 7.5],
			"rotation": {"angle": 0, "axis": "y", "origin": [7.05, 17.75, 7.675]},
			"faces": {
				"north": {"uv": [9.5, 8, 11.5, 8.5], "texture": "#3"},
				"east": {"uv": [0.25, 0, 0.75, 2], "texture": "#3"},
				"south": {"uv": [0.15, 0, 0.45, 2], "texture": "#3"},
				"west": {"uv": [0.25, 0, 0.75, 2], "texture": "#3"},
				"up": {"uv": [0.15, 0, 0.45, 0.5], "rotation": 180, "texture": "#3"},
				"down": {"uv": [0.15, 0, 0.45, 0.5], "rotation": 180, "texture": "#3"}
			}
		},
		{
			"from": [9, 17.25, 7.25],
			"to": [9.15, 18.25, 7.5],
			"rotation": {"angle": 0, "axis": "y", "origin": [8.95, 17.75, 7.675]},
			"faces": {
				"north": {"uv": [9.5, 8, 11.5, 8.5], "texture": "#3"},
				"east": {"uv": [0.75, 0, 0.25, 2], "texture": "#3"},
				"south": {"uv": [0.45, 0, 0.15, 2], "texture": "#3"},
				"west": {"uv": [0.75, 0, 0.25, 2], "texture": "#3"},
				"up": {"uv": [0.45, 0, 0.15, 0.5], "rotation": 180, "texture": "#3"},
				"down": {"uv": [0.45, 0, 0.15, 0.5], "rotation": 180, "texture": "#3"}
			}
		},
		{
			"from": [7.25, 17.25, 9],
			"to": [7.5, 18.25, 9.15],
			"rotation": {"angle": 0, "axis": "y", "origin": [6.475, 17.75, 8.85]},
			"faces": {
				"north": {"uv": [9.5, 8, 11.5, 8.5], "texture": "#3"},
				"east": {"uv": [0, 0, 0.3, 2], "texture": "#3"},
				"south": {"uv": [3, 6, 3.5, 8], "texture": "#3"},
				"west": {"uv": [0, 0, 0.3, 2], "texture": "#3"},
				"up": {"uv": [0, 0, 0.3, 0.5], "rotation": 270, "texture": "#3"},
				"down": {"uv": [0, 0, 0.3, 0.5], "rotation": 90, "texture": "#3"}
			}
		},
		{
			"from": [7.25, 17.25, 6.85],
			"to": [7.5, 18.25, 7],
			"rotation": {"angle": 0, "axis": "y", "origin": [6.475, 17.75, 7.15]},
			"faces": {
				"north": {"uv": [9.5, 8, 11.5, 8.5], "texture": "#3"},
				"east": {"uv": [0.3, 0, 0, 2], "texture": "#3"},
				"south": {"uv": [0.5, 0, 0, 2], "texture": "#3"},
				"west": {"uv": [0.3, 0, 0, 2], "texture": "#3"},
				"up": {"uv": [0.3, 0, 0, 0.5], "rotation": 270, "texture": "#3"},
				"down": {"uv": [0.3, 0, 0, 0.5], "rotation": 90, "texture": "#3"}
			}
		},
		{
			"from": [6.85, 17.25, 8.5],
			"to": [7, 18.25, 8.75],
			"rotation": {"angle": 0, "axis": "y", "origin": [7.05, 17.75, 8.925]},
			"faces": {
				"north": {"uv": [9.5, 8, 11.5, 8.5], "texture": "#3"},
				"east": {"uv": [0.25, 0, 0.75, 2], "texture": "#3"},
				"south": {"uv": [0.15, 0, 0.45, 2], "texture": "#3"},
				"west": {"uv": [0.25, 0, 0.75, 2], "texture": "#3"},
				"up": {"uv": [0.15, 0, 0.45, 0.5], "rotation": 180, "texture": "#3"},
				"down": {"uv": [0.15, 0, 0.45, 0.5], "rotation": 180, "texture": "#3"}
			}
		},
		{
			"from": [9, 17.25, 8.5],
			"to": [9.15, 18.25, 8.75],
			"rotation": {"angle": 0, "axis": "y", "origin": [8.95, 17.75, 8.925]},
			"faces": {
				"north": {"uv": [9.5, 8, 11.5, 8.5], "texture": "#3"},
				"east": {"uv": [1, 6, 0.5, 8], "texture": "#3"},
				"south": {"uv": [0.45, 0, 0.15, 2], "texture": "#3"},
				"west": {"uv": [0.75, 0, 0.25, 2], "texture": "#3"},
				"up": {"uv": [0.45, 0, 0.15, 0.5], "rotation": 180, "texture": "#3"},
				"down": {"uv": [0.3, 0, 0, 0.5], "rotation": 180, "texture": "#3"}
			}
		},
		{
			"from": [7.5, 18.5, 8.75],
			"to": [8.5, 18.75, 8.95],
			"rotation": {"angle": 0, "axis": "y", "origin": [7.725, 17.75, 8.85]},
			"faces": {
				"north": {"uv": [9.5, 8, 11.5, 8.5], "texture": "#3"},
				"east": {"uv": [0, 0, 0.4, 0.5], "texture": "#3"},
				"south": {"uv": [0, 0, 2, 0.5], "texture": "#3"},
				"west": {"uv": [0, 0, 0.4, 0.5], "texture": "#3"},
				"up": {"uv": [0, 0, 0.4, 2], "rotation": 270, "texture": "#3"},
				"down": {"uv": [0, 0, 0.4, 2], "rotation": 90, "texture": "#3"}
			}
		},
		{
			"from": [7.5, 16.75, 8.75],
			"to": [8.5, 17, 8.95],
			"rotation": {"angle": 0, "axis": "y", "origin": [7.725, 16, 8.85]},
			"faces": {
				"north": {"uv": [9.5, 8, 11.5, 8.5], "texture": "#3"},
				"east": {"uv": [0, 0, 0.4, 0.5], "texture": "#3"},
				"south": {"uv": [0, 0, 2, 0.5], "texture": "#3"},
				"west": {"uv": [0, 0, 0.4, 0.5], "texture": "#3"},
				"up": {"uv": [0, 0, 0.4, 2], "rotation": 270, "texture": "#3"},
				"down": {"uv": [0, 0, 0.4, 2], "rotation": 90, "texture": "#3"}
			}
		},
		{
			"from": [7.05, 17.15, 7.05],
			"to": [7.25, 18.35, 7.25],
			"rotation": {"angle": 0, "axis": "y", "origin": [7.725, 17.75, 7.1]},
			"faces": {
				"north": {"uv": [9.5, 8, 11.5, 8.5], "texture": "#3"},
				"east": {"uv": [0, 0, 0.4, 2.4], "texture": "#3"},
				"south": {"uv": [0, 0, 0.4, 2.4], "texture": "#3"},
				"west": {"uv": [7.5, 6, 7.9, 8.4], "texture": "#3"},
				"up": {"uv": [0, 0, 0.4, 0.4], "rotation": 270, "texture": "#3"},
				"down": {"uv": [0, 0, 0.4, 0.4], "rotation": 90, "texture": "#3"}
			}
		},
		{
			"from": [7.05, 17.15, 8.75],
			"to": [7.25, 18.35, 8.95],
			"rotation": {"angle": 0, "axis": "y", "origin": [7.725, 17.75, 8.85]},
			"faces": {
				"north": {"uv": [9.5, 8, 11.5, 8.5], "texture": "#3"},
				"east": {"uv": [0, 0, 0.4, 2.4], "texture": "#3"},
				"south": {"uv": [0, 0, 0.4, 2.4], "texture": "#3"},
				"west": {"uv": [0, 0, 0.4, 2.4], "texture": "#3"},
				"up": {"uv": [0, 0, 0.4, 0.4], "rotation": 270, "texture": "#3"},
				"down": {"uv": [0, 0, 0.4, 0.4], "rotation": 90, "texture": "#3"}
			}
		},
		{
			"from": [8.75, 17.15, 8.75],
			"to": [8.95, 18.35, 8.95],
			"rotation": {"angle": 0, "axis": "y", "origin": [9.475, 17.75, 8.85]},
			"faces": {
				"north": {"uv": [9.5, 8, 11.5, 8.5], "texture": "#3"},
				"east": {"uv": [0, 0, 0.4, 2.4], "texture": "#3"},
				"south": {"uv": [0, 0, 0.4, 2.4], "texture": "#3"},
				"west": {"uv": [0, 0, 0.4, 2.4], "texture": "#3"},
				"up": {"uv": [0, 0, 0.4, 0.4], "rotation": 270, "texture": "#3"},
				"down": {"uv": [0, 0, 0.4, 0.4], "rotation": 90, "texture": "#3"}
			}
		},
		{
			"from": [8.75, 17.15, 7.05],
			"to": [8.95, 18.35, 7.25],
			"rotation": {"angle": 0, "axis": "y", "origin": [9.475, 17.75, 7.1]},
			"faces": {
				"north": {"uv": [9.5, 8, 11.5, 8.5], "texture": "#3"},
				"east": {"uv": [0, 0, 0.4, 2.4], "texture": "#3"},
				"south": {"uv": [0, 0, 0.4, 2.4], "texture": "#3"},
				"west": {"uv": [0, 0, 0.4, 2.4], "texture": "#3"},
				"up": {"uv": [0, 0, 0.4, 0.4], "rotation": 270, "texture": "#3"},
				"down": {"uv": [0, 0, 0.4, 0.4], "rotation": 90, "texture": "#3"}
			}
		},
		{
			"from": [7.25, 17, 7],
			"to": [8.75, 18.5, 7.25],
			"rotation": {"angle": 0, "axis": "y", "origin": [7.725, 17.75, 7.1]},
			"faces": {
				"north": {"uv": [9.5, 8, 11.5, 8.5], "texture": "#3"},
				"east": {"uv": [0, 0, 0.5, 3], "texture": "#3"},
				"south": {"uv": [0, 0, 3, 3], "texture": "#3"},
				"west": {"uv": [0, 0, 0.5, 3], "texture": "#3"},
				"up": {"uv": [0, 0, 0.5, 3], "rotation": 270, "texture": "#3"},
				"down": {"uv": [0, 0, 0.5, 3], "rotation": 90, "texture": "#3"}
			}
		},
		{
			"from": [6.75, 2.25, 6.75],
			"to": [9.25, 2.75, 9.25],
			"rotation": {"angle": 0, "axis": "y", "origin": [15, 7.5, 16]},
			"faces": {
				"north": {"uv": [4.5, 0, 9.5, 1], "texture": "#1"},
				"east": {"uv": [2, 1, 7, 2], "texture": "#1"},
				"south": {"uv": [4.5, 1.5, 9.5, 2.5], "texture": "#1"},
				"west": {"uv": [6.5, 2, 11.5, 3], "texture": "#1"},
				"up": {"uv": [5, 5.5, 10, 10.5], "texture": "#1"},
				"down": {"uv": [0, 0, 5, 5], "texture": "#1"}
			}
		}
	],
	"display": {
		"ground": {
			"translation": [0, 4.75, 0]
		},
		"gui": {
			"rotation": [0, 90, 0],
			"translation": [4.25, 0, 0]
		},
		"head": {
			"translation": [0, -16, 0],
			"scale": [3, 3, 3]
		},
		"fixed": {
			"rotation": [0, 90, 0],
			"translation": [0, 0, -1.25]
		}
	}
}