{
	"credit": "Made by MILENARY",
	"textures": {
		"0": "block/c4",
		"particle": "block/c4"
	},
	"elements": [
		{
			"from": [6, 0.75, 6],
			"to": [10, 10, 10],
			"rotation": {"angle": 0, "axis": "y", "origin": [17.5, 8, 14.5]},
			"faces": {
				"north": {"uv": [0, 0, 0.25, 9.25], "texture": "#0"},
				"east": {"uv": [0, 0, 0.25, 9.25], "texture": "#0"},
				"south": {"uv": [0, 0, 0.25, 9.25], "texture": "#0"},
				"west": {"uv": [0, 0, 0.25, 9.25], "texture": "#0"},
				"up": {"uv": [13, 0, 16, 3], "texture": "#0"},
				"down": {"uv": [13, 0, 16, 3], "texture": "#0"}
			}
		},
		{
			"from": [6.5, 10, 6.5],
			"to": [9.5, 10.25, 9.5],
			"rotation": {"angle": 0, "axis": "y", "origin": [17.5, 8, 14.5]},
			"faces": {
				"north": {"uv": [13, 3.25, 16, 3.5], "texture": "#0"},
				"east": {"uv": [13, 3.25, 16, 3.5], "texture": "#0"},
				"south": {"uv": [13, 3.25, 16, 3.5], "texture": "#0"},
				"west": {"uv": [13, 3.25, 16, 3.5], "texture": "#0"},
				"up": {"uv": [13, 3.25, 16, 6.25], "texture": "#0"},
				"down": {"uv": [13, 3.25, 16, 6.25], "texture": "#0"}
			}
		},
		{
			"from": [7.75, 10.25, 7.75],
			"to": [8.25, 11, 8.25],
			"rotation": {"angle": 0, "axis": "y", "origin": [8, 10, 8]},
			"faces": {
				"north": {"uv": [1, 4, 1, 4], "texture": "#0"},
				"east": {"uv": [1, 4, 1, 4], "texture": "#0"},
				"south": {"uv": [1, 4, 1, 4], "texture": "#0"},
				"west": {"uv": [1, 4, 1, 4], "texture": "#0"},
				"up": {"uv": [1, 4, 1, 4], "texture": "#0"},
				"down": {"uv": [1, 4, 1, 4], "texture": "#0"}
			}
		},
		{
			"from": [7.38254, 10.84734, 7.75],
			"to": [7.88254, 12.84734, 8.25],
			"rotation": {"angle": 22.5, "axis": "z", "origin": [7.68254, 11.84734, 8]},
			"faces": {
				"north": {"uv": [1, 4, 1, 4], "texture": "#0"},
				"east": {"uv": [1, 4, 1, 4], "texture": "#0"},
				"south": {"uv": [1, 4, 1, 4], "texture": "#0"},
				"west": {"uv": [1, 4, 1, 4], "texture": "#0"},
				"up": {"uv": [1, 4, 1, 4], "texture": "#0"},
				"down": {"uv": [1, 4, 1, 4], "texture": "#0"}
			}
		},
		{
			"from": [6.68966, 12.55989, 7.75],
			"to": [7.18966, 14.55989, 8.25],
			"rotation": {"angle": 45, "axis": "z", "origin": [6.98966, 13.05989, 8]},
			"faces": {
				"north": {"uv": [1, 4, 1, 4], "texture": "#0"},
				"east": {"uv": [1, 4, 1, 4], "texture": "#0"},
				"south": {"uv": [1, 4, 1, 4], "texture": "#0"},
				"west": {"uv": [1, 4, 1, 4], "texture": "#0"},
				"up": {"uv": [1, 4, 1, 4], "texture": "#0"},
				"down": {"uv": [1, 4, 1, 4], "texture": "#0"}
			}
		},
		{
			"from": [6.5625, 0.5, 2.4875],
			"to": [9.5625, 9.5, 5.4875],
			"rotation": {"angle": 0, "axis": "y", "origin": [8.0625, 5, 3.55]},
			"faces": {
				"north": {"uv": [3, 0, 3.25, 9], "texture": "#0"},
				"east": {"uv": [3, 0, 3.25, 9], "texture": "#0"},
				"south": {"uv": [3, 0, 3.25, 9], "texture": "#0"},
				"west": {"uv": [3, 0, 3.25, 9], "texture": "#0"},
				"up": {"uv": [13, 0, 16, 3], "texture": "#0"},
				"down": {"uv": [13, 0, 16, 3], "texture": "#0"}
			}
		},
		{
			"from": [6.5625, 0.5, 10.5125],
			"to": [9.5625, 9.5, 13.5125],
			"rotation": {"angle": 0, "axis": "y", "origin": [8.0625, 5, 12.45]},
			"faces": {
				"north": {"uv": [3.25, 0, 3, 9], "texture": "#0"},
				"east": {"uv": [3.25, 0, 3, 9], "texture": "#0"},
				"south": {"uv": [3.25, 0, 3, 9], "texture": "#0"},
				"west": {"uv": [3.25, 0, 3, 9], "texture": "#0"},
				"up": {"uv": [13, 0, 16, 3], "texture": "#0"},
				"down": {"uv": [13, 0, 16, 3], "texture": "#0"}
			}
		},
		{
			"from": [2.5, 0.5, 6.5],
			"to": [5.5, 9.5, 9.5],
			"rotation": {"angle": 0, "axis": "x", "origin": [12.5, 8, 14.5]},
			"faces": {
				"north": {"uv": [3, 0, 3.25, 9], "texture": "#0"},
				"east": {"uv": [3, 0, 3.25, 9], "texture": "#0"},
				"south": {"uv": [3, 0, 3.25, 9], "texture": "#0"},
				"west": {"uv": [3, 0, 3.25, 9], "texture": "#0"},
				"up": {"uv": [13, 0, 16, 3], "texture": "#0"},
				"down": {"uv": [13, 0, 16, 3], "texture": "#0"}
			}
		},
		{
			"from": [10.5, 0.5, 6.5],
			"to": [13.5, 9.5, 9.5],
			"rotation": {"angle": 0, "axis": "y", "origin": [3.5, 8, 14.5]},
			"faces": {
				"north": {"uv": [3.25, 0, 3, 9], "texture": "#0"},
				"east": {"uv": [3.25, 0, 3, 9], "texture": "#0"},
				"south": {"uv": [3.25, 0, 3, 9], "texture": "#0"},
				"west": {"uv": [3.25, 0, 3, 9], "texture": "#0"},
				"up": {"uv": [13, 0, 16, 3], "texture": "#0"},
				"down": {"uv": [13, 0, 16, 3], "texture": "#0"}
			}
		},
		{
			"from": [7.0625, 0.5, 1.9875],
			"to": [9.0625, 9.5, 2.4875],
			"rotation": {"angle": 0, "axis": "y", "origin": [8.0625, 5, 3.55]},
			"faces": {
				"north": {"uv": [3.25, 0, 4.75, 9], "texture": "#0"},
				"east": {"uv": [4.5, 0, 4.75, 9], "texture": "#0"},
				"south": {"uv": [3.25, 0, 4.75, 9], "texture": "#0"},
				"west": {"uv": [4.5, 0, 4.75, 9], "texture": "#0"},
				"up": {"uv": [5, 0, 5.1, 0.1], "texture": "#0"},
				"down": {"uv": [5, 0, 5.1, 0.1], "texture": "#0"}
			}
		},
		{
			"from": [7.0625, 0.5, 13.5125],
			"to": [9.0625, 9.5, 14.0125],
			"rotation": {"angle": 0, "axis": "y", "origin": [8.0625, 5, 12.45]},
			"faces": {
				"north": {"uv": [4.75, 0, 3.25, 9], "texture": "#0"},
				"east": {"uv": [4.75, 0, 4.5, 9], "texture": "#0"},
				"south": {"uv": [4.75, 0, 3.25, 9], "texture": "#0"},
				"west": {"uv": [4.75, 0, 4.5, 9], "texture": "#0"},
				"up": {"uv": [5, 0, 5.1, 0.1], "texture": "#0"},
				"down": {"uv": [5, 0, 5.1, 0.1], "texture": "#0"}
			}
		},
		{
			"from": [2, 0.5, 7],
			"to": [2.5, 9.5, 9],
			"rotation": {"angle": 0, "axis": "x", "origin": [12.5, 8, 14.5]},
			"faces": {
				"north": {"uv": [4.5, 0, 4.75, 9], "texture": "#0"},
				"east": {"uv": [3.25, 0, 4.75, 9], "texture": "#0"},
				"south": {"uv": [4.5, 0, 4.75, 9], "texture": "#0"},
				"west": {"uv": [3.25, 0, 4.75, 9], "texture": "#0"},
				"up": {"uv": [5, 0, 5.1, 0.1], "texture": "#0"},
				"down": {"uv": [5, 0, 5.1, 0.1], "texture": "#0"}
			}
		},
		{
			"from": [13.5, 0.5, 7],
			"to": [14, 9.5, 9],
			"rotation": {"angle": 0, "axis": "y", "origin": [3.5, 8, 14.5]},
			"faces": {
				"north": {"uv": [4.75, 0, 4.5, 9], "texture": "#0"},
				"east": {"uv": [4.75, 0, 3.25, 9], "texture": "#0"},
				"south": {"uv": [4.75, 0, 4.5, 9], "texture": "#0"},
				"west": {"uv": [4.75, 0, 3.25, 9], "texture": "#0"},
				"up": {"uv": [5, 0, 5.1, 0.1], "texture": "#0"},
				"down": {"uv": [5, 0, 5.1, 0.1], "texture": "#0"}
			}
		},
		{
			"from": [3.5, 0.75, 9.5],
			"to": [6.5, 9, 12.5],
			"rotation": {"angle": 0, "axis": "y", "origin": [-3.5, 8, 4.5]},
			"faces": {
				"north": {"uv": [5.25, 0, 5.5, 8.25], "texture": "#0"},
				"east": {"uv": [5.25, 0, 5.5, 8.25], "texture": "#0"},
				"south": {"uv": [5.25, 0, 5.5, 8.25], "texture": "#0"},
				"west": {"uv": [5.25, 0, 5.5, 8.25], "texture": "#0"},
				"up": {"uv": [13, 0, 16, 3], "texture": "#0"},
				"down": {"uv": [13, 0, 16, 3], "texture": "#0"}
			}
		},
		{
			"from": [9.5, 0.75, 9.5],
			"to": [12.5, 9, 12.5],
			"rotation": {"angle": 0, "axis": "y", "origin": [19.5, 8, 4.5]},
			"faces": {
				"north": {"uv": [5.5, 0, 5.25, 8.25], "texture": "#0"},
				"east": {"uv": [5.5, 0, 5.25, 8.25], "texture": "#0"},
				"south": {"uv": [5.5, 0, 5.25, 8.25], "texture": "#0"},
				"west": {"uv": [5.5, 0, 5.25, 8.25], "texture": "#0"},
				"up": {"uv": [13, 0, 16, 3], "texture": "#0"},
				"down": {"uv": [13, 0, 16, 3], "texture": "#0"}
			}
		},
		{
			"from": [3.5, 0.75, 3.5],
			"to": [6.5, 9, 6.5],
			"rotation": {"angle": 0, "axis": "y", "origin": [-3.5, 8, 11.5]},
			"faces": {
				"north": {"uv": [5.5, 0, 5.25, 8.25], "texture": "#0"},
				"east": {"uv": [5.5, 0, 5.25, 8.25], "texture": "#0"},
				"south": {"uv": [5.5, 0, 5.25, 8.25], "texture": "#0"},
				"west": {"uv": [5.5, 0, 5.25, 8.25], "texture": "#0"},
				"up": {"uv": [13, 0, 16, 3], "texture": "#0"},
				"down": {"uv": [13, 0, 16, 3], "texture": "#0"}
			}
		},
		{
			"from": [9.5, 0.75, 3.5],
			"to": [12.5, 9, 6.5],
			"rotation": {"angle": 0, "axis": "y", "origin": [19.5, 8, 11.5]},
			"faces": {
				"north": {"uv": [5.25, 0, 5.5, 8.25], "texture": "#0"},
				"east": {"uv": [5.25, 0, 5.5, 8.25], "texture": "#0"},
				"south": {"uv": [5.25, 0, 5.5, 8.25], "texture": "#0"},
				"west": {"uv": [5.25, 0, 5.5, 8.25], "texture": "#0"},
				"up": {"uv": [13, 0, 16, 3], "texture": "#0"},
				"down": {"uv": [13, 0, 16, 3], "texture": "#0"}
			}
		},
		{
			"from": [3, 0.75, 10],
			"to": [3.5, 9, 12],
			"rotation": {"angle": 0, "axis": "y", "origin": [13.5, 8, 4.5]},
			"faces": {
				"north": {"uv": [5.25, 0, 5.5, 8.25], "texture": "#0"},
				"east": {"uv": [5.5, 0, 6.75, 8.25], "texture": "#0"},
				"south": {"uv": [5.25, 0, 5.5, 8.25], "texture": "#0"},
				"west": {"uv": [5.5, 0, 6.75, 8.25], "texture": "#0"},
				"up": {"uv": [5, 0, 5.1, 0.1], "texture": "#0"},
				"down": {"uv": [5, 0, 5.1, 0.1], "texture": "#0"}
			}
		},
		{
			"from": [12.5, 0.75, 10],
			"to": [13, 9, 12],
			"rotation": {"angle": 0, "axis": "y", "origin": [2.5, 8, 4.5]},
			"faces": {
				"north": {"uv": [5.5, 0, 5.25, 8.25], "texture": "#0"},
				"east": {"uv": [6.75, 0, 5.5, 8.25], "texture": "#0"},
				"south": {"uv": [5.5, 0, 5.25, 8.25], "texture": "#0"},
				"west": {"uv": [6.75, 0, 5.5, 8.25], "texture": "#0"},
				"up": {"uv": [5, 0, 5.1, 0.1], "texture": "#0"},
				"down": {"uv": [5, 0, 5.1, 0.1], "texture": "#0"}
			}
		},
		{
			"from": [3, 0.75, 4],
			"to": [3.5, 9, 6],
			"rotation": {"angle": 0, "axis": "y", "origin": [13.5, 8, 11.5]},
			"faces": {
				"north": {"uv": [5.5, 0, 5.25, 8.25], "texture": "#0"},
				"east": {"uv": [6.75, 0, 5.5, 8.25], "texture": "#0"},
				"south": {"uv": [5.5, 0, 5.25, 8.25], "texture": "#0"},
				"west": {"uv": [6.75, 0, 5.5, 8.25], "texture": "#0"},
				"up": {"uv": [5, 0, 5.1, 0.1], "texture": "#0"},
				"down": {"uv": [5, 0, 5.1, 0.1], "texture": "#0"}
			}
		},
		{
			"from": [12.5, 0.75, 4],
			"to": [13, 9, 6],
			"rotation": {"angle": 0, "axis": "y", "origin": [2.5, 8, 11.5]},
			"faces": {
				"north": {"uv": [5.25, 0, 5.5, 8.25], "texture": "#0"},
				"east": {"uv": [5.5, 0, 6.75, 8.25], "texture": "#0"},
				"south": {"uv": [5.25, 0, 5.5, 8.25], "texture": "#0"},
				"west": {"uv": [5.5, 0, 6.75, 8.25], "texture": "#0"},
				"up": {"uv": [5, 0, 5.1, 0.1], "texture": "#0"},
				"down": {"uv": [5, 0, 5.1, 0.1], "texture": "#0"}
			}
		},
		{
			"from": [4, 0.75, 12.5],
			"to": [6, 9, 13],
			"rotation": {"angle": 0, "axis": "y", "origin": [13.5, 8, 4.5]},
			"faces": {
				"north": {"uv": [5.5, 0, 6.75, 8.25], "texture": "#0"},
				"east": {"uv": [5.25, 0, 5.5, 8.25], "texture": "#0"},
				"south": {"uv": [5.5, 0, 6.75, 8.25], "texture": "#0"},
				"west": {"uv": [5.25, 0, 5.5, 8.25], "texture": "#0"},
				"up": {"uv": [5, 0, 5.1, 0.1], "texture": "#0"},
				"down": {"uv": [5, 0, 5.1, 0.1], "texture": "#0"}
			}
		},
		{
			"from": [10, 0.75, 12.5],
			"to": [12, 9, 13],
			"rotation": {"angle": 0, "axis": "y", "origin": [2.5, 8, 4.5]},
			"faces": {
				"north": {"uv": [6.75, 0, 5.5, 8.25], "texture": "#0"},
				"east": {"uv": [5.5, 0, 5.25, 8.25], "texture": "#0"},
				"south": {"uv": [6.75, 0, 5.5, 8.25], "texture": "#0"},
				"west": {"uv": [5.5, 0, 5.25, 8.25], "texture": "#0"},
				"up": {"uv": [5, 0, 5.1, 0.1], "texture": "#0"},
				"down": {"uv": [5, 0, 5.1, 0.1], "texture": "#0"}
			}
		},
		{
			"from": [4, 0.75, 3],
			"to": [6, 9, 3.5],
			"rotation": {"angle": 0, "axis": "y", "origin": [13.5, 8, 11.5]},
			"faces": {
				"north": {"uv": [6.75, 0, 5.5, 8.25], "texture": "#0"},
				"east": {"uv": [5.5, 0, 5.25, 8.25], "texture": "#0"},
				"south": {"uv": [6.75, 0, 5.5, 8.25], "texture": "#0"},
				"west": {"uv": [5.5, 0, 5.25, 8.25], "texture": "#0"},
				"up": {"uv": [5, 0, 5.1, 0.1], "texture": "#0"},
				"down": {"uv": [5, 0, 5.1, 0.1], "texture": "#0"}
			}
		},
		{
			"from": [10, 0.75, 3],
			"to": [12, 9, 3.5],
			"rotation": {"angle": 0, "axis": "y", "origin": [2.5, 8, 11.5]},
			"faces": {
				"north": {"uv": [5.5, 0, 6.75, 8.25], "texture": "#0"},
				"east": {"uv": [5.25, 0, 5.5, 8.25], "texture": "#0"},
				"south": {"uv": [5.5, 0, 6.75, 8.25], "texture": "#0"},
				"west": {"uv": [5.25, 0, 5.5, 8.25], "texture": "#0"},
				"up": {"uv": [5, 0, 5.1, 0.1], "texture": "#0"},
				"down": {"uv": [5, 0, 5.1, 0.1], "texture": "#0"}
			}
		},
		{
			"from": [6.5, 0.75, 5.5],
			"to": [9.5, 10, 6],
			"rotation": {"angle": 0, "axis": "y", "origin": [17.5, 8, 10.5]},
			"faces": {
				"north": {"uv": [0.5, 0, 2.5, 9.25], "texture": "#0"},
				"east": {"uv": [0.25, 0, 0.5, 9.25], "texture": "#0"},
				"south": {"uv": [0, 0, 3, 9.25], "texture": "#0"},
				"west": {"uv": [0.25, 0, 0.5, 9.25], "texture": "#0"},
				"up": {"uv": [5, 0, 5.1, 0.1], "texture": "#0"},
				"down": {"uv": [5, 0, 5.1, 0.1], "texture": "#0"}
			}
		},
		{
			"from": [6.5, 0.75, 10],
			"to": [9.5, 10, 10.5],
			"rotation": {"angle": 0, "axis": "y", "origin": [17.5, 8, 14.5]},
			"faces": {
				"north": {"uv": [0, 0, 3, 9.25], "texture": "#0"},
				"east": {"uv": [0.25, 0, 0.5, 9.25], "texture": "#0"},
				"south": {"uv": [0.5, 0, 2.5, 9.25], "texture": "#0"},
				"west": {"uv": [0.25, 0, 0.5, 9.25], "texture": "#0"},
				"up": {"uv": [5, 0, 5.1, 0.1], "texture": "#0"},
				"down": {"uv": [5, 0, 5.1, 0.1], "texture": "#0"}
			}
		},
		{
			"from": [10, 0.75, 6.5],
			"to": [10.5, 10, 9.5],
			"rotation": {"angle": 0, "axis": "y", "origin": [10, 5.125, 8]},
			"faces": {
				"north": {"uv": [0.25, 0, 0.5, 9.25], "texture": "#0"},
				"east": {"uv": [0.5, 0, 2.5, 9.25], "texture": "#0"},
				"south": {"uv": [0.25, 0, 0.5, 9.25], "texture": "#0"},
				"west": {"uv": [0, 0, 3, 9.25], "texture": "#0"},
				"up": {"uv": [5, 0, 5.1, 0.1], "texture": "#0"},
				"down": {"uv": [5, 0, 5.1, 0.1], "texture": "#0"}
			}
		},
		{
			"from": [5.5, 0.75, 6.5],
			"to": [6, 10, 9.5],
			"rotation": {"angle": 0, "axis": "y", "origin": [6, 5.125, 8]},
			"faces": {
				"north": {"uv": [0.25, 0, 0.5, 9.25], "texture": "#0"},
				"east": {"uv": [0, 0, 3, 9.25], "texture": "#0"},
				"south": {"uv": [0.25, 0, 0.5, 9.25], "texture": "#0"},
				"west": {"uv": [0.5, 0, 2.5, 9.25], "texture": "#0"},
				"up": {"uv": [5, 0, 5.1, 0.1], "texture": "#0"},
				"down": {"uv": [5, 0, 5.1, 0.1], "texture": "#0"}
			}
		},
		{
			"from": [6.0625, 0.5, 2.9875],
			"to": [6.5625, 9.5, 4.9875],
			"rotation": {"angle": 0, "axis": "y", "origin": [8.0625, 5, 3.55]},
			"faces": {
				"north": {"uv": [4.5, 0, 4.75, 9], "texture": "#0"},
				"east": {"uv": [0, 0, 2, 9], "texture": "#0"},
				"south": {"uv": [4.5, 0, 5, 9], "texture": "#0"},
				"west": {"uv": [3.25, 0, 4.75, 9], "texture": "#0"},
				"up": {"uv": [5, 0, 5.1, 0.1], "texture": "#0"},
				"down": {"uv": [5, 0, 5.1, 0.1], "texture": "#0"}
			}
		},
		{
			"from": [6.0625, 0.5, 11.0125],
			"to": [6.5625, 9.5, 13.0125],
			"rotation": {"angle": 0, "axis": "y", "origin": [8.0625, 5, 12.45]},
			"faces": {
				"north": {"uv": [5, 0, 4.5, 9], "texture": "#0"},
				"east": {"uv": [2, 0, 0, 9], "texture": "#0"},
				"south": {"uv": [4.75, 0, 4.5, 9], "texture": "#0"},
				"west": {"uv": [4.75, 0, 3.25, 9], "texture": "#0"},
				"up": {"uv": [5, 0, 5.1, 0.1], "texture": "#0"},
				"down": {"uv": [5, 0, 5.1, 0.1], "texture": "#0"}
			}
		},
		{
			"from": [3, 0.5, 9.5],
			"to": [5, 9.5, 10],
			"rotation": {"angle": 0, "axis": "y", "origin": [4, 4.75, 9.75]},
			"faces": {
				"north": {"uv": [0, 0, 2, 9], "texture": "#0"},
				"east": {"uv": [4.5, 0, 4.75, 9], "texture": "#0"},
				"south": {"uv": [3.25, 0, 4.75, 9], "texture": "#0"},
				"west": {"uv": [4.5, 0, 4.75, 9], "texture": "#0"},
				"up": {"uv": [5, 0, 5.1, 0.1], "texture": "#0"},
				"down": {"uv": [5, 0, 5.1, 0.1], "texture": "#0"}
			}
		},
		{
			"from": [11, 0.5, 9.5],
			"to": [13, 9.5, 10],
			"rotation": {"angle": 0, "axis": "y", "origin": [12, 4.75, 9.75]},
			"faces": {
				"north": {"uv": [2, 0, 0, 9], "texture": "#0"},
				"east": {"uv": [4.75, 0, 4.5, 9], "texture": "#0"},
				"south": {"uv": [4.75, 0, 3.25, 9], "texture": "#0"},
				"west": {"uv": [4.75, 0, 4.5, 9], "texture": "#0"},
				"up": {"uv": [5, 0, 5.1, 0.1], "texture": "#0"},
				"down": {"uv": [5, 0, 5.1, 0.1], "texture": "#0"}
			}
		},
		{
			"from": [9.5625, 0.5, 2.9875],
			"to": [10.0625, 9.5, 4.9875],
			"rotation": {"angle": 0, "axis": "y", "origin": [8.0625, 5, 3.55]},
			"faces": {
				"north": {"uv": [4.5, 0, 4.75, 9], "texture": "#0"},
				"east": {"uv": [3.25, 0, 4.75, 9], "texture": "#0"},
				"south": {"uv": [4.5, 0, 5, 9], "texture": "#0"},
				"west": {"uv": [0, 0, 2, 9], "texture": "#0"},
				"up": {"uv": [5, 0, 5.1, 0.1], "texture": "#0"},
				"down": {"uv": [5, 0, 5.1, 0.1], "texture": "#0"}
			}
		},
		{
			"from": [9.5625, 0.5, 11.0125],
			"to": [10.0625, 9.5, 13.0125],
			"rotation": {"angle": 0, "axis": "y", "origin": [8.0625, 5, 12.45]},
			"faces": {
				"north": {"uv": [5, 0, 4.5, 9], "texture": "#0"},
				"east": {"uv": [4.75, 0, 3.25, 9], "texture": "#0"},
				"south": {"uv": [4.75, 0, 4.5, 9], "texture": "#0"},
				"west": {"uv": [2, 0, 0, 9], "texture": "#0"},
				"up": {"uv": [5, 0, 5.1, 0.1], "texture": "#0"},
				"down": {"uv": [5, 0, 5.1, 0.1], "texture": "#0"}
			}
		},
		{
			"from": [3, 0.5, 6],
			"to": [5, 9.5, 6.5],
			"rotation": {"angle": 0, "axis": "y", "origin": [4, 4.75, 6.25]},
			"faces": {
				"north": {"uv": [3.25, 0, 4.75, 9], "texture": "#0"},
				"east": {"uv": [4.5, 0, 4.75, 9], "texture": "#0"},
				"south": {"uv": [0, 0, 2, 9], "texture": "#0"},
				"west": {"uv": [4.5, 0, 4.75, 9], "texture": "#0"},
				"up": {"uv": [5, 0, 5.1, 0.1], "texture": "#0"},
				"down": {"uv": [5, 0, 5.1, 0.1], "texture": "#0"}
			}
		},
		{
			"from": [11, 0.5, 6],
			"to": [13, 9.5, 6.5],
			"rotation": {"angle": 0, "axis": "y", "origin": [12, 4.75, 6.25]},
			"faces": {
				"north": {"uv": [4.75, 0, 3.25, 9], "texture": "#0"},
				"east": {"uv": [4.75, 0, 4.5, 9], "texture": "#0"},
				"south": {"uv": [2, 0, 0, 9], "texture": "#0"},
				"west": {"uv": [4.75, 0, 4.5, 9], "texture": "#0"},
				"up": {"uv": [5, 0, 5.1, 0.1], "texture": "#0"},
				"down": {"uv": [5, 0, 5.1, 0.1], "texture": "#0"}
			}
		},
		{
			"from": [6.75, 4.5, 1.75],
			"to": [9.25, 5, 2.25],
			"rotation": {"angle": 0, "axis": "y", "origin": [13.5, 7.75, -3.25]},
			"faces": {
				"north": {"uv": [3.75, 10.75, 3.85, 10.85], "texture": "#0"},
				"east": {"uv": [3.75, 10.75, 3.85, 10.85], "texture": "#0"},
				"south": {"uv": [3.75, 10.75, 3.85, 10.85], "texture": "#0"},
				"west": {"uv": [3.75, 10.75, 3.85, 10.85], "texture": "#0"},
				"up": {"uv": [3.75, 10.75, 3.85, 10.85], "texture": "#0"},
				"down": {"uv": [3.75, 10.75, 3.85, 10.85], "texture": "#0"}
			}
		},
		{
			"from": [6.75, 5.5, 1.75],
			"to": [9.25, 6, 2.25],
			"rotation": {"angle": 0, "axis": "y", "origin": [13.5, 8.75, -3.25]},
			"faces": {
				"north": {"uv": [3.75, 10.75, 3.85, 10.85], "texture": "#0"},
				"east": {"uv": [3.75, 10.75, 3.85, 10.85], "texture": "#0"},
				"south": {"uv": [3.75, 10.75, 3.85, 10.85], "texture": "#0"},
				"west": {"uv": [3.75, 10.75, 3.85, 10.85], "texture": "#0"},
				"up": {"uv": [3.75, 10.75, 3.85, 10.85], "texture": "#0"},
				"down": {"uv": [3.75, 10.75, 3.85, 10.85], "texture": "#0"}
			}
		},
		{
			"from": [6.25, 4.5, 2.25],
			"to": [9.75, 5, 2.75],
			"rotation": {"angle": 0, "axis": "y", "origin": [13.5, 7.75, -3.25]},
			"faces": {
				"north": {"uv": [3.75, 10.75, 3.85, 10.85], "texture": "#0"},
				"east": {"uv": [3.75, 10.75, 3.85, 10.85], "texture": "#0"},
				"south": {"uv": [3.75, 10.75, 3.85, 10.85], "texture": "#0"},
				"west": {"uv": [3.75, 10.75, 3.85, 10.85], "texture": "#0"},
				"up": {"uv": [3.75, 10.75, 3.85, 10.85], "texture": "#0"},
				"down": {"uv": [3.75, 10.75, 3.85, 10.85], "texture": "#0"}
			}
		},
		{
			"from": [6.25, 5.5, 2.25],
			"to": [9.75, 6, 2.75],
			"rotation": {"angle": 0, "axis": "y", "origin": [13.5, 8.75, -3.25]},
			"faces": {
				"north": {"uv": [3.75, 10.75, 3.85, 10.85], "texture": "#0"},
				"east": {"uv": [3.75, 10.75, 3.85, 10.85], "texture": "#0"},
				"south": {"uv": [3.75, 10.75, 3.85, 10.85], "texture": "#0"},
				"west": {"uv": [3.75, 10.75, 3.85, 10.85], "texture": "#0"},
				"up": {"uv": [3.75, 10.75, 3.85, 10.85], "texture": "#0"},
				"down": {"uv": [3.75, 10.75, 3.85, 10.85], "texture": "#0"}
			}
		},
		{
			"from": [3.75, 4.5, 2.75],
			"to": [12.25, 5, 3.5],
			"rotation": {"angle": 0, "axis": "y", "origin": [13.5, 7.75, -3.25]},
			"faces": {
				"north": {"uv": [3.75, 10.75, 3.85, 10.85], "texture": "#0"},
				"east": {"uv": [3.75, 10.75, 3.85, 10.85], "texture": "#0"},
				"south": {"uv": [3.75, 10.75, 3.85, 10.85], "texture": "#0"},
				"west": {"uv": [3.75, 10.75, 3.85, 10.85], "texture": "#0"},
				"up": {"uv": [3.75, 10.75, 3.85, 10.85], "texture": "#0"},
				"down": {"uv": [3.75, 10.75, 3.85, 10.85], "texture": "#0"}
			}
		},
		{
			"from": [3.75, 5.5, 2.75],
			"to": [12.25, 6, 3.5],
			"rotation": {"angle": 0, "axis": "y", "origin": [13.5, 8.75, -3.25]},
			"faces": {
				"north": {"uv": [3.75, 10.75, 3.85, 10.85], "texture": "#0"},
				"east": {"uv": [3.75, 10.75, 3.85, 10.85], "texture": "#0"},
				"south": {"uv": [3.75, 10.75, 3.85, 10.85], "texture": "#0"},
				"west": {"uv": [3.75, 10.75, 3.85, 10.85], "texture": "#0"},
				"up": {"uv": [3.75, 10.75, 3.85, 10.85], "texture": "#0"},
				"down": {"uv": [3.75, 10.75, 3.85, 10.85], "texture": "#0"}
			}
		},
		{
			"from": [12.25, 4.5, 12],
			"to": [12.75, 5, 12.75],
			"rotation": {"angle": 0, "axis": "y", "origin": [13.5, 7.75, 6.5]},
			"faces": {
				"north": {"uv": [3.75, 10.75, 3.85, 10.85], "texture": "#0"},
				"east": {"uv": [3.75, 10.75, 3.85, 10.85], "texture": "#0"},
				"south": {"uv": [3.75, 10.75, 3.85, 10.85], "texture": "#0"},
				"west": {"uv": [3.75, 10.75, 3.85, 10.85], "texture": "#0"},
				"up": {"uv": [3.75, 10.75, 3.85, 10.85], "texture": "#0"},
				"down": {"uv": [3.75, 10.75, 3.85, 10.85], "texture": "#0"}
			}
		},
		{
			"from": [12.25, 5.5, 12],
			"to": [12.75, 6, 12.75],
			"rotation": {"angle": 0, "axis": "y", "origin": [13.5, 8.75, 6.5]},
			"faces": {
				"north": {"uv": [3.75, 10.75, 3.85, 10.85], "texture": "#0"},
				"east": {"uv": [3.75, 10.75, 3.85, 10.85], "texture": "#0"},
				"south": {"uv": [3.75, 10.75, 3.85, 10.85], "texture": "#0"},
				"west": {"uv": [3.75, 10.75, 3.85, 10.85], "texture": "#0"},
				"up": {"uv": [3.75, 10.75, 3.85, 10.85], "texture": "#0"},
				"down": {"uv": [3.75, 10.75, 3.85, 10.85], "texture": "#0"}
			}
		},
		{
			"from": [3.75, 4.5, 12.5],
			"to": [12.25, 5, 13.25],
			"rotation": {"angle": 0, "axis": "y", "origin": [13.5, 7.75, 6.5]},
			"faces": {
				"north": {"uv": [3.75, 10.75, 3.85, 10.85], "texture": "#0"},
				"east": {"uv": [3.75, 10.75, 3.85, 10.85], "texture": "#0"},
				"south": {"uv": [3.75, 10.75, 3.85, 10.85], "texture": "#0"},
				"west": {"uv": [3.75, 10.75, 3.85, 10.85], "texture": "#0"},
				"up": {"uv": [3.75, 10.75, 3.85, 10.85], "texture": "#0"},
				"down": {"uv": [3.75, 10.75, 3.85, 10.85], "texture": "#0"}
			}
		},
		{
			"from": [3.75, 5.5, 12.5],
			"to": [12.25, 6, 13.25],
			"rotation": {"angle": 0, "axis": "y", "origin": [13.5, 8.75, 6.5]},
			"faces": {
				"north": {"uv": [3.75, 10.75, 3.85, 10.85], "texture": "#0"},
				"east": {"uv": [3.75, 10.75, 3.85, 10.85], "texture": "#0"},
				"south": {"uv": [3.75, 10.75, 3.85, 10.85], "texture": "#0"},
				"west": {"uv": [3.75, 10.75, 3.85, 10.85], "texture": "#0"},
				"up": {"uv": [3.75, 10.75, 3.85, 10.85], "texture": "#0"},
				"down": {"uv": [3.75, 10.75, 3.85, 10.85], "texture": "#0"}
			}
		},
		{
			"from": [3.25, 4.5, 12],
			"to": [3.75, 5, 12.75],
			"rotation": {"angle": 0, "axis": "y", "origin": [2.5, 7.75, 6.5]},
			"faces": {
				"north": {"uv": [3.75, 10.75, 3.85, 10.85], "texture": "#0"},
				"east": {"uv": [3.75, 10.75, 3.85, 10.85], "texture": "#0"},
				"south": {"uv": [3.75, 10.75, 3.85, 10.85], "texture": "#0"},
				"west": {"uv": [3.75, 10.75, 3.85, 10.85], "texture": "#0"},
				"up": {"uv": [3.75, 10.75, 3.85, 10.85], "texture": "#0"},
				"down": {"uv": [3.75, 10.75, 3.85, 10.85], "texture": "#0"}
			}
		},
		{
			"from": [3.25, 5.5, 12],
			"to": [3.75, 6, 12.75],
			"rotation": {"angle": 0, "axis": "y", "origin": [2.5, 8.75, 6.5]},
			"faces": {
				"north": {"uv": [3.75, 10.75, 3.85, 10.85], "texture": "#0"},
				"east": {"uv": [3.75, 10.75, 3.85, 10.85], "texture": "#0"},
				"south": {"uv": [3.75, 10.75, 3.85, 10.85], "texture": "#0"},
				"west": {"uv": [3.75, 10.75, 3.85, 10.85], "texture": "#0"},
				"up": {"uv": [3.75, 10.75, 3.85, 10.85], "texture": "#0"},
				"down": {"uv": [3.75, 10.75, 3.85, 10.85], "texture": "#0"}
			}
		},
		{
			"from": [12.25, 4.5, 3.25],
			"to": [12.75, 5, 4],
			"rotation": {"angle": 0, "axis": "y", "origin": [13.5, 7.75, -2.25]},
			"faces": {
				"north": {"uv": [3.75, 10.75, 3.85, 10.85], "texture": "#0"},
				"east": {"uv": [3.75, 10.75, 3.85, 10.85], "texture": "#0"},
				"south": {"uv": [3.75, 10.75, 3.85, 10.85], "texture": "#0"},
				"west": {"uv": [3.75, 10.75, 3.85, 10.85], "texture": "#0"},
				"up": {"uv": [3.75, 10.75, 3.85, 10.85], "texture": "#0"},
				"down": {"uv": [3.75, 10.75, 3.85, 10.85], "texture": "#0"}
			}
		},
		{
			"from": [12.25, 5.5, 3.25],
			"to": [12.75, 6, 4],
			"rotation": {"angle": 0, "axis": "y", "origin": [13.5, 8.75, -2.25]},
			"faces": {
				"north": {"uv": [3.75, 10.75, 3.85, 10.85], "texture": "#0"},
				"east": {"uv": [3.75, 10.75, 3.85, 10.85], "texture": "#0"},
				"south": {"uv": [3.75, 10.75, 3.85, 10.85], "texture": "#0"},
				"west": {"uv": [3.75, 10.75, 3.85, 10.85], "texture": "#0"},
				"up": {"uv": [3.75, 10.75, 3.85, 10.85], "texture": "#0"},
				"down": {"uv": [3.75, 10.75, 3.85, 10.85], "texture": "#0"}
			}
		},
		{
			"from": [3.25, 4.5, 3.25],
			"to": [3.75, 5, 4],
			"rotation": {"angle": 0, "axis": "y", "origin": [2.5, 7.75, -2.25]},
			"faces": {
				"north": {"uv": [3.75, 10.75, 3.85, 10.85], "texture": "#0"},
				"east": {"uv": [3.75, 10.75, 3.85, 10.85], "texture": "#0"},
				"south": {"uv": [3.75, 10.75, 3.85, 10.85], "texture": "#0"},
				"west": {"uv": [3.75, 10.75, 3.85, 10.85], "texture": "#0"},
				"up": {"uv": [3.75, 10.75, 3.85, 10.85], "texture": "#0"},
				"down": {"uv": [3.75, 10.75, 3.85, 10.85], "texture": "#0"}
			}
		},
		{
			"from": [3.25, 5.5, 3.25],
			"to": [3.75, 6, 4],
			"rotation": {"angle": 0, "axis": "y", "origin": [2.5, 8.75, -2.25]},
			"faces": {
				"north": {"uv": [3.75, 10.75, 3.85, 10.85], "texture": "#0"},
				"east": {"uv": [3.75, 10.75, 3.85, 10.85], "texture": "#0"},
				"south": {"uv": [3.75, 10.75, 3.85, 10.85], "texture": "#0"},
				"west": {"uv": [3.75, 10.75, 3.85, 10.85], "texture": "#0"},
				"up": {"uv": [3.75, 10.75, 3.85, 10.85], "texture": "#0"},
				"down": {"uv": [3.75, 10.75, 3.85, 10.85], "texture": "#0"}
			}
		},
		{
			"from": [2.75, 4.5, 9.5],
			"to": [3.25, 5, 12.25],
			"rotation": {"angle": 0, "axis": "y", "origin": [2.5, 7.75, 6.5]},
			"faces": {
				"north": {"uv": [3.75, 10.75, 3.85, 10.85], "texture": "#0"},
				"east": {"uv": [3.75, 10.75, 3.85, 10.85], "texture": "#0"},
				"south": {"uv": [3.75, 10.75, 3.85, 10.85], "texture": "#0"},
				"west": {"uv": [3.75, 10.75, 3.85, 10.85], "texture": "#0"},
				"up": {"uv": [3.75, 10.75, 3.85, 10.85], "texture": "#0"},
				"down": {"uv": [3.75, 10.75, 3.85, 10.85], "texture": "#0"}
			}
		},
		{
			"from": [2.75, 5.5, 9.5],
			"to": [3.25, 6, 12.25],
			"rotation": {"angle": 0, "axis": "y", "origin": [2.5, 8.75, 6.5]},
			"faces": {
				"north": {"uv": [3.75, 10.75, 3.85, 10.85], "texture": "#0"},
				"east": {"uv": [3.75, 10.75, 3.85, 10.85], "texture": "#0"},
				"south": {"uv": [3.75, 10.75, 3.85, 10.85], "texture": "#0"},
				"west": {"uv": [3.75, 10.75, 3.85, 10.85], "texture": "#0"},
				"up": {"uv": [3.75, 10.75, 3.85, 10.85], "texture": "#0"},
				"down": {"uv": [3.75, 10.75, 3.85, 10.85], "texture": "#0"}
			}
		},
		{
			"from": [12.75, 4.5, 9.5],
			"to": [13.25, 5, 12.25],
			"rotation": {"angle": 0, "axis": "y", "origin": [13.5, 7.75, 6.5]},
			"faces": {
				"north": {"uv": [3.75, 10.75, 3.85, 10.85], "texture": "#0"},
				"east": {"uv": [3.75, 10.75, 3.85, 10.85], "texture": "#0"},
				"south": {"uv": [3.75, 10.75, 3.85, 10.85], "texture": "#0"},
				"west": {"uv": [3.75, 10.75, 3.85, 10.85], "texture": "#0"},
				"up": {"uv": [3.75, 10.75, 3.85, 10.85], "texture": "#0"},
				"down": {"uv": [3.75, 10.75, 3.85, 10.85], "texture": "#0"}
			}
		},
		{
			"from": [12.75, 5.5, 9.5],
			"to": [13.25, 6, 12.25],
			"rotation": {"angle": 0, "axis": "y", "origin": [13.5, 8.75, 6.5]},
			"faces": {
				"north": {"uv": [3.75, 10.75, 3.85, 10.85], "texture": "#0"},
				"east": {"uv": [3.75, 10.75, 3.85, 10.85], "texture": "#0"},
				"south": {"uv": [3.75, 10.75, 3.85, 10.85], "texture": "#0"},
				"west": {"uv": [3.75, 10.75, 3.85, 10.85], "texture": "#0"},
				"up": {"uv": [3.75, 10.75, 3.85, 10.85], "texture": "#0"},
				"down": {"uv": [3.75, 10.75, 3.85, 10.85], "texture": "#0"}
			}
		},
		{
			"from": [13.25, 4.5, 6.25],
			"to": [13.75, 5, 9.75],
			"rotation": {"angle": 0, "axis": "y", "origin": [13.5, 7.75, 6.5]},
			"faces": {
				"north": {"uv": [3.75, 10.75, 3.85, 10.85], "texture": "#0"},
				"east": {"uv": [3.75, 10.75, 3.85, 10.85], "texture": "#0"},
				"south": {"uv": [3.75, 10.75, 3.85, 10.85], "texture": "#0"},
				"west": {"uv": [3.75, 10.75, 3.85, 10.85], "texture": "#0"},
				"up": {"uv": [3.75, 10.75, 3.85, 10.85], "texture": "#0"},
				"down": {"uv": [3.75, 10.75, 3.85, 10.85], "texture": "#0"}
			}
		},
		{
			"from": [13.25, 5.5, 6.25],
			"to": [13.75, 6, 9.75],
			"rotation": {"angle": 0, "axis": "y", "origin": [13.5, 8.75, 6.5]},
			"faces": {
				"north": {"uv": [3.75, 10.75, 3.85, 10.85], "texture": "#0"},
				"east": {"uv": [3.75, 10.75, 3.85, 10.85], "texture": "#0"},
				"south": {"uv": [3.75, 10.75, 3.85, 10.85], "texture": "#0"},
				"west": {"uv": [3.75, 10.75, 3.85, 10.85], "texture": "#0"},
				"up": {"uv": [3.75, 10.75, 3.85, 10.85], "texture": "#0"},
				"down": {"uv": [3.75, 10.75, 3.85, 10.85], "texture": "#0"}
			}
		},
		{
			"from": [2.25, 4.5, 6.25],
			"to": [2.75, 5, 9.75],
			"rotation": {"angle": 0, "axis": "y", "origin": [2.5, 7.75, 6.5]},
			"faces": {
				"north": {"uv": [3.75, 10.75, 3.85, 10.85], "texture": "#0"},
				"east": {"uv": [3.75, 10.75, 3.85, 10.85], "texture": "#0"},
				"south": {"uv": [3.75, 10.75, 3.85, 10.85], "texture": "#0"},
				"west": {"uv": [3.75, 10.75, 3.85, 10.85], "texture": "#0"},
				"up": {"uv": [3.75, 10.75, 3.85, 10.85], "texture": "#0"},
				"down": {"uv": [3.75, 10.75, 3.85, 10.85], "texture": "#0"}
			}
		},
		{
			"from": [2.25, 5.5, 6.25],
			"to": [2.75, 6, 9.75],
			"rotation": {"angle": 0, "axis": "y", "origin": [2.5, 8.75, 6.5]},
			"faces": {
				"north": {"uv": [3.75, 10.75, 3.85, 10.85], "texture": "#0"},
				"east": {"uv": [3.75, 10.75, 3.85, 10.85], "texture": "#0"},
				"south": {"uv": [3.75, 10.75, 3.85, 10.85], "texture": "#0"},
				"west": {"uv": [3.75, 10.75, 3.85, 10.85], "texture": "#0"},
				"up": {"uv": [3.75, 10.75, 3.85, 10.85], "texture": "#0"},
				"down": {"uv": [3.75, 10.75, 3.85, 10.85], "texture": "#0"}
			}
		},
		{
			"from": [13.75, 4.5, 6.75],
			"to": [14.25, 5, 9.25],
			"rotation": {"angle": 0, "axis": "y", "origin": [13.5, 7.75, 6.5]},
			"faces": {
				"north": {"uv": [3.75, 10.75, 3.85, 10.85], "texture": "#0"},
				"east": {"uv": [3.75, 10.75, 3.85, 10.85], "texture": "#0"},
				"south": {"uv": [3.75, 10.75, 3.85, 10.85], "texture": "#0"},
				"west": {"uv": [3.75, 10.75, 3.85, 10.85], "texture": "#0"},
				"up": {"uv": [3.75, 10.75, 3.85, 10.85], "texture": "#0"},
				"down": {"uv": [3.75, 10.75, 3.85, 10.85], "texture": "#0"}
			}
		},
		{
			"from": [13.75, 5.5, 6.75],
			"to": [14.25, 6, 9.25],
			"rotation": {"angle": 0, "axis": "y", "origin": [13.5, 8.75, 6.5]},
			"faces": {
				"north": {"uv": [3.75, 10.75, 3.85, 10.85], "texture": "#0"},
				"east": {"uv": [3.75, 10.75, 3.85, 10.85], "texture": "#0"},
				"south": {"uv": [3.75, 10.75, 3.85, 10.85], "texture": "#0"},
				"west": {"uv": [3.75, 10.75, 3.85, 10.85], "texture": "#0"},
				"up": {"uv": [3.75, 10.75, 3.85, 10.85], "texture": "#0"},
				"down": {"uv": [3.75, 10.75, 3.85, 10.85], "texture": "#0"}
			}
		},
		{
			"from": [1.75, 4.5, 6.75],
			"to": [2.25, 5, 9.25],
			"rotation": {"angle": 0, "axis": "y", "origin": [2.5, 7.75, 6.5]},
			"faces": {
				"north": {"uv": [3.75, 10.75, 3.85, 10.85], "texture": "#0"},
				"east": {"uv": [3.75, 10.75, 3.85, 10.85], "texture": "#0"},
				"south": {"uv": [3.75, 10.75, 3.85, 10.85], "texture": "#0"},
				"west": {"uv": [3.75, 10.75, 3.85, 10.85], "texture": "#0"},
				"up": {"uv": [3.75, 10.75, 3.85, 10.85], "texture": "#0"},
				"down": {"uv": [3.75, 10.75, 3.85, 10.85], "texture": "#0"}
			}
		},
		{
			"from": [1.75, 5.5, 6.75],
			"to": [2.25, 6, 9.25],
			"rotation": {"angle": 0, "axis": "y", "origin": [2.5, 8.75, 6.5]},
			"faces": {
				"north": {"uv": [3.75, 10.75, 3.85, 10.85], "texture": "#0"},
				"east": {"uv": [3.75, 10.75, 3.85, 10.85], "texture": "#0"},
				"south": {"uv": [3.75, 10.75, 3.85, 10.85], "texture": "#0"},
				"west": {"uv": [3.75, 10.75, 3.85, 10.85], "texture": "#0"},
				"up": {"uv": [3.75, 10.75, 3.85, 10.85], "texture": "#0"},
				"down": {"uv": [3.75, 10.75, 3.85, 10.85], "texture": "#0"}
			}
		},
		{
			"from": [12.75, 4.5, 3.75],
			"to": [13.25, 5, 6.5],
			"rotation": {"angle": 0, "axis": "y", "origin": [13.5, 7.75, 0.75]},
			"faces": {
				"north": {"uv": [3.75, 10.75, 3.85, 10.85], "texture": "#0"},
				"east": {"uv": [3.75, 10.75, 3.85, 10.85], "texture": "#0"},
				"south": {"uv": [3.75, 10.75, 3.85, 10.85], "texture": "#0"},
				"west": {"uv": [3.75, 10.75, 3.85, 10.85], "texture": "#0"},
				"up": {"uv": [3.75, 10.75, 3.85, 10.85], "texture": "#0"},
				"down": {"uv": [3.75, 10.75, 3.85, 10.85], "texture": "#0"}
			}
		},
		{
			"from": [12.75, 5.5, 3.75],
			"to": [13.25, 6, 6.5],
			"rotation": {"angle": 0, "axis": "y", "origin": [13.5, 8.75, 0.75]},
			"faces": {
				"north": {"uv": [3.75, 10.75, 3.85, 10.85], "texture": "#0"},
				"east": {"uv": [3.75, 10.75, 3.85, 10.85], "texture": "#0"},
				"south": {"uv": [3.75, 10.75, 3.85, 10.85], "texture": "#0"},
				"west": {"uv": [3.75, 10.75, 3.85, 10.85], "texture": "#0"},
				"up": {"uv": [3.75, 10.75, 3.85, 10.85], "texture": "#0"},
				"down": {"uv": [3.75, 10.75, 3.85, 10.85], "texture": "#0"}
			}
		},
		{
			"from": [2.75, 4.5, 3.75],
			"to": [3.25, 5, 6.5],
			"rotation": {"angle": 0, "axis": "y", "origin": [2.5, 7.75, 0.75]},
			"faces": {
				"north": {"uv": [3.75, 10.75, 3.85, 10.85], "texture": "#0"},
				"east": {"uv": [3.75, 10.75, 3.85, 10.85], "texture": "#0"},
				"south": {"uv": [3.75, 10.75, 3.85, 10.85], "texture": "#0"},
				"west": {"uv": [3.75, 10.75, 3.85, 10.85], "texture": "#0"},
				"up": {"uv": [3.75, 10.75, 3.85, 10.85], "texture": "#0"},
				"down": {"uv": [3.75, 10.75, 3.85, 10.85], "texture": "#0"}
			}
		},
		{
			"from": [2.75, 5.5, 3.75],
			"to": [3.25, 6, 6.5],
			"rotation": {"angle": 0, "axis": "y", "origin": [2.5, 8.75, 0.75]},
			"faces": {
				"north": {"uv": [3.75, 10.75, 3.85, 10.85], "texture": "#0"},
				"east": {"uv": [3.75, 10.75, 3.85, 10.85], "texture": "#0"},
				"south": {"uv": [3.75, 10.75, 3.85, 10.85], "texture": "#0"},
				"west": {"uv": [3.75, 10.75, 3.85, 10.85], "texture": "#0"},
				"up": {"uv": [3.75, 10.75, 3.85, 10.85], "texture": "#0"},
				"down": {"uv": [3.75, 10.75, 3.85, 10.85], "texture": "#0"}
			}
		},
		{
			"from": [5, 3.5, 13],
			"to": [11, 8.25, 14.25],
			"rotation": {"angle": 0, "axis": "y", "origin": [13.5, 8, 6.5]},
			"faces": {
				"north": {"uv": [2, 0, 8, 4.75], "texture": "#0"},
				"east": {"uv": [0, 11.25, 1.25, 16], "texture": "#0"},
				"south": {"uv": [10, 11.25, 16, 16], "texture": "#0"},
				"west": {"uv": [0, 11.25, 1.25, 16], "texture": "#0"},
				"up": {"uv": [0, 9.75, 6, 11], "texture": "#0"},
				"down": {"uv": [0, 9.75, 6, 11], "texture": "#0"}
			}
		}
	],
	"display": {
		"thirdperson_righthand": {
			"translation": [0, 5.25, -1.5]
		},
		"thirdperson_lefthand": {
			"translation": [0, 5.25, -1.5]
		},
		"firstperson_righthand": {
			"translation": [0, 3, 0]
		},
		"firstperson_lefthand": {
			"translation": [0, 3, 0]
		},
		"ground": {
			"translation": [0, 5, 0]
		},
		"gui": {
			"rotation": [21, 30, 0],
			"translation": [0, 1.75, 0]
		},
		"head": {
			"translation": [0, -35.5, 0]
		},
		"fixed": {
			"rotation": [0, -180, 0]
		}
	},
	"groups": [
		{
			"name": "group",
			"origin": [12, 4.75, 9.75],
			"children": [0, 1, 2, 3, 4, 5, 6, 7, 8, 9, 10, 11, 12, 13, 14, 15, 16, 17, 18, 19, 20, 21, 22, 23, 24, 25, 26, 27, 28, 29, 30, 31, 32, 33, 34, 35, 36]
		},
		{
			"name": "group",
			"origin": [13.5, 8, 6.5],
			"children": [37, 38, 39, 40, 41, 42, 43, 44, 45, 46, 47, 48, 49, 50, 51, 52, 53, 54, 55, 56, 57, 58, 59, 60, 61, 62, 63, 64, 65, 66, 67, 68, 69]
		}
	]
}