{
	"credit": "Made by MILENARY",
	"textures": {
		"0": "block/ex_pt_a",
		"particle": "block/ex_pt_a"
	},
	"elements": [
		{
			"from": [0, 0, 8],
			"to": [16, 16, 8],
			"rotation": {"angle": 0, "axis": "y", "origin": [8, 8, 0]},
			"faces": {
				"north": {"uv": [0, 0, 16, 16], "texture": "#0"},
				"east": {"uv": [0, 0, 16, 16], "rotation": 90, "texture": "#0"},
				"west": {"uv": [0, 0, 16, 16], "rotation": 270, "texture": "#0"},
				"up": {"uv": [0, 0, 16, 16], "texture": "#0"},
				"down": {"uv": [0, 0, 16, 16], "rotation": 180, "texture": "#0"}
			}
		}
	],
	"display": {
		"gui": {
			"rotation": [-180, 0, -180],
			"translation": [0, 1, 0]
		},
		"head": {
			"translation": [0, -6.75, 0],
			"scale": [1.5, 1.5, 1]
		}
	}
}