{
	"credit": "Made by MILENARY",
	"textures": {
		"0": "block/purple_skill_1",
		"particle": "block/purple_skill_1"
	},
	"elements": [
		{
			"name": "purple_skill_1_0",
			"from": [6.78788, 0, 0],
			"to": [8.72727, 0.48485, 14.54545],
			"faces": {
				"north": {"uv": [8.72727, 0, 6.78788, 0.48485], "texture": "#0"},
				"east": {"uv": [8.24242, 0, 8.72727, 14.54545], "rotation": 90, "texture": "#0"},
				"south": {"uv": [6.78788, 14.06061, 8.72727, 14.54545], "texture": "#0"},
				"west": {"uv": [6.78788, 0, 7.27273, 14.54545], "rotation": 270, "texture": "#0"},
				"up": {"uv": [6.78788, 0, 8.72727, 14.54545], "texture": "#0"},
				"down": {"uv": [6.78788, 14.54545, 8.72727, 0], "texture": "#0"}
			}
		},
		{
			"name": "purple_skill_1_1",
			"from": [12.12121, 0, 0],
			"to": [13.57576, 0.48485, 5.81818],
			"faces": {
				"north": {"uv": [13.57576, 0, 12.12121, 0.48485], "texture": "#0"},
				"east": {"uv": [13.09091, 0, 13.57576, 5.81818], "rotation": 90, "texture": "#0"},
				"south": {"uv": [12.12121, 5.33333, 13.57576, 5.81818], "texture": "#0"},
				"west": {"uv": [12.12121, 0, 12.60606, 5.81818], "rotation": 270, "texture": "#0"},
				"up": {"uv": [12.12121, 0, 13.57576, 5.81818], "texture": "#0"},
				"down": {"uv": [12.12121, 5.81818, 13.57576, 0], "texture": "#0"}
			}
		},
		{
			"name": "purple_skill_1_2",
			"from": [6.30303, 0, 0.48485],
			"to": [6.78788, 0.48485, 15.0303],
			"faces": {
				"north": {"uv": [6.78788, 0.48485, 6.30303, 0.9697], "texture": "#0"},
				"east": {"uv": [6.30303, 0.48485, 6.78788, 15.0303], "rotation": 90, "texture": "#0"},
				"south": {"uv": [6.30303, 14.54545, 6.78788, 15.0303], "texture": "#0"},
				"west": {"uv": [6.30303, 0.48485, 6.78788, 15.0303], "rotation": 270, "texture": "#0"},
				"up": {"uv": [6.30303, 0.48485, 6.78788, 15.0303], "texture": "#0"},
				"down": {"uv": [6.30303, 15.0303, 6.78788, 0.48485], "texture": "#0"}
			}
		},
		{
			"name": "purple_skill_1_3",
			"from": [8.72727, 0, 0.48485],
			"to": [9.21212, 0.48485, 16],
			"faces": {
				"north": {"uv": [9.21212, 0.48485, 8.72727, 0.9697], "texture": "#0"},
				"east": {"uv": [8.72727, 0.48485, 9.21212, 16], "rotation": 90, "texture": "#0"},
				"south": {"uv": [8.72727, 15.51515, 9.21212, 16], "texture": "#0"},
				"west": {"uv": [8.72727, 0.48485, 9.21212, 16], "rotation": 270, "texture": "#0"},
				"up": {"uv": [8.72727, 0.48485, 9.21212, 16], "texture": "#0"},
				"down": {"uv": [8.72727, 16, 9.21212, 0.48485], "texture": "#0"}
			}
		},
		{
			"name": "purple_skill_1_4",
			"from": [11.15152, 0, 0.48485],
			"to": [12.12121, 0.48485, 4.84848],
			"faces": {
				"north": {"uv": [12.12121, 0.48485, 11.15152, 0.9697], "texture": "#0"},
				"east": {"uv": [11.63636, 0.48485, 12.12121, 4.84848], "rotation": 90, "texture": "#0"},
				"south": {"uv": [11.15152, 4.36364, 12.12121, 4.84848], "texture": "#0"},
				"west": {"uv": [11.15152, 0.48485, 11.63636, 4.84848], "rotation": 270, "texture": "#0"},
				"up": {"uv": [11.15152, 0.48485, 12.12121, 4.84848], "texture": "#0"},
				"down": {"uv": [11.15152, 4.84848, 12.12121, 0.48485], "texture": "#0"}
			}
		},
		{
			"name": "purple_skill_1_5",
			"from": [13.57576, 0, 0.48485],
			"to": [14.54545, 0.48485, 9.21212],
			"faces": {
				"north": {"uv": [14.54545, 0.48485, 13.57576, 0.9697], "texture": "#0"},
				"east": {"uv": [14.06061, 0.48485, 14.54545, 9.21212], "rotation": 90, "texture": "#0"},
				"south": {"uv": [13.57576, 8.72727, 14.54545, 9.21212], "texture": "#0"},
				"west": {"uv": [13.57576, 0.48485, 14.06061, 9.21212], "rotation": 270, "texture": "#0"},
				"up": {"uv": [13.57576, 0.48485, 14.54545, 9.21212], "texture": "#0"},
				"down": {"uv": [13.57576, 9.21212, 14.54545, 0.48485], "texture": "#0"}
			}
		},
		{
			"name": "purple_skill_1_6",
			"from": [5.81818, 0, 0.9697],
			"to": [6.30303, 0.48485, 15.0303],
			"faces": {
				"north": {"uv": [6.30303, 0.9697, 5.81818, 1.45455], "texture": "#0"},
				"east": {"uv": [5.81818, 0.9697, 6.30303, 15.0303], "rotation": 90, "texture": "#0"},
				"south": {"uv": [5.81818, 14.54545, 6.30303, 15.0303], "texture": "#0"},
				"west": {"uv": [5.81818, 0.9697, 6.30303, 15.0303], "rotation": 270, "texture": "#0"},
				"up": {"uv": [5.81818, 0.9697, 6.30303, 15.0303], "texture": "#0"},
				"down": {"uv": [5.81818, 15.0303, 6.30303, 0.9697], "texture": "#0"}
			}
		},
		{
			"name": "purple_skill_1_7",
			"from": [9.21212, 0, 0.9697],
			"to": [9.69697, 0.48485, 16],
			"faces": {
				"north": {"uv": [9.69697, 0.9697, 9.21212, 1.45455], "texture": "#0"},
				"east": {"uv": [9.21212, 0.9697, 9.69697, 16], "rotation": 90, "texture": "#0"},
				"south": {"uv": [9.21212, 15.51515, 9.69697, 16], "texture": "#0"},
				"west": {"uv": [9.21212, 0.9697, 9.69697, 16], "rotation": 270, "texture": "#0"},
				"up": {"uv": [9.21212, 0.9697, 9.69697, 16], "texture": "#0"},
				"down": {"uv": [9.21212, 16, 9.69697, 0.9697], "texture": "#0"}
			}
		},
		{
			"name": "purple_skill_1_8",
			"from": [10.66667, 0, 0.9697],
			"to": [11.15152, 0.48485, 5.81818],
			"faces": {
				"north": {"uv": [11.15152, 0.9697, 10.66667, 1.45455], "texture": "#0"},
				"east": {"uv": [10.66667, 0.9697, 11.15152, 5.81818], "rotation": 90, "texture": "#0"},
				"south": {"uv": [10.66667, 5.33333, 11.15152, 5.81818], "texture": "#0"},
				"west": {"uv": [10.66667, 0.9697, 11.15152, 5.81818], "rotation": 270, "texture": "#0"},
				"up": {"uv": [10.66667, 0.9697, 11.15152, 5.81818], "texture": "#0"},
				"down": {"uv": [10.66667, 5.81818, 11.15152, 0.9697], "texture": "#0"}
			}
		},
		{
			"name": "purple_skill_1_9",
			"from": [14.54545, 0, 0.9697],
			"to": [15.0303, 0.48485, 8.72727],
			"faces": {
				"north": {"uv": [15.0303, 0.9697, 14.54545, 1.45455], "texture": "#0"},
				"east": {"uv": [14.54545, 0.9697, 15.0303, 8.72727], "rotation": 90, "texture": "#0"},
				"south": {"uv": [14.54545, 8.24242, 15.0303, 8.72727], "texture": "#0"},
				"west": {"uv": [14.54545, 0.9697, 15.0303, 8.72727], "rotation": 270, "texture": "#0"},
				"up": {"uv": [14.54545, 0.9697, 15.0303, 8.72727], "texture": "#0"},
				"down": {"uv": [14.54545, 8.72727, 15.0303, 0.9697], "texture": "#0"}
			}
		},
		{
			"name": "purple_skill_1_10",
			"from": [5.33333, 0, 1.45455],
			"to": [5.81818, 0.48485, 15.0303],
			"faces": {
				"north": {"uv": [5.81818, 1.45455, 5.33333, 1.93939], "texture": "#0"},
				"east": {"uv": [5.33333, 1.45455, 5.81818, 15.0303], "rotation": 90, "texture": "#0"},
				"south": {"uv": [5.33333, 14.54545, 5.81818, 15.0303], "texture": "#0"},
				"west": {"uv": [5.33333, 1.45455, 5.81818, 15.0303], "rotation": 270, "texture": "#0"},
				"up": {"uv": [5.33333, 1.45455, 5.81818, 15.0303], "texture": "#0"},
				"down": {"uv": [5.33333, 15.0303, 5.81818, 1.45455], "texture": "#0"}
			}
		},
		{
			"name": "purple_skill_1_11",
			"from": [9.69697, 0, 1.45455],
			"to": [10.66667, 0.48485, 16],
			"faces": {
				"north": {"uv": [10.66667, 1.45455, 9.69697, 1.93939], "texture": "#0"},
				"east": {"uv": [10.18182, 1.45455, 10.66667, 16], "rotation": 90, "texture": "#0"},
				"south": {"uv": [9.69697, 15.51515, 10.66667, 16], "texture": "#0"},
				"west": {"uv": [9.69697, 1.45455, 10.18182, 16], "rotation": 270, "texture": "#0"},
				"up": {"uv": [9.69697, 1.45455, 10.66667, 16], "texture": "#0"},
				"down": {"uv": [9.69697, 16, 10.66667, 1.45455], "texture": "#0"}
			}
		},
		{
			"name": "purple_skill_1_12",
			"from": [4.84848, 0, 2.90909],
			"to": [5.33333, 0.48485, 8.24242],
			"faces": {
				"north": {"uv": [5.33333, 2.90909, 4.84848, 3.39394], "texture": "#0"},
				"east": {"uv": [4.84848, 2.90909, 5.33333, 8.24242], "rotation": 90, "texture": "#0"},
				"south": {"uv": [4.84848, 7.75758, 5.33333, 8.24242], "texture": "#0"},
				"west": {"uv": [4.84848, 2.90909, 5.33333, 8.24242], "rotation": 270, "texture": "#0"},
				"up": {"uv": [4.84848, 2.90909, 5.33333, 8.24242], "texture": "#0"},
				"down": {"uv": [4.84848, 8.24242, 5.33333, 2.90909], "texture": "#0"}
			}
		},
		{
			"name": "purple_skill_1_13",
			"from": [15.0303, 0, 2.90909],
			"to": [15.51515, 0.48485, 8.24242],
			"faces": {
				"north": {"uv": [15.51515, 2.90909, 15.0303, 3.39394], "texture": "#0"},
				"east": {"uv": [15.0303, 2.90909, 15.51515, 8.24242], "rotation": 90, "texture": "#0"},
				"south": {"uv": [15.0303, 7.75758, 15.51515, 8.24242], "texture": "#0"},
				"west": {"uv": [15.0303, 2.90909, 15.51515, 8.24242], "rotation": 270, "texture": "#0"},
				"up": {"uv": [15.0303, 2.90909, 15.51515, 8.24242], "texture": "#0"},
				"down": {"uv": [15.0303, 8.24242, 15.51515, 2.90909], "texture": "#0"}
			}
		},
		{
			"name": "purple_skill_1_14",
			"from": [3.87879, 0, 3.39394],
			"to": [4.84848, 0.48485, 8.72727],
			"faces": {
				"north": {"uv": [4.84848, 3.39394, 3.87879, 3.87879], "texture": "#0"},
				"east": {"uv": [4.36364, 3.39394, 4.84848, 8.72727], "rotation": 90, "texture": "#0"},
				"south": {"uv": [3.87879, 8.24242, 4.84848, 8.72727], "texture": "#0"},
				"west": {"uv": [3.87879, 3.39394, 4.36364, 8.72727], "rotation": 270, "texture": "#0"},
				"up": {"uv": [3.87879, 3.39394, 4.84848, 8.72727], "texture": "#0"},
				"down": {"uv": [3.87879, 8.72727, 4.84848, 3.39394], "texture": "#0"}
			}
		},
		{
			"name": "purple_skill_1_15",
			"from": [2.90909, 0, 3.87879],
			"to": [3.87879, 0.48485, 14.06061],
			"faces": {
				"north": {"uv": [3.87879, 3.87879, 2.90909, 4.36364], "texture": "#0"},
				"east": {"uv": [3.39394, 3.87879, 3.87879, 14.06061], "rotation": 90, "texture": "#0"},
				"south": {"uv": [2.90909, 13.57576, 3.87879, 14.06061], "texture": "#0"},
				"west": {"uv": [2.90909, 3.87879, 3.39394, 14.06061], "rotation": 270, "texture": "#0"},
				"up": {"uv": [2.90909, 3.87879, 3.87879, 14.06061], "texture": "#0"},
				"down": {"uv": [2.90909, 14.06061, 3.87879, 3.87879], "texture": "#0"}
			}
		},
		{
			"name": "purple_skill_1_16",
			"from": [2.42424, 0, 4.36364],
			"to": [2.90909, 0.48485, 14.06061],
			"faces": {
				"north": {"uv": [2.90909, 4.36364, 2.42424, 4.84848], "texture": "#0"},
				"east": {"uv": [2.42424, 4.36364, 2.90909, 14.06061], "rotation": 90, "texture": "#0"},
				"south": {"uv": [2.42424, 13.57576, 2.90909, 14.06061], "texture": "#0"},
				"west": {"uv": [2.42424, 4.36364, 2.90909, 14.06061], "rotation": 270, "texture": "#0"},
				"up": {"uv": [2.42424, 4.36364, 2.90909, 14.06061], "texture": "#0"},
				"down": {"uv": [2.42424, 14.06061, 2.90909, 4.36364], "texture": "#0"}
			}
		},
		{
			"name": "purple_skill_1_17",
			"from": [1.93939, 0, 4.84848],
			"to": [2.42424, 0.48485, 13.57576],
			"faces": {
				"north": {"uv": [2.42424, 4.84848, 1.93939, 5.33333], "texture": "#0"},
				"east": {"uv": [1.93939, 4.84848, 2.42424, 13.57576], "rotation": 90, "texture": "#0"},
				"south": {"uv": [1.93939, 13.09091, 2.42424, 13.57576], "texture": "#0"},
				"west": {"uv": [1.93939, 4.84848, 2.42424, 13.57576], "rotation": 270, "texture": "#0"},
				"up": {"uv": [1.93939, 4.84848, 2.42424, 13.57576], "texture": "#0"},
				"down": {"uv": [1.93939, 13.57576, 2.42424, 4.84848], "texture": "#0"}
			}
		},
		{
			"name": "purple_skill_1_18",
			"from": [11.15152, 0, 4.84848],
			"to": [11.63636, 0.48485, 5.33333],
			"faces": {
				"north": {"uv": [11.63636, 4.84848, 11.15152, 5.33333], "texture": "#0"},
				"east": {"uv": [11.15152, 4.84848, 11.63636, 5.33333], "rotation": 90, "texture": "#0"},
				"south": {"uv": [11.15152, 4.84848, 11.63636, 5.33333], "texture": "#0"},
				"west": {"uv": [11.15152, 4.84848, 11.63636, 5.33333], "rotation": 270, "texture": "#0"},
				"up": {"uv": [11.15152, 4.84848, 11.63636, 5.33333], "texture": "#0"},
				"down": {"uv": [11.15152, 5.33333, 11.63636, 4.84848], "texture": "#0"}
			}
		},
		{
			"name": "purple_skill_1_19",
			"from": [1.45455, 0, 5.33333],
			"to": [1.93939, 0.48485, 13.57576],
			"faces": {
				"north": {"uv": [1.93939, 5.33333, 1.45455, 5.81818], "texture": "#0"},
				"east": {"uv": [1.45455, 5.33333, 1.93939, 13.57576], "rotation": 90, "texture": "#0"},
				"south": {"uv": [1.45455, 13.09091, 1.93939, 13.57576], "texture": "#0"},
				"west": {"uv": [1.45455, 5.33333, 1.93939, 13.57576], "rotation": 270, "texture": "#0"},
				"up": {"uv": [1.45455, 5.33333, 1.93939, 13.57576], "texture": "#0"},
				"down": {"uv": [1.45455, 13.57576, 1.93939, 5.33333], "texture": "#0"}
			}
		},
		{
			"name": "purple_skill_1_20",
			"from": [0.9697, 0, 5.81818],
			"to": [1.45455, 0.48485, 13.09091],
			"faces": {
				"north": {"uv": [1.45455, 5.81818, 0.9697, 6.30303], "texture": "#0"},
				"east": {"uv": [0.9697, 5.81818, 1.45455, 13.09091], "rotation": 90, "texture": "#0"},
				"south": {"uv": [0.9697, 12.60606, 1.45455, 13.09091], "texture": "#0"},
				"west": {"uv": [0.9697, 5.81818, 1.45455, 13.09091], "rotation": 270, "texture": "#0"},
				"up": {"uv": [0.9697, 5.81818, 1.45455, 13.09091], "texture": "#0"},
				"down": {"uv": [0.9697, 13.09091, 1.45455, 5.81818], "texture": "#0"}
			}
		},
		{
			"name": "purple_skill_1_21",
			"from": [12.60606, 0, 5.81818],
			"to": [13.57576, 0.48485, 8.72727],
			"faces": {
				"north": {"uv": [13.57576, 5.81818, 12.60606, 6.30303], "texture": "#0"},
				"east": {"uv": [13.09091, 5.81818, 13.57576, 8.72727], "rotation": 90, "texture": "#0"},
				"south": {"uv": [12.60606, 8.24242, 13.57576, 8.72727], "texture": "#0"},
				"west": {"uv": [12.60606, 5.81818, 13.09091, 8.72727], "rotation": 270, "texture": "#0"},
				"up": {"uv": [12.60606, 5.81818, 13.57576, 8.72727], "texture": "#0"},
				"down": {"uv": [12.60606, 8.72727, 13.57576, 5.81818], "texture": "#0"}
			}
		},
		{
			"name": "purple_skill_1_22",
			"from": [15.51515, 0, 6.30303],
			"to": [16, 0.48485, 7.75758],
			"faces": {
				"north": {"uv": [16, 6.30303, 15.51515, 6.78788], "texture": "#0"},
				"east": {"uv": [15.51515, 6.30303, 16, 7.75758], "rotation": 90, "texture": "#0"},
				"south": {"uv": [15.51515, 7.27273, 16, 7.75758], "texture": "#0"},
				"west": {"uv": [15.51515, 6.30303, 16, 7.75758], "rotation": 270, "texture": "#0"},
				"up": {"uv": [15.51515, 6.30303, 16, 7.75758], "texture": "#0"},
				"down": {"uv": [15.51515, 7.75758, 16, 6.30303], "texture": "#0"}
			}
		},
		{
			"name": "purple_skill_1_23",
			"from": [12.12121, 0, 6.78788],
			"to": [12.60606, 0.48485, 8.24242],
			"faces": {
				"north": {"uv": [12.60606, 6.78788, 12.12121, 7.27273], "texture": "#0"},
				"east": {"uv": [12.12121, 6.78788, 12.60606, 8.24242], "rotation": 90, "texture": "#0"},
				"south": {"uv": [12.12121, 7.75758, 12.60606, 8.24242], "texture": "#0"},
				"west": {"uv": [12.12121, 6.78788, 12.60606, 8.24242], "rotation": 270, "texture": "#0"},
				"up": {"uv": [12.12121, 6.78788, 12.60606, 8.24242], "texture": "#0"},
				"down": {"uv": [12.12121, 8.24242, 12.60606, 6.78788], "texture": "#0"}
			}
		},
		{
			"name": "purple_skill_1_24",
			"from": [0.48485, 0, 7.27273],
			"to": [0.9697, 0.48485, 12.12121],
			"faces": {
				"north": {"uv": [0.9697, 7.27273, 0.48485, 7.75758], "texture": "#0"},
				"east": {"uv": [0.48485, 7.27273, 0.9697, 12.12121], "rotation": 90, "texture": "#0"},
				"south": {"uv": [0.48485, 11.63636, 0.9697, 12.12121], "texture": "#0"},
				"west": {"uv": [0.48485, 7.27273, 0.9697, 12.12121], "rotation": 270, "texture": "#0"},
				"up": {"uv": [0.48485, 7.27273, 0.9697, 12.12121], "texture": "#0"},
				"down": {"uv": [0.48485, 12.12121, 0.9697, 7.27273], "texture": "#0"}
			}
		},
		{
			"name": "purple_skill_1_25",
			"from": [0, 0, 8.72727],
			"to": [0.48485, 0.48485, 11.63636],
			"faces": {
				"north": {"uv": [0.48485, 8.72727, 0, 9.21212], "texture": "#0"},
				"east": {"uv": [0, 8.72727, 0.48485, 11.63636], "rotation": 90, "texture": "#0"},
				"south": {"uv": [0, 11.15152, 0.48485, 11.63636], "texture": "#0"},
				"west": {"uv": [0, 8.72727, 0.48485, 11.63636], "rotation": 270, "texture": "#0"},
				"up": {"uv": [0, 8.72727, 0.48485, 11.63636], "texture": "#0"},
				"down": {"uv": [0, 11.63636, 0.48485, 8.72727], "texture": "#0"}
			}
		},
		{
			"name": "purple_skill_1_26",
			"from": [3.87879, 0, 8.72727],
			"to": [4.36364, 0.48485, 14.54545],
			"faces": {
				"north": {"uv": [4.36364, 8.72727, 3.87879, 9.21212], "texture": "#0"},
				"east": {"uv": [3.87879, 8.72727, 4.36364, 14.54545], "rotation": 90, "texture": "#0"},
				"south": {"uv": [3.87879, 14.06061, 4.36364, 14.54545], "texture": "#0"},
				"west": {"uv": [3.87879, 8.72727, 4.36364, 14.54545], "rotation": 270, "texture": "#0"},
				"up": {"uv": [3.87879, 8.72727, 4.36364, 14.54545], "texture": "#0"},
				"down": {"uv": [3.87879, 14.54545, 4.36364, 8.72727], "texture": "#0"}
			}
		},
		{
			"name": "purple_skill_1_27",
			"from": [10.66667, 0, 8.72727],
			"to": [11.15152, 0.48485, 16],
			"faces": {
				"north": {"uv": [11.15152, 8.72727, 10.66667, 9.21212], "texture": "#0"},
				"east": {"uv": [10.66667, 8.72727, 11.15152, 16], "rotation": 90, "texture": "#0"},
				"south": {"uv": [10.66667, 15.51515, 11.15152, 16], "texture": "#0"},
				"west": {"uv": [10.66667, 8.72727, 11.15152, 16], "rotation": 270, "texture": "#0"},
				"up": {"uv": [10.66667, 8.72727, 11.15152, 16], "texture": "#0"},
				"down": {"uv": [10.66667, 16, 11.15152, 8.72727], "texture": "#0"}
			}
		},
		{
			"name": "purple_skill_1_28",
			"from": [13.09091, 0, 8.72727],
			"to": [13.57576, 0.48485, 9.21212],
			"faces": {
				"north": {"uv": [13.57576, 8.72727, 13.09091, 9.21212], "texture": "#0"},
				"east": {"uv": [13.09091, 8.72727, 13.57576, 9.21212], "rotation": 90, "texture": "#0"},
				"south": {"uv": [13.09091, 8.72727, 13.57576, 9.21212], "texture": "#0"},
				"west": {"uv": [13.09091, 8.72727, 13.57576, 9.21212], "rotation": 270, "texture": "#0"},
				"up": {"uv": [13.09091, 8.72727, 13.57576, 9.21212], "texture": "#0"},
				"down": {"uv": [13.09091, 9.21212, 13.57576, 8.72727], "texture": "#0"}
			}
		},
		{
			"name": "purple_skill_1_29",
			"from": [4.36364, 0, 9.69697],
			"to": [5.33333, 0.48485, 15.0303],
			"faces": {
				"north": {"uv": [5.33333, 9.69697, 4.36364, 10.18182], "texture": "#0"},
				"east": {"uv": [4.84848, 9.69697, 5.33333, 15.0303], "rotation": 90, "texture": "#0"},
				"south": {"uv": [4.36364, 14.54545, 5.33333, 15.0303], "texture": "#0"},
				"west": {"uv": [4.36364, 9.69697, 4.84848, 15.0303], "rotation": 270, "texture": "#0"},
				"up": {"uv": [4.36364, 9.69697, 5.33333, 15.0303], "texture": "#0"},
				"down": {"uv": [4.36364, 15.0303, 5.33333, 9.69697], "texture": "#0"}
			}
		},
		{
			"name": "purple_skill_1_30",
			"from": [11.15152, 0, 9.69697],
			"to": [11.63636, 0.48485, 16],
			"faces": {
				"north": {"uv": [11.63636, 9.69697, 11.15152, 10.18182], "texture": "#0"},
				"east": {"uv": [11.15152, 9.69697, 11.63636, 16], "rotation": 90, "texture": "#0"},
				"south": {"uv": [11.15152, 15.51515, 11.63636, 16], "texture": "#0"},
				"west": {"uv": [11.15152, 9.69697, 11.63636, 16], "rotation": 270, "texture": "#0"},
				"up": {"uv": [11.15152, 9.69697, 11.63636, 16], "texture": "#0"},
				"down": {"uv": [11.15152, 16, 11.63636, 9.69697], "texture": "#0"}
			}
		},
		{
			"name": "purple_skill_1_31",
			"from": [11.63636, 0, 10.66667],
			"to": [12.12121, 0.48485, 16],
			"faces": {
				"north": {"uv": [12.12121, 10.66667, 11.63636, 11.15152], "texture": "#0"},
				"east": {"uv": [11.63636, 10.66667, 12.12121, 16], "rotation": 90, "texture": "#0"},
				"south": {"uv": [11.63636, 15.51515, 12.12121, 16], "texture": "#0"},
				"west": {"uv": [11.63636, 10.66667, 12.12121, 16], "rotation": 270, "texture": "#0"},
				"up": {"uv": [11.63636, 10.66667, 12.12121, 16], "texture": "#0"},
				"down": {"uv": [11.63636, 16, 12.12121, 10.66667], "texture": "#0"}
			}
		},
		{
			"name": "purple_skill_1_32",
			"from": [12.12121, 0, 12.12121],
			"to": [12.60606, 0.48485, 16],
			"faces": {
				"north": {"uv": [12.60606, 12.12121, 12.12121, 12.60606], "texture": "#0"},
				"east": {"uv": [12.12121, 12.12121, 12.60606, 16], "rotation": 90, "texture": "#0"},
				"south": {"uv": [12.12121, 15.51515, 12.60606, 16], "texture": "#0"},
				"west": {"uv": [12.12121, 12.12121, 12.60606, 16], "rotation": 270, "texture": "#0"},
				"up": {"uv": [12.12121, 12.12121, 12.60606, 16], "texture": "#0"},
				"down": {"uv": [12.12121, 16, 12.60606, 12.12121], "texture": "#0"}
			}
		},
		{
			"name": "purple_skill_1_33",
			"from": [6.78788, 0, 14.54545],
			"to": [7.75758, 0.48485, 15.0303],
			"faces": {
				"north": {"uv": [7.75758, 14.54545, 6.78788, 15.0303], "texture": "#0"},
				"east": {"uv": [7.27273, 14.54545, 7.75758, 15.0303], "rotation": 90, "texture": "#0"},
				"south": {"uv": [6.78788, 14.54545, 7.75758, 15.0303], "texture": "#0"},
				"west": {"uv": [6.78788, 14.54545, 7.27273, 15.0303], "rotation": 270, "texture": "#0"},
				"up": {"uv": [6.78788, 14.54545, 7.75758, 15.0303], "texture": "#0"},
				"down": {"uv": [6.78788, 15.0303, 7.75758, 14.54545], "texture": "#0"}
			}
		}
	],
	"display": {
		"thirdperson_righthand": {
			"rotation": [90, 0, 0],
			"translation": [0, 2.75, 4.25],
			"scale": [0.5, 0.5, 0.5]
		},
		"thirdperson_lefthand": {
			"rotation": [90, 0, 0],
			"translation": [0, 2.75, 4.25],
			"scale": [0.5, 0.5, 0.5]
		},
		"firstperson_righthand": {
			"rotation": [90, 0, 0],
			"translation": [9.25, 0, 0]
		},
		"firstperson_lefthand": {
			"rotation": [90, 0, 0],
			"translation": [9.25, 0, 0]
		},
		"ground": {
			"rotation": [90, 0, 0],
			"translation": [0, 4.25, 8.25]
		},
		"gui": {
			"rotation": [90, 0, 0],
			"translation": [0.5, 0.5, 0],
			"scale": [1, 0, 1]
		},
		"head": {
			"rotation": [90, 0, 0],
			"translation": [0, 13.75, 6.75]
		},
		"fixed": {
			"rotation": [90, 0, 0],
			"translation": [0, 0, 7.5]
		}
	},
	"groups": [
		{
			"name": "purple_skill_1",
			"origin": [8, 8, 8],
			"children": [0, 1, 2, 3, 4, 5, 6, 7, 8, 9, 10, 11, 12, 13, 14, 15, 16, 17, 18, 19, 20, 21, 22, 23, 24, 25, 26, 27, 28, 29, 30, 31, 32, 33]
		}
	]
}