{
	"credit": "Made by MILENARY",
	"textures": {
		"2": "block/core_tex",
		"5": "block/bluestone_block",
		"particle": "block/bluestone_block"
	},
	"elements": [
		{
			"from": [4, 0.5, 4],
			"to": [12, 3, 12],
			"faces": {
				"north": {"uv": [0, 8, 8, 11], "texture": "#2"},
				"east": {"uv": [0, 8, 8, 11], "texture": "#2"},
				"south": {"uv": [0, 8, 8, 11], "texture": "#2"},
				"west": {"uv": [0, 8, 8, 11], "texture": "#2"},
				"up": {"uv": [0, 8, 8, 16], "texture": "#2"},
				"down": {"uv": [0, 8, 8, 16], "texture": "#2"}
			}
		},
		{
			"from": [2.5, 0, 2.5],
			"to": [13.5, 1, 13.5],
			"faces": {
				"north": {"uv": [0, 1.5, 11.5, 2.5], "texture": "#2"},
				"east": {"uv": [0, 1.5, 11.5, 2.5], "texture": "#2"},
				"south": {"uv": [0, 1.5, 11.5, 2.5], "texture": "#2"},
				"west": {"uv": [0, 1.5, 11.5, 2.5], "texture": "#2"},
				"up": {"uv": [0, 8, 8, 16], "texture": "#2"},
				"down": {"uv": [0, 8, 8, 16], "texture": "#2"}
			}
		},
		{
			"from": [15.5, 0, 2.5],
			"to": [20.5, 1, 13.5],
			"rotation": {"angle": 0, "axis": "y", "origin": [15, 8, 8]},
			"faces": {
				"north": {"uv": [0, 0, 5, 1], "texture": "#2"},
				"east": {"uv": [0, 0, 11, 1], "texture": "#2"},
				"south": {"uv": [0, 0, 5, 1], "texture": "#2"},
				"west": {"uv": [0, 0, 11, 1], "texture": "#2"},
				"up": {"uv": [0.5, 1.5, 11, 0], "texture": "#2"},
				"down": {"uv": [10.75, 6, 16, 16], "rotation": 90, "texture": "#2"}
			}
		},
		{
			"from": [-4.5, 0, 2.5],
			"to": [0.5, 1, 13.5],
			"rotation": {"angle": 0, "axis": "y", "origin": [1, 8, 8]},
			"faces": {
				"north": {"uv": [5, 0, 0, 1], "texture": "#2"},
				"east": {"uv": [11, 0, 0, 1], "texture": "#2"},
				"south": {"uv": [5, 0, 0, 1], "texture": "#2"},
				"west": {"uv": [11, 0, 0, 1], "texture": "#2"},
				"up": {"uv": [0.5, 1.5, 11, 0], "texture": "#2"},
				"down": {"uv": [10.75, 6, 16, 16], "rotation": 90, "texture": "#2"}
			}
		},
		{
			"from": [2.5, 0, 15.5],
			"to": [13.5, 1, 20.5],
			"faces": {
				"north": {"uv": [0, 0, 11, 1], "texture": "#2"},
				"east": {"uv": [0, 0, 5, 1], "texture": "#2"},
				"south": {"uv": [0, 0, 11, 1], "texture": "#2"},
				"west": {"uv": [0, 0, 5, 1], "texture": "#2"},
				"up": {"uv": [0.5, 1.5, 11, 0], "texture": "#2"},
				"down": {"uv": [10.75, 6, 16, 16], "rotation": 90, "texture": "#2"}
			}
		},
		{
			"from": [2.5, 0.25, 16.5],
			"to": [13.5, 3, 19.5],
			"faces": {
				"north": {"uv": [0, 3.75, 11.5, 1.5], "texture": "#2"},
				"east": {"uv": [0.25, 4, 1.25, 1.5], "rotation": 90, "texture": "#2"},
				"south": {"uv": [0, 3.75, 11.5, 1.5], "texture": "#2"},
				"west": {"uv": [0.25, 4, 1.25, 1.5], "rotation": 90, "texture": "#2"},
				"up": {"uv": [1.75, 4, 9.75, 1.5], "rotation": 90, "texture": "#2"},
				"down": {"uv": [0.25, 4, 11.25, 1.5], "texture": "#2"}
			}
		},
		{
			"from": [2.5, 0.25, -3.5],
			"to": [13.5, 3, -0.5],
			"faces": {
				"north": {"uv": [0, 3.75, 11.5, 1.5], "texture": "#2"},
				"east": {"uv": [0.25, 4, 1.25, 1.5], "rotation": 90, "texture": "#2"},
				"south": {"uv": [0, 3.75, 11.5, 1.5], "texture": "#2"},
				"west": {"uv": [0.25, 4, 1.25, 1.5], "rotation": 90, "texture": "#2"},
				"up": {"uv": [1.75, 4, 9.75, 1.5], "rotation": 90, "texture": "#2"},
				"down": {"uv": [0.25, 4, 11.25, 1.5], "texture": "#2"}
			}
		},
		{
			"from": [3.5, 3, -3.25],
			"to": [12.5, 4.75, -1.5],
			"faces": {
				"north": {"uv": [4, 6, 13, 7.75], "texture": "#5"},
				"east": {"uv": [0, 0, 1.75, 1.75], "rotation": 90, "texture": "#5"},
				"south": {"uv": [4.75, 0, 13.75, 1.75], "texture": "#5"},
				"west": {"uv": [3, 0, 4.75, 1.75], "texture": "#5"},
				"up": {"uv": [4, 2, 13, 3.75], "texture": "#5"},
				"down": {"uv": [0, 3, 9, 4.75], "texture": "#5"}
			}
		},
		{
			"from": [3.5, 3, 17.5],
			"to": [12.5, 4.75, 19.25],
			"faces": {
				"north": {"uv": [4, 6, 13, 7.75], "texture": "#5"},
				"east": {"uv": [4.75, 0, 3, 1.75], "rotation": 270, "texture": "#5"},
				"south": {"uv": [4, 6, 13, 7.75], "texture": "#5"},
				"west": {"uv": [4.75, 0, 3, 1.75], "texture": "#5"},
				"up": {"uv": [4, 2, 13, 3.75], "texture": "#5"},
				"down": {"uv": [0, 4.75, 9, 3], "texture": "#5"}
			}
		},
		{
			"from": [16.5, 0.25, 2.5],
			"to": [19.5, 3, 13.5],
			"faces": {
				"north": {"uv": [0.25, 4, 1.25, 1.5], "rotation": 90, "texture": "#2"},
				"east": {"uv": [0, 3.75, 11.5, 1.5], "texture": "#2"},
				"south": {"uv": [0.25, 4, 1.25, 1.5], "rotation": 90, "texture": "#2"},
				"west": {"uv": [0, 3.75, 11.5, 1.5], "texture": "#2"},
				"up": {"uv": [1.75, 4, 9.75, 1.5], "rotation": 90, "texture": "#2"},
				"down": {"uv": [0.25, 4, 11.25, 1.5], "rotation": 90, "texture": "#2"}
			}
		},
		{
			"from": [-3.25, 3, 3.5],
			"to": [-1.5, 4.75, 12.5],
			"faces": {
				"north": {"uv": [0, 0, 1.75, 1.75], "rotation": 90, "texture": "#5"},
				"east": {"uv": [4, 6, 13, 7.75], "texture": "#5"},
				"south": {"uv": [0, 0, 1.75, 1.75], "texture": "#5"},
				"west": {"uv": [4, 6, 13, 7.75], "texture": "#5"},
				"up": {"uv": [4, 2, 13, 3.75], "rotation": 90, "texture": "#5"},
				"down": {"uv": [0, 0, 9, 1.75], "rotation": 270, "texture": "#5"}
			}
		},
		{
			"from": [17.5, 3, 3.5],
			"to": [19.25, 4.75, 12.5],
			"faces": {
				"north": {"uv": [1.75, 0, 0, 1.75], "rotation": 270, "texture": "#5"},
				"east": {"uv": [4, 6, 13, 7.75], "texture": "#5"},
				"south": {"uv": [1.75, 0, 0, 1.75], "texture": "#5"},
				"west": {"uv": [4, 6, 13, 7.75], "texture": "#5"},
				"up": {"uv": [4, 2, 13, 3.75], "rotation": 90, "texture": "#5"},
				"down": {"uv": [0, 1.75, 9, 0], "rotation": 270, "texture": "#5"}
			}
		},
		{
			"from": [-3.5, 0.25, 2.5],
			"to": [-0.5, 3, 13.5],
			"faces": {
				"north": {"uv": [0.25, 4, 1.25, 1.5], "rotation": 90, "texture": "#2"},
				"east": {"uv": [0, 3.75, 11.5, 1.5], "texture": "#2"},
				"south": {"uv": [0.25, 4, 1.25, 1.5], "rotation": 90, "texture": "#2"},
				"west": {"uv": [0, 3.75, 11.5, 1.5], "texture": "#2"},
				"up": {"uv": [1.75, 4, 9.75, 1.5], "rotation": 90, "texture": "#2"},
				"down": {"uv": [0.25, 4, 11.25, 1.5], "rotation": 90, "texture": "#2"}
			}
		},
		{
			"from": [3, 0, 15.5],
			"to": [13, 1.25, 20.75],
			"rotation": {"angle": 45, "axis": "y", "origin": [8, 8, 8]},
			"faces": {
				"north": {"uv": [0, 0, 10, 1.25], "texture": "#2"},
				"east": {"uv": [0, 0, 5.25, 1.25], "texture": "#2"},
				"south": {"uv": [0, 0, 10, 1.25], "texture": "#2"},
				"west": {"uv": [0, 0, 5.25, 1.25], "texture": "#2"},
				"up": {"uv": [0.5, 1.5, 11, 0], "texture": "#2"},
				"down": {"uv": [10.75, 6, 16, 16], "rotation": 90, "texture": "#2"}
			}
		},
		{
			"from": [4, 1.25, 16.5],
			"to": [12, 2.25, 19.75],
			"rotation": {"angle": 45, "axis": "y", "origin": [8, 8, 8]},
			"faces": {
				"north": {"uv": [0, 4.75, 11.25, 4], "texture": "#2"},
				"east": {"uv": [0, 0, 3.25, 1], "texture": "#2"},
				"south": {"uv": [0, 4.75, 11.25, 4], "texture": "#2"},
				"west": {"uv": [0, 0, 3.25, 1], "texture": "#2"},
				"up": {"uv": [0, 4.75, 11.25, 4], "rotation": 180, "texture": "#2"},
				"down": {"uv": [0, 0, 8, 3.25], "texture": "#2"}
			}
		},
		{
			"from": [4, 1.25, 16.5],
			"to": [12, 2.25, 19.75],
			"rotation": {"angle": -45, "axis": "y", "origin": [8, 8, 8]},
			"faces": {
				"north": {"uv": [0, 4.75, 11.25, 4], "texture": "#2"},
				"east": {"uv": [3.25, 0, 0, 1], "texture": "#2"},
				"south": {"uv": [0, 4.75, 11.25, 4], "texture": "#2"},
				"west": {"uv": [3.25, 0, 0, 1], "texture": "#2"},
				"up": {"uv": [0, 4.75, 11.25, 4], "rotation": 180, "texture": "#2"},
				"down": {"uv": [8, 0, 0, 3.25], "texture": "#2"}
			}
		},
		{
			"from": [4, 1.25, -3.75],
			"to": [12, 2.25, -0.5],
			"rotation": {"angle": 45, "axis": "y", "origin": [8, 8, 8]},
			"faces": {
				"north": {"uv": [0, 4.75, 11.25, 4], "texture": "#2"},
				"east": {"uv": [0, 0, 3.25, 1], "texture": "#2"},
				"south": {"uv": [0, 4.75, 11.25, 4], "texture": "#2"},
				"west": {"uv": [0, 0, 3.25, 1], "texture": "#2"},
				"up": {"uv": [0, 4.75, 11.25, 4], "texture": "#2"},
				"down": {"uv": [8, 3.25, 0, 0], "texture": "#2"}
			}
		},
		{
			"from": [4, 1.25, -3.75],
			"to": [12, 2.25, -0.5],
			"rotation": {"angle": -45, "axis": "y", "origin": [8, 8, 8]},
			"faces": {
				"north": {"uv": [0, 4.75, 11.25, 4], "texture": "#2"},
				"east": {"uv": [3.25, 0, 0, 1], "texture": "#2"},
				"south": {"uv": [0, 4.75, 11.25, 4], "texture": "#2"},
				"west": {"uv": [3.25, 0, 0, 1], "texture": "#2"},
				"up": {"uv": [0, 4.75, 11.25, 4], "texture": "#2"},
				"down": {"uv": [0, 3.25, 8, 0], "texture": "#2"}
			}
		},
		{
			"from": [3, 0, -4.75],
			"to": [13, 1.25, 0.5],
			"rotation": {"angle": -45, "axis": "y", "origin": [8, 8, 8]},
			"faces": {
				"north": {"uv": [10, 0, 0, 1.25], "texture": "#2"},
				"east": {"uv": [5.25, 0, 0, 1.25], "texture": "#2"},
				"south": {"uv": [10, 0, 0, 1.25], "texture": "#2"},
				"west": {"uv": [5.25, 0, 0, 1.25], "texture": "#2"},
				"up": {"uv": [0.5, 1.5, 11, 0], "texture": "#2"},
				"down": {"uv": [10.75, 6, 16, 16], "rotation": 90, "texture": "#2"}
			}
		},
		{
			"from": [3, 0, -4.75],
			"to": [13, 1.25, 0.5],
			"rotation": {"angle": 45, "axis": "y", "origin": [8, 8, 8]},
			"faces": {
				"north": {"uv": [0, 0, 10, 1.25], "texture": "#2"},
				"east": {"uv": [0, 0, 5.25, 1.25], "texture": "#2"},
				"south": {"uv": [0, 0, 10, 1.25], "texture": "#2"},
				"west": {"uv": [0, 0, 5.25, 1.25], "texture": "#2"},
				"up": {"uv": [0.5, 1.5, 11, 0], "texture": "#2"},
				"down": {"uv": [10.75, 6, 16, 16], "rotation": 90, "texture": "#2"}
			}
		},
		{
			"from": [3, 0, 15.5],
			"to": [13, 1.25, 20.75],
			"rotation": {"angle": -45, "axis": "y", "origin": [8, 8, 8]},
			"faces": {
				"north": {"uv": [10, 0, 0, 1.25], "texture": "#2"},
				"east": {"uv": [5.25, 0, 0, 1.25], "texture": "#2"},
				"south": {"uv": [10, 0, 0, 1.25], "texture": "#2"},
				"west": {"uv": [5.25, 0, 0, 1.25], "texture": "#2"},
				"up": {"uv": [0.5, 1.5, 11, 0], "texture": "#2"},
				"down": {"uv": [10.75, 6, 16, 16], "rotation": 90, "texture": "#2"}
			}
		},
		{
			"from": [2.5, 0, -4.5],
			"to": [13.5, 1, 0.5],
			"rotation": {"angle": 0, "axis": "y", "origin": [8, 8, -12]},
			"faces": {
				"north": {"uv": [0, 0, 11, 1], "texture": "#2"},
				"east": {"uv": [0, 0, 5, 1], "texture": "#2"},
				"south": {"uv": [0, 0, 11, 1], "texture": "#2"},
				"west": {"uv": [0, 0, 5, 1], "texture": "#2"},
				"up": {"uv": [0.5, 1.5, 11, 0], "texture": "#2"},
				"down": {"uv": [10.75, 6, 16, 16], "rotation": 90, "texture": "#2"}
			}
		},
		{
			"from": [4, 0.25, 12],
			"to": [12, 2.5, 13.25],
			"faces": {
				"north": {"uv": [0, 0, 8, 2.5], "texture": "#2"},
				"east": {"uv": [4, 1.5, 5.25, 4], "texture": "#2"},
				"south": {"uv": [1.75, 3.75, 9.5, 5], "texture": "#2"},
				"west": {"uv": [4, 1.5, 5.25, 4], "texture": "#2"},
				"up": {"uv": [1.75, 1.5, 9.75, 2.75], "rotation": 180, "texture": "#2"},
				"down": {"uv": [0, 0, 8, 1.25], "texture": "#2"}
			}
		},
		{
			"from": [4, 0.25, 2.75],
			"to": [12, 2.5, 4],
			"rotation": {"angle": 0, "axis": "y", "origin": [8, 8, -1.25]},
			"faces": {
				"north": {"uv": [1.75, 3.75, 9.5, 5], "texture": "#2"},
				"east": {"uv": [4, 1.5, 5.25, 4], "texture": "#2"},
				"south": {"uv": [0, 0, 8, 2.5], "texture": "#2"},
				"west": {"uv": [4, 1.5, 5.25, 4], "texture": "#2"},
				"up": {"uv": [1.75, 1.5, 9.75, 2.75], "texture": "#2"},
				"down": {"uv": [0, 0, 8, 1.25], "texture": "#2"}
			}
		},
		{
			"from": [12, 0.25, 4],
			"to": [13.25, 2.5, 12],
			"faces": {
				"north": {"uv": [4, 1.5, 5.25, 4], "texture": "#2"},
				"east": {"uv": [1.75, 3.75, 9.5, 5], "texture": "#2"},
				"south": {"uv": [4, 1.5, 5.25, 4], "texture": "#2"},
				"west": {"uv": [12.5, 0, 16, 2.25], "texture": "#2"},
				"up": {"uv": [1.75, 1.5, 9.75, 2.75], "rotation": 90, "texture": "#2"},
				"down": {"uv": [12.5, 0, 16, 2.25], "texture": "#2"}
			}
		},
		{
			"from": [2.75, 0.25, 4],
			"to": [4, 2.5, 12],
			"rotation": {"angle": 0, "axis": "y", "origin": [-1.25, 8, 8]},
			"faces": {
				"north": {"uv": [4, 1.5, 5.25, 3.75], "texture": "#2"},
				"east": {"uv": [0, 0, 8, 2.25], "texture": "#2"},
				"south": {"uv": [4, 1.5, 5.25, 3.75], "texture": "#2"},
				"west": {"uv": [1.75, 3.75, 9.5, 5], "texture": "#2"},
				"up": {"uv": [1.75, 1.5, 9.75, 2.75], "rotation": 90, "texture": "#2"},
				"down": {"uv": [0, 0, 8, 1.25], "rotation": 90, "texture": "#2"}
			}
		}
	],
	"display": {
		"thirdperson_righthand": {
			"translation": [0, 3.25, 0],
			"scale": [0.5, 0.5, 0.5]
		},
		"thirdperson_lefthand": {
			"translation": [0, 3.25, 0],
			"scale": [0.5, 0.5, 0.5]
		},
		"ground": {
			"translation": [0, 3, 0]
		},
		"head": {
			"translation": [0, -19.75, 0],
			"scale": [3, 3, 3]
		},
		"fixed": {
			"translation": [0, 0, -1.5]
		}
	}
}