{
	"credit": "Made by MILENARY",
	"textures": {
		"4": "block/blue_core",
		"particle": "block/bluestone_block"
	},
	"elements": [
		{
			"from": [6, 8, 6],
			"to": [10, 12.75, 10],
			"rotation": {"angle": 0, "axis": "y", "origin": [8, 14.25, 8]},
			"faces": {
				"north": {"uv": [0, 0, 4, 4.75], "texture": "#4"},
				"east": {"uv": [2.75, 1.5, 8.25, 7], "texture": "#4"},
				"south": {"uv": [0, 0, 4, 4.75], "texture": "#4"},
				"west": {"uv": [0, 0, 4, 4.75], "texture": "#4"},
				"down": {"uv": [0, 0, 4, 4], "texture": "#4"}
			}
		},
		{
			"from": [6, 18, 6],
			"to": [10, 22.75, 10],
			"rotation": {"angle": 0, "axis": "y", "origin": [8, 24.25, 8]},
			"faces": {
				"north": {"uv": [0, 0, 4, 4.75], "texture": "#4"},
				"east": {"uv": [5.75, 5.25, 11.25, 10.75], "texture": "#4"},
				"south": {"uv": [0, 0, 4, 4.75], "texture": "#4"},
				"west": {"uv": [0, 0, 4, 4.75], "texture": "#4"},
				"up": {"uv": [0, 0, 4, 4], "texture": "#4"}
			}
		},
		{
			"from": [7, 5.25, 7],
			"to": [9, 8, 9],
			"rotation": {"angle": 0, "axis": "y", "origin": [8, 9.5, 8]},
			"faces": {
				"north": {"uv": [0, 0, 2, 2.75], "texture": "#4"},
				"east": {"uv": [2.75, 1.5, 8.25, 7], "texture": "#4"},
				"south": {"uv": [0, 0, 2, 2.75], "texture": "#4"},
				"west": {"uv": [0, 0, 2, 2.75], "texture": "#4"},
				"down": {"uv": [0, 0, 2, 2], "texture": "#4"}
			}
		},
		{
			"from": [7, 22.25, 7],
			"to": [9, 25, 9],
			"rotation": {"angle": 0, "axis": "y", "origin": [8, 26.5, 8]},
			"faces": {
				"north": {"uv": [0, 0, 2, 2.75], "texture": "#4"},
				"east": {"uv": [2.75, 1.5, 8.25, 7], "texture": "#4"},
				"south": {"uv": [0, 0, 2, 2.75], "texture": "#4"},
				"west": {"uv": [0, 0, 2, 2.75], "texture": "#4"},
				"up": {"uv": [0, 0, 2, 2], "texture": "#4"}
			}
		},
		{
			"from": [5.25, 12.75, 5.25],
			"to": [10.75, 18.25, 10.75],
			"rotation": {"angle": 0, "axis": "y", "origin": [8, 19.25, 8]},
			"faces": {
				"north": {"uv": [2.5, 5.5, 8, 11], "texture": "#4"},
				"east": {"uv": [2.75, 1.5, 8.25, 7], "texture": "#4"},
				"south": {"uv": [0, 0, 5.5, 5.5], "texture": "#4"},
				"west": {"uv": [0, 0, 5.5, 5.5], "texture": "#4"},
				"up": {"uv": [0, 0, 5.5, 5.5], "texture": "#4"},
				"down": {"uv": [0, 0, 5.5, 5.5], "texture": "#4"}
			}
		}
	],
	"display": {
		"thirdperson_righthand": {
			"translation": [0, 3.25, 0],
			"scale": [0.5, 0.5, 0.5]
		},
		"thirdperson_lefthand": {
			"translation": [0, 3.25, 0],
			"scale": [0.5, 0.5, 0.5]
		},
		"ground": {
			"translation": [0, 3, 0]
		},
		"head": {
			"translation": [0, -19.75, 0],
			"scale": [3, 3, 3]
		},
		"fixed": {
			"translation": [0, 0, -1.5]
		}
	}
}