{
	"credit": "Made by MILENARY",
	"textures": {
		"2": "block/core_tex",
		"5": "block/bluestone_block",
		"particle": "block/bluestone_block"
	},
	"elements": [
		{
			"from": [2.25, 10.25, -2.75],
			"to": [13.75, 14.25, -0.25],
			"rotation": {"angle": 0, "axis": "y", "origin": [7.5, 13.5, -3.5]},
			"faces": {
				"north": {"uv": [0, 0, 11.5, 4], "texture": "#2"},
				"east": {"uv": [0, 0, 2.5, 4], "texture": "#2"},
				"south": {"uv": [0, 0, 11.5, 4], "texture": "#2"},
				"west": {"uv": [0, 0, 2.5, 4], "texture": "#2"},
				"up": {"uv": [0, 0, 11.5, 2.5], "texture": "#2"},
				"down": {"uv": [0, 0, 11.5, 2.5], "texture": "#2"}
			}
		},
		{
			"from": [2.25, 10.25, 16.25],
			"to": [13.75, 14.25, 18.75],
			"rotation": {"angle": 0, "axis": "y", "origin": [7.5, 13.5, 19.5]},
			"faces": {
				"north": {"uv": [11.5, 0, 0, 4], "texture": "#2"},
				"east": {"uv": [2.5, 0, 0, 4], "texture": "#2"},
				"south": {"uv": [11.5, 0, 0, 4], "texture": "#2"},
				"west": {"uv": [2.5, 0, 0, 4], "texture": "#2"},
				"up": {"uv": [0, 2.5, 11.5, 0], "texture": "#2"},
				"down": {"uv": [0, 2.5, 11.5, 0], "texture": "#2"}
			}
		},
		{
			"from": [3.25, 11.75, -4.75],
			"to": [12.75, 13.25, -2.75],
			"rotation": {"angle": 0, "axis": "y", "origin": [7.5, 13.5, -3.5]},
			"faces": {
				"north": {"uv": [9.5, 6, 0, 7.5], "texture": "#2"},
				"east": {"uv": [2, 6, 0, 7.5], "texture": "#2"},
				"south": {"uv": [9.5, 6, 0, 7.5], "texture": "#2"},
				"west": {"uv": [2, 6, 0, 7.5], "texture": "#2"},
				"up": {"uv": [5.25, 6, 3.25, 7.5], "rotation": 90, "texture": "#2"},
				"down": {"uv": [5.25, 6, 3.25, 7.5], "rotation": 90, "texture": "#2"}
			}
		},
		{
			"from": [3.25, 11.75, 18.75],
			"to": [12.75, 13.25, 20.75],
			"rotation": {"angle": 0, "axis": "y", "origin": [7.5, 13.5, 19.5]},
			"faces": {
				"north": {"uv": [0, 6, 9.5, 7.5], "texture": "#2"},
				"east": {"uv": [0, 6, 2, 7.5], "texture": "#2"},
				"south": {"uv": [0, 6, 9.5, 7.5], "texture": "#2"},
				"west": {"uv": [0, 6, 2, 7.5], "texture": "#2"},
				"up": {"uv": [3.25, 6, 5.25, 7.5], "rotation": 90, "texture": "#2"},
				"down": {"uv": [3.25, 6, 5.25, 7.5], "rotation": 90, "texture": "#2"}
			}
		},
		{
			"from": [-4.75, 11.75, 3.25],
			"to": [-2.75, 13.25, 12.75],
			"rotation": {"angle": 0, "axis": "y", "origin": [-3.5, 13.5, 8]},
			"faces": {
				"north": {"uv": [2, 6, 0, 7.5], "texture": "#2"},
				"east": {"uv": [9.5, 6, 0, 7.5], "texture": "#2"},
				"south": {"uv": [2, 6, 0, 7.5], "texture": "#2"},
				"west": {"uv": [9.5, 6, 0, 7.5], "texture": "#2"},
				"up": {"uv": [5.25, 6, 3.25, 7.5], "texture": "#2"},
				"down": {"uv": [4.75, 6, 2.75, 7.5], "texture": "#2"}
			}
		},
		{
			"from": [18.75, 11.75, 3.25],
			"to": [20.75, 13.25, 12.75],
			"rotation": {"angle": 0, "axis": "y", "origin": [19.5, 13.5, 8]},
			"faces": {
				"north": {"uv": [0, 6, 2, 7.5], "texture": "#2"},
				"east": {"uv": [0, 6, 9.5, 7.5], "texture": "#2"},
				"south": {"uv": [0, 6, 2, 7.5], "texture": "#2"},
				"west": {"uv": [0, 6, 9.5, 7.5], "texture": "#2"},
				"up": {"uv": [3.25, 6, 5.25, 7.5], "texture": "#2"},
				"down": {"uv": [2.75, 6, 4.75, 7.5], "texture": "#2"}
			}
		},
		{
			"from": [2.5, 13.25, -2.75],
			"to": [13.85, 15, -0.75],
			"rotation": {"angle": 45, "axis": "y", "origin": [7.5, 13.5, 8.5]},
			"faces": {
				"north": {"uv": [11.1, 4, 0, 6], "texture": "#2"},
				"east": {"uv": [6.5, 4, 4.5, 5.75], "texture": "#2"},
				"south": {"uv": [11.1, 4, 0, 6], "texture": "#2"},
				"west": {"uv": [6.75, 4.25, 4.75, 6], "texture": "#2"},
				"up": {"uv": [11.1, 4, 0, 6], "texture": "#2"},
				"down": {"uv": [11.1, 4, 0, 6], "texture": "#2"}
			}
		},
		{
			"from": [2.15, 13.25, -2.75],
			"to": [13.5, 15, -0.75],
			"rotation": {"angle": -45, "axis": "y", "origin": [8.5, 13.5, 8.5]},
			"faces": {
				"north": {"uv": [0, 4, 11.1, 6], "texture": "#2"},
				"east": {"uv": [4.75, 4.25, 6.75, 6], "texture": "#2"},
				"south": {"uv": [0, 4, 11.1, 6], "texture": "#2"},
				"west": {"uv": [4.5, 4, 6.5, 5.75], "texture": "#2"},
				"up": {"uv": [0, 4, 11.1, 6], "texture": "#2"},
				"down": {"uv": [0, 4, 11.1, 6], "texture": "#2"}
			}
		},
		{
			"from": [2.15, 13.25, 16.75],
			"to": [13.5, 15, 18.75],
			"rotation": {"angle": 45, "axis": "y", "origin": [8.5, 13.5, 7.5]},
			"faces": {
				"north": {"uv": [11.1, 4, 0, 6], "texture": "#2"},
				"east": {"uv": [6.75, 4.25, 4.75, 6], "texture": "#2"},
				"south": {"uv": [11.1, 4, 0, 6], "texture": "#2"},
				"west": {"uv": [6.5, 4, 4.5, 5.75], "texture": "#2"},
				"up": {"uv": [0, 6, 11.1, 4], "texture": "#2"},
				"down": {"uv": [0, 6, 11.1, 4], "texture": "#2"}
			}
		},
		{
			"from": [2.5, 13.25, 16.75],
			"to": [13.85, 15, 18.75],
			"rotation": {"angle": -45, "axis": "y", "origin": [7.5, 13.5, 7.5]},
			"faces": {
				"north": {"uv": [0, 4, 11.1, 6], "texture": "#2"},
				"east": {"uv": [4.5, 4, 6.5, 5.75], "texture": "#2"},
				"south": {"uv": [0, 4, 11.1, 6], "texture": "#2"},
				"west": {"uv": [4.75, 4.25, 6.75, 6], "texture": "#2"},
				"up": {"uv": [11.1, 6, 0, 4], "texture": "#2"},
				"down": {"uv": [11.1, 6, 0, 4], "texture": "#2"}
			}
		},
		{
			"from": [1.5, 12.25, -4],
			"to": [14.85, 14.5, -2.75],
			"rotation": {"angle": 45, "axis": "y", "origin": [7.5, 13.5, 8.5]},
			"faces": {
				"north": {"uv": [14.35, 5, 1, 7.25], "texture": "#5"},
				"east": {"uv": [1.25, 0, 0, 2.25], "texture": "#5"},
				"south": {"uv": [14.35, 4, 1, 6.25], "texture": "#5"},
				"west": {"uv": [1.25, 0, 0, 2.25], "texture": "#5"},
				"up": {"uv": [2, 6.25, 15.35, 5], "texture": "#5"},
				"down": {"uv": [1, 7.25, 14.35, 6], "texture": "#5"}
			}
		},
		{
			"from": [1.15, 12.25, -4],
			"to": [14.5, 14.5, -2.75],
			"rotation": {"angle": -45, "axis": "y", "origin": [8.5, 13.5, 8.5]},
			"faces": {
				"north": {"uv": [1, 5, 14.35, 7.25], "texture": "#5"},
				"east": {"uv": [0, 0, 1.25, 2.25], "texture": "#5"},
				"south": {"uv": [1, 4, 14.35, 6.25], "texture": "#5"},
				"west": {"uv": [0, 0, 1.25, 2.25], "texture": "#5"},
				"up": {"uv": [15.35, 6.25, 2, 5], "texture": "#5"},
				"down": {"uv": [14.35, 7.25, 1, 6], "texture": "#5"}
			}
		},
		{
			"from": [1.15, 12.25, 18.75],
			"to": [14.5, 14.5, 20],
			"rotation": {"angle": 45, "axis": "y", "origin": [8.5, 13.5, 7.5]},
			"faces": {
				"north": {"uv": [14.35, 4, 1, 6.25], "texture": "#5"},
				"east": {"uv": [1.25, 0, 0, 2.25], "texture": "#5"},
				"south": {"uv": [14.35, 5, 1, 7.25], "texture": "#5"},
				"west": {"uv": [1.25, 0, 0, 2.25], "texture": "#5"},
				"up": {"uv": [15.35, 5, 2, 6.25], "texture": "#5"},
				"down": {"uv": [14.35, 6, 1, 7.25], "texture": "#5"}
			}
		},
		{
			"from": [1.5, 12.25, 18.75],
			"to": [14.85, 14.5, 20],
			"rotation": {"angle": -45, "axis": "y", "origin": [7.5, 13.5, 7.5]},
			"faces": {
				"north": {"uv": [1, 4, 14.35, 6.25], "texture": "#5"},
				"east": {"uv": [0, 0, 1.25, 2.25], "texture": "#5"},
				"south": {"uv": [1, 5, 14.35, 7.25], "texture": "#5"},
				"west": {"uv": [0, 0, 1.25, 2.25], "texture": "#5"},
				"up": {"uv": [2, 5, 15.35, 6.25], "texture": "#5"},
				"down": {"uv": [1, 6, 14.35, 7.25], "texture": "#5"}
			}
		},
		{
			"from": [-2.75, 10.25, 2.25],
			"to": [-0.25, 14.25, 13.75],
			"rotation": {"angle": 0, "axis": "y", "origin": [-1.5, 13.5, 8]},
			"faces": {
				"north": {"uv": [0, 0, 2.5, 4], "texture": "#2"},
				"east": {"uv": [0, 0, 11.5, 4], "texture": "#2"},
				"south": {"uv": [0, 0, 2.5, 4], "texture": "#2"},
				"west": {"uv": [0, 0, 11.5, 4], "texture": "#2"},
				"up": {"uv": [0, 0, 11.5, 2.5], "rotation": 270, "texture": "#2"},
				"down": {"uv": [0, 0, 11.5, 2.5], "rotation": 90, "texture": "#2"}
			}
		},
		{
			"from": [16.25, 10.75, 2.25],
			"to": [18.75, 14.25, 13.75],
			"rotation": {"angle": 0, "axis": "y", "origin": [17.5, 13.5, 8]},
			"faces": {
				"north": {"uv": [0, 0, 2.5, 3.5], "texture": "#2"},
				"east": {"uv": [0, 0, 11.5, 3.5], "texture": "#2"},
				"south": {"uv": [0, 0, 2.5, 3.5], "texture": "#2"},
				"west": {"uv": [0, 0, 11.5, 3.5], "texture": "#2"},
				"up": {"uv": [0, 0, 11.5, 2.5], "rotation": 270, "texture": "#2"},
				"down": {"uv": [0, 0, 11.5, 2.5], "rotation": 90, "texture": "#2"}
			}
		}
	],
	"display": {
		"thirdperson_righthand": {
			"translation": [0, 3.25, 0],
			"scale": [0.5, 0.5, 0.5]
		},
		"thirdperson_lefthand": {
			"translation": [0, 3.25, 0],
			"scale": [0.5, 0.5, 0.5]
		},
		"ground": {
			"translation": [0, 3, 0]
		},
		"head": {
			"translation": [0, -19.75, 0],
			"scale": [3, 3, 3]
		},
		"fixed": {
			"translation": [0, 0, -1.5]
		}
	}
}