{
	"credit": "Made by MILENARY",
	"textures": {
		"2": "block/core_tex",
		"4": "block/whitestone_block"
	},
	"elements": [
		{
			"from": [4, 0.5, 4],
			"to": [12, 3, 12],
			"faces": {
				"north": {"uv": [0, 8, 8, 11], "texture": "#2"},
				"east": {"uv": [0, 8, 8, 11], "texture": "#2"},
				"south": {"uv": [0, 8, 8, 11], "texture": "#2"},
				"west": {"uv": [0, 8, 8, 11], "texture": "#2"},
				"up": {"uv": [0, 8, 8, 16], "texture": "#2"},
				"down": {"uv": [0, 8, 8, 16], "texture": "#2"}
			}
		},
		{
			"from": [2.25, 10.25, -2.75],
			"to": [13.75, 14.25, -0.25],
			"rotation": {"angle": 0, "axis": "y", "origin": [7.5, 13.5, -3.5]},
			"faces": {
				"north": {"uv": [0, 0, 11.5, 4], "texture": "#2"},
				"east": {"uv": [0, 0, 2.5, 4], "texture": "#2"},
				"south": {"uv": [0, 0, 11.5, 4], "texture": "#2"},
				"west": {"uv": [0, 0, 2.5, 4], "texture": "#2"},
				"up": {"uv": [0, 0, 11.5, 2.5], "texture": "#2"},
				"down": {"uv": [0, 0, 11.5, 2.5], "texture": "#2"}
			}
		},
		{
			"from": [2.25, 10.25, 16.25],
			"to": [13.75, 14.25, 18.75],
			"rotation": {"angle": 0, "axis": "y", "origin": [7.5, 13.5, 19.5]},
			"faces": {
				"north": {"uv": [11.5, 0, 0, 4], "texture": "#2"},
				"east": {"uv": [2.5, 0, 0, 4], "texture": "#2"},
				"south": {"uv": [11.5, 0, 0, 4], "texture": "#2"},
				"west": {"uv": [2.5, 0, 0, 4], "texture": "#2"},
				"up": {"uv": [0, 2.5, 11.5, 0], "texture": "#2"},
				"down": {"uv": [0, 2.5, 11.5, 0], "texture": "#2"}
			}
		},
		{
			"from": [3.25, 11.75, -4.75],
			"to": [12.75, 13.25, -2.75],
			"rotation": {"angle": 0, "axis": "y", "origin": [7.5, 13.5, -3.5]},
			"faces": {
				"north": {"uv": [9.5, 6, 0, 7.5], "texture": "#2"},
				"east": {"uv": [2, 6, 0, 7.5], "texture": "#2"},
				"south": {"uv": [9.5, 6, 0, 7.5], "texture": "#2"},
				"west": {"uv": [2, 6, 0, 7.5], "texture": "#2"},
				"up": {"uv": [5.25, 6, 3.25, 7.5], "rotation": 90, "texture": "#2"},
				"down": {"uv": [5.25, 6, 3.25, 7.5], "rotation": 90, "texture": "#2"}
			}
		},
		{
			"from": [3.25, 11.75, 18.75],
			"to": [12.75, 13.25, 20.75],
			"rotation": {"angle": 0, "axis": "y", "origin": [7.5, 13.5, 19.5]},
			"faces": {
				"north": {"uv": [0, 6, 9.5, 7.5], "texture": "#2"},
				"east": {"uv": [0, 6, 2, 7.5], "texture": "#2"},
				"south": {"uv": [0, 6, 9.5, 7.5], "texture": "#2"},
				"west": {"uv": [0, 6, 2, 7.5], "texture": "#2"},
				"up": {"uv": [3.25, 6, 5.25, 7.5], "rotation": 90, "texture": "#2"},
				"down": {"uv": [3.25, 6, 5.25, 7.5], "rotation": 90, "texture": "#2"}
			}
		},
		{
			"from": [18.75, 11.75, 3.25],
			"to": [20.75, 13.25, 12.75],
			"rotation": {"angle": 0, "axis": "y", "origin": [19.5, 13.5, 8]},
			"color": 3,
			"faces": {
				"north": {"uv": [0, 0, 2, 1.5], "texture": "#missing"},
				"east": {"uv": [0, 0, 9.5, 1.5], "texture": "#missing"},
				"south": {"uv": [0, 0, 2, 1.5], "texture": "#missing"},
				"west": {"uv": [0, 0, 9.5, 1.5], "texture": "#missing"},
				"up": {"uv": [0, 0, 9.5, 2], "rotation": 90, "texture": "#missing"},
				"down": {"uv": [0, 0, 9.5, 2], "rotation": 270, "texture": "#missing"}
			}
		},
		{
			"from": [-4.75, 11.75, 3.25],
			"to": [-2.75, 13.25, 12.75],
			"rotation": {"angle": 0, "axis": "y", "origin": [-3.5, 13.5, 8]},
			"faces": {
				"north": {"uv": [2, 6, 0, 7.5], "texture": "#2"},
				"east": {"uv": [9.5, 6, 0, 7.5], "texture": "#2"},
				"south": {"uv": [2, 6, 0, 7.5], "texture": "#2"},
				"west": {"uv": [9.5, 6, 0, 7.5], "texture": "#2"},
				"up": {"uv": [5.25, 6, 3.25, 7.5], "texture": "#2"},
				"down": {"uv": [4.75, 6, 2.75, 7.5], "texture": "#2"}
			}
		},
		{
			"from": [18.75, 11.75, 3.25],
			"to": [20.75, 13.25, 12.75],
			"rotation": {"angle": 0, "axis": "y", "origin": [19.5, 13.5, 8]},
			"faces": {
				"north": {"uv": [0, 6, 2, 7.5], "texture": "#2"},
				"east": {"uv": [0, 6, 9.5, 7.5], "texture": "#2"},
				"south": {"uv": [0, 6, 2, 7.5], "texture": "#2"},
				"west": {"uv": [0, 6, 9.5, 7.5], "texture": "#2"},
				"up": {"uv": [3.25, 6, 5.25, 7.5], "texture": "#2"},
				"down": {"uv": [2.75, 6, 4.75, 7.5], "texture": "#2"}
			}
		},
		{
			"from": [2.5, 13.25, -2.75],
			"to": [13.85, 15, -0.75],
			"rotation": {"angle": 45, "axis": "y", "origin": [7.5, 13.5, 8.5]},
			"faces": {
				"north": {"uv": [11.1, 4, 0, 6], "texture": "#2"},
				"east": {"uv": [6.5, 4, 4.5, 5.75], "texture": "#2"},
				"south": {"uv": [11.1, 4, 0, 6], "texture": "#2"},
				"west": {"uv": [6.75, 4.25, 4.75, 6], "texture": "#2"},
				"up": {"uv": [11.1, 4, 0, 6], "texture": "#2"},
				"down": {"uv": [11.1, 4, 0, 6], "texture": "#2"}
			}
		},
		{
			"from": [2.15, 13.25, -2.75],
			"to": [13.5, 15, -0.75],
			"rotation": {"angle": -45, "axis": "y", "origin": [8.5, 13.5, 8.5]},
			"faces": {
				"north": {"uv": [0, 4, 11.1, 6], "texture": "#2"},
				"east": {"uv": [4.75, 4.25, 6.75, 6], "texture": "#2"},
				"south": {"uv": [0, 4, 11.1, 6], "texture": "#2"},
				"west": {"uv": [4.5, 4, 6.5, 5.75], "texture": "#2"},
				"up": {"uv": [0, 4, 11.1, 6], "texture": "#2"},
				"down": {"uv": [0, 4, 11.1, 6], "texture": "#2"}
			}
		},
		{
			"from": [2.15, 13.25, 16.75],
			"to": [13.5, 15, 18.75],
			"rotation": {"angle": 45, "axis": "y", "origin": [8.5, 13.5, 7.5]},
			"faces": {
				"north": {"uv": [11.1, 4, 0, 6], "texture": "#2"},
				"east": {"uv": [6.75, 4.25, 4.75, 6], "texture": "#2"},
				"south": {"uv": [11.1, 4, 0, 6], "texture": "#2"},
				"west": {"uv": [6.5, 4, 4.5, 5.75], "texture": "#2"},
				"up": {"uv": [0, 6, 11.1, 4], "texture": "#2"},
				"down": {"uv": [0, 6, 11.1, 4], "texture": "#2"}
			}
		},
		{
			"from": [2.5, 13.25, 16.75],
			"to": [13.85, 15, 18.75],
			"rotation": {"angle": -45, "axis": "y", "origin": [7.5, 13.5, 7.5]},
			"faces": {
				"north": {"uv": [0, 4, 11.1, 6], "texture": "#2"},
				"east": {"uv": [4.5, 4, 6.5, 5.75], "texture": "#2"},
				"south": {"uv": [0, 4, 11.1, 6], "texture": "#2"},
				"west": {"uv": [4.75, 4.25, 6.75, 6], "texture": "#2"},
				"up": {"uv": [11.1, 6, 0, 4], "texture": "#2"},
				"down": {"uv": [11.1, 6, 0, 4], "texture": "#2"}
			}
		},
		{
			"from": [1.5, 12.25, -4],
			"to": [14.85, 14.5, -2.75],
			"rotation": {"angle": 45, "axis": "y", "origin": [7.5, 13.5, 8.5]},
			"faces": {
				"north": {"uv": [14.35, 5, 1, 7.25], "texture": "#4"},
				"east": {"uv": [1.25, 0, 0, 2.25], "texture": "#4"},
				"south": {"uv": [14.35, 4, 1, 6.25], "texture": "#4"},
				"west": {"uv": [1.25, 0, 0, 2.25], "texture": "#4"},
				"up": {"uv": [2, 6.25, 15.35, 5], "texture": "#4"},
				"down": {"uv": [1, 7.25, 14.35, 6], "texture": "#4"}
			}
		},
		{
			"from": [1.15, 12.25, -4],
			"to": [14.5, 14.5, -2.75],
			"rotation": {"angle": -45, "axis": "y", "origin": [8.5, 13.5, 8.5]},
			"faces": {
				"north": {"uv": [1, 5, 14.35, 7.25], "texture": "#4"},
				"east": {"uv": [0, 0, 1.25, 2.25], "texture": "#4"},
				"south": {"uv": [1, 4, 14.35, 6.25], "texture": "#4"},
				"west": {"uv": [0, 0, 1.25, 2.25], "texture": "#4"},
				"up": {"uv": [15.35, 6.25, 2, 5], "texture": "#4"},
				"down": {"uv": [14.35, 7.25, 1, 6], "texture": "#4"}
			}
		},
		{
			"from": [1.15, 12.25, 18.75],
			"to": [14.5, 14.5, 20],
			"rotation": {"angle": 45, "axis": "y", "origin": [8.5, 13.5, 7.5]},
			"faces": {
				"north": {"uv": [14.35, 4, 1, 6.25], "texture": "#4"},
				"east": {"uv": [1.25, 0, 0, 2.25], "texture": "#4"},
				"south": {"uv": [14.35, 5, 1, 7.25], "texture": "#4"},
				"west": {"uv": [1.25, 0, 0, 2.25], "texture": "#4"},
				"up": {"uv": [15.35, 5, 2, 6.25], "texture": "#4"},
				"down": {"uv": [14.35, 6, 1, 7.25], "texture": "#4"}
			}
		},
		{
			"from": [1.5, 12.25, 18.75],
			"to": [14.85, 14.5, 20],
			"rotation": {"angle": -45, "axis": "y", "origin": [7.5, 13.5, 7.5]},
			"faces": {
				"north": {"uv": [1, 4, 14.35, 6.25], "texture": "#4"},
				"east": {"uv": [0, 0, 1.25, 2.25], "texture": "#4"},
				"south": {"uv": [1, 5, 14.35, 7.25], "texture": "#4"},
				"west": {"uv": [0, 0, 1.25, 2.25], "texture": "#4"},
				"up": {"uv": [2, 5, 15.35, 6.25], "texture": "#4"},
				"down": {"uv": [1, 6, 14.35, 7.25], "texture": "#4"}
			}
		},
		{
			"from": [-2.75, 10.25, 2.25],
			"to": [-0.25, 14.25, 13.75],
			"rotation": {"angle": 0, "axis": "y", "origin": [-1.5, 13.5, 8]},
			"faces": {
				"north": {"uv": [0, 0, 2.5, 4], "texture": "#2"},
				"east": {"uv": [0, 0, 11.5, 4], "texture": "#2"},
				"south": {"uv": [0, 0, 2.5, 4], "texture": "#2"},
				"west": {"uv": [0, 0, 11.5, 4], "texture": "#2"},
				"up": {"uv": [0, 0, 11.5, 2.5], "rotation": 270, "texture": "#2"},
				"down": {"uv": [0, 0, 11.5, 2.5], "rotation": 90, "texture": "#2"}
			}
		},
		{
			"from": [16.25, 10.75, 2.25],
			"to": [18.75, 14.25, 13.75],
			"rotation": {"angle": 0, "axis": "y", "origin": [17.5, 13.5, 8]},
			"faces": {
				"north": {"uv": [0, 0, 2.5, 3.5], "texture": "#2"},
				"east": {"uv": [0, 0, 11.5, 3.5], "texture": "#2"},
				"south": {"uv": [0, 0, 2.5, 3.5], "texture": "#2"},
				"west": {"uv": [0, 0, 11.5, 3.5], "texture": "#2"},
				"up": {"uv": [0, 0, 11.5, 2.5], "rotation": 270, "texture": "#2"},
				"down": {"uv": [0, 0, 11.5, 2.5], "rotation": 90, "texture": "#2"}
			}
		},
		{
			"from": [2.5, 0, 2.5],
			"to": [13.5, 1, 13.5],
			"faces": {
				"north": {"uv": [0, 1.5, 11.5, 2.5], "texture": "#2"},
				"east": {"uv": [0, 1.5, 11.5, 2.5], "texture": "#2"},
				"south": {"uv": [0, 1.5, 11.5, 2.5], "texture": "#2"},
				"west": {"uv": [0, 1.5, 11.5, 2.5], "texture": "#2"},
				"up": {"uv": [0, 8, 8, 16], "texture": "#2"},
				"down": {"uv": [0, 8, 8, 16], "texture": "#2"}
			}
		},
		{
			"from": [15.5, 0, 2.5],
			"to": [20.5, 1, 13.5],
			"rotation": {"angle": 0, "axis": "y", "origin": [15, 8, 8]},
			"faces": {
				"north": {"uv": [0, 0, 5, 1], "texture": "#2"},
				"east": {"uv": [0, 0, 11, 1], "texture": "#2"},
				"south": {"uv": [0, 0, 5, 1], "texture": "#2"},
				"west": {"uv": [0, 0, 11, 1], "texture": "#2"},
				"up": {"uv": [0.5, 1.5, 11, 0], "texture": "#2"},
				"down": {"uv": [10.75, 6, 16, 16], "rotation": 90, "texture": "#2"}
			}
		},
		{
			"from": [-4.5, 0, 2.5],
			"to": [0.5, 1, 13.5],
			"rotation": {"angle": 0, "axis": "y", "origin": [1, 8, 8]},
			"faces": {
				"north": {"uv": [5, 0, 0, 1], "texture": "#2"},
				"east": {"uv": [11, 0, 0, 1], "texture": "#2"},
				"south": {"uv": [5, 0, 0, 1], "texture": "#2"},
				"west": {"uv": [11, 0, 0, 1], "texture": "#2"},
				"up": {"uv": [0.5, 1.5, 11, 0], "texture": "#2"},
				"down": {"uv": [10.75, 6, 16, 16], "rotation": 90, "texture": "#2"}
			}
		},
		{
			"from": [2.5, 0, 15.5],
			"to": [13.5, 1, 20.5],
			"faces": {
				"north": {"uv": [0, 0, 11, 1], "texture": "#2"},
				"east": {"uv": [0, 0, 5, 1], "texture": "#2"},
				"south": {"uv": [0, 0, 11, 1], "texture": "#2"},
				"west": {"uv": [0, 0, 5, 1], "texture": "#2"},
				"up": {"uv": [0.5, 1.5, 11, 0], "texture": "#2"},
				"down": {"uv": [10.75, 6, 16, 16], "rotation": 90, "texture": "#2"}
			}
		},
		{
			"from": [2.5, 0.25, 16.5],
			"to": [13.5, 3, 19.5],
			"faces": {
				"north": {"uv": [0, 3.75, 11.5, 1.5], "texture": "#2"},
				"east": {"uv": [0.25, 4, 1.25, 1.5], "rotation": 90, "texture": "#2"},
				"south": {"uv": [0, 3.75, 11.5, 1.5], "texture": "#2"},
				"west": {"uv": [0.25, 4, 1.25, 1.5], "rotation": 90, "texture": "#2"},
				"up": {"uv": [1.75, 4, 9.75, 1.5], "rotation": 90, "texture": "#2"},
				"down": {"uv": [0.25, 4, 11.25, 1.5], "texture": "#2"}
			}
		},
		{
			"from": [2.5, 0.25, -3.5],
			"to": [13.5, 3, -0.5],
			"faces": {
				"north": {"uv": [0, 3.75, 11.5, 1.5], "texture": "#2"},
				"east": {"uv": [0.25, 4, 1.25, 1.5], "rotation": 90, "texture": "#2"},
				"south": {"uv": [0, 3.75, 11.5, 1.5], "texture": "#2"},
				"west": {"uv": [0.25, 4, 1.25, 1.5], "rotation": 90, "texture": "#2"},
				"up": {"uv": [1.75, 4, 9.75, 1.5], "rotation": 90, "texture": "#2"},
				"down": {"uv": [0.25, 4, 11.25, 1.5], "texture": "#2"}
			}
		},
		{
			"from": [3.5, 3, -3.25],
			"to": [12.5, 4.75, -1.5],
			"faces": {
				"north": {"uv": [4, 6, 13, 7.75], "texture": "#4"},
				"east": {"uv": [0, 0, 1.75, 1.75], "rotation": 90, "texture": "#4"},
				"south": {"uv": [4.75, 0, 13.75, 1.75], "texture": "#4"},
				"west": {"uv": [3, 0, 4.75, 1.75], "texture": "#4"},
				"up": {"uv": [4, 2, 13, 3.75], "texture": "#4"},
				"down": {"uv": [0, 3, 9, 4.75], "texture": "#4"}
			}
		},
		{
			"from": [3.5, 3, 17.5],
			"to": [12.5, 4.75, 19.25],
			"faces": {
				"north": {"uv": [4, 6, 13, 7.75], "texture": "#4"},
				"east": {"uv": [4.75, 0, 3, 1.75], "rotation": 270, "texture": "#4"},
				"south": {"uv": [4, 6, 13, 7.75], "texture": "#4"},
				"west": {"uv": [4.75, 0, 3, 1.75], "texture": "#4"},
				"up": {"uv": [4, 2, 13, 3.75], "texture": "#4"},
				"down": {"uv": [0, 4.75, 9, 3], "texture": "#4"}
			}
		},
		{
			"from": [16.5, 0.25, 2.5],
			"to": [19.5, 3, 13.5],
			"faces": {
				"north": {"uv": [0.25, 4, 1.25, 1.5], "rotation": 90, "texture": "#2"},
				"east": {"uv": [0, 3.75, 11.5, 1.5], "texture": "#2"},
				"south": {"uv": [0.25, 4, 1.25, 1.5], "rotation": 90, "texture": "#2"},
				"west": {"uv": [0, 3.75, 11.5, 1.5], "texture": "#2"},
				"up": {"uv": [1.75, 4, 9.75, 1.5], "rotation": 90, "texture": "#2"},
				"down": {"uv": [0.25, 4, 11.25, 1.5], "rotation": 90, "texture": "#2"}
			}
		},
		{
			"from": [-3.25, 3, 3.5],
			"to": [-1.5, 4.75, 12.5],
			"faces": {
				"north": {"uv": [0, 0, 1.75, 1.75], "rotation": 90, "texture": "#4"},
				"east": {"uv": [4, 6, 13, 7.75], "texture": "#4"},
				"south": {"uv": [0, 0, 1.75, 1.75], "texture": "#4"},
				"west": {"uv": [4, 6, 13, 7.75], "texture": "#4"},
				"up": {"uv": [4, 2, 13, 3.75], "rotation": 90, "texture": "#4"},
				"down": {"uv": [0, 0, 9, 1.75], "rotation": 270, "texture": "#4"}
			}
		},
		{
			"from": [17.5, 3, 3.5],
			"to": [19.25, 4.75, 12.5],
			"faces": {
				"north": {"uv": [1.75, 0, 0, 1.75], "rotation": 270, "texture": "#4"},
				"east": {"uv": [4, 6, 13, 7.75], "texture": "#4"},
				"south": {"uv": [1.75, 0, 0, 1.75], "texture": "#4"},
				"west": {"uv": [4, 6, 13, 7.75], "texture": "#4"},
				"up": {"uv": [4, 2, 13, 3.75], "rotation": 90, "texture": "#4"},
				"down": {"uv": [0, 1.75, 9, 0], "rotation": 270, "texture": "#4"}
			}
		},
		{
			"from": [-3.5, 0.25, 2.5],
			"to": [-0.5, 3, 13.5],
			"faces": {
				"north": {"uv": [0.25, 4, 1.25, 1.5], "rotation": 90, "texture": "#2"},
				"east": {"uv": [0, 3.75, 11.5, 1.5], "texture": "#2"},
				"south": {"uv": [0.25, 4, 1.25, 1.5], "rotation": 90, "texture": "#2"},
				"west": {"uv": [0, 3.75, 11.5, 1.5], "texture": "#2"},
				"up": {"uv": [1.75, 4, 9.75, 1.5], "rotation": 90, "texture": "#2"},
				"down": {"uv": [0.25, 4, 11.25, 1.5], "rotation": 90, "texture": "#2"}
			}
		},
		{
			"from": [3, 0, 15.5],
			"to": [13, 1.25, 20.75],
			"rotation": {"angle": 45, "axis": "y", "origin": [8, 8, 8]},
			"faces": {
				"north": {"uv": [0, 0, 10, 1.25], "texture": "#2"},
				"east": {"uv": [0, 0, 5.25, 1.25], "texture": "#2"},
				"south": {"uv": [0, 0, 10, 1.25], "texture": "#2"},
				"west": {"uv": [0, 0, 5.25, 1.25], "texture": "#2"},
				"up": {"uv": [0.5, 1.5, 11, 0], "texture": "#2"},
				"down": {"uv": [10.75, 6, 16, 16], "rotation": 90, "texture": "#2"}
			}
		},
		{
			"from": [4, 1.25, 16.5],
			"to": [12, 2.25, 19.75],
			"rotation": {"angle": 45, "axis": "y", "origin": [8, 8, 8]},
			"faces": {
				"north": {"uv": [0, 4.75, 11.25, 4], "texture": "#2"},
				"east": {"uv": [0, 0, 3.25, 1], "texture": "#2"},
				"south": {"uv": [0, 4.75, 11.25, 4], "texture": "#2"},
				"west": {"uv": [0, 0, 3.25, 1], "texture": "#2"},
				"up": {"uv": [0, 4.75, 11.25, 4], "rotation": 180, "texture": "#2"},
				"down": {"uv": [0, 0, 8, 3.25], "texture": "#2"}
			}
		},
		{
			"from": [4, 1.25, 16.5],
			"to": [12, 2.25, 19.75],
			"rotation": {"angle": -45, "axis": "y", "origin": [8, 8, 8]},
			"faces": {
				"north": {"uv": [0, 4.75, 11.25, 4], "texture": "#2"},
				"east": {"uv": [3.25, 0, 0, 1], "texture": "#2"},
				"south": {"uv": [0, 4.75, 11.25, 4], "texture": "#2"},
				"west": {"uv": [3.25, 0, 0, 1], "texture": "#2"},
				"up": {"uv": [0, 4.75, 11.25, 4], "rotation": 180, "texture": "#2"},
				"down": {"uv": [8, 0, 0, 3.25], "texture": "#2"}
			}
		},
		{
			"from": [4, 1.25, -3.75],
			"to": [12, 2.25, -0.5],
			"rotation": {"angle": 45, "axis": "y", "origin": [8, 8, 8]},
			"faces": {
				"north": {"uv": [0, 4.75, 11.25, 4], "texture": "#2"},
				"east": {"uv": [0, 0, 3.25, 1], "texture": "#2"},
				"south": {"uv": [0, 4.75, 11.25, 4], "texture": "#2"},
				"west": {"uv": [0, 0, 3.25, 1], "texture": "#2"},
				"up": {"uv": [0, 4.75, 11.25, 4], "texture": "#2"},
				"down": {"uv": [8, 3.25, 0, 0], "texture": "#2"}
			}
		},
		{
			"from": [4, 1.25, -3.75],
			"to": [12, 2.25, -0.5],
			"rotation": {"angle": -45, "axis": "y", "origin": [8, 8, 8]},
			"faces": {
				"north": {"uv": [0, 4.75, 11.25, 4], "texture": "#2"},
				"east": {"uv": [3.25, 0, 0, 1], "texture": "#2"},
				"south": {"uv": [0, 4.75, 11.25, 4], "texture": "#2"},
				"west": {"uv": [3.25, 0, 0, 1], "texture": "#2"},
				"up": {"uv": [0, 4.75, 11.25, 4], "texture": "#2"},
				"down": {"uv": [0, 3.25, 8, 0], "texture": "#2"}
			}
		},
		{
			"from": [3, 0, -4.75],
			"to": [13, 1.25, 0.5],
			"rotation": {"angle": -45, "axis": "y", "origin": [8, 8, 8]},
			"faces": {
				"north": {"uv": [10, 0, 0, 1.25], "texture": "#2"},
				"east": {"uv": [5.25, 0, 0, 1.25], "texture": "#2"},
				"south": {"uv": [10, 0, 0, 1.25], "texture": "#2"},
				"west": {"uv": [5.25, 0, 0, 1.25], "texture": "#2"},
				"up": {"uv": [0.5, 1.5, 11, 0], "texture": "#2"},
				"down": {"uv": [10.75, 6, 16, 16], "rotation": 90, "texture": "#2"}
			}
		},
		{
			"from": [3, 0, -4.75],
			"to": [13, 1.25, 0.5],
			"rotation": {"angle": 45, "axis": "y", "origin": [8, 8, 8]},
			"faces": {
				"north": {"uv": [0, 0, 10, 1.25], "texture": "#2"},
				"east": {"uv": [0, 0, 5.25, 1.25], "texture": "#2"},
				"south": {"uv": [0, 0, 10, 1.25], "texture": "#2"},
				"west": {"uv": [0, 0, 5.25, 1.25], "texture": "#2"},
				"up": {"uv": [0.5, 1.5, 11, 0], "texture": "#2"},
				"down": {"uv": [10.75, 6, 16, 16], "rotation": 90, "texture": "#2"}
			}
		},
		{
			"from": [3, 0, 15.5],
			"to": [13, 1.25, 20.75],
			"rotation": {"angle": -45, "axis": "y", "origin": [8, 8, 8]},
			"faces": {
				"north": {"uv": [10, 0, 0, 1.25], "texture": "#2"},
				"east": {"uv": [5.25, 0, 0, 1.25], "texture": "#2"},
				"south": {"uv": [10, 0, 0, 1.25], "texture": "#2"},
				"west": {"uv": [5.25, 0, 0, 1.25], "texture": "#2"},
				"up": {"uv": [0.5, 1.5, 11, 0], "texture": "#2"},
				"down": {"uv": [10.75, 6, 16, 16], "rotation": 90, "texture": "#2"}
			}
		},
		{
			"from": [2.5, 0, -4.5],
			"to": [13.5, 1, 0.5],
			"rotation": {"angle": 0, "axis": "y", "origin": [8, 8, -12]},
			"faces": {
				"north": {"uv": [0, 0, 11, 1], "texture": "#2"},
				"east": {"uv": [0, 0, 5, 1], "texture": "#2"},
				"south": {"uv": [0, 0, 11, 1], "texture": "#2"},
				"west": {"uv": [0, 0, 5, 1], "texture": "#2"},
				"up": {"uv": [0.5, 1.5, 11, 0], "texture": "#2"},
				"down": {"uv": [10.75, 6, 16, 16], "rotation": 90, "texture": "#2"}
			}
		},
		{
			"from": [4, 0.25, 12],
			"to": [12, 2.5, 13.25],
			"faces": {
				"north": {"uv": [0, 0, 8, 2.5], "texture": "#2"},
				"east": {"uv": [4, 1.5, 5.25, 4], "texture": "#2"},
				"south": {"uv": [1.75, 3.75, 9.5, 5], "texture": "#2"},
				"west": {"uv": [4, 1.5, 5.25, 4], "texture": "#2"},
				"up": {"uv": [1.75, 1.5, 9.75, 2.75], "rotation": 180, "texture": "#2"},
				"down": {"uv": [0, 0, 8, 1.25], "texture": "#2"}
			}
		},
		{
			"from": [4, 0.25, 2.75],
			"to": [12, 2.5, 4],
			"rotation": {"angle": 0, "axis": "y", "origin": [8, 8, -1.25]},
			"faces": {
				"north": {"uv": [1.75, 3.75, 9.5, 5], "texture": "#2"},
				"east": {"uv": [4, 1.5, 5.25, 4], "texture": "#2"},
				"south": {"uv": [0, 0, 8, 2.5], "texture": "#2"},
				"west": {"uv": [4, 1.5, 5.25, 4], "texture": "#2"},
				"up": {"uv": [1.75, 1.5, 9.75, 2.75], "texture": "#2"},
				"down": {"uv": [0, 0, 8, 1.25], "texture": "#2"}
			}
		},
		{
			"from": [12, 0.25, 4],
			"to": [13.25, 2.5, 12],
			"faces": {
				"north": {"uv": [4, 1.5, 5.25, 4], "texture": "#2"},
				"east": {"uv": [1.75, 3.75, 9.5, 5], "texture": "#2"},
				"south": {"uv": [4, 1.5, 5.25, 4], "texture": "#2"},
				"west": {"uv": [12.5, 0, 16, 2.25], "texture": "#2"},
				"up": {"uv": [1.75, 1.5, 9.75, 2.75], "rotation": 90, "texture": "#2"},
				"down": {"uv": [12.5, 0, 16, 2.25], "texture": "#2"}
			}
		},
		{
			"from": [2.75, 0.25, 4],
			"to": [4, 2.5, 12],
			"rotation": {"angle": 0, "axis": "y", "origin": [-1.25, 8, 8]},
			"faces": {
				"north": {"uv": [4, 1.5, 5.25, 3.75], "texture": "#2"},
				"east": {"uv": [0, 0, 8, 2.25], "texture": "#2"},
				"south": {"uv": [4, 1.5, 5.25, 3.75], "texture": "#2"},
				"west": {"uv": [1.75, 3.75, 9.5, 5], "texture": "#2"},
				"up": {"uv": [1.75, 1.5, 9.75, 2.75], "rotation": 90, "texture": "#2"},
				"down": {"uv": [0, 0, 8, 1.25], "rotation": 90, "texture": "#2"}
			}
		}
	],
	"display": {
		"thirdperson_righthand": {
			"translation": [0, 3.25, 0],
			"scale": [0.5, 0.5, 0.5]
		},
		"thirdperson_lefthand": {
			"translation": [0, 3.25, 0],
			"scale": [0.5, 0.5, 0.5]
		},
		"ground": {
			"translation": [0, 3, 0]
		},
		"head": {
			"translation": [0, -19.75, 0],
			"scale": [3, 3, 3]
		},
		"fixed": {
			"translation": [0, 0, -1.5]
		}
	}
}