{
	"credit": "Made by MILENARY",
	"textures": {
		"3": "block/gun_10",
		"4": "block/gun_fire_2",
		"9": "block/gun_opening",
		"10": "block/red_gun_2",
		"11": "block/gun_10_zoom",
		"particle": "block/gun_10"
	},
	"elements": [
		{
			"name": "gun_10_1_0",
			"from": [7.725, 2.65949, 10.39328],
			"to": [8.27885, 3.42872, 10.85481],
			"rotation": {"angle": 0, "axis": "y", "origin": [6.71232, 2.19235, 7.6979]},
			"faces": {
				"north": {"uv": [10.30769, 6.46154, 10.46154, 7.23077], "texture": "#3"},
				"east": {"uv": [10.30769, 7.23077, 10.76923, 6.46154], "rotation": 180, "texture": "#3"},
				"south": {"uv": [10.61538, 6.46154, 10.76923, 7.23077], "texture": "#3"},
				"west": {"uv": [10.30769, 6.46154, 10.76923, 7.23077], "texture": "#3"},
				"up": {"uv": [10.76923, 6.46154, 10.30769, 6.61538], "rotation": 270, "texture": "#3"},
				"down": {"uv": [10.30769, 7.07692, 10.76923, 7.23077], "rotation": 270, "texture": "#3"}
			}
		},
		{
			"name": "gun_10_1_1",
			"from": [7.725, 1.89026, 12.85481],
			"to": [8.27885, 3.42872, 13.4702],
			"rotation": {"angle": 0, "axis": "y", "origin": [6.71232, 2.19235, 7.6979]},
			"faces": {
				"north": {"uv": [12.76923, 6.46154, 12.92308, 8], "texture": "#3"},
				"east": {"uv": [12.76923, 8, 13.38462, 6.46154], "rotation": 180, "texture": "#3"},
				"south": {"uv": [13.23077, 6.46154, 13.38462, 8], "texture": "#3"},
				"west": {"uv": [12.76923, 6.46154, 13.38462, 8], "texture": "#3"},
				"up": {"uv": [13.38462, 6.46154, 12.76923, 6.61538], "rotation": 270, "texture": "#3"},
				"down": {"uv": [12.76923, 7.84615, 13.38462, 8], "rotation": 270, "texture": "#3"}
			}
		},
		{
			"name": "gun_10_1_2",
			"from": [7.725, 2.50564, 10.85481],
			"to": [8.27885, 3.27487, 11.4702],
			"rotation": {"angle": 0, "axis": "y", "origin": [6.71232, 2.19235, 7.6979]},
			"faces": {
				"north": {"uv": [10.76923, 6.61538, 10.92308, 7.38462], "texture": "#3"},
				"east": {"uv": [10.76923, 7.38462, 11.38462, 6.61538], "rotation": 180, "texture": "#3"},
				"south": {"uv": [11.23077, 6.61538, 11.38462, 7.38462], "texture": "#3"},
				"west": {"uv": [10.76923, 6.61538, 11.38462, 7.38462], "texture": "#3"},
				"up": {"uv": [11.38462, 6.61538, 10.76923, 6.76923], "rotation": 270, "texture": "#3"},
				"down": {"uv": [10.76923, 7.23077, 11.38462, 7.38462], "rotation": 270, "texture": "#3"}
			}
		},
		{
			"name": "gun_10_1_3",
			"from": [7.725, 2.0441, 12.39328],
			"to": [8.27885, 3.27487, 12.85481],
			"rotation": {"angle": 0, "axis": "y", "origin": [6.71232, 2.19235, 7.6979]},
			"faces": {
				"north": {"uv": [12.30769, 6.61538, 12.46154, 7.84615], "texture": "#3"},
				"east": {"uv": [12.30769, 7.84615, 12.76923, 6.61538], "rotation": 180, "texture": "#3"},
				"south": {"uv": [12.61538, 6.61538, 12.76923, 7.84615], "texture": "#3"},
				"west": {"uv": [12.30769, 6.61538, 12.76923, 7.84615], "texture": "#3"},
				"up": {"uv": [12.76923, 6.61538, 12.30769, 6.76923], "rotation": 270, "texture": "#3"},
				"down": {"uv": [12.30769, 7.69231, 12.76923, 7.84615], "rotation": 270, "texture": "#3"}
			}
		},
		{
			"name": "gun_10_1_4",
			"from": [7.725, 1.73641, 13.4702],
			"to": [8.27885, 3.27487, 14.08558],
			"rotation": {"angle": 0, "axis": "y", "origin": [6.71232, 2.19235, 7.6979]},
			"faces": {
				"north": {"uv": [13.38462, 6.61538, 13.53846, 8.15385], "texture": "#3"},
				"east": {"uv": [13.38462, 8.15385, 14, 6.61538], "rotation": 180, "texture": "#3"},
				"south": {"uv": [13.84615, 6.61538, 14, 8.15385], "texture": "#3"},
				"west": {"uv": [13.38462, 6.61538, 14, 8.15385], "texture": "#3"},
				"up": {"uv": [14, 6.61538, 13.38462, 6.76923], "rotation": 270, "texture": "#3"},
				"down": {"uv": [13.38462, 8, 14, 8.15385], "rotation": 270, "texture": "#3"}
			}
		},
		{
			"name": "gun_10_1_5",
			"from": [7.725, 2.35179, 11.4702],
			"to": [8.27885, 3.12102, 12.39328],
			"rotation": {"angle": 0, "axis": "y", "origin": [6.71232, 2.19235, 7.6979]},
			"faces": {
				"north": {"uv": [11.38462, 6.76923, 11.53846, 7.53846], "texture": "#3"},
				"east": {"uv": [11.38462, 7.53846, 12.30769, 6.76923], "rotation": 180, "texture": "#3"},
				"south": {"uv": [12.15385, 6.76923, 12.30769, 7.53846], "texture": "#3"},
				"west": {"uv": [11.38462, 6.76923, 12.30769, 7.53846], "texture": "#3"},
				"up": {"uv": [12.30769, 6.76923, 11.38462, 6.92308], "rotation": 270, "texture": "#3"},
				"down": {"uv": [11.38462, 7.38462, 12.30769, 7.53846], "rotation": 270, "texture": "#3"}
			}
		},
		{
			"name": "gun_10_1_6",
			"from": [7.725, 1.42872, 14.08558],
			"to": [8.27885, 3.12102, 14.70097],
			"rotation": {"angle": 0, "axis": "y", "origin": [6.71232, 2.19235, 7.6979]},
			"faces": {
				"north": {"uv": [14, 6.76923, 14.15385, 8.46154], "texture": "#3"},
				"east": {"uv": [14, 8.46154, 14.61538, 6.76923], "rotation": 180, "texture": "#3"},
				"south": {"uv": [14.46154, 6.76923, 14.61538, 8.46154], "texture": "#3"},
				"west": {"uv": [14, 6.76923, 14.61538, 8.46154], "texture": "#3"},
				"up": {"uv": [14.61538, 6.76923, 14, 6.92308], "rotation": 270, "texture": "#3"},
				"down": {"uv": [14, 8.30769, 14.61538, 8.46154], "rotation": 270, "texture": "#3"}
			}
		},
		{
			"name": "gun_10_1_7",
			"from": [7.725, 1.27487, 14.70097],
			"to": [8.27885, 2.96718, 15.4702],
			"rotation": {"angle": 0, "axis": "y", "origin": [6.71232, 2.19235, 7.6979]},
			"faces": {
				"north": {"uv": [14.61538, 6.92308, 14.76923, 8.61538], "texture": "#3"},
				"east": {"uv": [14.61538, 8.61538, 15.38462, 6.92308], "rotation": 180, "texture": "#3"},
				"south": {"uv": [15.23077, 6.92308, 15.38462, 8.61538], "texture": "#3"},
				"west": {"uv": [14.61538, 6.92308, 15.38462, 8.61538], "texture": "#3"},
				"up": {"uv": [15.38462, 6.92308, 14.61538, 7.07692], "rotation": 270, "texture": "#3"},
				"down": {"uv": [14.61538, 8.46154, 15.38462, 8.61538], "rotation": 270, "texture": "#3"}
			}
		},
		{
			"name": "gun_10_1_8",
			"from": [7.725, 1.89026, 15.4702],
			"to": [8.27885, 2.81333, 15.93174],
			"rotation": {"angle": 0, "axis": "y", "origin": [6.71232, 2.19235, 7.6979]},
			"faces": {
				"north": {"uv": [15.38462, 7.07692, 15.53846, 8], "texture": "#3"},
				"east": {"uv": [15.38462, 8, 15.84615, 7.07692], "rotation": 180, "texture": "#3"},
				"south": {"uv": [15.69231, 7.07692, 15.84615, 8], "texture": "#3"},
				"west": {"uv": [15.38462, 7.07692, 15.84615, 8], "texture": "#3"},
				"up": {"uv": [15.84615, 7.07692, 15.38462, 7.23077], "rotation": 270, "texture": "#3"},
				"down": {"uv": [15.38462, 7.84615, 15.84615, 8], "rotation": 270, "texture": "#3"}
			}
		},
		{
			"name": "gun_10_1_9",
			"from": [7.725, 2.50564, 10.70097],
			"to": [8.27885, 2.65949, 10.85481],
			"rotation": {"angle": 0, "axis": "y", "origin": [6.71232, 2.19235, 7.6979]},
			"faces": {
				"north": {"uv": [10.61538, 7.23077, 10.76923, 7.38462], "texture": "#3"},
				"east": {"uv": [10.61538, 7.38462, 10.76923, 7.23077], "rotation": 180, "texture": "#3"},
				"south": {"uv": [10.61538, 7.23077, 10.76923, 7.38462], "texture": "#3"},
				"west": {"uv": [10.61538, 7.23077, 10.76923, 7.38462], "texture": "#3"},
				"up": {"uv": [10.76923, 7.23077, 10.61538, 7.38462], "rotation": 270, "texture": "#3"},
				"down": {"uv": [10.61538, 7.23077, 10.76923, 7.38462], "rotation": 270, "texture": "#3"}
			}
		},
		{
			"name": "gun_10_1_10",
			"from": [7.725, 2.35179, 15.93174],
			"to": [8.27885, 2.65949, 16.08558],
			"rotation": {"angle": 0, "axis": "y", "origin": [6.71232, 2.19235, 7.6979]},
			"faces": {
				"north": {"uv": [15.84615, 7.23077, 16, 7.53846], "texture": "#3"},
				"east": {"uv": [15.84615, 7.53846, 16, 7.23077], "rotation": 180, "texture": "#3"},
				"south": {"uv": [15.84615, 7.23077, 16, 7.53846], "texture": "#3"},
				"west": {"uv": [15.84615, 7.23077, 16, 7.53846], "texture": "#3"},
				"up": {"uv": [16, 7.23077, 15.84615, 7.38462], "rotation": 270, "texture": "#3"},
				"down": {"uv": [15.84615, 7.38462, 16, 7.53846], "rotation": 270, "texture": "#3"}
			}
		},
		{
			"name": "gun_10_1_11",
			"from": [7.725, 2.35179, 11.16251],
			"to": [8.27885, 2.50564, 11.4702],
			"rotation": {"angle": 0, "axis": "y", "origin": [6.71232, 2.19235, 7.6979]},
			"faces": {
				"north": {"uv": [11.07692, 7.38462, 11.23077, 7.53846], "texture": "#3"},
				"east": {"uv": [11.07692, 7.53846, 11.38462, 7.38462], "rotation": 180, "texture": "#3"},
				"south": {"uv": [11.23077, 7.38462, 11.38462, 7.53846], "texture": "#3"},
				"west": {"uv": [11.07692, 7.38462, 11.38462, 7.53846], "texture": "#3"},
				"up": {"uv": [11.38462, 7.38462, 11.07692, 7.53846], "rotation": 270, "texture": "#3"},
				"down": {"uv": [11.07692, 7.38462, 11.38462, 7.53846], "rotation": 270, "texture": "#3"}
			}
		},
		{
			"name": "gun_10_1_12",
			"from": [7.725, 2.19795, 11.62404],
			"to": [8.27885, 2.35179, 12.39328],
			"rotation": {"angle": 0, "axis": "y", "origin": [6.71232, 2.19235, 7.6979]},
			"faces": {
				"north": {"uv": [11.53846, 7.53846, 11.69231, 7.69231], "texture": "#3"},
				"east": {"uv": [11.53846, 7.69231, 12.30769, 7.53846], "rotation": 180, "texture": "#3"},
				"south": {"uv": [12.15385, 7.53846, 12.30769, 7.69231], "texture": "#3"},
				"west": {"uv": [11.53846, 7.53846, 12.30769, 7.69231], "texture": "#3"},
				"up": {"uv": [12.30769, 7.53846, 11.53846, 7.69231], "rotation": 270, "texture": "#3"},
				"down": {"uv": [11.53846, 7.53846, 12.30769, 7.69231], "rotation": 270, "texture": "#3"}
			}
		},
		{
			"name": "gun_10_1_13",
			"from": [7.725, 2.0441, 12.23943],
			"to": [8.27885, 2.19795, 12.39328],
			"rotation": {"angle": 0, "axis": "y", "origin": [6.71232, 2.19235, 7.6979]},
			"faces": {
				"north": {"uv": [12.15385, 7.69231, 12.30769, 7.84615], "texture": "#3"},
				"east": {"uv": [12.15385, 7.84615, 12.30769, 7.69231], "rotation": 180, "texture": "#3"},
				"south": {"uv": [12.15385, 7.69231, 12.30769, 7.84615], "texture": "#3"},
				"west": {"uv": [12.15385, 7.69231, 12.30769, 7.84615], "texture": "#3"},
				"up": {"uv": [12.30769, 7.69231, 12.15385, 7.84615], "rotation": 270, "texture": "#3"},
				"down": {"uv": [12.15385, 7.69231, 12.30769, 7.84615], "rotation": 270, "texture": "#3"}
			}
		},
		{
			"name": "gun_10_1_14",
			"from": [7.725, 1.89026, 12.70097],
			"to": [8.27885, 2.0441, 12.85481],
			"rotation": {"angle": 0, "axis": "y", "origin": [6.71232, 2.19235, 7.6979]},
			"faces": {
				"north": {"uv": [12.61538, 7.84615, 12.76923, 8], "texture": "#3"},
				"east": {"uv": [12.61538, 8, 12.76923, 7.84615], "rotation": 180, "texture": "#3"},
				"south": {"uv": [12.61538, 7.84615, 12.76923, 8], "texture": "#3"},
				"west": {"uv": [12.61538, 7.84615, 12.76923, 8], "texture": "#3"},
				"up": {"uv": [12.76923, 7.84615, 12.61538, 8], "rotation": 270, "texture": "#3"},
				"down": {"uv": [12.61538, 7.84615, 12.76923, 8], "rotation": 270, "texture": "#3"}
			}
		},
		{
			"name": "gun_10_1_15",
			"from": [7.725, 1.73641, 13.16251],
			"to": [8.27885, 1.89026, 13.4702],
			"rotation": {"angle": 0, "axis": "y", "origin": [6.71232, 2.19235, 7.6979]},
			"faces": {
				"north": {"uv": [13.07692, 8, 13.23077, 8.15385], "texture": "#3"},
				"east": {"uv": [13.07692, 8.15385, 13.38462, 8], "rotation": 180, "texture": "#3"},
				"south": {"uv": [13.23077, 8, 13.38462, 8.15385], "texture": "#3"},
				"west": {"uv": [13.07692, 8, 13.38462, 8.15385], "texture": "#3"},
				"up": {"uv": [13.38462, 8, 13.07692, 8.15385], "rotation": 270, "texture": "#3"},
				"down": {"uv": [13.07692, 8, 13.38462, 8.15385], "rotation": 270, "texture": "#3"}
			}
		},
		{
			"name": "gun_10_1_16",
			"from": [7.725, 1.42872, 15.4702],
			"to": [8.27885, 1.89026, 15.77789],
			"rotation": {"angle": 0, "axis": "y", "origin": [6.71232, 2.19235, 7.6979]},
			"faces": {
				"north": {"uv": [15.38462, 8, 15.53846, 8.46154], "texture": "#3"},
				"east": {"uv": [15.38462, 8.46154, 15.69231, 8], "rotation": 180, "texture": "#3"},
				"south": {"uv": [15.53846, 8, 15.69231, 8.46154], "texture": "#3"},
				"west": {"uv": [15.38462, 8, 15.69231, 8.46154], "texture": "#3"},
				"up": {"uv": [15.69231, 8, 15.38462, 8.15385], "rotation": 270, "texture": "#3"},
				"down": {"uv": [15.38462, 8.30769, 15.69231, 8.46154], "rotation": 270, "texture": "#3"}
			}
		},
		{
			"name": "gun_10_1_17",
			"from": [7.725, 1.58256, 13.62404],
			"to": [8.27885, 1.73641, 14.08558],
			"rotation": {"angle": 0, "axis": "y", "origin": [6.71232, 2.19235, 7.6979]},
			"faces": {
				"north": {"uv": [13.53846, 8.15385, 13.69231, 8.30769], "texture": "#3"},
				"east": {"uv": [13.53846, 8.30769, 14, 8.15385], "rotation": 180, "texture": "#3"},
				"south": {"uv": [13.84615, 8.15385, 14, 8.30769], "texture": "#3"},
				"west": {"uv": [13.53846, 8.15385, 14, 8.30769], "texture": "#3"},
				"up": {"uv": [14, 8.15385, 13.53846, 8.30769], "rotation": 270, "texture": "#3"},
				"down": {"uv": [13.53846, 8.15385, 14, 8.30769], "rotation": 270, "texture": "#3"}
			}
		},
		{
			"name": "gun_10_1_18",
			"from": [7.725, 1.12102, 15.4702],
			"to": [8.27885, 1.42872, 15.62404],
			"rotation": {"angle": 0, "axis": "y", "origin": [6.71232, 2.19235, 7.6979]},
			"faces": {
				"north": {"uv": [15.38462, 8.46154, 15.53846, 8.76923], "texture": "#3"},
				"east": {"uv": [15.38462, 8.76923, 15.53846, 8.46154], "rotation": 180, "texture": "#3"},
				"south": {"uv": [15.38462, 8.46154, 15.53846, 8.76923], "texture": "#3"},
				"west": {"uv": [15.38462, 8.46154, 15.53846, 8.76923], "texture": "#3"},
				"up": {"uv": [15.53846, 8.46154, 15.38462, 8.61538], "rotation": 270, "texture": "#3"},
				"down": {"uv": [15.38462, 8.61538, 15.53846, 8.76923], "rotation": 270, "texture": "#3"}
			}
		},
		{
			"name": "gun_10_1_19",
			"from": [7.725, 1.12102, 15.16251],
			"to": [8.27885, 1.27487, 15.4702],
			"rotation": {"angle": 0, "axis": "y", "origin": [6.71232, 2.19235, 7.6979]},
			"faces": {
				"north": {"uv": [15.07692, 8.61538, 15.23077, 8.76923], "texture": "#3"},
				"east": {"uv": [15.07692, 8.76923, 15.38462, 8.61538], "rotation": 180, "texture": "#3"},
				"south": {"uv": [15.23077, 8.61538, 15.38462, 8.76923], "texture": "#3"},
				"west": {"uv": [15.07692, 8.61538, 15.38462, 8.76923], "texture": "#3"},
				"up": {"uv": [15.38462, 8.61538, 15.07692, 8.76923], "rotation": 270, "texture": "#3"},
				"down": {"uv": [15.07692, 8.61538, 15.38462, 8.76923], "rotation": 270, "texture": "#3"}
			}
		},
		{
			"name": "gun_10_2_0",
			"from": [7.825, 1.89026, 8.85481],
			"to": [8.17885, 2.65949, 10.08558],
			"rotation": {"angle": 0, "axis": "y", "origin": [6.81232, 2.19235, 7.6979]},
			"faces": {
				"north": {"uv": [8.76923, 7.23077, 8.92308, 8], "texture": "#3"},
				"east": {"uv": [8.76923, 8, 10, 7.23077], "rotation": 180, "texture": "#3"},
				"south": {"uv": [9.84615, 7.23077, 10, 8], "texture": "#3"},
				"west": {"uv": [8.76923, 7.23077, 10, 8], "texture": "#3"},
				"up": {"uv": [10, 7.23077, 8.76923, 7.38462], "rotation": 270, "texture": "#3"},
				"down": {"uv": [8.76923, 7.84615, 10, 8], "rotation": 270, "texture": "#3"}
			}
		},
		{
			"name": "gun_10_2_1",
			"from": [7.825, 2.19795, 10.08558],
			"to": [8.17885, 2.65949, 10.23943],
			"rotation": {"angle": 0, "axis": "y", "origin": [6.81232, 2.19235, 7.6979]},
			"faces": {
				"north": {"uv": [10, 7.23077, 10.15385, 7.69231], "texture": "#3"},
				"east": {"uv": [10, 7.69231, 10.15385, 7.23077], "rotation": 180, "texture": "#3"},
				"south": {"uv": [10, 7.23077, 10.15385, 7.69231], "texture": "#3"},
				"west": {"uv": [10, 7.23077, 10.15385, 7.69231], "texture": "#3"},
				"up": {"uv": [10.15385, 7.23077, 10, 7.38462], "rotation": 270, "texture": "#3"},
				"down": {"uv": [10, 7.53846, 10.15385, 7.69231], "rotation": 270, "texture": "#3"}
			}
		},
		{
			"name": "gun_10_2_2",
			"from": [7.825, 0.65949, 10.08558],
			"to": [8.17885, 2.0441, 10.23943],
			"rotation": {"angle": 0, "axis": "y", "origin": [6.81232, 2.19235, 7.6979]},
			"faces": {
				"north": {"uv": [10, 7.84615, 10.15385, 9.23077], "texture": "#3"},
				"east": {"uv": [10, 9.23077, 10.15385, 7.84615], "rotation": 180, "texture": "#3"},
				"south": {"uv": [10, 7.84615, 10.15385, 9.23077], "texture": "#3"},
				"west": {"uv": [10, 7.84615, 10.15385, 9.23077], "texture": "#3"},
				"up": {"uv": [10.15385, 7.84615, 10, 8], "rotation": 270, "texture": "#3"},
				"down": {"uv": [10, 9.07692, 10.15385, 9.23077], "rotation": 270, "texture": "#3"}
			}
		},
		{
			"name": "gun_10_2_3",
			"from": [7.825, 1.73641, 9.16251],
			"to": [8.17885, 1.89026, 10.08558],
			"rotation": {"angle": 0, "axis": "y", "origin": [6.81232, 2.19235, 7.6979]},
			"faces": {
				"north": {"uv": [9.07692, 8, 9.23077, 8.15385], "texture": "#3"},
				"east": {"uv": [9.07692, 8.15385, 10, 8], "rotation": 180, "texture": "#3"},
				"south": {"uv": [9.84615, 8, 10, 8.15385], "texture": "#3"},
				"west": {"uv": [9.07692, 8, 10, 8.15385], "texture": "#3"},
				"up": {"uv": [10, 8, 9.07692, 8.15385], "rotation": 270, "texture": "#3"},
				"down": {"uv": [9.07692, 8, 10, 8.15385], "rotation": 270, "texture": "#3"}
			}
		},
		{
			"name": "gun_10_2_4",
			"from": [7.825, 1.42872, 9.31635],
			"to": [8.17885, 1.73641, 10.08558],
			"rotation": {"angle": 0, "axis": "y", "origin": [6.81232, 2.19235, 7.6979]},
			"faces": {
				"north": {"uv": [9.23077, 8.15385, 9.38462, 8.46154], "texture": "#3"},
				"east": {"uv": [9.23077, 8.46154, 10, 8.15385], "rotation": 180, "texture": "#3"},
				"south": {"uv": [9.84615, 8.15385, 10, 8.46154], "texture": "#3"},
				"west": {"uv": [9.23077, 8.15385, 10, 8.46154], "texture": "#3"},
				"up": {"uv": [10, 8.15385, 9.23077, 8.30769], "rotation": 270, "texture": "#3"},
				"down": {"uv": [9.23077, 8.30769, 10, 8.46154], "rotation": 270, "texture": "#3"}
			}
		},
		{
			"name": "gun_10_2_5",
			"from": [7.825, 0.65949, 10.23943],
			"to": [8.17885, 1.73641, 10.39328],
			"rotation": {"angle": 0, "axis": "y", "origin": [6.81232, 2.19235, 7.6979]},
			"faces": {
				"north": {"uv": [10.15385, 8.15385, 10.30769, 9.23077], "texture": "#3"},
				"east": {"uv": [10.15385, 9.23077, 10.30769, 8.15385], "rotation": 180, "texture": "#3"},
				"south": {"uv": [10.15385, 8.15385, 10.30769, 9.23077], "texture": "#3"},
				"west": {"uv": [10.15385, 8.15385, 10.30769, 9.23077], "texture": "#3"},
				"up": {"uv": [10.30769, 8.15385, 10.15385, 8.30769], "rotation": 270, "texture": "#3"},
				"down": {"uv": [10.15385, 9.07692, 10.30769, 9.23077], "rotation": 270, "texture": "#3"}
			}
		},
		{
			"name": "gun_10_2_6",
			"from": [7.825, 1.12102, 9.4702],
			"to": [8.17885, 1.42872, 10.08558],
			"rotation": {"angle": 0, "axis": "y", "origin": [6.81232, 2.19235, 7.6979]},
			"faces": {
				"north": {"uv": [9.38462, 8.46154, 9.53846, 8.76923], "texture": "#3"},
				"east": {"uv": [9.38462, 8.76923, 10, 8.46154], "rotation": 180, "texture": "#3"},
				"south": {"uv": [9.84615, 8.46154, 10, 8.76923], "texture": "#3"},
				"west": {"uv": [9.38462, 8.46154, 10, 8.76923], "texture": "#3"},
				"up": {"uv": [10, 8.46154, 9.38462, 8.61538], "rotation": 270, "texture": "#3"},
				"down": {"uv": [9.38462, 8.61538, 10, 8.76923], "rotation": 270, "texture": "#3"}
			}
		},
		{
			"name": "gun_10_2_7",
			"from": [7.825, 0.81333, 10.39328],
			"to": [8.17885, 1.42872, 10.54712],
			"rotation": {"angle": 0, "axis": "y", "origin": [6.81232, 2.19235, 7.6979]},
			"faces": {
				"north": {"uv": [10.30769, 8.46154, 10.46154, 9.07692], "texture": "#3"},
				"east": {"uv": [10.30769, 9.07692, 10.46154, 8.46154], "rotation": 180, "texture": "#3"},
				"south": {"uv": [10.30769, 8.46154, 10.46154, 9.07692], "texture": "#3"},
				"west": {"uv": [10.30769, 8.46154, 10.46154, 9.07692], "texture": "#3"},
				"up": {"uv": [10.46154, 8.46154, 10.30769, 8.61538], "rotation": 270, "texture": "#3"},
				"down": {"uv": [10.30769, 8.92308, 10.46154, 9.07692], "rotation": 270, "texture": "#3"}
			}
		},
		{
			"name": "gun_10_2_8",
			"from": [7.825, 0.81333, 9.62404],
			"to": [8.17885, 1.12102, 10.08558],
			"rotation": {"angle": 0, "axis": "y", "origin": [6.81232, 2.19235, 7.6979]},
			"faces": {
				"north": {"uv": [9.53846, 8.76923, 9.69231, 9.07692], "texture": "#3"},
				"east": {"uv": [9.53846, 9.07692, 10, 8.76923], "rotation": 180, "texture": "#3"},
				"south": {"uv": [9.84615, 8.76923, 10, 9.07692], "texture": "#3"},
				"west": {"uv": [9.53846, 8.76923, 10, 9.07692], "texture": "#3"},
				"up": {"uv": [10, 8.76923, 9.53846, 8.92308], "rotation": 270, "texture": "#3"},
				"down": {"uv": [9.53846, 8.92308, 10, 9.07692], "rotation": 270, "texture": "#3"}
			}
		},
		{
			"name": "gun_10_2_9",
			"from": [7.825, 0.81333, 10.54712],
			"to": [8.17885, 1.12102, 10.70097],
			"rotation": {"angle": 0, "axis": "y", "origin": [6.81232, 2.19235, 7.6979]},
			"faces": {
				"north": {"uv": [10.46154, 8.76923, 10.61538, 9.07692], "texture": "#3"},
				"east": {"uv": [10.46154, 9.07692, 10.61538, 8.76923], "rotation": 180, "texture": "#3"},
				"south": {"uv": [10.46154, 8.76923, 10.61538, 9.07692], "texture": "#3"},
				"west": {"uv": [10.46154, 8.76923, 10.61538, 9.07692], "texture": "#3"},
				"up": {"uv": [10.61538, 8.76923, 10.46154, 8.92308], "rotation": 270, "texture": "#3"},
				"down": {"uv": [10.46154, 8.92308, 10.61538, 9.07692], "rotation": 270, "texture": "#3"}
			}
		},
		{
			"name": "gun_10_2_10",
			"from": [7.825, 0.65949, 9.77789],
			"to": [8.17885, 0.81333, 10.08558],
			"rotation": {"angle": 0, "axis": "y", "origin": [6.81232, 2.19235, 7.6979]},
			"faces": {
				"north": {"uv": [9.69231, 9.07692, 9.84615, 9.23077], "texture": "#3"},
				"east": {"uv": [9.69231, 9.23077, 10, 9.07692], "rotation": 180, "texture": "#3"},
				"south": {"uv": [9.84615, 9.07692, 10, 9.23077], "texture": "#3"},
				"west": {"uv": [9.69231, 9.07692, 10, 9.23077], "texture": "#3"},
				"up": {"uv": [10, 9.07692, 9.69231, 9.23077], "rotation": 270, "texture": "#3"},
				"down": {"uv": [9.69231, 9.07692, 10, 9.23077], "rotation": 270, "texture": "#3"}
			}
		},
		{
			"name": "gun_10_2_11",
			"from": [7.825, 0.50564, 9.93174],
			"to": [8.17885, 0.65949, 10.08558],
			"rotation": {"angle": 0, "axis": "y", "origin": [6.81232, 2.19235, 7.6979]},
			"faces": {
				"north": {"uv": [9.84615, 9.23077, 10, 9.38462], "texture": "#3"},
				"east": {"uv": [9.84615, 9.38462, 10, 9.23077], "rotation": 180, "texture": "#3"},
				"south": {"uv": [9.84615, 9.23077, 10, 9.38462], "texture": "#3"},
				"west": {"uv": [9.84615, 9.23077, 10, 9.38462], "texture": "#3"},
				"up": {"uv": [10, 9.23077, 9.84615, 9.38462], "rotation": 270, "texture": "#3"},
				"down": {"uv": [9.84615, 9.23077, 10, 9.38462], "rotation": 270, "texture": "#3"}
			}
		},
		{
			"name": "gun_10_3_0",
			"from": [7.925, 2.19795, 7.77789],
			"to": [8.075, 2.65949, 8.08558],
			"rotation": {"angle": 0, "axis": "y", "origin": [6.81232, 2.19235, 7.6979]},
			"faces": {
				"north": {"uv": [7.69231, 7.23077, 7.84615, 7.69231], "texture": "#3"},
				"east": {"uv": [7.69231, 7.69231, 8, 7.23077], "rotation": 180, "texture": "#3"},
				"south": {"uv": [7.84615, 7.23077, 8, 7.69231], "texture": "#3"},
				"west": {"uv": [7.69231, 7.23077, 8, 7.69231], "texture": "#3"},
				"up": {"uv": [8, 7.23077, 7.69231, 7.38462], "rotation": 270, "texture": "#3"},
				"down": {"uv": [7.69231, 7.53846, 8, 7.69231], "rotation": 270, "texture": "#3"}
			}
		},
		{
			"name": "gun_10_3_1",
			"from": [7.925, 2.35179, 8.54712],
			"to": [8.075, 2.65949, 8.70097],
			"rotation": {"angle": 0, "axis": "y", "origin": [6.81232, 2.19235, 7.6979]},
			"faces": {
				"north": {"uv": [8.46154, 7.23077, 8.61538, 7.53846], "texture": "#3"},
				"east": {"uv": [8.46154, 7.53846, 8.61538, 7.23077], "rotation": 180, "texture": "#3"},
				"south": {"uv": [8.46154, 7.23077, 8.61538, 7.53846], "texture": "#3"},
				"west": {"uv": [8.46154, 7.23077, 8.61538, 7.53846], "texture": "#3"},
				"up": {"uv": [8.61538, 7.23077, 8.46154, 7.38462], "rotation": 270, "texture": "#3"},
				"down": {"uv": [8.46154, 7.38462, 8.61538, 7.53846], "rotation": 270, "texture": "#3"}
			}
		},
		{
			"name": "gun_10_3_2",
			"from": [7.925, 2.19795, 8.39328],
			"to": [8.075, 2.50564, 8.54712],
			"rotation": {"angle": 0, "axis": "y", "origin": [6.81232, 2.19235, 7.6979]},
			"faces": {
				"north": {"uv": [8.30769, 7.38462, 8.46154, 7.69231], "texture": "#3"},
				"east": {"uv": [8.30769, 7.69231, 8.46154, 7.38462], "rotation": 180, "texture": "#3"},
				"south": {"uv": [8.30769, 7.38462, 8.46154, 7.69231], "texture": "#3"},
				"west": {"uv": [8.30769, 7.38462, 8.46154, 7.69231], "texture": "#3"},
				"up": {"uv": [8.46154, 7.38462, 8.30769, 7.53846], "rotation": 270, "texture": "#3"},
				"down": {"uv": [8.30769, 7.53846, 8.46154, 7.69231], "rotation": 270, "texture": "#3"}
			}
		},
		{
			"name": "gun_10_3_3",
			"from": [7.925, 2.19795, 8.23943],
			"to": [8.075, 2.35179, 8.39328],
			"rotation": {"angle": 0, "axis": "y", "origin": [6.81232, 2.19235, 7.6979]},
			"faces": {
				"north": {"uv": [8.15385, 7.53846, 8.30769, 7.69231], "texture": "#3"},
				"east": {"uv": [8.15385, 7.69231, 8.30769, 7.53846], "rotation": 180, "texture": "#3"},
				"south": {"uv": [8.15385, 7.53846, 8.30769, 7.69231], "texture": "#3"},
				"west": {"uv": [8.15385, 7.53846, 8.30769, 7.69231], "texture": "#3"},
				"up": {"uv": [8.30769, 7.53846, 8.15385, 7.69231], "rotation": 270, "texture": "#3"},
				"down": {"uv": [8.15385, 7.53846, 8.30769, 7.69231], "rotation": 270, "texture": "#3"}
			}
		},
		{
			"name": "gun_10_3_4",
			"from": [7.925, 2.0441, 7.93174],
			"to": [8.075, 2.19795, 8.23943],
			"rotation": {"angle": 0, "axis": "y", "origin": [6.81232, 2.19235, 7.6979]},
			"faces": {
				"north": {"uv": [7.84615, 7.69231, 8, 7.84615], "texture": "#3"},
				"east": {"uv": [7.84615, 7.84615, 8.15385, 7.69231], "rotation": 180, "texture": "#3"},
				"south": {"uv": [8, 7.69231, 8.15385, 7.84615], "texture": "#3"},
				"west": {"uv": [7.84615, 7.69231, 8.15385, 7.84615], "texture": "#3"},
				"up": {"uv": [8.15385, 7.69231, 7.84615, 7.84615], "rotation": 270, "texture": "#3"},
				"down": {"uv": [7.84615, 7.69231, 8.15385, 7.84615], "rotation": 270, "texture": "#3"}
			}
		},
		{
			"name": "gun_10_3_5",
			"from": [7.925, 1.89026, 8.08558],
			"to": [8.075, 2.0441, 8.85481],
			"rotation": {"angle": 0, "axis": "y", "origin": [6.81232, 2.19235, 7.6979]},
			"faces": {
				"north": {"uv": [8, 7.84615, 8.15385, 8], "texture": "#3"},
				"east": {"uv": [8, 8, 8.76923, 7.84615], "rotation": 180, "texture": "#3"},
				"south": {"uv": [8.61538, 7.84615, 8.76923, 8], "texture": "#3"},
				"west": {"uv": [8, 7.84615, 8.76923, 8], "texture": "#3"},
				"up": {"uv": [8.76923, 7.84615, 8, 8], "rotation": 270, "texture": "#3"},
				"down": {"uv": [8, 7.84615, 8.76923, 8], "rotation": 270, "texture": "#3"}
			}
		},
		{
			"name": "gun_10_4_0",
			"from": [7.825, 1.58256, 6.54712],
			"to": [8.17885, 2.50564, 7.4702],
			"rotation": {"angle": 0, "axis": "y", "origin": [6.81232, 2.19235, 7.6979]},
			"faces": {
				"north": {"uv": [6.46154, 7.38462, 6.61538, 8.30769], "texture": "#3"},
				"east": {"uv": [6.46154, 8.30769, 7.38462, 7.38462], "rotation": 180, "texture": "#3"},
				"south": {"uv": [7.23077, 7.38462, 7.38462, 8.30769], "texture": "#3"},
				"west": {"uv": [6.46154, 7.38462, 7.38462, 8.30769], "texture": "#3"},
				"up": {"uv": [7.38462, 7.38462, 6.46154, 7.53846], "rotation": 270, "texture": "#3"},
				"down": {"uv": [6.46154, 8.15385, 7.38462, 8.30769], "rotation": 270, "texture": "#3"}
			}
		},
		{
			"name": "gun_10_4_1",
			"from": [7.825, 2.0441, 7.4702],
			"to": [8.17885, 2.50564, 7.77789],
			"rotation": {"angle": 0, "axis": "y", "origin": [6.81232, 2.19235, 7.6979]},
			"faces": {
				"north": {"uv": [7.38462, 7.38462, 7.53846, 7.84615], "texture": "#3"},
				"east": {"uv": [7.38462, 7.84615, 7.69231, 7.38462], "rotation": 180, "texture": "#3"},
				"south": {"uv": [7.53846, 7.38462, 7.69231, 7.84615], "texture": "#3"},
				"west": {"uv": [7.38462, 7.38462, 7.69231, 7.84615], "texture": "#3"},
				"up": {"uv": [7.69231, 7.38462, 7.38462, 7.53846], "rotation": 270, "texture": "#3"},
				"down": {"uv": [7.38462, 7.69231, 7.69231, 7.84615], "rotation": 270, "texture": "#3"}
			}
		},
		{
			"name": "gun_10_4_2",
			"from": [7.825, 0.35179, 6.39328],
			"to": [8.17885, 2.35179, 6.54712],
			"rotation": {"angle": 0, "axis": "y", "origin": [6.81232, 2.19235, 7.6979]},
			"faces": {
				"north": {"uv": [6.30769, 7.53846, 6.46154, 9.53846], "texture": "#3"},
				"east": {"uv": [6.30769, 9.53846, 6.46154, 7.53846], "rotation": 180, "texture": "#3"},
				"south": {"uv": [6.30769, 7.53846, 6.46154, 9.53846], "texture": "#3"},
				"west": {"uv": [6.30769, 7.53846, 6.46154, 9.53846], "texture": "#3"},
				"up": {"uv": [6.46154, 7.53846, 6.30769, 7.69231], "rotation": 270, "texture": "#3"},
				"down": {"uv": [6.30769, 9.38462, 6.46154, 9.53846], "rotation": 270, "texture": "#3"}
			}
		},
		{
			"name": "gun_10_4_3",
			"from": [7.825, 0.19795, 6.23943],
			"to": [8.17885, 2.0441, 6.39328],
			"rotation": {"angle": 0, "axis": "y", "origin": [6.81232, 2.19235, 7.6979]},
			"faces": {
				"north": {"uv": [6.15385, 7.84615, 6.30769, 9.69231], "texture": "#3"},
				"east": {"uv": [6.15385, 9.69231, 6.30769, 7.84615], "rotation": 180, "texture": "#3"},
				"south": {"uv": [6.15385, 7.84615, 6.30769, 9.69231], "texture": "#3"},
				"west": {"uv": [6.15385, 7.84615, 6.30769, 9.69231], "texture": "#3"},
				"up": {"uv": [6.30769, 7.84615, 6.15385, 8], "rotation": 270, "texture": "#3"},
				"down": {"uv": [6.15385, 9.53846, 6.30769, 9.69231], "rotation": 270, "texture": "#3"}
			}
		},
		{
			"name": "gun_10_4_4",
			"from": [7.825, 1.89026, 7.4702],
			"to": [8.17885, 2.0441, 7.62404],
			"rotation": {"angle": 0, "axis": "y", "origin": [6.81232, 2.19235, 7.6979]},
			"faces": {
				"north": {"uv": [7.38462, 7.84615, 7.53846, 8], "texture": "#3"},
				"east": {"uv": [7.38462, 8, 7.53846, 7.84615], "rotation": 180, "texture": "#3"},
				"south": {"uv": [7.38462, 7.84615, 7.53846, 8], "texture": "#3"},
				"west": {"uv": [7.38462, 7.84615, 7.53846, 8], "texture": "#3"},
				"up": {"uv": [7.53846, 7.84615, 7.38462, 8], "rotation": 270, "texture": "#3"},
				"down": {"uv": [7.38462, 7.84615, 7.53846, 8], "rotation": 270, "texture": "#3"}
			}
		},
		{
			"name": "gun_10_4_5",
			"from": [7.825, 0.0441, 6.08558],
			"to": [8.17885, 1.73641, 6.23943],
			"rotation": {"angle": 0, "axis": "y", "origin": [6.81232, 2.19235, 7.6979]},
			"faces": {
				"north": {"uv": [6, 8.15385, 6.15385, 9.84615], "texture": "#3"},
				"east": {"uv": [6, 9.84615, 6.15385, 8.15385], "rotation": 180, "texture": "#3"},
				"south": {"uv": [6, 8.15385, 6.15385, 9.84615], "texture": "#3"},
				"west": {"uv": [6, 8.15385, 6.15385, 9.84615], "texture": "#3"},
				"up": {"uv": [6.15385, 8.15385, 6, 8.30769], "rotation": 270, "texture": "#3"},
				"down": {"uv": [6, 9.69231, 6.15385, 9.84615], "rotation": 270, "texture": "#3"}
			}
		},
		{
			"name": "gun_10_4_6",
			"from": [7.825, 0.96718, 6.54712],
			"to": [8.17885, 1.58256, 7.16251],
			"rotation": {"angle": 0, "axis": "y", "origin": [6.81232, 2.19235, 7.6979]},
			"faces": {
				"north": {"uv": [6.46154, 8.30769, 6.61538, 8.92308], "texture": "#3"},
				"east": {"uv": [6.46154, 8.92308, 7.07692, 8.30769], "rotation": 180, "texture": "#3"},
				"south": {"uv": [6.92308, 8.30769, 7.07692, 8.92308], "texture": "#3"},
				"west": {"uv": [6.46154, 8.30769, 7.07692, 8.92308], "texture": "#3"},
				"up": {"uv": [7.07692, 8.30769, 6.46154, 8.46154], "rotation": 270, "texture": "#3"},
				"down": {"uv": [6.46154, 8.76923, 7.07692, 8.92308], "rotation": 270, "texture": "#3"}
			}
		},
		{
			"name": "gun_10_4_7",
			"from": [7.825, 1.27487, 7.16251],
			"to": [8.17885, 1.58256, 7.31635],
			"rotation": {"angle": 0, "axis": "y", "origin": [6.81232, 2.19235, 7.6979]},
			"faces": {
				"north": {"uv": [7.07692, 8.30769, 7.23077, 8.61538], "texture": "#3"},
				"east": {"uv": [7.07692, 8.61538, 7.23077, 8.30769], "rotation": 180, "texture": "#3"},
				"south": {"uv": [7.07692, 8.30769, 7.23077, 8.61538], "texture": "#3"},
				"west": {"uv": [7.07692, 8.30769, 7.23077, 8.61538], "texture": "#3"},
				"up": {"uv": [7.23077, 8.30769, 7.07692, 8.46154], "rotation": 270, "texture": "#3"},
				"down": {"uv": [7.07692, 8.46154, 7.23077, 8.61538], "rotation": 270, "texture": "#3"}
			}
		},
		{
			"name": "gun_10_4_8",
			"from": [7.825, -0.10974, 5.93174],
			"to": [8.17885, 1.42872, 6.08558],
			"rotation": {"angle": 0, "axis": "y", "origin": [6.81232, 2.19235, 7.6979]},
			"faces": {
				"north": {"uv": [5.84615, 8.46154, 6, 10], "texture": "#3"},
				"east": {"uv": [5.84615, 10, 6, 8.46154], "rotation": 180, "texture": "#3"},
				"south": {"uv": [5.84615, 8.46154, 6, 10], "texture": "#3"},
				"west": {"uv": [5.84615, 8.46154, 6, 10], "texture": "#3"},
				"up": {"uv": [6, 8.46154, 5.84615, 8.61538], "rotation": 270, "texture": "#3"},
				"down": {"uv": [5.84615, 9.84615, 6, 10], "rotation": 270, "texture": "#3"}
			}
		},
		{
			"name": "gun_10_4_9",
			"from": [7.825, -0.10974, 5.77789],
			"to": [8.17885, 1.27487, 5.93174],
			"rotation": {"angle": 0, "axis": "y", "origin": [6.81232, 2.19235, 7.6979]},
			"faces": {
				"north": {"uv": [5.69231, 8.61538, 5.84615, 10], "texture": "#3"},
				"east": {"uv": [5.69231, 10, 5.84615, 8.61538], "rotation": 180, "texture": "#3"},
				"south": {"uv": [5.69231, 8.61538, 5.84615, 10], "texture": "#3"},
				"west": {"uv": [5.69231, 8.61538, 5.84615, 10], "texture": "#3"},
				"up": {"uv": [5.84615, 8.61538, 5.69231, 8.76923], "rotation": 270, "texture": "#3"},
				"down": {"uv": [5.69231, 9.84615, 5.84615, 10], "rotation": 270, "texture": "#3"}
			}
		},
		{
			"name": "gun_10_4_10",
			"from": [7.825, 0.19795, 5.4702],
			"to": [8.17885, 1.12102, 5.77789],
			"rotation": {"angle": 0, "axis": "y", "origin": [6.81232, 2.19235, 7.6979]},
			"faces": {
				"north": {"uv": [5.38462, 8.76923, 5.53846, 9.69231], "texture": "#3"},
				"east": {"uv": [5.38462, 9.69231, 5.69231, 8.76923], "rotation": 180, "texture": "#3"},
				"south": {"uv": [5.53846, 8.76923, 5.69231, 9.69231], "texture": "#3"},
				"west": {"uv": [5.38462, 8.76923, 5.69231, 9.69231], "texture": "#3"},
				"up": {"uv": [5.69231, 8.76923, 5.38462, 8.92308], "rotation": 270, "texture": "#3"},
				"down": {"uv": [5.38462, 9.53846, 5.69231, 9.69231], "rotation": 270, "texture": "#3"}
			}
		},
		{
			"name": "gun_10_4_11",
			"from": [7.825, 0.65949, 5.16251],
			"to": [8.17885, 0.96718, 5.4702],
			"rotation": {"angle": 0, "axis": "y", "origin": [6.81232, 2.19235, 7.6979]},
			"faces": {
				"north": {"uv": [5.07692, 8.92308, 5.23077, 9.23077], "texture": "#3"},
				"east": {"uv": [5.07692, 9.23077, 5.38462, 8.92308], "rotation": 180, "texture": "#3"},
				"south": {"uv": [5.23077, 8.92308, 5.38462, 9.23077], "texture": "#3"},
				"west": {"uv": [5.07692, 8.92308, 5.38462, 9.23077], "texture": "#3"},
				"up": {"uv": [5.38462, 8.92308, 5.07692, 9.07692], "rotation": 270, "texture": "#3"},
				"down": {"uv": [5.07692, 9.07692, 5.38462, 9.23077], "rotation": 270, "texture": "#3"}
			}
		},
		{
			"name": "gun_10_4_12",
			"from": [7.825, 0.50564, 6.54712],
			"to": [8.17885, 0.96718, 6.85481],
			"rotation": {"angle": 0, "axis": "y", "origin": [6.81232, 2.19235, 7.6979]},
			"faces": {
				"north": {"uv": [6.46154, 8.92308, 6.61538, 9.38462], "texture": "#3"},
				"east": {"uv": [6.46154, 9.38462, 6.76923, 8.92308], "rotation": 180, "texture": "#3"},
				"south": {"uv": [6.61538, 8.92308, 6.76923, 9.38462], "texture": "#3"},
				"west": {"uv": [6.46154, 8.92308, 6.76923, 9.38462], "texture": "#3"},
				"up": {"uv": [6.76923, 8.92308, 6.46154, 9.07692], "rotation": 270, "texture": "#3"},
				"down": {"uv": [6.46154, 9.23077, 6.76923, 9.38462], "rotation": 270, "texture": "#3"}
			}
		},
		{
			"name": "gun_10_4_13",
			"from": [7.825, 0.81333, 6.85481],
			"to": [8.17885, 0.96718, 7.00866],
			"rotation": {"angle": 0, "axis": "y", "origin": [6.81232, 2.19235, 7.6979]},
			"faces": {
				"north": {"uv": [6.76923, 8.92308, 6.92308, 9.07692], "texture": "#3"},
				"east": {"uv": [6.76923, 9.07692, 6.92308, 8.92308], "rotation": 180, "texture": "#3"},
				"south": {"uv": [6.76923, 8.92308, 6.92308, 9.07692], "texture": "#3"},
				"west": {"uv": [6.76923, 8.92308, 6.92308, 9.07692], "texture": "#3"},
				"up": {"uv": [6.92308, 8.92308, 6.76923, 9.07692], "rotation": 270, "texture": "#3"},
				"down": {"uv": [6.76923, 8.92308, 6.92308, 9.07692], "rotation": 270, "texture": "#3"}
			}
		},
		{
			"name": "gun_10_4_14",
			"from": [7.825, 0.50564, 5.31635],
			"to": [8.17885, 0.65949, 5.4702],
			"rotation": {"angle": 0, "axis": "y", "origin": [6.81232, 2.19235, 7.6979]},
			"faces": {
				"north": {"uv": [5.23077, 9.23077, 5.38462, 9.38462], "texture": "#3"},
				"east": {"uv": [5.23077, 9.38462, 5.38462, 9.23077], "rotation": 180, "texture": "#3"},
				"south": {"uv": [5.23077, 9.23077, 5.38462, 9.38462], "texture": "#3"},
				"west": {"uv": [5.23077, 9.23077, 5.38462, 9.38462], "texture": "#3"},
				"up": {"uv": [5.38462, 9.23077, 5.23077, 9.38462], "rotation": 270, "texture": "#3"},
				"down": {"uv": [5.23077, 9.23077, 5.38462, 9.38462], "rotation": 270, "texture": "#3"}
			}
		},
		{
			"name": "gun_10_4_15",
			"from": [7.825, 0.35179, 6.54712],
			"to": [8.17885, 0.50564, 6.70097],
			"rotation": {"angle": 0, "axis": "y", "origin": [6.81232, 2.19235, 7.6979]},
			"faces": {
				"north": {"uv": [6.46154, 9.38462, 6.61538, 9.53846], "texture": "#3"},
				"east": {"uv": [6.46154, 9.53846, 6.61538, 9.38462], "rotation": 180, "texture": "#3"},
				"south": {"uv": [6.46154, 9.38462, 6.61538, 9.53846], "texture": "#3"},
				"west": {"uv": [6.46154, 9.38462, 6.61538, 9.53846], "texture": "#3"},
				"up": {"uv": [6.61538, 9.38462, 6.46154, 9.53846], "rotation": 270, "texture": "#3"},
				"down": {"uv": [6.46154, 9.38462, 6.61538, 9.53846], "rotation": 270, "texture": "#3"}
			}
		},
		{
			"name": "gun_10_4_16",
			"from": [7.825, -0.10974, 5.62404],
			"to": [8.17885, 0.19795, 5.77789],
			"rotation": {"angle": 0, "axis": "y", "origin": [6.81232, 2.19235, 7.6979]},
			"faces": {
				"north": {"uv": [5.53846, 9.69231, 5.69231, 10], "texture": "#3"},
				"east": {"uv": [5.53846, 10, 5.69231, 9.69231], "rotation": 180, "texture": "#3"},
				"south": {"uv": [5.53846, 9.69231, 5.69231, 10], "texture": "#3"},
				"west": {"uv": [5.53846, 9.69231, 5.69231, 10], "texture": "#3"},
				"up": {"uv": [5.69231, 9.69231, 5.53846, 9.84615], "rotation": 270, "texture": "#3"},
				"down": {"uv": [5.53846, 9.84615, 5.69231, 10], "rotation": 270, "texture": "#3"}
			}
		},
		{
			"name": "gun_10_5_0",
			"from": [7.775, 2.50564, 5.62404],
			"to": [8.22885, 3.12102, 7.77789],
			"rotation": {"angle": 0, "axis": "y", "origin": [6.76232, 2.19235, 7.6979]},
			"faces": {
				"north": {"uv": [5.53846, 6.76923, 5.69231, 7.38462], "texture": "#3"},
				"east": {"uv": [5.53846, 7.38462, 7.69231, 6.76923], "rotation": 180, "texture": "#3"},
				"south": {"uv": [7.53846, 6.76923, 7.69231, 7.38462], "texture": "#3"},
				"west": {"uv": [5.53846, 6.76923, 7.69231, 7.38462], "texture": "#3"},
				"up": {"uv": [7.69231, 6.76923, 5.53846, 6.92308], "rotation": 270, "texture": "#3"},
				"down": {"uv": [5.53846, 7.23077, 7.69231, 7.38462], "rotation": 270, "texture": "#3"}
			}
		},
		{
			"name": "gun_10_5_1",
			"from": [7.775, 2.65949, 7.77789],
			"to": [8.22885, 3.12102, 10.39328],
			"rotation": {"angle": 0, "axis": "y", "origin": [6.76232, 2.19235, 7.6979]},
			"faces": {
				"north": {"uv": [7.69231, 6.76923, 7.84615, 7.23077], "texture": "#3"},
				"east": {"uv": [7.69231, 7.23077, 10.30769, 6.76923], "rotation": 180, "texture": "#3"},
				"south": {"uv": [10.15385, 6.76923, 10.30769, 7.23077], "texture": "#3"},
				"west": {"uv": [7.69231, 6.76923, 10.30769, 7.23077], "texture": "#3"},
				"up": {"uv": [10.30769, 6.76923, 7.69231, 6.92308], "rotation": 270, "texture": "#3"},
				"down": {"uv": [7.69231, 7.07692, 10.30769, 7.23077], "rotation": 270, "texture": "#3"}
			}
		},
		{
			"name": "gun_10_6_0",
			"from": [7.775, 3.12102, 5.77789],
			"to": [8.22885, 3.79026, 6.23943],
			"rotation": {"angle": 0, "axis": "y", "origin": [6.81232, 2.19235, 7.6979]},
			"faces": {
				"north": {"uv": [5.69231, 6, 5.84615, 6.76923], "texture": "#3"},
				"east": {"uv": [5.69231, 6.76923, 6.15385, 6], "rotation": 180, "texture": "#3"},
				"south": {"uv": [6, 6, 6.15385, 6.76923], "texture": "#3"},
				"west": {"uv": [5.69231, 6, 6.15385, 6.76923], "texture": "#3"},
				"up": {"uv": [6.15385, 6, 5.69231, 6.15385], "rotation": 270, "texture": "#3"},
				"down": {"uv": [5.69231, 6.61538, 6.15385, 6.76923], "rotation": 270, "texture": "#3"}
			}
		},
		{
			"name": "gun_11_6_1",
			"from": [7.725, 3.71086, 6.17789],
			"to": [8.27885, 3.80006, 6.28943],
			"rotation": {"angle": 0, "axis": "y", "origin": [6.96232, 2.19235, 7.6979]},
			"faces": {
				"north": {"uv": [6.15385, 6, 5.69231, 6.15385], "rotation": 90, "texture": "#10"},
				"east": {"uv": [6.15385, 6, 5.69231, 6.15385], "rotation": 180, "texture": "#10"},
				"south": {"uv": [6.15385, 6, 5.69231, 6.15385], "rotation": 270, "texture": "#10"},
				"west": {"uv": [6.15385, 6, 5.69231, 6.15385], "texture": "#10"},
				"up": {"uv": [6.15385, 6, 5.69231, 6.15385], "rotation": 270, "texture": "#10"},
				"down": {"uv": [6.15385, 6, 5.69231, 6.15385], "rotation": 270, "texture": "#10"}
			}
		},
		{
			"name": "gun_22_6_2",
			"from": [7.725, 3.76086, 6.17789],
			"to": [7.775, 3.90006, 6.28943],
			"rotation": {"angle": 0, "axis": "y", "origin": [6.96232, 2.19235, 7.6979]},
			"faces": {
				"north": {"uv": [6.15385, 6, 5.69231, 6.15385], "rotation": 90, "texture": "#10"},
				"east": {"uv": [6.15385, 6, 5.69231, 6.15385], "rotation": 180, "texture": "#10"},
				"south": {"uv": [6.15385, 6, 5.69231, 6.15385], "rotation": 270, "texture": "#10"},
				"west": {"uv": [6.15385, 6, 5.69231, 6.15385], "texture": "#10"},
				"up": {"uv": [6.15385, 6, 5.69231, 6.15385], "rotation": 270, "texture": "#10"},
				"down": {"uv": [6.15385, 6, 5.69231, 6.15385], "rotation": 270, "texture": "#10"}
			}
		},
		{
			"name": "gun_33_6_3",
			"from": [8.225, 3.76086, 6.17789],
			"to": [8.275, 3.90006, 6.28943],
			"rotation": {"angle": 0, "axis": "y", "origin": [7.46232, 2.19235, 7.6979]},
			"faces": {
				"north": {"uv": [6.15385, 6, 5.69231, 6.15385], "rotation": 90, "texture": "#10"},
				"east": {"uv": [6.15385, 6, 5.69231, 6.15385], "rotation": 180, "texture": "#10"},
				"south": {"uv": [6.15385, 6, 5.69231, 6.15385], "rotation": 270, "texture": "#10"},
				"west": {"uv": [6.15385, 6, 5.69231, 6.15385], "texture": "#10"},
				"up": {"uv": [6.15385, 6, 5.69231, 6.15385], "rotation": 270, "texture": "#10"},
				"down": {"uv": [6.15385, 6, 5.69231, 6.15385], "rotation": 270, "texture": "#10"}
			}
		},
		{
			"name": "gun_22_6_2",
			"from": [7.775, 3.80006, 6.17789],
			"to": [8.22885, 4.20006, 6.23943],
			"rotation": {"angle": 0, "axis": "y", "origin": [6.96232, 2.19235, 7.6979]},
			"faces": {
				"north": {"uv": [6.15385, 6, 5.69231, 6.15385], "rotation": 90, "texture": "#11"},
				"east": {"uv": [6.15385, 6, 5.69231, 6.15385], "rotation": 180, "texture": "#11"},
				"south": {"uv": [6.15385, 6, 5.69231, 6.15385], "rotation": 270, "texture": "#11"},
				"west": {"uv": [6.15385, 6, 5.69231, 6.15385], "texture": "#11"},
				"up": {"uv": [6.15385, 6, 5.69231, 6.15385], "rotation": 270, "texture": "#11"},
				"down": {"uv": [6.15385, 6, 5.69231, 6.15385], "rotation": 270, "texture": "#11"}
			}
		},
		{
			"name": "gun_10_6_1",
			"from": [7.775, 3.12102, 5.16251],
			"to": [8.22885, 3.73641, 5.77789],
			"rotation": {"angle": 0, "axis": "y", "origin": [6.81232, 2.19235, 7.6979]},
			"faces": {
				"north": {"uv": [5.07692, 6.15385, 5.23077, 6.76923], "texture": "#3"},
				"east": {"uv": [5.07692, 6.76923, 5.69231, 6.15385], "rotation": 180, "texture": "#3"},
				"south": {"uv": [5.53846, 6.15385, 5.69231, 6.76923], "texture": "#3"},
				"west": {"uv": [5.07692, 6.15385, 5.69231, 6.76923], "texture": "#3"},
				"up": {"uv": [5.69231, 6.15385, 5.07692, 6.30769], "rotation": 270, "texture": "#3"},
				"down": {"uv": [5.07692, 6.61538, 5.69231, 6.76923], "rotation": 270, "texture": "#3"}
			}
		},
		{
			"name": "gun_10_6_2",
			"from": [7.775, 3.12102, 6.23943],
			"to": [8.22885, 3.73641, 9.77789],
			"rotation": {"angle": 0, "axis": "y", "origin": [6.81232, 2.19235, 7.6979]},
			"faces": {
				"north": {"uv": [6.15385, 6.15385, 6.30769, 6.76923], "texture": "#3"},
				"east": {"uv": [6.15385, 6.76923, 9.69231, 6.15385], "rotation": 180, "texture": "#3"},
				"south": {"uv": [9.53846, 6.15385, 9.69231, 6.76923], "texture": "#3"},
				"west": {"uv": [6.15385, 6.15385, 9.69231, 6.76923], "texture": "#3"},
				"up": {"uv": [9.69231, 6.15385, 6.15385, 6.30769], "rotation": 270, "texture": "#3"},
				"down": {"uv": [6.15385, 6.61538, 9.69231, 6.76923], "rotation": 270, "texture": "#3"}
			}
		},
		{
			"name": "gun_10_6_3",
			"from": [7.775, 3.12102, 5.00866],
			"to": [8.22885, 3.58256, 5.16251],
			"rotation": {"angle": 0, "axis": "y", "origin": [6.81232, 2.19235, 7.6979]},
			"faces": {
				"north": {"uv": [4.92308, 6.30769, 5.07692, 6.76923], "texture": "#3"},
				"east": {"uv": [4.92308, 6.76923, 5.07692, 6.30769], "rotation": 180, "texture": "#3"},
				"south": {"uv": [4.92308, 6.30769, 5.07692, 6.76923], "texture": "#3"},
				"west": {"uv": [4.92308, 6.30769, 5.07692, 6.76923], "texture": "#3"},
				"up": {"uv": [5.07692, 6.30769, 4.92308, 6.46154], "rotation": 270, "texture": "#3"},
				"down": {"uv": [4.92308, 6.61538, 5.07692, 6.76923], "rotation": 270, "texture": "#3"}
			}
		},
		{
			"name": "gun_10_6_4",
			"from": [7.775, 3.12102, 9.77789],
			"to": [8.22885, 3.58256, 10.08558],
			"rotation": {"angle": 0, "axis": "y", "origin": [6.81232, 2.19235, 7.6979]},
			"faces": {
				"north": {"uv": [9.69231, 6.30769, 9.84615, 6.76923], "texture": "#3"},
				"east": {"uv": [9.69231, 6.76923, 10, 6.30769], "rotation": 180, "texture": "#3"},
				"south": {"uv": [9.84615, 6.30769, 10, 6.76923], "texture": "#3"},
				"west": {"uv": [9.69231, 6.30769, 10, 6.76923], "texture": "#3"},
				"up": {"uv": [10, 6.30769, 9.69231, 6.46154], "rotation": 270, "texture": "#3"},
				"down": {"uv": [9.69231, 6.61538, 10, 6.76923], "rotation": 270, "texture": "#3"}
			}
		},
		{
			"name": "gun_10_6_5",
			"from": [7.775, 3.12102, 10.08558],
			"to": [8.22885, 3.42872, 10.39328],
			"rotation": {"angle": 0, "axis": "y", "origin": [6.81232, 2.19235, 7.6979]},
			"faces": {
				"north": {"uv": [10, 6.46154, 10.15385, 6.76923], "texture": "#3"},
				"east": {"uv": [10, 6.76923, 10.30769, 6.46154], "rotation": 180, "texture": "#3"},
				"south": {"uv": [10.15385, 6.46154, 10.30769, 6.76923], "texture": "#3"},
				"west": {"uv": [10, 6.46154, 10.30769, 6.76923], "texture": "#3"},
				"up": {"uv": [10.30769, 6.46154, 10, 6.61538], "rotation": 270, "texture": "#3"},
				"down": {"uv": [10, 6.61538, 10.30769, 6.76923], "rotation": 270, "texture": "#3"}
			}
		},
		{
			"name": "gun_10_8_0",
			"from": [7.775, 3.27487, 3.62404],
			"to": [8.22885, 3.73641, 5.00866],
			"rotation": {"angle": 0, "axis": "y", "origin": [6.76232, 2.19235, 7.6979]},
			"faces": {
				"north": {"uv": [3.53846, 6.15385, 3.69231, 6.61538], "texture": "#3"},
				"east": {"uv": [3.53846, 6.61538, 4.92308, 6.15385], "rotation": 180, "texture": "#3"},
				"south": {"uv": [4.76923, 6.15385, 4.92308, 6.61538], "texture": "#3"},
				"west": {"uv": [3.53846, 6.15385, 4.92308, 6.61538], "texture": "#3"},
				"up": {"uv": [4.92308, 6.15385, 3.53846, 6.30769], "rotation": 270, "texture": "#3"},
				"down": {"uv": [3.53846, 6.46154, 4.92308, 6.61538], "rotation": 270, "texture": "#3"}
			}
		},
		{
			"name": "gun_10_8_1",
			"from": [7.775, 2.35179, 3.4702],
			"to": [8.22885, 3.58256, 3.62404],
			"rotation": {"angle": 0, "axis": "y", "origin": [6.76232, 2.19235, 7.6979]},
			"faces": {
				"north": {"uv": [3.38462, 6.30769, 3.53846, 7.53846], "texture": "#3"},
				"east": {"uv": [3.38462, 7.53846, 3.53846, 6.30769], "rotation": 180, "texture": "#3"},
				"south": {"uv": [3.38462, 6.30769, 3.53846, 7.53846], "texture": "#3"},
				"west": {"uv": [3.38462, 6.30769, 3.53846, 7.53846], "texture": "#3"},
				"up": {"uv": [3.53846, 6.30769, 3.38462, 6.46154], "rotation": 270, "texture": "#3"},
				"down": {"uv": [3.38462, 7.38462, 3.53846, 7.53846], "rotation": 270, "texture": "#3"}
			}
		},
		{
			"name": "gun_10_8_2",
			"from": [7.775, 2.35179, 3.93174],
			"to": [8.22885, 3.27487, 4.39328],
			"rotation": {"angle": 0, "axis": "y", "origin": [6.76232, 2.19235, 7.6979]},
			"faces": {
				"north": {"uv": [3.84615, 6.61538, 4, 7.53846], "texture": "#3"},
				"east": {"uv": [3.84615, 7.53846, 4.30769, 6.61538], "rotation": 180, "texture": "#3"},
				"south": {"uv": [4.15385, 6.61538, 4.30769, 7.53846], "texture": "#3"},
				"west": {"uv": [3.84615, 6.61538, 4.30769, 7.53846], "texture": "#3"},
				"up": {"uv": [4.30769, 6.61538, 3.84615, 6.76923], "rotation": 270, "texture": "#3"},
				"down": {"uv": [3.84615, 7.38462, 4.30769, 7.53846], "rotation": 270, "texture": "#3"}
			}
		},
		{
			"name": "gun_10_8_3",
			"from": [7.775, 2.19795, 4.85481],
			"to": [8.22885, 3.27487, 5.00866],
			"rotation": {"angle": 0, "axis": "y", "origin": [6.76232, 2.19235, 7.6979]},
			"faces": {
				"north": {"uv": [4.76923, 6.61538, 4.92308, 7.69231], "texture": "#3"},
				"east": {"uv": [4.76923, 7.69231, 4.92308, 6.61538], "rotation": 180, "texture": "#3"},
				"south": {"uv": [4.76923, 6.61538, 4.92308, 7.69231], "texture": "#3"},
				"west": {"uv": [4.76923, 6.61538, 4.92308, 7.69231], "texture": "#3"},
				"up": {"uv": [4.92308, 6.61538, 4.76923, 6.76923], "rotation": 270, "texture": "#3"},
				"down": {"uv": [4.76923, 7.53846, 4.92308, 7.69231], "rotation": 270, "texture": "#3"}
			}
		},
		{
			"name": "gun_10_8_4",
			"from": [7.775, 2.35179, 3.62404],
			"to": [8.22885, 3.12102, 3.93174],
			"rotation": {"angle": 0, "axis": "y", "origin": [6.76232, 2.19235, 7.6979]},
			"faces": {
				"north": {"uv": [3.53846, 6.76923, 3.69231, 7.53846], "texture": "#3"},
				"east": {"uv": [3.53846, 7.53846, 3.84615, 6.76923], "rotation": 180, "texture": "#3"},
				"south": {"uv": [3.69231, 6.76923, 3.84615, 7.53846], "texture": "#3"},
				"west": {"uv": [3.53846, 6.76923, 3.84615, 7.53846], "texture": "#3"},
				"up": {"uv": [3.84615, 6.76923, 3.53846, 6.92308], "rotation": 270, "texture": "#3"},
				"down": {"uv": [3.53846, 7.38462, 3.84615, 7.53846], "rotation": 270, "texture": "#3"}
			}
		},
		{
			"name": "gun_10_8_5",
			"from": [7.775, 2.35179, 4.39328],
			"to": [8.22885, 3.12102, 4.85481],
			"rotation": {"angle": 0, "axis": "y", "origin": [6.76232, 2.19235, 7.6979]},
			"faces": {
				"north": {"uv": [4.30769, 6.76923, 4.46154, 7.53846], "texture": "#3"},
				"east": {"uv": [4.30769, 7.53846, 4.76923, 6.76923], "rotation": 180, "texture": "#3"},
				"south": {"uv": [4.61538, 6.76923, 4.76923, 7.53846], "texture": "#3"},
				"west": {"uv": [4.30769, 6.76923, 4.76923, 7.53846], "texture": "#3"},
				"up": {"uv": [4.76923, 6.76923, 4.30769, 6.92308], "rotation": 270, "texture": "#3"},
				"down": {"uv": [4.30769, 7.38462, 4.76923, 7.53846], "rotation": 270, "texture": "#3"}
			}
		},
		{
			"name": "gun_10_8_6",
			"from": [7.775, 2.35179, 5.00866],
			"to": [8.22885, 3.12102, 5.62404],
			"rotation": {"angle": 0, "axis": "y", "origin": [6.76232, 2.19235, 7.6979]},
			"faces": {
				"north": {"uv": [4.92308, 6.76923, 5.07692, 7.53846], "texture": "#3"},
				"east": {"uv": [4.92308, 7.53846, 5.53846, 6.76923], "rotation": 180, "texture": "#3"},
				"south": {"uv": [5.38462, 6.76923, 5.53846, 7.53846], "texture": "#3"},
				"west": {"uv": [4.92308, 6.76923, 5.53846, 7.53846], "texture": "#3"},
				"up": {"uv": [5.53846, 6.76923, 4.92308, 6.92308], "rotation": 270, "texture": "#3"},
				"down": {"uv": [4.92308, 7.38462, 5.53846, 7.53846], "rotation": 270, "texture": "#3"}
			}
		},
		{
			"name": "gun_10_8_7",
			"from": [7.775, 2.19795, 5.00866],
			"to": [8.22885, 2.35179, 5.4702],
			"rotation": {"angle": 0, "axis": "y", "origin": [6.76232, 2.19235, 7.6979]},
			"faces": {
				"north": {"uv": [4.92308, 7.53846, 5.07692, 7.69231], "texture": "#3"},
				"east": {"uv": [4.92308, 7.69231, 5.38462, 7.53846], "rotation": 180, "texture": "#3"},
				"south": {"uv": [5.23077, 7.53846, 5.38462, 7.69231], "texture": "#3"},
				"west": {"uv": [4.92308, 7.53846, 5.38462, 7.69231], "texture": "#3"},
				"up": {"uv": [5.38462, 7.53846, 4.92308, 7.69231], "rotation": 270, "texture": "#3"},
				"down": {"uv": [4.92308, 7.53846, 5.38462, 7.69231], "rotation": 270, "texture": "#3"}
			}
		},
		{
			"name": "gun_10_9_0",
			"from": [7.925, 3.27487, 0.39328],
			"to": [8.075, 3.73641, 0.70097],
			"rotation": {"angle": 0, "axis": "y", "origin": [6.91232, 2.19235, 7.6979]},
			"faces": {
				"north": {"uv": [0.30769, 6.15385, 0.46154, 6.61538], "texture": "#3"},
				"east": {"uv": [0.30769, 6.61538, 0.61538, 6.15385], "rotation": 180, "texture": "#3"},
				"south": {"uv": [0.46154, 6.15385, 0.61538, 6.61538], "texture": "#3"},
				"west": {"uv": [0.30769, 6.15385, 0.61538, 6.61538], "texture": "#3"},
				"up": {"uv": [0.61538, 6.15385, 0.30769, 6.30769], "rotation": 270, "texture": "#3"},
				"down": {"uv": [0.30769, 6.46154, 0.61538, 6.61538], "rotation": 270, "texture": "#3"}
			}
		},
		{
			"name": "gun_10_9_1",
			"from": [7.925, 3.12102, 0.70097],
			"to": [8.075, 3.58256, 0.85481],
			"rotation": {"angle": 0, "axis": "y", "origin": [6.91232, 2.19235, 7.6979]},
			"faces": {
				"north": {"uv": [0.61538, 6.30769, 0.76923, 6.76923], "texture": "#3"},
				"east": {"uv": [0.61538, 6.76923, 0.76923, 6.30769], "rotation": 180, "texture": "#3"},
				"south": {"uv": [0.61538, 6.30769, 0.76923, 6.76923], "texture": "#3"},
				"west": {"uv": [0.61538, 6.30769, 0.76923, 6.76923], "texture": "#3"},
				"up": {"uv": [0.76923, 6.30769, 0.61538, 6.46154], "rotation": 270, "texture": "#3"},
				"down": {"uv": [0.61538, 6.61538, 0.76923, 6.76923], "rotation": 270, "texture": "#3"}
			}
		},
		{
			"name": "gun_10_9_2",
			"from": [7.925, 2.96718, 0.39328],
			"to": [8.075, 3.27487, 0.54712],
			"rotation": {"angle": 0, "axis": "y", "origin": [6.91232, 2.19235, 7.6979]},
			"faces": {
				"north": {"uv": [0.30769, 6.61538, 0.46154, 6.92308], "texture": "#3"},
				"east": {"uv": [0.30769, 6.92308, 0.46154, 6.61538], "rotation": 180, "texture": "#3"},
				"south": {"uv": [0.30769, 6.61538, 0.46154, 6.92308], "texture": "#3"},
				"west": {"uv": [0.30769, 6.61538, 0.46154, 6.92308], "texture": "#3"},
				"up": {"uv": [0.46154, 6.61538, 0.30769, 6.76923], "rotation": 270, "texture": "#3"},
				"down": {"uv": [0.30769, 6.76923, 0.46154, 6.92308], "rotation": 270, "texture": "#3"}
			}
		},
		{
			"name": "gun_10_9_3",
			"from": [7.925, 2.96718, 0.85481],
			"to": [8.075, 3.27487, 1.00866],
			"rotation": {"angle": 0, "axis": "y", "origin": [6.91232, 2.19235, 7.6979]},
			"faces": {
				"north": {"uv": [0.76923, 6.61538, 0.92308, 6.92308], "texture": "#3"},
				"east": {"uv": [0.76923, 6.92308, 0.92308, 6.61538], "rotation": 180, "texture": "#3"},
				"south": {"uv": [0.76923, 6.61538, 0.92308, 6.92308], "texture": "#3"},
				"west": {"uv": [0.76923, 6.61538, 0.92308, 6.92308], "texture": "#3"},
				"up": {"uv": [0.92308, 6.61538, 0.76923, 6.76923], "rotation": 270, "texture": "#3"},
				"down": {"uv": [0.76923, 6.76923, 0.92308, 6.92308], "rotation": 270, "texture": "#3"}
			}
		},
		{
			"name": "gun_10_9_4",
			"from": [7.925, 2.96718, 2.08558],
			"to": [8.075, 3.27487, 2.39328],
			"rotation": {"angle": 0, "axis": "y", "origin": [6.91232, 2.19235, 7.6979]},
			"faces": {
				"north": {"uv": [2, 6.61538, 2.15385, 6.92308], "texture": "#3"},
				"east": {"uv": [2, 6.92308, 2.30769, 6.61538], "rotation": 180, "texture": "#3"},
				"south": {"uv": [2.15385, 6.61538, 2.30769, 6.92308], "texture": "#3"},
				"west": {"uv": [2, 6.61538, 2.30769, 6.92308], "texture": "#3"},
				"up": {"uv": [2.30769, 6.61538, 2, 6.76923], "rotation": 270, "texture": "#3"},
				"down": {"uv": [2, 6.76923, 2.30769, 6.92308], "rotation": 270, "texture": "#3"}
			}
		},
		{
			"name": "gun_10_9_5",
			"from": [7.925, 3.12102, 2.39328],
			"to": [8.075, 3.27487, 2.54712],
			"rotation": {"angle": 0, "axis": "y", "origin": [6.91232, 2.19235, 7.6979]},
			"faces": {
				"north": {"uv": [2.30769, 6.61538, 2.46154, 6.76923], "texture": "#3"},
				"east": {"uv": [2.30769, 6.76923, 2.46154, 6.61538], "rotation": 180, "texture": "#3"},
				"south": {"uv": [2.30769, 6.61538, 2.46154, 6.76923], "texture": "#3"},
				"west": {"uv": [2.30769, 6.61538, 2.46154, 6.76923], "texture": "#3"},
				"up": {"uv": [2.46154, 6.61538, 2.30769, 6.76923], "rotation": 270, "texture": "#3"},
				"down": {"uv": [2.30769, 6.61538, 2.46154, 6.76923], "rotation": 270, "texture": "#3"}
			}
		},
		{
			"name": "gun_10_9_6",
			"from": [7.925, 3.12102, 3.31635],
			"to": [8.075, 3.27487, 3.4702],
			"rotation": {"angle": 0, "axis": "y", "origin": [6.91232, 2.19235, 7.6979]},
			"faces": {
				"north": {"uv": [3.23077, 6.61538, 3.38462, 6.76923], "texture": "#3"},
				"east": {"uv": [3.23077, 6.76923, 3.38462, 6.61538], "rotation": 180, "texture": "#3"},
				"south": {"uv": [3.23077, 6.61538, 3.38462, 6.76923], "texture": "#3"},
				"west": {"uv": [3.23077, 6.61538, 3.38462, 6.76923], "texture": "#3"},
				"up": {"uv": [3.38462, 6.61538, 3.23077, 6.76923], "rotation": 270, "texture": "#3"},
				"down": {"uv": [3.23077, 6.61538, 3.38462, 6.76923], "rotation": 270, "texture": "#3"}
			}
		},
		{
			"name": "gun_10_9_7",
			"from": [7.925, 2.96718, 1.93174],
			"to": [8.075, 3.12102, 2.08558],
			"rotation": {"angle": 0, "axis": "y", "origin": [6.91232, 2.19235, 7.6979]},
			"faces": {
				"north": {"uv": [1.84615, 6.76923, 2, 6.92308], "texture": "#3"},
				"east": {"uv": [1.84615, 6.92308, 2, 6.76923], "rotation": 180, "texture": "#3"},
				"south": {"uv": [1.84615, 6.76923, 2, 6.92308], "texture": "#3"},
				"west": {"uv": [1.84615, 6.76923, 2, 6.92308], "texture": "#3"},
				"up": {"uv": [2, 6.76923, 1.84615, 6.92308], "rotation": 270, "texture": "#3"},
				"down": {"uv": [1.84615, 6.76923, 2, 6.92308], "rotation": 270, "texture": "#3"}
			}
		},
		{
			"name": "gun_10_9_8",
			"from": [7.925, 2.50564, 0.39328],
			"to": [8.075, 2.65949, 0.85481],
			"rotation": {"angle": 0, "axis": "y", "origin": [6.91232, 2.19235, 7.6979]},
			"faces": {
				"north": {"uv": [0.30769, 7.23077, 0.46154, 7.38462], "texture": "#3"},
				"east": {"uv": [0.30769, 7.38462, 0.76923, 7.23077], "rotation": 180, "texture": "#3"},
				"south": {"uv": [0.61538, 7.23077, 0.76923, 7.38462], "texture": "#3"},
				"west": {"uv": [0.30769, 7.23077, 0.76923, 7.38462], "texture": "#3"},
				"up": {"uv": [0.76923, 7.23077, 0.30769, 7.38462], "rotation": 270, "texture": "#3"},
				"down": {"uv": [0.30769, 7.23077, 0.76923, 7.38462], "rotation": 270, "texture": "#3"}
			}
		},
		{
			"name": "gun_10_9_9",
			"from": [7.925, 2.50564, 1.93174],
			"to": [8.075, 2.65949, 2.39328],
			"rotation": {"angle": 0, "axis": "y", "origin": [6.91232, 2.19235, 7.6979]},
			"faces": {
				"north": {"uv": [1.84615, 7.23077, 2, 7.38462], "texture": "#3"},
				"east": {"uv": [1.84615, 7.38462, 2.30769, 7.23077], "rotation": 180, "texture": "#3"},
				"south": {"uv": [2.15385, 7.23077, 2.30769, 7.38462], "texture": "#3"},
				"west": {"uv": [1.84615, 7.23077, 2.30769, 7.38462], "texture": "#3"},
				"up": {"uv": [2.30769, 7.23077, 1.84615, 7.38462], "rotation": 270, "texture": "#3"},
				"down": {"uv": [1.84615, 7.23077, 2.30769, 7.38462], "rotation": 270, "texture": "#3"}
			}
		},
		{
			"name": "gun_10_9_10",
			"from": [7.925, 2.50564, 3.31635],
			"to": [8.075, 2.65949, 3.4702],
			"rotation": {"angle": 0, "axis": "y", "origin": [6.91232, 2.19235, 7.6979]},
			"faces": {
				"north": {"uv": [3.23077, 7.23077, 3.38462, 7.38462], "texture": "#3"},
				"east": {"uv": [3.23077, 7.38462, 3.38462, 7.23077], "rotation": 180, "texture": "#3"},
				"south": {"uv": [3.23077, 7.23077, 3.38462, 7.38462], "texture": "#3"},
				"west": {"uv": [3.23077, 7.23077, 3.38462, 7.38462], "texture": "#3"},
				"up": {"uv": [3.38462, 7.23077, 3.23077, 7.38462], "rotation": 270, "texture": "#3"},
				"down": {"uv": [3.23077, 7.23077, 3.38462, 7.38462], "rotation": 270, "texture": "#3"}
			}
		},
		{
			"name": "gun_10_10_0",
			"from": [7.875, 3.27487, 2.39328],
			"to": [8.125, 3.58256, 3.4702],
			"rotation": {"angle": 0, "axis": "y", "origin": [6.86232, 2.19235, 7.6979]},
			"faces": {
				"north": {"uv": [2.30769, 6.30769, 2.46154, 6.61538], "texture": "#3"},
				"east": {"uv": [2.30769, 6.61538, 3.38462, 6.30769], "rotation": 180, "texture": "#3"},
				"south": {"uv": [3.23077, 6.30769, 3.38462, 6.61538], "texture": "#3"},
				"west": {"uv": [2.30769, 6.30769, 3.38462, 6.61538], "texture": "#3"},
				"up": {"uv": [3.38462, 6.30769, 2.30769, 6.46154], "rotation": 270, "texture": "#3"},
				"down": {"uv": [2.30769, 6.46154, 3.38462, 6.61538], "rotation": 270, "texture": "#3"}
			}
		},
		{
			"name": "gun_10_10_1",
			"from": [7.875, 3.27487, 2.23943],
			"to": [8.125, 3.42872, 2.39328],
			"rotation": {"angle": 0, "axis": "y", "origin": [6.86232, 2.19235, 7.6979]},
			"faces": {
				"north": {"uv": [2.15385, 6.46154, 2.30769, 6.61538], "texture": "#3"},
				"east": {"uv": [2.15385, 6.61538, 2.30769, 6.46154], "rotation": 180, "texture": "#3"},
				"south": {"uv": [2.15385, 6.46154, 2.30769, 6.61538], "texture": "#3"},
				"west": {"uv": [2.15385, 6.46154, 2.30769, 6.61538], "texture": "#3"},
				"up": {"uv": [2.30769, 6.46154, 2.15385, 6.61538], "rotation": 270, "texture": "#3"},
				"down": {"uv": [2.15385, 6.46154, 2.30769, 6.61538], "rotation": 270, "texture": "#3"}
			}
		},
		{
			"name": "gun_10_10_2",
			"from": [7.875, 2.65949, 0.08558],
			"to": [8.125, 2.96718, 3.4702],
			"rotation": {"angle": 0, "axis": "y", "origin": [6.86232, 2.19235, 7.6979]},
			"faces": {
				"north": {"uv": [0, 6.92308, 0.15385, 7.23077], "texture": "#3"},
				"east": {"uv": [0, 7.23077, 3.38462, 6.92308], "rotation": 180, "texture": "#3"},
				"south": {"uv": [3.23077, 6.92308, 3.38462, 7.23077], "texture": "#3"},
				"west": {"uv": [0, 6.92308, 3.38462, 7.23077], "texture": "#3"},
				"up": {"uv": [3.38462, 6.92308, 0, 7.07692], "rotation": 270, "texture": "#3"},
				"down": {"uv": [0, 7.07692, 3.38462, 7.23077], "rotation": 270, "texture": "#3"}
			}
		},
		{
			"name": "gun_10_10_3",
			"from": [7.875, 2.65949, 0.07558],
			"to": [8.125, 2.96718, 0.07558],
			"rotation": {"angle": 0, "axis": "y", "origin": [6.81232, 2.19235, 7.6979]},
			"faces": {
				"north": {"uv": [0, 0, 16, 16], "texture": "#9"},
				"east": {"uv": [0, 7.23077, 3.38462, 6.92308], "rotation": 180, "texture": "#9"},
				"south": {"uv": [3.23077, 6.92308, 3.38462, 7.23077], "texture": "#9"},
				"west": {"uv": [0, 6.92308, 3.38462, 7.23077], "texture": "#9"},
				"up": {"uv": [3.38462, 6.92308, 0, 7.07692], "rotation": 270, "texture": "#9"},
				"down": {"uv": [0, 7.07692, 3.38462, 7.23077], "rotation": 270, "texture": "#9"}
			}
		},
		{
			"name": "gun_10_10_4",
			"from": [6.125, 0.75949, 0.02558],
			"to": [9.875, 4.56718, 0.02558],
			"rotation": {"angle": 0, "axis": "y", "origin": [6.81232, 2.04235, 7.6479]},
			"faces": {
				"north": {"uv": [16, 0, 0, 16], "texture": "#4"},
				"east": {"uv": [0, 0, 16, 16], "texture": "#4"},
				"south": {"uv": [0, 0, 16, 16], "texture": "#4"},
				"west": {"uv": [0, 0, 16, 16], "texture": "#4"},
				"up": {"uv": [0, 0, 16, 16], "texture": "#4"},
				"down": {"uv": [0, 0, 16, 16], "texture": "#4"}
			}
		},
		{
			"name": "gun_10_10_3",
			"from": [7.875, 2.35179, 0.54712],
			"to": [8.125, 2.50564, 3.4702],
			"rotation": {"angle": 0, "axis": "y", "origin": [6.86232, 2.19235, 7.6979]},
			"faces": {
				"north": {"uv": [0.46154, 7.38462, 0.61538, 7.53846], "texture": "#3"},
				"east": {"uv": [0.46154, 7.53846, 3.38462, 7.38462], "rotation": 180, "texture": "#3"},
				"south": {"uv": [3.23077, 7.38462, 3.38462, 7.53846], "texture": "#3"},
				"west": {"uv": [0.46154, 7.38462, 3.38462, 7.53846], "texture": "#3"},
				"up": {"uv": [3.38462, 7.38462, 0.46154, 7.53846], "rotation": 270, "texture": "#3"},
				"down": {"uv": [0.46154, 7.38462, 3.38462, 7.53846], "rotation": 270, "texture": "#3"}
			}
		}
	],
	"display": {
		"thirdperson_righthand": {
			"translation": [0.25, 9.25, 1],
			"scale": [1.5, 1.5, 1.5]
		},
		"thirdperson_lefthand": {
			"translation": [0.25, 9.25, 1],
			"scale": [1.5, 1.5, 1.5]
		},
		"firstperson_righthand": {
			"translation": [1.75, 26, -2],
			"scale": [3, 3, 2]
		},
		"firstperson_lefthand": {
			"translation": [1.75, 26, -2],
			"scale": [3, 3, 2]
		},
		"ground": {
			"translation": [-0.75, 12.75, -0.25],
			"scale": [2, 2, 2]
		},
		"gui": {
			"rotation": [90, 51, -90],
			"translation": [6, 7.25, 0],
			"scale": [1.5, 1.5, 1.5]
		},
		"head": {
			"rotation": [80, -43, 80],
			"translation": [-7.25, -6.5, 4.75],
			"scale": [2, 2, 2]
		},
		"fixed": {
			"rotation": [0, 90, 0],
			"translation": [-1.75, 12.25, -1],
			"scale": [2, 2, 2]
		}
	},
	"groups": [
		{
			"name": "gun_10_1",
			"origin": [8, 8, 8],
			"children": [0, 1, 2, 3, 4, 5, 6, 7, 8, 9, 10, 11, 12, 13, 14, 15, 16, 17, 18, 19]
		},
		{
			"name": "gun_10_2",
			"origin": [8, 8, 8],
			"children": [20, 21, 22, 23, 24, 25, 26, 27, 28, 29, 30, 31]
		},
		{
			"name": "gun_10_3",
			"origin": [8, 8, 8],
			"children": [32, 33, 34, 35, 36, 37]
		},
		{
			"name": "gun_10_4",
			"origin": [8, 8, 8],
			"children": [38, 39, 40, 41, 42, 43, 44, 45, 46, 47, 48, 49, 50, 51, 52, 53, 54]
		},
		{
			"name": "gun_10_5",
			"origin": [8, 8, 8],
			"children": [55, 56]
		},
		{
			"name": "gun_10_6",
			"origin": [8, 8, 8],
			"children": [57, 58, 59, 60, 61, 62, 63, 64, 65, 66]
		},
		{
			"name": "gun_10_8",
			"origin": [8, 8, 8],
			"children": [67, 68, 69, 70, 71, 72, 73, 74]
		},
		{
			"name": "gun_10_9",
			"origin": [8, 8, 8],
			"children": [75, 76, 77, 78, 79, 80, 81, 82, 83, 84, 85]
		},
		{
			"name": "gun_10_10",
			"origin": [8, 8, 8],
			"children": [86, 87, 88, 89, 90, 91]
		}
	]
}