{
	"credit": "Made by MILENARY",
	"texture_size": [8, 8],
	"textures": {
		"0": "block/purple_gun_1",
		"1": "block/purple_gun_2",
		"2": "block/purple_gun_3",
		"3": "block/purple_mushroom",
		"4": "block/gun_opening",
		"particle": "block/purple_mushroom"
	},
	"elements": [
		{
			"from": [5.9, 2.75, 8.5],
			"to": [9.9, 6, 13.75],
			"rotation": {"angle": 0, "axis": "y", "origin": [15.9, 8.75, 8]},
			"faces": {
				"north": {"uv": [1.5, 4.5, 9.5, 11], "texture": "#1"},
				"east": {"uv": [4, 8, 14.5, 14.5], "texture": "#1"},
				"south": {"uv": [3.5, 4, 11.5, 10.5], "texture": "#1"},
				"west": {"uv": [0.5, 5, 11, 11.5], "texture": "#1"},
				"up": {"uv": [3.5, 5.5, 11.5, 16], "texture": "#1"},
				"down": {"uv": [5, 2.5, 13, 13], "texture": "#1"}
			}
		},
		{
			"from": [6.525, 2.375, 5.25],
			"to": [9.525, 5.375, 8.5],
			"rotation": {"angle": -45, "axis": "z", "origin": [7.9, 3.875, 7.875]},
			"faces": {
				"north": {"uv": [5, 8, 11, 14], "rotation": 90, "texture": "#2"},
				"east": {"uv": [7, 5.5, 13, 12], "rotation": 270, "texture": "#2"},
				"south": {"uv": [5, 8, 11, 14], "rotation": 270, "texture": "#2"},
				"west": {"uv": [0.5, 1, 6.5, 7.5], "rotation": 270, "texture": "#2"},
				"up": {"uv": [4, 6.5, 10.5, 12.5], "rotation": 270, "texture": "#2"},
				"down": {"uv": [6.5, 8, 13, 14], "rotation": 270, "texture": "#2"}
			}
		},
		{
			"from": [6.525, 4.625, -15.25],
			"to": [9.525, 5.375, -14.75],
			"rotation": {"angle": -45, "axis": "z", "origin": [7.9, 3.875, -14.125]},
			"faces": {
				"north": {"uv": [14.5, 10, 16, 16], "rotation": 90, "texture": "#0"},
				"east": {"uv": [14.5, 15, 16, 16], "rotation": 270, "texture": "#0"},
				"south": {"uv": [14.5, 10, 16, 16], "rotation": 270, "texture": "#0"},
				"west": {"uv": [14.5, 15, 16, 16], "rotation": 270, "texture": "#0"},
				"up": {"uv": [13.5, 10, 14.5, 16], "rotation": 270, "texture": "#0"},
				"down": {"uv": [14, 10, 15, 16], "rotation": 270, "texture": "#0"}
			}
		},
		{
			"from": [6.525, 4.625, -7.25],
			"to": [9.525, 5.375, -5.5],
			"rotation": {"angle": -45, "axis": "z", "origin": [7.9, 3.875, -6.125]},
			"faces": {
				"north": {"uv": [13, 8, 14.5, 14], "rotation": 90, "texture": "#2"},
				"east": {"uv": [14, 12, 15.5, 15.5], "rotation": 270, "texture": "#2"},
				"south": {"uv": [14.5, 10, 16, 16], "rotation": 270, "texture": "#2"},
				"west": {"uv": [14.5, 12.5, 16, 16], "rotation": 270, "texture": "#2"},
				"up": {"uv": [12.5, 10, 16, 16], "rotation": 270, "texture": "#2"},
				"down": {"uv": [12.5, 10, 16, 16], "rotation": 270, "texture": "#2"}
			}
		},
		{
			"from": [6.525, 4.625, -13.5],
			"to": [9.525, 5.375, -13],
			"rotation": {"angle": -45, "axis": "z", "origin": [7.9, 3.875, -12.375]},
			"faces": {
				"north": {"uv": [12, 10, 13.5, 16], "rotation": 90, "texture": "#0"},
				"east": {"uv": [14.5, 15, 16, 16], "rotation": 270, "texture": "#0"},
				"south": {"uv": [14.5, 10, 16, 16], "rotation": 270, "texture": "#0"},
				"west": {"uv": [14.5, 11.5, 16, 12.5], "rotation": 270, "texture": "#0"},
				"up": {"uv": [15, 10, 16, 16], "rotation": 270, "texture": "#0"},
				"down": {"uv": [15, 10, 16, 16], "rotation": 270, "texture": "#0"}
			}
		},
		{
			"from": [6.525, 4.625, -12],
			"to": [9.525, 5.375, -11.5],
			"rotation": {"angle": -45, "axis": "z", "origin": [7.9, 3.875, -10.875]},
			"faces": {
				"north": {"uv": [14.5, 10, 16, 16], "rotation": 90, "texture": "#0"},
				"east": {"uv": [14.5, 15, 16, 16], "rotation": 270, "texture": "#0"},
				"south": {"uv": [14.5, 10, 16, 16], "rotation": 270, "texture": "#0"},
				"west": {"uv": [14.5, 15, 16, 16], "rotation": 270, "texture": "#0"},
				"up": {"uv": [14.5, 10, 15.5, 16], "rotation": 270, "texture": "#0"},
				"down": {"uv": [15, 10, 16, 16], "rotation": 270, "texture": "#0"}
			}
		},
		{
			"from": [6.525, 3.125, -15.25],
			"to": [7.275, 4.625, -14.75],
			"rotation": {"angle": -45, "axis": "z", "origin": [7.9, 3.875, -14.125]},
			"faces": {
				"north": {"uv": [13, 14.5, 16, 15.7], "rotation": 90, "texture": "#0"},
				"east": {"uv": [13, 14, 16, 15], "rotation": 270, "texture": "#0"},
				"south": {"uv": [13, 14.5, 16, 15.7], "rotation": 270, "texture": "#0"}
			}
		},
		{
			"from": [6.525, 3.125, -7.25],
			"to": [7.275, 4.625, -5.5],
			"rotation": {"angle": -45, "axis": "z", "origin": [7.9, 3.875, -6.125]},
			"faces": {
				"north": {"uv": [12.5, 12.5, 15.8, 13.7], "rotation": 90, "texture": "#2"},
				"east": {"uv": [12, 12.5, 15.3, 16], "rotation": 270, "texture": "#2"},
				"south": {"uv": [12.5, 14, 15.5, 15.2], "rotation": 270, "texture": "#2"}
			}
		},
		{
			"from": [6.525, 3.125, -13.5],
			"to": [7.275, 4.625, -13],
			"rotation": {"angle": -45, "axis": "z", "origin": [7.9, 3.875, -12.375]},
			"faces": {
				"north": {"uv": [13, 14.5, 16, 15.7], "rotation": 90, "texture": "#0"},
				"east": {"uv": [13, 15, 16, 16], "rotation": 270, "texture": "#0"},
				"south": {"uv": [13, 14.5, 16, 15.7], "rotation": 270, "texture": "#0"}
			}
		},
		{
			"from": [6.525, 3.125, -12],
			"to": [7.275, 4.625, -11.5],
			"rotation": {"angle": -45, "axis": "z", "origin": [7.9, 3.875, -10.875]},
			"faces": {
				"north": {"uv": [13, 14.5, 16, 15.7], "rotation": 90, "texture": "#0"},
				"east": {"uv": [13, 13.5, 16, 14.5], "rotation": 270, "texture": "#0"},
				"south": {"uv": [13, 14.5, 16, 15.7], "rotation": 270, "texture": "#0"}
			}
		},
		{
			"from": [8.775, 2.975, -15.25],
			"to": [9.525, 4.625, -14.75],
			"rotation": {"angle": -45, "axis": "z", "origin": [7.9, 3.875, -14.125]},
			"faces": {
				"north": {"uv": [12.5, 14.5, 15.8, 16], "rotation": 90, "texture": "#0"},
				"south": {"uv": [10.5, 14.5, 13.8, 16], "rotation": 270, "texture": "#0"},
				"west": {"uv": [12.5, 12, 15.8, 13], "rotation": 270, "texture": "#0"}
			}
		},
		{
			"from": [8.775, 2.975, -7.25],
			"to": [9.525, 4.625, -5.5],
			"rotation": {"angle": -45, "axis": "z", "origin": [7.9, 3.875, -6.125]},
			"faces": {
				"north": {"uv": [12.5, 14.5, 15.8, 16], "rotation": 90, "texture": "#2"},
				"south": {"uv": [12.5, 14.5, 15.8, 16], "rotation": 270, "texture": "#2"},
				"west": {"uv": [12.5, 12.5, 15.8, 16], "rotation": 270, "texture": "#2"}
			}
		},
		{
			"from": [8.775, 2.975, -13.5],
			"to": [9.525, 4.625, -13],
			"rotation": {"angle": -45, "axis": "z", "origin": [7.9, 3.875, -12.375]},
			"faces": {
				"north": {"uv": [12.5, 14.5, 15.8, 16], "rotation": 90, "texture": "#0"},
				"south": {"uv": [12, 13.5, 15.3, 15], "rotation": 270, "texture": "#0"},
				"west": {"uv": [12, 15, 15.3, 16], "rotation": 270, "texture": "#0"}
			}
		},
		{
			"from": [8.775, 2.975, -12],
			"to": [9.525, 4.625, -11.5],
			"rotation": {"angle": -45, "axis": "z", "origin": [7.9, 3.875, -10.875]},
			"faces": {
				"north": {"uv": [12.5, 14.5, 15.8, 16], "rotation": 90, "texture": "#0"},
				"south": {"uv": [12.5, 14.5, 15.8, 16], "rotation": 270, "texture": "#0"},
				"west": {"uv": [12.5, 15, 15.8, 16], "rotation": 270, "texture": "#0"}
			}
		},
		{
			"from": [6.525, 2.375, -15.25],
			"to": [9.525, 3.125, -14.75],
			"rotation": {"angle": -45, "axis": "z", "origin": [7.9, 3.875, -14.125]},
			"faces": {
				"north": {"uv": [14.5, 10, 15.7, 16], "rotation": 90, "texture": "#0"},
				"east": {"uv": [14.5, 13.5, 15.7, 14.5], "rotation": 270, "texture": "#0"},
				"south": {"uv": [14.5, 10, 15.7, 16], "rotation": 270, "texture": "#0"},
				"west": {"uv": [14.5, 12, 15.7, 13], "rotation": 270, "texture": "#0"},
				"up": {"uv": [15, 10, 16, 16], "rotation": 270, "texture": "#0"},
				"down": {"uv": [15, 10, 16, 16], "rotation": 270, "texture": "#0"}
			}
		},
		{
			"from": [6.525, 2.375, -7.25],
			"to": [9.525, 3.125, -5.5],
			"rotation": {"angle": -45, "axis": "z", "origin": [7.9, 3.875, -6.125]},
			"faces": {
				"north": {"uv": [14.5, 10, 15.7, 16], "rotation": 90, "texture": "#2"},
				"east": {"uv": [14.5, 12.5, 15.7, 16], "rotation": 270, "texture": "#2"},
				"south": {"uv": [14.5, 10, 15.7, 16], "rotation": 270, "texture": "#2"},
				"west": {"uv": [14.5, 12.5, 15.7, 16], "rotation": 270, "texture": "#2"},
				"up": {"uv": [12.5, 10, 16, 16], "rotation": 270, "texture": "#2"},
				"down": {"uv": [12.5, 10, 16, 16], "rotation": 270, "texture": "#2"}
			}
		},
		{
			"from": [6.525, 2.375, -13.5],
			"to": [9.525, 3.125, -13],
			"rotation": {"angle": -45, "axis": "z", "origin": [7.9, 3.875, -12.375]},
			"faces": {
				"north": {"uv": [14.5, 10, 15.7, 16], "rotation": 90, "texture": "#0"},
				"east": {"uv": [14.5, 15, 15.7, 16], "rotation": 270, "texture": "#0"},
				"south": {"uv": [14, 10, 15.2, 16], "rotation": 270, "texture": "#0"},
				"west": {"uv": [14.5, 15, 15.7, 16], "rotation": 270, "texture": "#0"},
				"up": {"uv": [14, 10, 15, 16], "rotation": 270, "texture": "#0"},
				"down": {"uv": [14, 9.5, 15, 15.5], "rotation": 270, "texture": "#0"}
			}
		},
		{
			"from": [6.525, 2.375, -12],
			"to": [9.525, 3.125, -11.5],
			"rotation": {"angle": -45, "axis": "z", "origin": [7.9, 3.875, -10.875]},
			"faces": {
				"north": {"uv": [14.5, 10, 15.7, 16], "rotation": 90, "texture": "#0"},
				"east": {"uv": [14.5, 14.5, 15.7, 15.5], "rotation": 270, "texture": "#0"},
				"south": {"uv": [14.5, 10, 15.7, 16], "rotation": 270, "texture": "#0"},
				"west": {"uv": [14.5, 15, 15.7, 16], "rotation": 270, "texture": "#0"},
				"up": {"uv": [14.5, 10, 15.5, 16], "rotation": 270, "texture": "#0"},
				"down": {"uv": [15, 10, 16, 16], "rotation": 270, "texture": "#0"}
			}
		},
		{
			"from": [7.025, 1.875, -7.25],
			"to": [9.025, 2.375, -5.5],
			"rotation": {"angle": -45, "axis": "z", "origin": [7.9, 3.875, -6.125]},
			"faces": {
				"north": {"uv": [15, 12, 16, 16], "rotation": 90, "texture": "#2"},
				"east": {"uv": [14, 12.5, 15, 16], "rotation": 270, "texture": "#2"},
				"south": {"uv": [15, 11, 16, 15], "rotation": 270, "texture": "#2"},
				"west": {"uv": [15, 12.5, 16, 16], "rotation": 270, "texture": "#2"},
				"down": {"uv": [12.5, 12, 16, 16], "rotation": 270, "texture": "#2"}
			}
		},
		{
			"from": [7.025, 1.875, -12],
			"to": [9.025, 2.375, -11.5],
			"rotation": {"angle": -45, "axis": "z", "origin": [7.9, 3.875, -10.875]},
			"faces": {
				"north": {"uv": [15, 12, 16, 16], "rotation": 90, "texture": "#0"},
				"east": {"uv": [15, 15, 16, 16], "rotation": 270, "texture": "#0"},
				"south": {"uv": [15, 12, 16, 16], "rotation": 270, "texture": "#0"},
				"west": {"uv": [15, 15, 16, 16], "rotation": 270, "texture": "#0"},
				"down": {"uv": [15, 12, 16, 16], "rotation": 270, "texture": "#0"}
			}
		},
		{
			"from": [7.025, 1.875, -13.5],
			"to": [9.025, 2.375, -13],
			"rotation": {"angle": -45, "axis": "z", "origin": [7.9, 3.875, -12.375]},
			"faces": {
				"north": {"uv": [14, 11.5, 15, 15.5], "rotation": 90, "texture": "#0"},
				"east": {"uv": [15, 13.5, 16, 14.5], "rotation": 270, "texture": "#0"},
				"south": {"uv": [15, 12, 16, 16], "rotation": 270, "texture": "#0"},
				"west": {"uv": [15, 15, 16, 16], "rotation": 270, "texture": "#0"},
				"down": {"uv": [15, 12, 16, 16], "rotation": 270, "texture": "#0"}
			}
		},
		{
			"from": [7.025, 1.875, -15.25],
			"to": [9.025, 2.375, -14.75],
			"rotation": {"angle": -45, "axis": "z", "origin": [7.9, 3.875, -14.125]},
			"faces": {
				"north": {"uv": [15, 12, 16, 16], "rotation": 90, "texture": "#0"},
				"east": {"uv": [15, 15, 16, 16], "rotation": 270, "texture": "#0"},
				"south": {"uv": [15, 12, 16, 16], "rotation": 270, "texture": "#0"},
				"west": {"uv": [15, 13, 16, 14], "rotation": 270, "texture": "#0"},
				"down": {"uv": [14, 12, 15, 16], "rotation": 270, "texture": "#0"}
			}
		},
		{
			"from": [9.525, 2.875, -7.25],
			"to": [10.025, 4.875, -5.5],
			"rotation": {"angle": -45, "axis": "z", "origin": [7.9, 3.875, -6.125]},
			"faces": {
				"north": {"uv": [12, 15, 16, 16], "rotation": 90, "texture": "#2"},
				"east": {"uv": [12, 12.5, 16, 16], "rotation": 270, "texture": "#2"},
				"south": {"uv": [12, 15, 16, 16], "rotation": 270, "texture": "#2"},
				"up": {"uv": [12, 15, 15.5, 16], "rotation": 270, "texture": "#2"},
				"down": {"uv": [12.5, 15, 16, 16], "rotation": 270, "texture": "#2"}
			}
		},
		{
			"from": [9.525, 2.875, -12],
			"to": [10.025, 4.875, -11.5],
			"rotation": {"angle": -45, "axis": "z", "origin": [7.9, 3.875, -10.875]},
			"faces": {
				"north": {"uv": [12, 15, 16, 16], "rotation": 90, "texture": "#0"},
				"east": {"uv": [12, 15, 16, 16], "rotation": 270, "texture": "#0"},
				"south": {"uv": [12, 15, 16, 16], "rotation": 270, "texture": "#0"},
				"up": {"uv": [15, 15, 16, 16], "rotation": 270, "texture": "#0"},
				"down": {"uv": [15, 15, 16, 16], "rotation": 270, "texture": "#0"}
			}
		},
		{
			"from": [9.525, 2.875, -13.5],
			"to": [10.025, 4.875, -13],
			"rotation": {"angle": -45, "axis": "z", "origin": [7.9, 3.875, -12.375]},
			"faces": {
				"north": {"uv": [12, 15, 16, 16], "rotation": 90, "texture": "#0"},
				"east": {"uv": [12, 14.5, 16, 15.5], "rotation": 270, "texture": "#0"},
				"south": {"uv": [12, 15, 16, 16], "rotation": 270, "texture": "#0"},
				"up": {"uv": [14.5, 15, 15.5, 16], "rotation": 270, "texture": "#0"},
				"down": {"uv": [13, 15, 14, 16], "rotation": 270, "texture": "#0"}
			}
		},
		{
			"from": [9.525, 2.875, -15.25],
			"to": [10.025, 4.875, -14.75],
			"rotation": {"angle": -45, "axis": "z", "origin": [7.9, 3.875, -14.125]},
			"faces": {
				"north": {"uv": [12, 15, 16, 16], "rotation": 90, "texture": "#0"},
				"east": {"uv": [12, 14.5, 16, 15.5], "rotation": 270, "texture": "#0"},
				"south": {"uv": [12, 15, 16, 16], "rotation": 270, "texture": "#0"},
				"up": {"uv": [14, 15, 15, 16], "rotation": 270, "texture": "#0"},
				"down": {"uv": [15, 15, 16, 16], "rotation": 270, "texture": "#0"}
			}
		},
		{
			"from": [6.025, 2.875, -7.25],
			"to": [6.525, 4.875, -5.5],
			"rotation": {"angle": -45, "axis": "z", "origin": [7.9, 3.875, -6.125]},
			"faces": {
				"north": {"uv": [12, 15, 16, 16], "rotation": 90, "texture": "#2"},
				"south": {"uv": [12, 14.5, 16, 15.5], "rotation": 270, "texture": "#2"},
				"west": {"uv": [12, 12.5, 16, 16], "rotation": 270, "texture": "#2"},
				"up": {"uv": [12.5, 14.5, 16, 15.5], "rotation": 270, "texture": "#2"},
				"down": {"uv": [12.5, 15, 16, 16], "rotation": 270, "texture": "#2"}
			}
		},
		{
			"from": [6.025, 2.875, -12],
			"to": [6.525, 4.875, -11.5],
			"rotation": {"angle": -45, "axis": "z", "origin": [7.9, 3.875, -10.875]},
			"faces": {
				"north": {"uv": [12, 15, 16, 16], "rotation": 90, "texture": "#0"},
				"south": {"uv": [12, 15, 16, 16], "rotation": 270, "texture": "#0"},
				"west": {"uv": [12, 15, 16, 16], "rotation": 270, "texture": "#0"},
				"up": {"uv": [14, 15, 15, 16], "rotation": 270, "texture": "#0"},
				"down": {"uv": [14.5, 15, 15.5, 16], "rotation": 270, "texture": "#0"}
			}
		},
		{
			"from": [6.025, 2.875, -13.5],
			"to": [6.525, 4.875, -13],
			"rotation": {"angle": -45, "axis": "z", "origin": [7.9, 3.875, -12.375]},
			"faces": {
				"north": {"uv": [12, 15, 16, 16], "rotation": 90, "texture": "#0"},
				"south": {"uv": [12, 15, 16, 16], "rotation": 270, "texture": "#0"},
				"west": {"uv": [12, 15, 16, 16], "rotation": 270, "texture": "#0"},
				"up": {"uv": [12, 15, 13, 16], "rotation": 270, "texture": "#0"},
				"down": {"uv": [11.5, 15, 12.5, 16], "rotation": 270, "texture": "#0"}
			}
		},
		{
			"from": [6.025, 2.875, -15.25],
			"to": [6.525, 4.875, -14.75],
			"rotation": {"angle": -45, "axis": "z", "origin": [7.9, 3.875, -14.125]},
			"faces": {
				"north": {"uv": [12, 15.5, 16, 16], "rotation": 90, "texture": "#0"},
				"south": {"uv": [12, 15, 16, 16], "rotation": 270, "texture": "#0"},
				"west": {"uv": [12, 15, 16, 16], "rotation": 270, "texture": "#0"},
				"up": {"uv": [13, 15, 14, 16], "rotation": 270, "texture": "#0"},
				"down": {"uv": [12.5, 15, 13.5, 16], "rotation": 270, "texture": "#0"}
			}
		},
		{
			"from": [7.025, 5.375, -7.25],
			"to": [9.025, 5.875, -5.5],
			"rotation": {"angle": -45, "axis": "z", "origin": [7.9, 3.875, -6.125]},
			"faces": {
				"north": {"uv": [14.5, 12, 15.5, 16], "rotation": 90, "texture": "#2"},
				"east": {"uv": [14.5, 12.5, 15.5, 16], "rotation": 270, "texture": "#2"},
				"south": {"uv": [14, 12, 15, 16], "rotation": 270, "texture": "#2"},
				"west": {"uv": [14, 12.5, 15, 16], "rotation": 270, "texture": "#2"},
				"up": {"uv": [11.5, 11.5, 15, 15.5], "rotation": 270, "texture": "#2"}
			}
		},
		{
			"from": [7.025, 5.375, -12],
			"to": [9.025, 5.875, -11.5],
			"rotation": {"angle": -45, "axis": "z", "origin": [7.9, 3.875, -10.875]},
			"faces": {
				"north": {"uv": [15, 12, 16, 16], "rotation": 90, "texture": "#0"},
				"east": {"uv": [15, 15, 16, 16], "rotation": 270, "texture": "#0"},
				"south": {"uv": [15, 12, 16, 16], "rotation": 270, "texture": "#0"},
				"west": {"uv": [15, 14.5, 16, 15.5], "rotation": 270, "texture": "#0"},
				"up": {"uv": [15, 12, 16, 16], "rotation": 270, "texture": "#0"}
			}
		},
		{
			"from": [7.025, 5.375, -13.5],
			"to": [9.025, 5.875, -13],
			"rotation": {"angle": -45, "axis": "z", "origin": [7.9, 3.875, -12.375]},
			"faces": {
				"north": {"uv": [14, 12, 15, 16], "rotation": 90, "texture": "#0"},
				"east": {"uv": [14, 13.5, 15, 14.5], "rotation": 270, "texture": "#0"},
				"south": {"uv": [15, 12, 16, 16], "rotation": 270, "texture": "#0"},
				"west": {"uv": [15, 15, 16, 16], "rotation": 270, "texture": "#0"},
				"up": {"uv": [15, 12, 16, 16], "rotation": 270, "texture": "#0"}
			}
		},
		{
			"from": [7.025, 5.375, -15.25],
			"to": [9.025, 5.875, -14.75],
			"rotation": {"angle": -45, "axis": "z", "origin": [7.9, 3.875, -14.125]},
			"faces": {
				"north": {"uv": [15, 12, 16, 16], "rotation": 90, "texture": "#0"},
				"east": {"uv": [11.5, 14, 12.5, 15], "rotation": 270, "texture": "#0"},
				"south": {"uv": [14.5, 12, 15.5, 16], "rotation": 270, "texture": "#0"},
				"west": {"uv": [14.5, 15, 15.5, 16], "rotation": 270, "texture": "#0"},
				"up": {"uv": [14.5, 12, 15.5, 16], "rotation": 270, "texture": "#0"}
			}
		},
		{
			"from": [6.775, 4.475, -15.95],
			"to": [7.525, 5.225, -5.55],
			"rotation": {"angle": -45, "axis": "z", "origin": [7.9, 3.975, 7.875]},
			"faces": {
				"north": {"uv": [13.5, 16, 15, 0], "texture": "#0"},
				"east": {"uv": [13.5, 16, 15, 0], "texture": "#0"},
				"west": {"uv": [13.5, 16, 15, 0], "texture": "#0"},
				"up": {"uv": [13.5, 16, 15, 0], "texture": "#0"},
				"down": {"uv": [13.5, 16, 15, 0], "texture": "#0"}
			}
		},
		{
			"from": [6.775, 2.375, -15.95],
			"to": [7.525, 3.125, -5.55],
			"rotation": {"angle": 45, "axis": "z", "origin": [7.9, 3.625, 7.875]},
			"faces": {
				"north": {"uv": [13.5, 0, 15, 16], "texture": "#0"},
				"east": {"uv": [13.5, 0, 15, 16], "texture": "#0"},
				"west": {"uv": [13.5, 0, 15, 16], "texture": "#0"},
				"up": {"uv": [13.5, 0, 15, 16], "texture": "#0"},
				"down": {"uv": [13.5, 0, 15, 16], "texture": "#0"}
			}
		},
		{
			"from": [6.775, 4.475, -15.96],
			"to": [7.525, 5.225, -15.96],
			"rotation": {"angle": -45, "axis": "z", "origin": [7.9, 3.975, 7.875]},
			"faces": {
				"north": {"uv": [0, 0, 16, 16], "texture": "#4"},
				"south": {"uv": [0, 0, 16, 16], "texture": "#4"}
			}
		},
		{
			"from": [6.775, 2.375, -15.96],
			"to": [7.525, 3.125, -15.96],
			"rotation": {"angle": 45, "axis": "z", "origin": [7.9, 3.625, 7.875]},
			"faces": {
				"north": {"uv": [0, 16, 16, 0], "texture": "#4"},
				"south": {"uv": [0, 16, 16, 0], "texture": "#4"}
			}
		},
		{
			"from": [6.775, 4.475, -5.55],
			"to": [7.525, 5.225, 5.25],
			"rotation": {"angle": -45, "axis": "z", "origin": [7.9, 3.975, 7.875]},
			"faces": {
				"east": {"uv": [0, 5.5, 16, 4], "texture": "#1"},
				"west": {"uv": [0, 6.75, 16, 5.25], "texture": "#1"},
				"up": {"uv": [6.75, 16, 8.25, 0], "texture": "#1"},
				"down": {"uv": [8.25, 16, 9.75, 0], "texture": "#1"}
			}
		},
		{
			"from": [6.775, 2.375, -5.55],
			"to": [7.525, 3.125, 5.25],
			"rotation": {"angle": 45, "axis": "z", "origin": [7.9, 3.625, 7.875]},
			"faces": {
				"east": {"uv": [0, 4, 16, 5.5], "texture": "#1"},
				"south": {"uv": [6, 5.25, 7.5, 6.75], "texture": "#1"},
				"west": {"uv": [0, 5.25, 16, 6.75], "texture": "#1"},
				"up": {"uv": [8.25, 0, 9.75, 16], "texture": "#1"},
				"down": {"uv": [6.75, 0, 8.25, 16], "texture": "#1"}
			}
		},
		{
			"from": [9.275, 4.575, -15.95],
			"to": [10.025, 5.325, -5.55],
			"rotation": {"angle": 45, "axis": "z", "origin": [9.9, 4.075, 7.875]},
			"faces": {
				"north": {"uv": [14, 16, 15.5, 0], "texture": "#0"},
				"east": {"uv": [14, 16, 15.5, 0], "texture": "#0"},
				"west": {"uv": [14, 16, 15.5, 0], "texture": "#0"},
				"up": {"uv": [14, 16, 15.5, 0], "texture": "#0"},
				"down": {"uv": [14, 16, 15.5, 0], "texture": "#0"}
			}
		},
		{
			"from": [9.275, 2.275, -15.95],
			"to": [10.025, 3.025, -5.55],
			"rotation": {"angle": -45, "axis": "z", "origin": [9.9, 3.525, 7.875]},
			"faces": {
				"north": {"uv": [14, 0, 15.5, 16], "texture": "#0"},
				"east": {"uv": [14, 0, 15.5, 16], "texture": "#0"},
				"west": {"uv": [14, 0, 15.5, 16], "texture": "#0"},
				"up": {"uv": [14, 0, 15.5, 16], "texture": "#0"},
				"down": {"uv": [14, 0, 15.5, 16], "texture": "#0"}
			}
		},
		{
			"from": [5.975, 4.575, -15.95],
			"to": [6.725, 5.325, -5.55],
			"rotation": {"angle": -45, "axis": "z", "origin": [6.1, 4.075, 7.875]},
			"faces": {
				"north": {"uv": [15.5, 16, 14, 0], "texture": "#0"},
				"east": {"uv": [15.5, 16, 14, 0], "texture": "#0"},
				"west": {"uv": [15.5, 16, 14, 0], "texture": "#0"},
				"up": {"uv": [15.5, 16, 14, 0], "texture": "#0"},
				"down": {"uv": [15.5, 16, 14, 0], "texture": "#0"}
			}
		},
		{
			"from": [5.975, 2.275, -15.95],
			"to": [6.725, 3.025, -5.55],
			"rotation": {"angle": 45, "axis": "z", "origin": [6.1, 3.525, 7.875]},
			"faces": {
				"north": {"uv": [15.5, 0, 14, 16], "texture": "#0"},
				"east": {"uv": [15.5, 0, 14, 16], "texture": "#0"},
				"west": {"uv": [15.5, 0, 14, 16], "texture": "#0"},
				"up": {"uv": [15.5, 0, 14, 16], "texture": "#0"},
				"down": {"uv": [15.5, 0, 14, 16], "texture": "#0"}
			}
		},
		{
			"from": [9.275, 4.575, -15.96],
			"to": [10.025, 5.325, -15.96],
			"rotation": {"angle": 45, "axis": "z", "origin": [9.9, 4.075, 7.875]},
			"faces": {
				"north": {"uv": [0, 0, 16, 16], "texture": "#4"},
				"south": {"uv": [0, 0, 16, 16], "texture": "#4"}
			}
		},
		{
			"from": [9.275, 2.275, -15.96],
			"to": [10.025, 3.025, -15.96],
			"rotation": {"angle": -45, "axis": "z", "origin": [9.9, 3.525, 7.875]},
			"faces": {
				"north": {"uv": [0, 16, 16, 0], "texture": "#4"},
				"south": {"uv": [0, 16, 16, 0], "texture": "#4"}
			}
		},
		{
			"from": [5.975, 4.575, -15.96],
			"to": [6.725, 5.325, -15.96],
			"rotation": {"angle": -45, "axis": "z", "origin": [6.1, 4.075, 7.875]},
			"faces": {
				"north": {"uv": [16, 0, 0, 16], "texture": "#4"},
				"south": {"uv": [16, 0, 0, 16], "texture": "#4"}
			}
		},
		{
			"from": [5.975, 2.275, -15.96],
			"to": [6.725, 3.025, -15.96],
			"rotation": {"angle": 45, "axis": "z", "origin": [6.1, 3.525, 7.875]},
			"faces": {
				"north": {"uv": [16, 16, 0, 0], "texture": "#4"},
				"south": {"uv": [16, 16, 0, 0], "texture": "#4"}
			}
		},
		{
			"from": [9.275, 4.575, -5.55],
			"to": [10.025, 5.325, 5.2],
			"rotation": {"angle": 45, "axis": "z", "origin": [9.9, 4.075, 7.875]},
			"faces": {
				"east": {"uv": [0, 2.25, 16, 0.75], "texture": "#1"},
				"south": {"uv": [4.5, 2.25, 6, 0.75], "texture": "#1"},
				"west": {"uv": [0, 3.25, 16, 1.75], "texture": "#1"},
				"up": {"uv": [11.25, 16, 12.75, 0], "texture": "#1"},
				"down": {"uv": [11.5, 16, 13, 0], "texture": "#1"}
			}
		},
		{
			"from": [9.275, 2.275, -5.55],
			"to": [10.025, 3.025, 5.2],
			"rotation": {"angle": -45, "axis": "z", "origin": [9.9, 3.525, 7.875]},
			"faces": {
				"east": {"uv": [0, 0.75, 16, 2.25], "texture": "#1"},
				"south": {"uv": [4.5, 0.75, 6, 2.25], "texture": "#1"},
				"west": {"uv": [0, 1.75, 16, 3.25], "texture": "#1"},
				"up": {"uv": [11.5, 0, 13, 16], "texture": "#1"},
				"down": {"uv": [11.25, 0, 12.75, 16], "texture": "#1"}
			}
		},
		{
			"from": [5.975, 4.575, -5.55],
			"to": [6.725, 5.325, 5.2],
			"rotation": {"angle": -45, "axis": "z", "origin": [6.1, 4.075, 7.875]},
			"faces": {
				"east": {"uv": [16, 3.25, 0, 1.75], "texture": "#1"},
				"south": {"uv": [6, 2.25, 4.5, 0.75], "texture": "#1"},
				"west": {"uv": [16, 2.25, 0, 0.75], "texture": "#1"},
				"up": {"uv": [12.75, 16, 11.25, 0], "texture": "#1"},
				"down": {"uv": [13, 16, 11.5, 0], "texture": "#1"}
			}
		},
		{
			"from": [5.975, 2.275, -5.55],
			"to": [6.725, 3.025, 5.2],
			"rotation": {"angle": 45, "axis": "z", "origin": [6.1, 3.525, 7.875]},
			"faces": {
				"east": {"uv": [16, 1.75, 0, 3.25], "texture": "#1"},
				"south": {"uv": [6, 0.75, 4.5, 2.25], "texture": "#1"},
				"west": {"uv": [16, 0.75, 0, 2.25], "texture": "#1"},
				"up": {"uv": [13, 0, 11.5, 16], "texture": "#1"},
				"down": {"uv": [12.75, 0, 11.25, 16], "texture": "#1"}
			}
		},
		{
			"from": [6.775, 3.825, -5.55],
			"to": [7.525, 4.575, -5.55],
			"rotation": {"angle": 45, "axis": "z", "origin": [7.4, 3.325, 7.875]},
			"faces": {
				"north": {"uv": [14, 16, 15.5, 0], "texture": "#0"},
				"south": {"uv": [14, 16, 15.5, 0], "texture": "#0"}
			}
		},
		{
			"from": [7.025, 1.875, 5.25],
			"to": [9.025, 2.375, 8.5],
			"rotation": {"angle": -45, "axis": "z", "origin": [7.9, 3.875, 7.875]},
			"faces": {
				"north": {"uv": [6, 10.5, 7, 14.5], "rotation": 90, "texture": "#2"},
				"east": {"uv": [7, 5.5, 8, 12], "rotation": 270, "texture": "#2"},
				"south": {"uv": [7, 9.5, 8, 13.5], "rotation": 270, "texture": "#2"},
				"west": {"uv": [2.5, 0, 3.5, 6.5], "rotation": 270, "texture": "#2"},
				"down": {"uv": [6.5, 8, 13, 12], "rotation": 270, "texture": "#2"}
			}
		},
		{
			"from": [7.025, 5.375, 5.25],
			"to": [9.025, 5.875, 8.5],
			"rotation": {"angle": -45, "axis": "z", "origin": [7.9, 3.875, 7.875]},
			"faces": {
				"north": {"uv": [7, 12, 8, 16], "rotation": 90, "texture": "#2"},
				"east": {"uv": [7.5, 3.5, 8.5, 10], "rotation": 270, "texture": "#2"},
				"south": {"uv": [7, 9.5, 8, 13.5], "rotation": 270, "texture": "#2"},
				"west": {"uv": [2.5, 0, 3.5, 6.5], "rotation": 270, "texture": "#2"},
				"up": {"uv": [5.5, 5, 12, 9], "rotation": 270, "texture": "#2"}
			}
		},
		{
			"from": [6.025, 2.875, 5.25],
			"to": [6.525, 4.875, 8.5],
			"rotation": {"angle": -45, "axis": "z", "origin": [7.9, 3.875, 7.875]},
			"faces": {
				"north": {"uv": [6, 10.5, 10, 11.5], "rotation": 90, "texture": "#2"},
				"south": {"uv": [7, 9.5, 11, 10.5], "rotation": 270, "texture": "#2"},
				"west": {"uv": [8, 6.5, 12, 13], "rotation": 270, "texture": "#2"},
				"up": {"uv": [4, 6.5, 10.5, 7.5], "rotation": 270, "texture": "#2"},
				"down": {"uv": [6.5, 8, 13, 9], "rotation": 270, "texture": "#2"}
			}
		},
		{
			"from": [9.525, 2.875, 5.25],
			"to": [10.025, 4.875, 8.5],
			"rotation": {"angle": -45, "axis": "z", "origin": [7.9, 3.875, 7.875]},
			"faces": {
				"north": {"uv": [6, 10.5, 10, 11.5], "rotation": 90, "texture": "#2"},
				"east": {"uv": [7, 5.5, 11, 12], "rotation": 270, "texture": "#2"},
				"south": {"uv": [7, 9.5, 11, 10.5], "rotation": 270, "texture": "#2"},
				"up": {"uv": [4, 6.5, 10.5, 7.5], "rotation": 270, "texture": "#2"},
				"down": {"uv": [6.5, 8, 13, 9], "rotation": 270, "texture": "#2"}
			}
		},
		{
			"from": [6.5, 2.75, 13.75],
			"to": [9.35, 5.25, 17.25],
			"rotation": {"angle": 0, "axis": "y", "origin": [15.9, 8.75, 8]},
			"faces": {
				"east": {"uv": [9, 11, 16, 16], "texture": "#2"},
				"south": {"uv": [10, 0, 15.7, 5], "texture": "#2"},
				"west": {"uv": [8, 11, 15, 16], "texture": "#2"},
				"up": {"uv": [10, 9, 15.7, 16], "texture": "#2"},
				"down": {"uv": [10, 9, 15.7, 16], "texture": "#2"}
			}
		},
		{
			"from": [7, 3.5, 16.5],
			"to": [8.85, 5, 18],
			"rotation": {"angle": 0, "axis": "y", "origin": [15.9, 8.75, 8]},
			"faces": {
				"east": {"uv": [12, 3, 15, 6], "texture": "#0"},
				"south": {"uv": [12, 7, 15.7, 10], "texture": "#0"},
				"west": {"uv": [13, 6.5, 16, 9.5], "texture": "#0"},
				"up": {"uv": [12, 10.5, 15.7, 13.5], "texture": "#0"},
				"down": {"uv": [8.5, 13, 12.2, 16], "texture": "#0"}
			}
		},
		{
			"from": [7.85, 4.45, 18],
			"to": [8.1, 4.55, 20.9],
			"rotation": {"angle": 0, "axis": "y", "origin": [15.9, 8.8, 8]},
			"faces": {
				"east": {"uv": [0, 15.5, 5.8, 15.7], "texture": "#0"},
				"west": {"uv": [10, 15.5, 15.8, 15.7], "texture": "#0"},
				"up": {"uv": [14, 3.5, 14.5, 9.3], "texture": "#0"},
				"down": {"uv": [15, 2.5, 15.5, 8.3], "texture": "#0"}
			}
		},
		{
			"from": [7.85, 4.05, 18],
			"to": [8.1, 4.15, 20.9],
			"rotation": {"angle": 0, "axis": "y", "origin": [15.9, 8.4, 8]},
			"faces": {
				"east": {"uv": [0, 15.5, 5.8, 15.7], "texture": "#0"},
				"west": {"uv": [10, 15.5, 15.8, 15.7], "texture": "#0"},
				"up": {"uv": [14, 3.5, 14.5, 9.3], "texture": "#0"},
				"down": {"uv": [15, 2.5, 15.5, 8.3], "texture": "#0"}
			}
		},
		{
			"from": [7.7, 1, 13.75],
			"to": [8.3, 2, 18],
			"rotation": {"angle": 0, "axis": "y", "origin": [-0.1, 8.75, 8]},
			"faces": {
				"east": {"uv": [15.5, 14, 7, 16], "texture": "#0"},
				"south": {"uv": [15.7, 14, 14.5, 16], "texture": "#0"},
				"west": {"uv": [16, 14, 7.5, 16], "texture": "#0"},
				"up": {"uv": [15.7, 0, 14.5, 8.5], "texture": "#0"},
				"down": {"uv": [15.7, 3.5, 14.5, 12], "texture": "#0"}
			}
		},
		{
			"from": [7.25, 1.75, 13.75],
			"to": [8.65, 2.75, 16.5],
			"rotation": {"angle": 0, "axis": "y", "origin": [15.9, 8.75, 8]},
			"faces": {
				"east": {"uv": [8.5, 12.5, 14, 14.5], "texture": "#0"},
				"south": {"uv": [12.5, 7.5, 15.3, 9.5], "texture": "#0"},
				"west": {"uv": [8, 13.5, 13.5, 15.5], "texture": "#0"},
				"down": {"uv": [13, 1.5, 15.8, 7], "texture": "#0"}
			}
		},
		{
			"from": [6.85, 1.6, 8.5],
			"to": [9.35, 2.75, 14.75],
			"rotation": {"angle": 0, "axis": "y", "origin": [0.1, 5, 8]},
			"faces": {
				"north": {"uv": [15, 13.5, 10, 15.8], "texture": "#0"},
				"east": {"uv": [16, 13.5, 3.5, 15.8], "texture": "#0"},
				"south": {"uv": [5, 13.5, 0, 15.8], "texture": "#0"},
				"west": {"uv": [16, 13.5, 3.5, 15.8], "texture": "#0"},
				"down": {"uv": [16, 3.5, 11, 16], "texture": "#0"}
			}
		},
		{
			"from": [6.9, 0.5, 10.75],
			"to": [8.9, 2, 14.5],
			"rotation": {"angle": 0, "axis": "y", "origin": [15.9, 5, 8]},
			"faces": {
				"north": {"uv": [10.5, 6, 14.5, 9], "texture": "#2"},
				"east": {"uv": [7, 8.5, 14.5, 11.5], "texture": "#2"},
				"south": {"uv": [9.5, 8.5, 13.5, 11.5], "texture": "#2"},
				"west": {"uv": [5, 6.5, 12.5, 9.5], "texture": "#2"},
				"down": {"uv": [9.5, 4, 13.5, 11.5], "texture": "#2"}
			}
		},
		{
			"from": [6.95, 0.86391, 7.67048],
			"to": [8.85, 2.36391, 11.17048],
			"rotation": {"angle": 22.5, "axis": "x", "origin": [8.65, 1.73891, 10.04548]},
			"faces": {
				"north": {"uv": [8.5, 5, 12.3, 8], "texture": "#2"},
				"east": {"uv": [8.5, 10.5, 15.5, 13.5], "texture": "#2"},
				"west": {"uv": [7.5, 8.5, 14.5, 11.5], "texture": "#2"},
				"up": {"uv": [9.5, 8, 13.3, 15], "texture": "#2"},
				"down": {"uv": [8.5, 5.5, 12.3, 12.5], "texture": "#2"}
			}
		},
		{
			"from": [9.1, 4, 8],
			"to": [10.85, 5.5, 12.25],
			"rotation": {"angle": 0, "axis": "y", "origin": [0.1, 8.75, 8]},
			"faces": {
				"north": {"uv": [3.5, 6, 0, 9], "texture": "#2"},
				"east": {"uv": [10, 4, 1.5, 7], "texture": "#2"},
				"south": {"uv": [6.5, 3.5, 3, 6.5], "texture": "#2"},
				"up": {"uv": [10, 5.5, 6.5, 14], "texture": "#2"},
				"down": {"uv": [12.5, 4, 9, 12.5], "texture": "#2"}
			}
		},
		{
			"from": [5.15, 4, 8],
			"to": [6.9, 5.5, 12.25],
			"rotation": {"angle": 0, "axis": "y", "origin": [15.9, 8.75, 8]},
			"faces": {
				"north": {"uv": [0, 6, 3.5, 9], "texture": "#2"},
				"south": {"uv": [3, 3.5, 6.5, 6.5], "texture": "#2"},
				"west": {"uv": [1.5, 4, 10, 7], "texture": "#2"},
				"up": {"uv": [6.5, 5.5, 10, 14], "texture": "#2"},
				"down": {"uv": [9, 4, 12.5, 12.5], "texture": "#2"}
			}
		},
		{
			"from": [6.2, 4.25, 5.25],
			"to": [6.8, 7.25, 6],
			"rotation": {"angle": -45, "axis": "x", "origin": [6.45, 5, 5.625]},
			"faces": {
				"north": {"uv": [14, 8, 15.2, 14], "texture": "#0"},
				"east": {"uv": [13, 6.5, 14.5, 12.5], "texture": "#0"},
				"south": {"uv": [12.5, 8, 13.7, 14], "texture": "#0"},
				"west": {"uv": [13, 9, 14.5, 15], "texture": "#0"},
				"down": {"uv": [12, 12.5, 13.2, 14], "texture": "#0"}
			}
		},
		{
			"from": [9.2, 4.25, 5.25],
			"to": [9.8, 7.25, 6],
			"rotation": {"angle": -45, "axis": "x", "origin": [9.55, 5, 5.625]},
			"faces": {
				"north": {"uv": [14, 8, 15.2, 14], "texture": "#0"},
				"east": {"uv": [13, 6.5, 14.5, 12.5], "texture": "#0"},
				"south": {"uv": [12.5, 8, 13.7, 14], "texture": "#0"},
				"west": {"uv": [13, 9, 14.5, 15], "texture": "#0"},
				"down": {"uv": [12, 12.5, 13.2, 14], "texture": "#0"}
			}
		},
		{
			"from": [4.75, 6.25, 3.75],
			"to": [11.1, 7, 4.5],
			"rotation": {"angle": 0, "axis": "y", "origin": [6.25, 5.5, 3.875]},
			"faces": {
				"north": {"uv": [1, 3, 13.7, 4.5], "texture": "#2"},
				"east": {"uv": [0.5, 3, 2, 4.5], "texture": "#2"},
				"south": {"uv": [0.5, 2.5, 13.2, 4], "texture": "#2"},
				"west": {"uv": [1, 2, 2.5, 3.5], "texture": "#2"},
				"up": {"uv": [0.5, 1.5, 13.2, 3], "texture": "#2"},
				"down": {"uv": [2, 7, 14.7, 8.5], "texture": "#2"}
			}
		},
		{
			"from": [7.55, 6.2, 8.1],
			"to": [8.4, 6.95, 17.6],
			"rotation": {"angle": 0, "axis": "y", "origin": [6.3, 5.45, 8.225]},
			"faces": {
				"north": {"uv": [13, 14.5, 14.7, 16], "texture": "#0"},
				"east": {"uv": [0, 14.5, 16, 16], "texture": "#0"},
				"south": {"uv": [14, 14.5, 15.7, 16], "texture": "#0"},
				"west": {"uv": [0, 14.5, 16, 16], "texture": "#0"},
				"up": {"uv": [12, 0, 13.7, 16], "texture": "#0"},
				"down": {"uv": [14, 0, 15.7, 16], "texture": "#0"}
			}
		},
		{
			"from": [7.55, 5.45, 16.85],
			"to": [8.4, 6.2, 17.6],
			"rotation": {"angle": 0, "axis": "y", "origin": [6.3, 5.45, 8.225]},
			"faces": {
				"north": {"uv": [13, 11.5, 14.7, 13], "texture": "#0"},
				"east": {"uv": [12.5, 13.5, 14, 15], "texture": "#0"},
				"south": {"uv": [14, 12, 15.7, 13.5], "texture": "#0"},
				"west": {"uv": [13.5, 10, 15, 11.5], "texture": "#0"},
				"down": {"uv": [13.5, 11.5, 15.2, 13], "texture": "#0"}
			}
		},
		{
			"from": [7.65, 4.95, 16.85],
			"to": [8.3, 5.45, 18.35],
			"rotation": {"angle": 0, "axis": "y", "origin": [6.3, 4.95, 8.225]},
			"faces": {
				"north": {"uv": [14, 15, 15.3, 16], "texture": "#2"},
				"east": {"uv": [9.5, 15, 12.5, 16], "texture": "#2"},
				"west": {"uv": [9, 11, 12, 12], "texture": "#2"},
				"up": {"uv": [4.5, 7, 5.8, 10], "texture": "#2"},
				"down": {"uv": [13.5, 13, 14.8, 16], "texture": "#2"}
			}
		},
		{
			"from": [7.55, 4.95, 18.35],
			"to": [8.4, 5.45, 21.1],
			"rotation": {"angle": 0, "axis": "y", "origin": [6.3, 4.95, 9.725]},
			"faces": {
				"north": {"uv": [13, 15, 14.7, 16], "texture": "#2"},
				"east": {"uv": [7.5, 15, 13, 16], "texture": "#2"},
				"south": {"uv": [14, 14, 15.7, 15], "texture": "#2"},
				"west": {"uv": [10.5, 13, 16, 14], "texture": "#2"},
				"up": {"uv": [10.5, 10, 11.8, 13], "texture": "#2"},
				"down": {"uv": [14, 5.5, 15.7, 11], "texture": "#2"}
			}
		},
		{
			"from": [7.8, 2.2, 20.85],
			"to": [8.2, 4.95, 21.35],
			"rotation": {"angle": 0, "axis": "y", "origin": [6.3, 4.95, 9.725]},
			"faces": {
				"north": {"uv": [10.5, 5, 11.3, 10.5], "texture": "#0"},
				"east": {"uv": [10.5, 3.5, 11.5, 9], "texture": "#0"},
				"south": {"uv": [10.5, 5, 11.3, 10.5], "texture": "#0"},
				"west": {"uv": [10, 4, 11, 9.5], "texture": "#0"},
				"up": {"uv": [10.5, 5.5, 11.3, 6.5], "texture": "#0"},
				"down": {"uv": [10.5, 9, 11.3, 10], "texture": "#0"}
			}
		},
		{
			"from": [7.85, 1.41967, 20.21612],
			"to": [8.15, 2.66967, 20.71612],
			"rotation": {"angle": 45, "axis": "x", "origin": [8, 1.66967, 20.46612]},
			"faces": {
				"north": {"uv": [10, 4.5, 10.6, 7], "texture": "#0"},
				"east": {"uv": [10, 4.5, 11, 7], "texture": "#0"},
				"south": {"uv": [9.5, 6, 10.1, 8.5], "texture": "#0"},
				"west": {"uv": [9.5, 5.5, 10.5, 8], "texture": "#0"},
				"down": {"uv": [11, 7.5, 11.6, 8.5], "texture": "#0"}
			}
		},
		{
			"from": [7.9, 1.31612, 18.01612],
			"to": [8.1, 1.81612, 20.46612],
			"rotation": {"angle": 0, "axis": "y", "origin": [8, 1.56612, 19.46612]},
			"faces": {
				"north": {"uv": [9, 6.5, 9.4, 7.5], "rotation": 180, "texture": "#0"},
				"east": {"uv": [9.5, 5, 10.5, 9.9], "rotation": 270, "texture": "#0"},
				"west": {"uv": [10.5, 5, 11.5, 9.9], "rotation": 90, "texture": "#0"},
				"up": {"uv": [10.5, 5.5, 10.9, 10.4], "rotation": 180, "texture": "#0"},
				"down": {"uv": [11.5, 5.5, 11.9, 10.4], "texture": "#0"}
			}
		},
		{
			"from": [7.8, 2.2, 19.5],
			"to": [8.15, 4.95, 20.25],
			"rotation": {"angle": 0, "axis": "y", "origin": [6.3, 4.95, 9.625]},
			"faces": {
				"north": {"uv": [13, 1, 13.7, 6.5], "texture": "#0"},
				"east": {"uv": [12, 9, 13.5, 14.5], "texture": "#0"},
				"south": {"uv": [13.5, 5.5, 14.2, 11], "texture": "#0"},
				"west": {"uv": [13.5, 4, 15, 9.5], "texture": "#0"},
				"down": {"uv": [13.5, 12.5, 14.2, 14], "texture": "#0"}
			}
		},
		{
			"from": [8.2, 4.7, 20.6],
			"to": [8.55, 7.2, 21.6],
			"rotation": {"angle": 0, "axis": "y", "origin": [6.3, 4.95, 11.975]},
			"faces": {
				"north": {"uv": [9.5, 6, 10.2, 11], "texture": "#1"},
				"east": {"uv": [10, 6.5, 12, 11.5], "texture": "#1"},
				"south": {"uv": [7.5, 6, 8.2, 11], "texture": "#1"},
				"west": {"uv": [9.5, 2, 11.5, 7], "texture": "#1"},
				"up": {"uv": [10, 2, 10.7, 4], "texture": "#1"},
				"down": {"uv": [8.5, 13, 9.2, 15], "texture": "#1"}
			}
		},
		{
			"from": [7.8, 5.45, 20.95],
			"to": [8.2, 7.1, 21.35],
			"rotation": {"angle": 0, "axis": "y", "origin": [6.3, 4.95, 11.975]},
			"faces": {
				"north": {"uv": [15, 9, 15.8, 12.3], "texture": "#0"},
				"south": {"uv": [14.5, 10, 15.3, 13.3], "texture": "#0"},
				"down": {"uv": [15, 4, 15.8, 4.8], "texture": "#0"}
			}
		},
		{
			"from": [7.45, 4.7, 20.6],
			"to": [7.8, 7.2, 21.6],
			"rotation": {"angle": 0, "axis": "y", "origin": [6.3, 4.95, 11.975]},
			"faces": {
				"north": {"uv": [4, 4.5, 4.7, 9.5], "texture": "#1"},
				"east": {"uv": [9, 8, 11, 13], "texture": "#1"},
				"south": {"uv": [10.5, 2, 11.2, 7], "texture": "#1"},
				"west": {"uv": [8, 3.5, 10, 8.5], "texture": "#1"},
				"up": {"uv": [9.5, 5.5, 10.2, 7.5], "texture": "#1"},
				"down": {"uv": [10, 7, 10.7, 9], "texture": "#1"}
			}
		},
		{
			"from": [8.25, 6.92302, 20.30754],
			"to": [8.5, 9.67302, 21.20754],
			"rotation": {"angle": -22.5, "axis": "x", "origin": [8, 8.04802, 20.70754]},
			"faces": {
				"north": {"uv": [10.5, 6.5, 11, 12], "texture": "#1"},
				"east": {"uv": [9.5, 4, 11.3, 9.5], "texture": "#1"},
				"south": {"uv": [10, 9.5, 10.5, 15], "texture": "#1"},
				"west": {"uv": [9, 2, 10.8, 7.5], "texture": "#1"}
			}
		},
		{
			"from": [7.75, 6.92302, 20.55754],
			"to": [8.25, 9.67302, 20.95754],
			"rotation": {"angle": -22.5, "axis": "x", "origin": [8, 8.04802, 20.70754]},
			"faces": {
				"north": {"uv": [15, 5, 16, 10.5], "texture": "#0"},
				"south": {"uv": [14.5, 7, 15.5, 12.5], "texture": "#0"},
				"down": {"uv": [15, 0.5, 16, 1.3], "texture": "#0"}
			}
		},
		{
			"from": [7.5, 6.92302, 20.30754],
			"to": [7.75, 9.67302, 21.20754],
			"rotation": {"angle": -22.5, "axis": "x", "origin": [7.25, 8.04802, 20.70754]},
			"faces": {
				"north": {"uv": [10.5, 3.5, 11, 9], "texture": "#1"},
				"east": {"uv": [9.5, 2, 11.3, 7.5], "texture": "#1"},
				"south": {"uv": [10, 4.5, 10.5, 10], "texture": "#1"},
				"west": {"uv": [10, 6.5, 11.8, 12], "texture": "#1"}
			}
		},
		{
			"from": [7.4, 9.42302, 20.05754],
			"to": [8.6, 9.92302, 21.25754],
			"rotation": {"angle": -22.5, "axis": "x", "origin": [8, 8.04802, 20.70754]},
			"faces": {
				"north": {"uv": [9.5, 8, 11.9, 9], "texture": "#2"},
				"east": {"uv": [7, 6, 9.4, 7], "texture": "#2"},
				"south": {"uv": [9.5, 7, 11.9, 8], "texture": "#2"},
				"west": {"uv": [9, 6, 11.4, 7], "texture": "#2"},
				"up": {"uv": [2, 5, 4.4, 7.4], "texture": "#2"},
				"down": {"uv": [3.5, 3.5, 5.9, 5.9], "texture": "#2"}
			}
		},
		{
			"from": [7.75, 8.40651, 19.39161],
			"to": [8.25, 9.85651, 19.94161],
			"rotation": {"angle": -45, "axis": "x", "origin": [8, 9.00651, 19.66661]},
			"faces": {
				"north": {"uv": [15, 13, 16, 15.9], "rotation": 180, "texture": "#0"},
				"east": {"uv": [13, 5, 15.9, 6.1], "rotation": 270, "texture": "#0"},
				"south": {"uv": [13.5, 13, 14.5, 15.9], "texture": "#0"},
				"west": {"uv": [10, 13.5, 12.9, 14.6], "rotation": 90, "texture": "#0"},
				"down": {"uv": [12, 1, 13, 2.1], "texture": "#0"}
			}
		},
		{
			"from": [7.5, 9.92302, 19.30754],
			"to": [8.5, 10.42302, 21.20754],
			"rotation": {"angle": -22.5, "axis": "x", "origin": [8, 8.04802, 20.70754]},
			"faces": {
				"north": {"uv": [10.5, 6.5, 12.5, 7.5], "texture": "#2"},
				"east": {"uv": [8, 3, 11.8, 4], "texture": "#2"},
				"south": {"uv": [10, 4.5, 12, 5.5], "texture": "#2"},
				"west": {"uv": [8, 4, 11.8, 5], "texture": "#2"},
				"up": {"uv": [10.5, 3, 12.5, 6.8], "texture": "#2"},
				"down": {"uv": [10, 6, 12, 9.8], "texture": "#2"}
			}
		},
		{
			"from": [6.25, 6.25, 4.25],
			"to": [6.95, 6.85, 10.25],
			"rotation": {"angle": 22.5, "axis": "y", "origin": [6.175, 6.625, 6.625]},
			"faces": {
				"east": {"uv": [4, 14.5, 16, 15.7], "texture": "#0"},
				"west": {"uv": [2.5, 13.5, 14.5, 14.7], "texture": "#0"},
				"up": {"uv": [14.5, 3.5, 15.9, 15.5], "texture": "#0"},
				"down": {"uv": [14.5, 3, 15.9, 15], "texture": "#0"}
			}
		},
		{
			"from": [9.05, 6.25, 4.25],
			"to": [9.75, 6.85, 10.25],
			"rotation": {"angle": -22.5, "axis": "y", "origin": [9.825, 6.625, 6.625]},
			"faces": {
				"east": {"uv": [16, 14.5, 4, 15.7], "texture": "#0"},
				"west": {"uv": [16, 14.5, 4, 15.7], "texture": "#0"},
				"up": {"uv": [15.9, 3.5, 14.5, 15.5], "texture": "#0"},
				"down": {"uv": [15.9, 0.5, 14.5, 12.5], "texture": "#0"}
			}
		},
		{
			"from": [5.75, 7, 3.8],
			"to": [6.35, 8.95, 4.45],
			"rotation": {"angle": 0, "axis": "y", "origin": [5.5, 5.5, 3.875]},
			"faces": {
				"north": {"uv": [14.5, 9, 15.7, 12.9], "texture": "#0"},
				"east": {"uv": [10.5, 12, 11.8, 15.9], "texture": "#0"},
				"south": {"uv": [14.5, 2, 15.7, 5.9], "texture": "#0"},
				"west": {"uv": [14.5, 7, 15.8, 10.9], "texture": "#0"},
				"up": {"uv": [14.5, 10.5, 15.7, 11.8], "texture": "#0"}
			}
		},
		{
			"from": [9.45, 7, 3.8],
			"to": [10.05, 8.95, 4.45],
			"rotation": {"angle": 0, "axis": "y", "origin": [10.3, 5.5, 3.875]},
			"faces": {
				"north": {"uv": [14.5, 9, 15.7, 12.9], "texture": "#0"},
				"east": {"uv": [10.5, 12, 11.8, 15.9], "texture": "#0"},
				"south": {"uv": [14.5, 2, 15.7, 5.9], "texture": "#0"},
				"west": {"uv": [14.5, 7, 15.8, 10.9], "texture": "#0"},
				"up": {"uv": [14.5, 10.5, 15.7, 11.8], "texture": "#0"}
			}
		},
		{
			"from": [6, 8.95, 3.8],
			"to": [9.8, 9.45, 4.45],
			"rotation": {"angle": 0, "axis": "y", "origin": [5.5, 7.45, 3.875]},
			"faces": {
				"north": {"uv": [14.5, 9, 15.7, 12.9], "texture": "#0"},
				"east": {"uv": [10.5, 12, 11.8, 15.9], "texture": "#0"},
				"south": {"uv": [14.5, 2, 15.7, 5.9], "texture": "#0"},
				"west": {"uv": [14.5, 7, 15.8, 10.9], "texture": "#0"},
				"up": {"uv": [14.5, 10.5, 15.7, 11.8], "texture": "#0"},
				"down": {"uv": [9, 14.5, 10.2, 15.8], "texture": "#0"}
			}
		},
		{
			"from": [4.4, 4, 10.75],
			"to": [5.15, 4.5, 12],
			"rotation": {"angle": 0, "axis": "y", "origin": [15.9, 8.75, 8]},
			"faces": {
				"north": {"uv": [14.5, 4, 16, 5], "texture": "#0"},
				"south": {"uv": [11.5, 9, 13, 10], "texture": "#0"},
				"up": {"uv": [12, 4.5, 13.5, 7], "texture": "#0"},
				"down": {"uv": [13, 6.5, 14.5, 9], "texture": "#0"}
			}
		},
		{
			"from": [10.85, 4, 10.75],
			"to": [11.6, 4.5, 12],
			"rotation": {"angle": 0, "axis": "y", "origin": [0.1, 8.75, 8]},
			"faces": {
				"north": {"uv": [16, 4, 14.5, 5], "texture": "#0"},
				"south": {"uv": [13, 9, 11.5, 10], "texture": "#0"},
				"up": {"uv": [13.5, 4.5, 12, 7], "texture": "#0"},
				"down": {"uv": [14.5, 6.5, 13, 9], "texture": "#0"}
			}
		},
		{
			"from": [4.18033, 1.78033, 8.75],
			"to": [6.33033, 3.03033, 9.25],
			"rotation": {"angle": 22.5, "axis": "z", "origin": [3.43033, 2.28033, 9]},
			"faces": {
				"north": {"uv": [11.5, 9, 15.8, 11.5], "texture": "#0"},
				"east": {"uv": [13.5, 10.5, 14.5, 13], "texture": "#0"},
				"south": {"uv": [10.5, 5.5, 14.8, 8], "texture": "#0"},
				"west": {"uv": [11.5, 13.5, 12.5, 16], "texture": "#0"},
				"up": {"uv": [11.5, 4.5, 15.8, 5.5], "texture": "#0"},
				"down": {"uv": [11.5, 7.5, 15.8, 8.5], "texture": "#0"}
			}
		},
		{
			"from": [9.66967, 1.78033, 8.75],
			"to": [11.81967, 3.03033, 9.25],
			"rotation": {"angle": -22.5, "axis": "z", "origin": [12.56967, 2.28033, 9]},
			"faces": {
				"north": {"uv": [15.8, 9, 11.5, 11.5], "texture": "#0"},
				"east": {"uv": [12.5, 13.5, 11.5, 16], "texture": "#0"},
				"south": {"uv": [14.8, 5.5, 10.5, 8], "texture": "#0"},
				"west": {"uv": [14.5, 10.5, 13.5, 13], "texture": "#0"},
				"up": {"uv": [15.8, 4.5, 11.5, 5.5], "texture": "#0"},
				"down": {"uv": [15.8, 7.5, 11.5, 8.5], "texture": "#0"}
			}
		},
		{
			"from": [11.1, 2, 9.25],
			"to": [12.1, 3, 17],
			"rotation": {"angle": -45, "axis": "z", "origin": [11.6, 2.5, 13.25]},
			"faces": {
				"north": {"uv": [9.5, 0, 7.5, 2], "texture": "#2"},
				"east": {"uv": [15.5, 3, 0, 5], "texture": "#2"},
				"south": {"uv": [12, 3.5, 10, 5.5], "texture": "#2"},
				"west": {"uv": [15.5, 4, 0, 6], "texture": "#2"},
				"up": {"uv": [5, 0.5, 3, 16], "texture": "#2"},
				"down": {"uv": [6.5, 0, 4.5, 15.5], "texture": "#2"}
			}
		},
		{
			"from": [3.9, 2, 9.25],
			"to": [4.9, 3, 17],
			"rotation": {"angle": 45, "axis": "z", "origin": [4.4, 2.5, 13.25]},
			"faces": {
				"north": {"uv": [7.5, 0, 9.5, 2], "texture": "#2"},
				"east": {"uv": [0, 4, 15.5, 6], "texture": "#2"},
				"south": {"uv": [10, 3.5, 12, 5.5], "texture": "#2"},
				"west": {"uv": [0, 3, 15.5, 5], "texture": "#2"},
				"up": {"uv": [3, 0.5, 5, 16], "texture": "#2"},
				"down": {"uv": [4.5, 0, 6.5, 15.5], "texture": "#2"}
			}
		},
		{
			"from": [10.6, 1.5, 9.75],
			"to": [12.6, 3.5, 16.5],
			"rotation": {"angle": -45, "axis": "z", "origin": [11.6, 2.5, 13.25]},
			"faces": {
				"north": {"uv": [16, 3, 12, 7], "texture": "#0"},
				"east": {"uv": [12, 15.5, 16, 1.5], "rotation": 90, "texture": "#0"},
				"south": {"uv": [15, 7.75, 11, 11.75], "texture": "#0"},
				"west": {"uv": [16, 12, 2, 16], "texture": "#0"},
				"up": {"uv": [15, 2, 11, 16], "texture": "#0"},
				"down": {"uv": [15, 0, 11, 14], "texture": "#0"}
			}
		},
		{
			"from": [3.4, 1.5, 9.75],
			"to": [5.4, 3.5, 16.5],
			"rotation": {"angle": 45, "axis": "z", "origin": [4.4, 2.5, 13.25]},
			"faces": {
				"north": {"uv": [12, 3, 16, 7], "texture": "#0"},
				"east": {"uv": [2, 12, 16, 16], "texture": "#0"},
				"south": {"uv": [11, 7.75, 15, 11.75], "texture": "#0"},
				"west": {"uv": [12, 1.5, 16, 15.5], "rotation": 90, "texture": "#0"},
				"up": {"uv": [11, 2, 15, 16], "texture": "#0"},
				"down": {"uv": [11, 0, 15, 14], "texture": "#0"}
			}
		},
		{
			"from": [10.1, 1, 10.5],
			"to": [13.1, 4, 12.25],
			"rotation": {"angle": -45, "axis": "z", "origin": [11.6, 2.5, 13.25]},
			"faces": {
				"north": {"uv": [11.5, 3.5, 5.5, 9.5], "texture": "#2"},
				"east": {"uv": [13, 5, 9.5, 11], "texture": "#2"},
				"south": {"uv": [13, 2.5, 7, 8.5], "texture": "#2"},
				"west": {"uv": [12, 9, 8.5, 15], "texture": "#2"},
				"up": {"uv": [12.5, 4.5, 6.5, 8], "texture": "#2"},
				"down": {"uv": [13.5, 5.5, 7.5, 9], "texture": "#2"}
			}
		},
		{
			"from": [2.9, 1, 10.5],
			"to": [5.9, 4, 12.25],
			"rotation": {"angle": 45, "axis": "z", "origin": [4.4, 2.5, 13.25]},
			"faces": {
				"north": {"uv": [5.5, 3.5, 11.5, 9.5], "texture": "#2"},
				"east": {"uv": [8.5, 9, 12, 15], "texture": "#2"},
				"south": {"uv": [7, 2.5, 13, 8.5], "texture": "#2"},
				"west": {"uv": [9.5, 5, 13, 11], "texture": "#2"},
				"up": {"uv": [6.5, 4.5, 12.5, 8], "texture": "#2"},
				"down": {"uv": [7.5, 5.5, 13.5, 9], "texture": "#2"}
			}
		},
		{
			"from": [10.35, 1.25, 11.75],
			"to": [12.85, 3.75, 13.75],
			"rotation": {"angle": -45, "axis": "z", "origin": [11.6, 2.5, 12.75]},
			"faces": {
				"east": {"uv": [9.75, 8.25, 5.75, 13.25], "texture": "#3"},
				"west": {"uv": [14, 5.75, 10, 10.75], "texture": "#3"},
				"up": {"uv": [13, 1.25, 8, 5.25], "texture": "#3"},
				"down": {"uv": [9.75, 6.25, 4.75, 10.25], "texture": "#3"}
			}
		},
		{
			"from": [3.15, 1.25, 11.75],
			"to": [5.65, 3.75, 13.75],
			"rotation": {"angle": 45, "axis": "z", "origin": [4.4, 2.5, 12.75]},
			"faces": {
				"east": {"uv": [10, 5.75, 14, 10.75], "texture": "#3"},
				"west": {"uv": [5.75, 8.25, 9.75, 13.25], "texture": "#3"},
				"up": {"uv": [8, 1.25, 13, 5.25], "texture": "#3"},
				"down": {"uv": [4.75, 6.25, 9.75, 10.25], "texture": "#3"}
			}
		},
		{
			"from": [2.9, 1, 13.75],
			"to": [5.9, 4, 15.5],
			"rotation": {"angle": 45, "axis": "z", "origin": [4.4, 2.5, 16.5]},
			"faces": {
				"north": {"uv": [8.5, 3.5, 14.5, 9.5], "texture": "#2"},
				"east": {"uv": [8.5, 3, 12, 9], "texture": "#2"},
				"south": {"uv": [7.5, 4, 13.5, 10], "texture": "#2"},
				"west": {"uv": [8, 8, 11.5, 14], "texture": "#2"},
				"up": {"uv": [7, 6.5, 13, 10], "texture": "#2"},
				"down": {"uv": [8, 2.5, 14, 6], "texture": "#2"}
			}
		},
		{
			"from": [10.1, 1, 13.75],
			"to": [13.1, 4, 15.5],
			"rotation": {"angle": -45, "axis": "z", "origin": [11.6, 2.5, 16.5]},
			"faces": {
				"north": {"uv": [14.5, 3.5, 8.5, 9.5], "texture": "#2"},
				"east": {"uv": [11.5, 8, 8, 14], "texture": "#2"},
				"south": {"uv": [13.5, 4, 7.5, 10], "texture": "#2"},
				"west": {"uv": [12, 3, 8.5, 9], "texture": "#2"},
				"up": {"uv": [13, 6.5, 7, 10], "texture": "#2"},
				"down": {"uv": [14, 2.5, 8, 6], "texture": "#2"}
			}
		},
		{
			"from": [8.35, 1, 14],
			"to": [10.1, 2.5, 15.25],
			"rotation": {"angle": -45, "axis": "z", "origin": [11.6, 2.5, 16.5]},
			"faces": {
				"north": {"uv": [13, 3.5, 9.5, 6.5], "texture": "#0"},
				"south": {"uv": [12.5, 5.5, 9, 8.5], "texture": "#0"},
				"up": {"uv": [8.5, 10, 5, 12.5], "texture": "#0"},
				"down": {"uv": [12.5, 10, 9, 12.5], "texture": "#0"}
			}
		},
		{
			"from": [5.9, 1, 14],
			"to": [7.65, 2.5, 15.25],
			"rotation": {"angle": 45, "axis": "z", "origin": [4.4, 2.5, 16.5]},
			"faces": {
				"north": {"uv": [9.5, 3.5, 13, 6.5], "texture": "#0"},
				"south": {"uv": [9, 5.5, 12.5, 8.5], "texture": "#0"},
				"up": {"uv": [5, 10, 8.5, 12.5], "texture": "#0"},
				"down": {"uv": [9, 10, 12.5, 12.5], "texture": "#0"}
			}
		}
	],
	"display": {
		"thirdperson_righthand": {
			"translation": [0, -3.5, 4]
		},
		"thirdperson_lefthand": {
			"translation": [0, -3.5, 4]
		},
		"firstperson_righthand": {
			"rotation": [16, 0, 0],
			"translation": [-8.75, 9.75, 6.5],
			"scale": [2, 2, 1.5]
		},
		"firstperson_lefthand": {
			"rotation": [16, 0, 0],
			"translation": [-8.75, 9.75, 6.5],
			"scale": [2, 2, 1.5]
		},
		"ground": {
			"translation": [0, 4.75, 4.25]
		},
		"gui": {
			"rotation": [55, 63, -38],
			"translation": [5, 4.25, 0]
		},
		"head": {
			"rotation": [37, 101, -42],
			"translation": [4, -16.75, 4.5],
			"scale": [1.5, 1.5, 1.5]
		},
		"fixed": {
			"rotation": [0, 90, 0],
			"translation": [7.75, 5, -2.25],
			"scale": [1.5, 1.5, 1.5]
		}
	},
	"groups": [0, 1, 2, 3, 4, 5, 6, 7, 8, 9, 10, 11, 12, 13, 14, 15, 16, 17, 18, 19, 20, 21, 22, 23, 24, 25, 26, 27, 28, 29, 30, 31, 32, 33, 34, 35, 36, 37, 38, 39, 40, 41, 42, 43, 44, 45, 46, 47, 48, 49, 50, 51, 52, 53, 54, 55, 56, 57, 58, 59, 60, 61, 62, 63, 64, 65, 66, 67, 68, 69, 70, 71, 72, 73, 74, 75, 76, 77, 78, 79, 80, 81, 82, 83, 84, 85, 86, 87, 88, 89, 90, 91, 92, 93, 94,
		{
			"name": "group",
			"origin": [4.5, 1.5, 17.25],
			"children": [95, 96, 97, 98, 99, 100, 101, 102, 103, 104, 105, 106, 107, 108]
		}
	]
}