{
	"credit": "Made by MILENARY",
	"textures": {
		"0": "block/mode2_buff_3",
		"1": "block/core_tex",
		"particle": "block/mode2_buff_3"
	},
	"elements": [
		{
			"from": [6.25, 0, 8],
			"to": [8.75, 1.5, 8.25],
			"rotation": {"angle": 0, "axis": "y", "origin": [15, 8, 16]},
			"faces": {
				"north": {"uv": [0, 0, 2.5, 1.5], "texture": "#0"},
				"east": {"uv": [0, 0, 0.25, 1.5], "texture": "#0"},
				"south": {"uv": [0, 0, 2.5, 1.5], "texture": "#0"},
				"west": {"uv": [0, 0, 0.25, 1.5], "texture": "#0"},
				"up": {"uv": [0, 0, 2.5, 0.25], "texture": "#0"},
				"down": {"uv": [0, 0, 2.5, 0.25], "texture": "#0"}
			}
		},
		{
			"from": [6, 0, 7.9],
			"to": [6.25, 1.25, 8.4],
			"faces": {
				"north": {"uv": [2.75, 2.25, 3, 3.5], "texture": "#1"},
				"east": {"uv": [2.75, 2.25, 3, 3.5], "texture": "#1"},
				"south": {"uv": [2.75, 2.25, 3, 3.5], "texture": "#1"},
				"west": {"uv": [2, 2.25, 2.5, 3.5], "texture": "#1"},
				"up": {"uv": [2.75, 2.25, 3, 3.5], "texture": "#1"},
				"down": {"uv": [2.75, 2.25, 3, 3.5], "texture": "#1"}
			}
		},
		{
			"from": [6, 0.5, 8.4],
			"to": [6.25, 1, 9.55],
			"faces": {
				"north": {"uv": [2.75, 2.25, 3, 2.75], "texture": "#1"},
				"east": {"uv": [2.75, 2.25, 3.9, 2.75], "texture": "#1"},
				"south": {"uv": [2.75, 2.25, 3, 2.75], "texture": "#1"},
				"west": {"uv": [2, 2.25, 3.15, 2.75], "texture": "#1"},
				"up": {"uv": [2.75, 2.25, 3, 3.4], "texture": "#1"},
				"down": {"uv": [2.75, 2.25, 3, 3.4], "texture": "#1"}
			}
		}
	],
	"display": {
		"head": {
			"translation": [-2.75, 12.5, -7],
			"scale": [2, 2, 2]
		}
	}
}