{
	"credit": "Made by MILENARY",
	"texture_size": [32, 32],
	"textures": {
		"5": "block/gun_8"
	},
	"elements": [
		{
			"from": [6, 4, 1.25],
			"to": [10, 8, 4.5],
			"rotation": {"angle": 0, "axis": "y", "origin": [15, 8, 5.5]},
			"faces": {
				"north": {"uv": [0.5, 13.5, 2, 15.5], "texture": "#5"},
				"east": {"uv": [0.5, 13.5, 2, 15.5], "texture": "#5"},
				"south": {"uv": [0.5, 13.5, 2, 15.5], "texture": "#5"},
				"west": {"uv": [0.5, 13.5, 2, 15.5], "texture": "#5"},
				"up": {"uv": [1, 13.65, 1.1, 13.75], "texture": "#5"},
				"down": {"uv": [1, 13.65, 1.1, 13.75], "texture": "#5"}
			}
		},
		{
			"from": [6.5, 4.25, 4.5],
			"to": [9.5, 8, 5.25],
			"rotation": {"angle": 0, "axis": "y", "origin": [15, 8, 8]},
			"faces": {
				"east": {"uv": [6, 6, 6.5, 8], "texture": "#5"},
				"south": {"uv": [5.5, 6, 7, 8], "texture": "#5"},
				"west": {"uv": [6, 6, 6.5, 8], "texture": "#5"},
				"up": {"uv": [5.5, 5, 7, 5.375], "texture": "#5"},
				"down": {"uv": [1.5, 2.1, 1.6, 2.2], "texture": "#5"}
			}
		},
		{
			"from": [7.5, 7.25, 5.25],
			"to": [8.5, 8, 11.25],
			"rotation": {"angle": 0, "axis": "y", "origin": [15, 8, 8]},
			"faces": {
				"east": {"uv": [1.5, 2.1, 1.6, 2.2], "texture": "#5"},
				"south": {"uv": [6, 7, 6.5, 7.5], "texture": "#5"},
				"west": {"uv": [1.5, 2.1, 1.6, 2.2], "texture": "#5"},
				"up": {"uv": [4.5, 6.5, 5, 9.5], "texture": "#5"}
			}
		},
		{
			"from": [6.75, 7.75, 10],
			"to": [7.5, 8, 10.75],
			"rotation": {"angle": 0, "axis": "y", "origin": [15, 8, 8]},
			"faces": {
				"north": {"uv": [6.5, 7, 7, 7], "texture": "#5"},
				"south": {"uv": [5.5, 6.5, 6, 6.5], "texture": "#5"},
				"west": {"uv": [6.5, 7.5, 7, 7.5], "texture": "#5"},
				"up": {"uv": [5.5, 6.5, 5.875, 6.875], "texture": "#5"}
			}
		},
		{
			"from": [6.5, 7.25, 10],
			"to": [6.75, 7.75, 10.75],
			"rotation": {"angle": 0, "axis": "y", "origin": [6.625, 7.625, 10.375]},
			"faces": {
				"north": {"uv": [6, 6.5, 6.5, 6.5], "rotation": 90, "texture": "#5"},
				"south": {"uv": [6, 7, 6.5, 7], "rotation": 270, "texture": "#5"},
				"west": {"uv": [6.5, 6.5, 6.75, 6.875], "rotation": 270, "texture": "#5"},
				"up": {"uv": [6.5, 7, 6.875, 7.125], "rotation": 270, "texture": "#5"}
			}
		},
		{
			"from": [9.25, 7.25, 10],
			"to": [9.5, 7.75, 10.75],
			"rotation": {"angle": 0, "axis": "y", "origin": [9.375, 7.625, 10.375]},
			"faces": {
				"north": {"uv": [6.5, 7, 7, 7], "rotation": 90, "texture": "#5"},
				"east": {"uv": [5.5, 6.5, 6, 7], "rotation": 270, "texture": "#5"},
				"south": {"uv": [6, 7, 6.25, 7.125], "rotation": 270, "texture": "#5"},
				"up": {"uv": [6, 6.5, 6.375, 6.625], "rotation": 270, "texture": "#5"}
			}
		},
		{
			"from": [8.5, 7.75, 10],
			"to": [9.25, 8, 10.75],
			"rotation": {"angle": 0, "axis": "y", "origin": [17, 8, 8]},
			"faces": {
				"north": {"uv": [5.5, 7, 6, 7], "texture": "#5"},
				"east": {"uv": [6, 7, 6.5, 7], "texture": "#5"},
				"south": {"uv": [6, 6.5, 6.5, 6.5], "texture": "#5"},
				"up": {"uv": [6.5, 6.5, 6.875, 6.875], "texture": "#5"}
			}
		},
		{
			"from": [7.5, 6.75, 11.25],
			"to": [8.5, 7.5, 11.75],
			"rotation": {"angle": 0, "axis": "y", "origin": [15, 8, 8]},
			"faces": {
				"east": {"uv": [1.5, 2.1, 1.6, 2.2], "texture": "#5"},
				"south": {"uv": [1.5, 2.1, 1.6, 2.2], "texture": "#5"},
				"west": {"uv": [1.5, 2.1, 1.6, 2.2], "texture": "#5"},
				"up": {"uv": [1.5, 2.1, 1.6, 2.2], "texture": "#5"}
			}
		},
		{
			"from": [6.25, 5.25, 4.5],
			"to": [6.5, 6.75, 5.25],
			"rotation": {"angle": 0, "axis": "y", "origin": [15, 8, 8]},
			"faces": {
				"south": {"uv": [4, 5, 4.375, 5.75], "texture": "#5"},
				"west": {"uv": [4, 5, 4.375, 5.75], "texture": "#5"}
			}
		},
		{
			"from": [9.5, 5.25, 4.5],
			"to": [9.75, 6.75, 5.25],
			"shade": false,
			"rotation": {"angle": 0, "axis": "y", "origin": [1, 8, 8]},
			"faces": {
				"east": {"uv": [1.5, 2.1, 1.6, 2.2], "texture": "#5"},
				"south": {"uv": [1.5, 2.1, 1.6, 2.2], "texture": "#5"}
			}
		},
		{
			"from": [6.75, 4.5, 5.25],
			"to": [9.25, 7.75, 11],
			"rotation": {"angle": 0, "axis": "y", "origin": [15, 8, 8]},
			"faces": {
				"east": {"uv": [4.5, 10, 7.375, 11.625], "texture": "#5"},
				"south": {"uv": [5.5, 10, 7.125, 11.25], "rotation": 90, "texture": "#5"},
				"west": {"uv": [4.5, 10, 7.375, 11.625], "texture": "#5"},
				"up": {"uv": [7.375, 11.25, 4.5, 10], "rotation": 90, "texture": "#5"},
				"down": {"uv": [7.5, 10, 4.5, 11.5], "rotation": 90, "texture": "#5"}
			}
		},
		{
			"from": [6.75, 4.75, 11],
			"to": [9.25, 7.25, 11.5],
			"rotation": {"angle": 0, "axis": "y", "origin": [15, 8, 8]},
			"faces": {
				"east": {"uv": [5, 10, 5.25, 11.25], "texture": "#5"},
				"south": {"uv": [5, 10, 6.25, 11.25], "texture": "#5"},
				"west": {"uv": [5, 10, 5.25, 11.25], "texture": "#5"},
				"up": {"uv": [7, 11, 5.5, 11.5], "texture": "#5"},
				"down": {"uv": [6.5, 11, 5, 11.5], "texture": "#5"}
			}
		},
		{
			"from": [7.25, 5, 11.5],
			"to": [8.75, 6.75, 12.25],
			"shade": false,
			"rotation": {"angle": 0, "axis": "y", "origin": [15, 8.25, 8]},
			"faces": {
				"east": {"uv": [1.5, 2.1, 1.6, 2.2], "texture": "#5"},
				"south": {"uv": [1.5, 2.1, 1.6, 2.2], "texture": "#5"},
				"west": {"uv": [1.5, 2.1, 1.6, 2.2], "texture": "#5"},
				"up": {"uv": [1.5, 2.1, 1.6, 2.2], "texture": "#5"},
				"down": {"uv": [1.5, 2.1, 1.6, 2.2], "texture": "#5"}
			}
		},
		{
			"from": [5.75, 3.9, 0.25],
			"to": [10, 8.15, 1],
			"rotation": {"angle": 0, "axis": "y", "origin": [15, 8.4, 8.75]},
			"faces": {
				"east": {"uv": [1.5, 2.1, 1.6, 2.2], "texture": "#5"},
				"south": {"uv": [1.5, 2.1, 1.6, 2.2], "texture": "#5"},
				"west": {"uv": [1.5, 2.1, 1.6, 2.2], "texture": "#5"},
				"up": {"uv": [1.5, 2.1, 1.6, 2.2], "texture": "#5"},
				"down": {"uv": [1.5, 2.1, 1.6, 2.2], "texture": "#5"}
			}
		},
		{
			"from": [5.25, 4.65, 0.25],
			"to": [5.75, 7.4, 1],
			"rotation": {"angle": 0, "axis": "y", "origin": [10.25, 8.4, 8.75]},
			"faces": {
				"south": {"uv": [1.5, 2.1, 1.6, 2.2], "texture": "#5"},
				"west": {"uv": [1.5, 2.1, 1.6, 2.2], "texture": "#5"},
				"up": {"uv": [1.5, 2.1, 1.6, 2.2], "texture": "#5"},
				"down": {"uv": [1.5, 2.1, 1.6, 2.2], "texture": "#5"}
			}
		},
		{
			"from": [10, 4.65, 0.25],
			"to": [10.5, 7.4, 1],
			"rotation": {"angle": 0, "axis": "y", "origin": [15, 8.4, 8.75]},
			"faces": {
				"east": {"uv": [1.5, 2.1, 1.6, 2.2], "texture": "#5"},
				"south": {"uv": [1.5, 2.1, 1.6, 2.2], "texture": "#5"},
				"up": {"uv": [1.5, 2.1, 1.6, 2.2], "texture": "#5"},
				"down": {"uv": [1.5, 2.1, 1.6, 2.2], "texture": "#5"}
			}
		},
		{
			"from": [6.5, 8.15, 0.25],
			"to": [9.25, 8.65, 1],
			"rotation": {"angle": 0, "axis": "y", "origin": [15, 8.4, 8.75]},
			"faces": {
				"east": {"uv": [1.5, 2.1, 1.6, 2.2], "texture": "#5"},
				"south": {"uv": [1.5, 2.1, 1.6, 2.2], "texture": "#5"},
				"west": {"uv": [1.5, 2.1, 1.6, 2.2], "texture": "#5"},
				"up": {"uv": [1.5, 2.1, 1.6, 2.2], "texture": "#5"}
			}
		},
		{
			"from": [6.5, 3.4, 0.25],
			"to": [9.25, 3.9, 1],
			"rotation": {"angle": 0, "axis": "y", "origin": [15, 3.65, 8.75]},
			"faces": {
				"east": {"uv": [1.5, 2.1, 1.6, 2.2], "texture": "#5"},
				"south": {"uv": [1.5, 2.1, 1.6, 2.2], "texture": "#5"},
				"west": {"uv": [1.5, 2.1, 1.6, 2.2], "texture": "#5"},
				"down": {"uv": [1.5, 2.1, 1.6, 2.2], "texture": "#5"}
			}
		},
		{
			"from": [4.25, 3.9, -0.75],
			"to": [4.75, 8.15, -0.25],
			"rotation": {"angle": 0, "axis": "y", "origin": [8, 8.65, 6.25]},
			"faces": {
				"south": {"uv": [2, 10, 2.25, 12.125], "texture": "#5"},
				"west": {"uv": [1.5, 10, 1.75, 12.125], "texture": "#5"},
				"up": {"uv": [1, 11, 1.25, 11.25], "texture": "#5"},
				"down": {"uv": [1.5, 11, 1.75, 11.25], "texture": "#5"}
			}
		},
		{
			"from": [11, 3.9, -0.75],
			"to": [11.5, 8.15, -0.25],
			"rotation": {"angle": 0, "axis": "y", "origin": [7.75, 8.65, 6.25]},
			"faces": {
				"east": {"uv": [2, 10, 2.25, 12.125], "texture": "#5"},
				"south": {"uv": [1.5, 10, 1.75, 12.125], "texture": "#5"},
				"up": {"uv": [2, 10.5, 2.5, 11], "texture": "#5"},
				"down": {"uv": [1.5, 10.5, 2, 11], "texture": "#5"}
			}
		},
		{
			"from": [5.75, 9.15, -0.75],
			"to": [10, 9.65, -0.25],
			"rotation": {"angle": 0, "axis": "y", "origin": [6, 13.15, 6.25]},
			"faces": {
				"east": {"uv": [1.5, 10.5, 1.75, 10.75], "rotation": 270, "texture": "#5"},
				"south": {"uv": [2, 10, 2.25, 12.125], "rotation": 270, "texture": "#5"},
				"west": {"uv": [2.5, 10.5, 2.75, 10.75], "rotation": 270, "texture": "#5"},
				"up": {"uv": [1, 10, 1.25, 12.125], "rotation": 270, "texture": "#5"}
			}
		},
		{
			"from": [5.75, 2.4, -0.75],
			"to": [10, 2.9, -0.25],
			"rotation": {"angle": 0, "axis": "y", "origin": [6, 6.4, 6.25]},
			"faces": {
				"east": {"uv": [2, 10.5, 2.25, 10.75], "rotation": 270, "texture": "#5"},
				"south": {"uv": [1, 10.5, 1.25, 12.625], "rotation": 270, "texture": "#5"},
				"west": {"uv": [2, 10.5, 2.25, 10.75], "rotation": 270, "texture": "#5"},
				"down": {"uv": [2.5, 10, 2.75, 12.125], "rotation": 270, "texture": "#5"}
			}
		},
		{
			"from": [4.75, 2.9, -0.75],
			"to": [11, 9.15, -0.25],
			"rotation": {"angle": 0, "axis": "y", "origin": [15, 8.4, 6.25]},
			"faces": {
				"north": {"uv": [0.5, 5.5, 3.7, 8.7], "texture": "#5"},
				"east": {"uv": [1.5, 9.5, 1.75, 12.625], "texture": "#5"},
				"south": {"uv": [0.5, 9.5, 3.5, 12.5], "texture": "#5"},
				"west": {"uv": [2, 9.5, 2.25, 12.625], "texture": "#5"},
				"up": {"uv": [0.5, 10.5, 3.625, 10.75], "texture": "#5"},
				"down": {"uv": [0.5, 11.5, 3.625, 11.75], "texture": "#5"}
			}
		},
		{
			"from": [5.25, 3.4, -0.25],
			"to": [10.5, 8.65, 0.25],
			"rotation": {"angle": 0, "axis": "y", "origin": [15, 8.4, 6.25]},
			"faces": {
				"east": {"uv": [0.6, 4.6, 0.7, 4.7], "texture": "#5"},
				"south": {"uv": [0.6, 4.6, 0.7, 4.7], "texture": "#5"},
				"west": {"uv": [0.6, 4.6, 0.7, 4.7], "texture": "#5"},
				"up": {"uv": [0.6, 4.6, 0.7, 4.7], "texture": "#5"},
				"down": {"uv": [0.6, 4.6, 0.7, 4.7], "texture": "#5"}
			}
		},
		{
			"from": [4.75, 4.4, -0.25],
			"to": [5.25, 7.65, 0.25],
			"rotation": {"angle": 0, "axis": "y", "origin": [15, 8.4, 6.25]},
			"faces": {
				"south": {"uv": [0.6, 4.6, 0.7, 4.7], "texture": "#5"},
				"west": {"uv": [0.6, 4.6, 0.7, 4.7], "texture": "#5"},
				"up": {"uv": [0.6, 4.6, 0.7, 4.7], "texture": "#5"},
				"down": {"uv": [0.6, 4.6, 0.7, 4.7], "texture": "#5"}
			}
		},
		{
			"from": [10.5, 4.4, -0.25],
			"to": [11, 7.65, 0.25],
			"rotation": {"angle": 0, "axis": "y", "origin": [20.75, 8.4, 6.25]},
			"faces": {
				"east": {"uv": [0.6, 4.6, 0.7, 4.7], "texture": "#5"},
				"south": {"uv": [0.6, 4.6, 0.7, 4.7], "texture": "#5"},
				"up": {"uv": [0.6, 4.6, 0.7, 4.7], "texture": "#5"},
				"down": {"uv": [0.6, 4.6, 0.7, 4.7], "texture": "#5"}
			}
		},
		{
			"from": [6.25, 8.65, -0.25],
			"to": [9.5, 9.15, 0.25],
			"rotation": {"angle": 0, "axis": "y", "origin": [15, 8.4, 6.25]},
			"faces": {
				"east": {"uv": [0.6, 4.6, 0.7, 4.7], "texture": "#5"},
				"south": {"uv": [0.6, 4.6, 0.7, 4.7], "texture": "#5"},
				"west": {"uv": [0.6, 4.6, 0.7, 4.7], "texture": "#5"},
				"up": {"uv": [0.6, 4.6, 0.7, 4.7], "texture": "#5"}
			}
		},
		{
			"from": [6.25, 2.9, -0.25],
			"to": [9.5, 3.4, 0.25],
			"rotation": {"angle": 0, "axis": "y", "origin": [15, 2.65, 6.25]},
			"faces": {
				"east": {"uv": [0.6, 4.6, 0.7, 4.7], "texture": "#5"},
				"south": {"uv": [0.6, 4.6, 0.7, 4.7], "texture": "#5"},
				"west": {"uv": [0.6, 4.6, 0.7, 4.7], "texture": "#5"},
				"down": {"uv": [0.6, 4.6, 0.7, 4.7], "texture": "#5"}
			}
		},
		{
			"from": [5.25, 8.65, -1.75],
			"to": [10.5, 10.15, -0.75],
			"shade": false,
			"rotation": {"angle": 0, "axis": "y", "origin": [15, 8.4, 5.25]},
			"faces": {
				"north": {"uv": [0.5, 0.5, 3, 1.25], "texture": "#5"},
				"east": {"uv": [2, 0.5, 1, 1], "rotation": 90, "texture": "#5"},
				"south": {"uv": [0.5, 4.5, 1, 5], "texture": "#5"},
				"west": {"uv": [2, 0.5, 1, 1], "rotation": 270, "texture": "#5"},
				"up": {"uv": [1.5, 0.5, 2, 1], "texture": "#5"},
				"down": {"uv": [0.5, 4.5, 1, 5], "texture": "#5"}
			}
		},
		{
			"from": [5.25, 1.9, -1.75],
			"to": [10.5, 3.4, -0.75],
			"shade": false,
			"rotation": {"angle": 0, "axis": "y", "origin": [15, 1.65, 5.25]},
			"faces": {
				"north": {"uv": [0.5, 0.5, 3, 1.25], "rotation": 180, "texture": "#5"},
				"east": {"uv": [2, 0.5, 1, 1], "rotation": 90, "texture": "#5"},
				"south": {"uv": [0.5, 4.5, 1, 5], "texture": "#5"},
				"west": {"uv": [2, 0.5, 1, 1], "rotation": 270, "texture": "#5"},
				"up": {"uv": [0.5, 4.5, 1, 5], "texture": "#5"},
				"down": {"uv": [1.5, 0.5, 2, 1], "rotation": 180, "texture": "#5"}
			}
		},
		{
			"from": [4.25, 8.65, -1.75],
			"to": [5.25, 9.65, -0.75],
			"rotation": {"angle": 0, "axis": "y", "origin": [14.75, 8.4, 5.25]},
			"faces": {
				"north": {"uv": [0.5, 3.5, 1, 4], "texture": "#5"},
				"south": {"uv": [0.5, 4.5, 1, 5], "texture": "#5"},
				"west": {"uv": [2, 0.5, 1, 1], "rotation": 270, "texture": "#5"},
				"up": {"uv": [1.5, 0.5, 2, 1], "texture": "#5"}
			}
		},
		{
			"from": [10.5, 8.65, -1.75],
			"to": [11.5, 9.65, -0.75],
			"rotation": {"angle": 0, "axis": "y", "origin": [1, 8.4, 5.25]},
			"faces": {
				"north": {"uv": [1, 3.5, 0.5, 4], "texture": "#5"},
				"east": {"uv": [2, 0.5, 1, 1], "rotation": 90, "texture": "#5"},
				"south": {"uv": [1, 4.5, 0.5, 5], "texture": "#5"},
				"up": {"uv": [1.5, 0.5, 2, 1], "texture": "#5"}
			}
		},
		{
			"from": [5.25, 7.65, -1.75],
			"to": [6.25, 8.65, -0.75],
			"shade": false,
			"rotation": {"angle": 0, "axis": "y", "origin": [15.75, 7.4, 5.25]},
			"faces": {
				"north": {"uv": [0.6, 4.6, 0.7, 4.7], "texture": "#5"},
				"east": {"uv": [0.6, 4.6, 0.7, 4.7], "texture": "#5"},
				"down": {"uv": [0.6, 4.6, 0.7, 4.7], "texture": "#5"}
			}
		},
		{
			"from": [9.5, 7.65, -1.75],
			"to": [10.5, 8.65, -0.75],
			"shade": false,
			"rotation": {"angle": 0, "axis": "y", "origin": [20, 7.4, 5.25]},
			"faces": {
				"north": {"uv": [0.6, 4.6, 0.7, 4.7], "texture": "#5"},
				"west": {"uv": [0.6, 4.6, 0.7, 4.7], "texture": "#5"},
				"down": {"uv": [0.6, 4.6, 0.7, 4.7], "texture": "#5"}
			}
		},
		{
			"from": [5.25, 3.4, -1.75],
			"to": [6.25, 4.4, -0.75],
			"rotation": {"angle": 0, "axis": "y", "origin": [15.75, 3.15, 5.25]},
			"faces": {
				"north": {"uv": [0.6, 4.6, 0.7, 4.7], "texture": "#5"},
				"east": {"uv": [0.6, 4.6, 0.7, 4.7], "texture": "#5"},
				"up": {"uv": [0.6, 4.6, 0.7, 4.7], "texture": "#5"}
			}
		},
		{
			"from": [9.5, 3.4, -1.75],
			"to": [10.5, 4.4, -0.75],
			"rotation": {"angle": 0, "axis": "y", "origin": [20, 3.15, 5.25]},
			"faces": {
				"north": {"uv": [0.6, 4.6, 0.7, 4.7], "texture": "#5"},
				"west": {"uv": [0.6, 4.6, 0.7, 4.7], "texture": "#5"},
				"up": {"uv": [0.6, 4.6, 0.7, 4.7], "texture": "#5"}
			}
		},
		{
			"from": [4.25, 2.4, -1.75],
			"to": [5.25, 3.4, -0.75],
			"rotation": {"angle": 0, "axis": "y", "origin": [15, 2.65, 5.25]},
			"faces": {
				"north": {"uv": [0.5, 3.5, 1, 4], "rotation": 90, "texture": "#5"},
				"south": {"uv": [0.5, 4.5, 1, 5], "texture": "#5"},
				"west": {"uv": [2, 0.5, 1, 1], "rotation": 270, "texture": "#5"},
				"down": {"uv": [1.5, 0.5, 2, 1], "rotation": 180, "texture": "#5"}
			}
		},
		{
			"from": [10.5, 2.4, -1.75],
			"to": [11.5, 3.4, -0.75],
			"rotation": {"angle": 0, "axis": "y", "origin": [0.75, 2.65, 5.25]},
			"faces": {
				"north": {"uv": [0.5, 4, 1, 3.5], "rotation": 90, "texture": "#5"},
				"east": {"uv": [2, 0.5, 1, 1], "rotation": 90, "texture": "#5"},
				"south": {"uv": [0.5, 4.5, 1, 5], "texture": "#5"},
				"down": {"uv": [1.5, 0.5, 2, 1], "rotation": 180, "texture": "#5"}
			}
		},
		{
			"from": [3.75, 3.4, -1.75],
			"to": [5.25, 8.65, -0.75],
			"shade": false,
			"rotation": {"angle": 0, "axis": "y", "origin": [14.75, 8.4, 5.25]},
			"faces": {
				"north": {"uv": [0.5, 2, 2.75, 2.75], "rotation": 90, "texture": "#5"},
				"east": {"uv": [0.5, 4.5, 1, 5], "texture": "#5"},
				"south": {"uv": [0.5, 4.5, 1, 5], "texture": "#5"},
				"west": {"uv": [2, 0.5, 1, 1], "rotation": 270, "texture": "#5"},
				"up": {"uv": [1.5, 0.5, 2, 1], "texture": "#5"},
				"down": {"uv": [1.5, 0.5, 2, 1], "rotation": 180, "texture": "#5"}
			}
		},
		{
			"from": [10.5, 3.4, -1.75],
			"to": [12, 8.65, -0.75],
			"shade": false,
			"rotation": {"angle": 0, "axis": "y", "origin": [1, 8.4, 5.25]},
			"faces": {
				"north": {"uv": [0.5, 2.75, 2.75, 2], "rotation": 90, "texture": "#5"},
				"east": {"uv": [2, 0.5, 1, 1], "rotation": 90, "texture": "#5"},
				"south": {"uv": [0.5, 4.5, 1, 5], "texture": "#5"},
				"west": {"uv": [1, 4.5, 0.5, 5], "texture": "#5"},
				"up": {"uv": [1.5, 0.5, 2, 1], "texture": "#5"},
				"down": {"uv": [1.5, 0.5, 2, 1], "rotation": 180, "texture": "#5"}
			}
		},
		{
			"from": [5.5, 4.25, 1.75],
			"to": [6, 7.75, 4.25],
			"rotation": {"angle": 0, "axis": "y", "origin": [14.5, 8, 5.5]},
			"faces": {
				"north": {"uv": [1.5, 2.1, 1.6, 2.2], "texture": "#5"},
				"south": {"uv": [1.5, 2.1, 1.6, 2.2], "texture": "#5"},
				"west": {"uv": [1.5, 3.5, 3, 5.5], "texture": "#5"},
				"up": {"uv": [1.5, 2.1, 1.6, 2.2], "texture": "#5"},
				"down": {"uv": [1.5, 2.1, 1.6, 2.2], "texture": "#5"}
			}
		},
		{
			"from": [6.25, 4.75, 4.5],
			"to": [6.75, 5.25, 10.75],
			"rotation": {"angle": 0, "axis": "y", "origin": [14.5, 6, 10.75]},
			"faces": {
				"south": {"uv": [1.5, 2.1, 1.6, 2.2], "texture": "#5"},
				"west": {"uv": [4, 4.5, 7.125, 4.75], "texture": "#5"},
				"up": {"uv": [4, 4.5, 7.125, 4.75], "rotation": 90, "texture": "#5"},
				"down": {"uv": [4, 4.5, 7.125, 4.75], "rotation": 90, "texture": "#5"}
			}
		},
		{
			"from": [9.25, 4.75, 4.5],
			"to": [9.75, 5.25, 10.75],
			"shade": false,
			"rotation": {"angle": 0, "axis": "y", "origin": [1.5, 6, 10.75]},
			"faces": {
				"east": {"uv": [4, 4.5, 7.125, 4.75], "texture": "#5"},
				"south": {"uv": [1.5, 2.1, 1.6, 2.2], "texture": "#5"},
				"up": {"uv": [1.5, 2.1, 1.6, 2.2], "texture": "#5"},
				"down": {"uv": [4, 4.5, 7.125, 4.75], "rotation": 90, "texture": "#5"}
			}
		},
		{
			"from": [6.25, 5, 10.75],
			"to": [6.75, 7, 11.25],
			"rotation": {"angle": 0, "axis": "y", "origin": [14.5, 6, 10.75]},
			"faces": {
				"north": {"uv": [4, 4.5, 7.125, 4.75], "rotation": 90, "texture": "#5"},
				"south": {"uv": [4, 4.5, 5, 4.75], "rotation": 90, "texture": "#5"},
				"west": {"uv": [4, 4.5, 5, 4.75], "rotation": 90, "texture": "#5"},
				"up": {"uv": [1.5, 2.1, 1.6, 2.2], "texture": "#5"},
				"down": {"uv": [1.5, 2.1, 1.6, 2.2], "texture": "#5"}
			}
		},
		{
			"from": [9.25, 5, 10.75],
			"to": [9.75, 7, 11.25],
			"shade": false,
			"rotation": {"angle": 0, "axis": "y", "origin": [1.5, 6, 10.75]},
			"faces": {
				"north": {"uv": [1.5, 2.1, 1.6, 2.2], "texture": "#5"},
				"east": {"uv": [4, 4.5, 5, 4.75], "rotation": 90, "texture": "#5"},
				"south": {"uv": [4, 4.5, 5, 4.75], "rotation": 90, "texture": "#5"},
				"up": {"uv": [1.5, 2.1, 1.6, 2.2], "texture": "#5"},
				"down": {"uv": [1.5, 2.1, 1.6, 2.2], "texture": "#5"}
			}
		},
		{
			"from": [6.25, 6.75, 4.5],
			"to": [6.75, 7.25, 10.75],
			"rotation": {"angle": 0, "axis": "y", "origin": [14.5, 8, 10.75]},
			"faces": {
				"south": {"uv": [1.5, 2.1, 1.6, 2.2], "texture": "#5"},
				"west": {"uv": [4, 4.5, 7.125, 4.75], "texture": "#5"},
				"up": {"uv": [4, 4.5, 7.125, 4.75], "rotation": 90, "texture": "#5"},
				"down": {"uv": [4, 4.5, 7.125, 4.75], "rotation": 90, "texture": "#5"}
			}
		},
		{
			"from": [9.25, 6.75, 4.5],
			"to": [9.75, 7.25, 10.75],
			"shade": false,
			"rotation": {"angle": 0, "axis": "y", "origin": [1.5, 8, 10.75]},
			"faces": {
				"east": {"uv": [4, 4.5, 7.125, 4.75], "texture": "#5"},
				"south": {"uv": [1.5, 2.1, 1.6, 2.2], "texture": "#5"},
				"up": {"uv": [4, 4.5, 7.125, 4.75], "rotation": 90, "texture": "#5"},
				"down": {"uv": [1.5, 2.1, 1.6, 2.2], "texture": "#5"}
			}
		},
		{
			"from": [6.5, 5.25, 5.25],
			"to": [6.75, 6.75, 10.75],
			"rotation": {"angle": 0, "axis": "y", "origin": [14.5, 8, 10.75]},
			"faces": {
				"west": {"uv": [3.5, 3, 6.5, 4], "texture": "#5"}
			}
		},
		{
			"from": [9.25, 5.25, 5.25],
			"to": [9.5, 6.75, 10.75],
			"shade": false,
			"rotation": {"angle": 0, "axis": "y", "origin": [1.5, 8, 10.75]},
			"faces": {
				"east": {"uv": [3.5, 3, 6.5, 4], "texture": "#5"}
			}
		},
		{
			"from": [5.25, 4.75, 2.25],
			"to": [5.5, 7.25, 3.75],
			"rotation": {"angle": 0, "axis": "y", "origin": [14.5, 8, 8.25]},
			"faces": {
				"north": {"uv": [6.5, 0.5, 6.6, 0.6], "rotation": 90, "texture": "#5"},
				"south": {"uv": [7.35, 0.5, 7.45, 0.6], "rotation": 90, "texture": "#5"},
				"west": {"uv": [6.5, 0, 7.5, 1.5], "texture": "#5"},
				"up": {"uv": [6.5, 0, 7.5, 0.1], "rotation": 90, "texture": "#5"},
				"down": {"uv": [6.5, 0, 7.5, 0.1], "rotation": 270, "texture": "#5"}
			}
		},
		{
			"from": [10.5, 4.75, 2.25],
			"to": [10.75, 7.25, 3.75],
			"rotation": {"angle": 0, "axis": "y", "origin": [1.5, 8, 8.25]},
			"faces": {
				"north": {"uv": [6.5, 0.6, 6.6, 0.5], "rotation": 90, "texture": "#5"},
				"east": {"uv": [7.5, 0, 6.5, 1.5], "texture": "#5"},
				"south": {"uv": [7.35, 0.6, 7.45, 0.5], "rotation": 90, "texture": "#5"},
				"up": {"uv": [6.5, 0.1, 7.5, 0], "rotation": 90, "texture": "#5"},
				"down": {"uv": [6.5, 0.1, 7.5, 0], "rotation": 270, "texture": "#5"}
			}
		},
		{
			"from": [6.2, 4.15, 1],
			"to": [9.75, 7.9, 1.25],
			"rotation": {"angle": 0, "axis": "y", "origin": [15, 8.4, 2.75]},
			"faces": {
				"east": {"uv": [1.5, 2.1, 1.6, 2.2], "texture": "#5"},
				"west": {"uv": [1.5, 2.1, 1.6, 2.2], "texture": "#5"},
				"up": {"uv": [1.5, 2.1, 1.6, 2.2], "texture": "#5"},
				"down": {"uv": [1.5, 2.1, 1.6, 2.2], "texture": "#5"}
			}
		},
		{
			"from": [10, 4.25, 1.75],
			"to": [10.5, 7.75, 4.25],
			"rotation": {"angle": 0, "axis": "y", "origin": [19, 8, 5.5]},
			"faces": {
				"north": {"uv": [1.5, 2.1, 1.6, 2.2], "texture": "#5"},
				"east": {"uv": [1.5, 3.5, 3, 5.5], "texture": "#5"},
				"south": {"uv": [1.5, 2.1, 1.6, 2.2], "texture": "#5"},
				"up": {"uv": [1.5, 2.1, 1.6, 2.2], "texture": "#5"},
				"down": {"uv": [1.5, 2.1, 1.6, 2.2], "texture": "#5"}
			}
		},
		{
			"from": [6.25, 8, 1.5],
			"to": [9.75, 8.25, 4.25],
			"rotation": {"angle": 0, "axis": "y", "origin": [15, 11.75, 5.5]},
			"faces": {
				"north": {"uv": [1.5, 2.1, 1.6, 2.2], "texture": "#5"},
				"east": {"uv": [1.5, 2.1, 1.6, 2.2], "texture": "#5"},
				"south": {"uv": [1.5, 2.1, 1.6, 2.2], "texture": "#5"},
				"west": {"uv": [1.5, 2.1, 1.6, 2.2], "texture": "#5"},
				"up": {"uv": [6, 1.5, 4, 0], "texture": "#5"}
			}
		},
		{
			"from": [7.65, 5.5, 12.25],
			"to": [8.4, 6.25, 13],
			"rotation": {"angle": 0, "axis": "y", "origin": [14.9, 11.5, 16]},
			"faces": {
				"east": {"uv": [6, 7, 6.5, 7.5], "texture": "#5"},
				"south": {"uv": [6, 6.5, 6.375, 6.875], "texture": "#5"},
				"west": {"uv": [6, 7, 6.5, 7.5], "texture": "#5"},
				"up": {"uv": [6, 6.5, 6.5, 7], "texture": "#5"},
				"down": {"uv": [6, 7, 6.5, 7.5], "texture": "#5"}
			}
		},
		{
			"from": [7.9, 5.5, 13],
			"to": [10.15, 6.25, 13.75],
			"rotation": {"angle": 0, "axis": "y", "origin": [14.9, 11.5, 16]},
			"faces": {
				"north": {"uv": [9.5, 1, 10, 2], "rotation": 90, "texture": "#5"},
				"south": {"uv": [9.5, 0.5, 10, 1.5], "rotation": 90, "texture": "#5"},
				"west": {"uv": [10, 6.5, 10.5, 7], "rotation": 90, "texture": "#5"},
				"up": {"uv": [9.5, 1, 10, 2], "rotation": 90, "texture": "#5"},
				"down": {"uv": [9.5, 1, 10, 2], "rotation": 90, "texture": "#5"}
			}
		},
		{
			"from": [10.15, 5.5, 9.75],
			"to": [10.9, 6.25, 13.75],
			"rotation": {"angle": 0, "axis": "y", "origin": [17.15, 11.5, 16]},
			"faces": {
				"east": {"uv": [9.5, 1, 10, 3], "rotation": 90, "texture": "#5"},
				"south": {"uv": [9.5, 1.5, 10, 2], "rotation": 90, "texture": "#5"},
				"west": {"uv": [9.5, 0, 10, 2], "rotation": 90, "texture": "#5"},
				"up": {"uv": [10, 8.5, 10.5, 6.5], "texture": "#5"},
				"down": {"uv": [11, 6.5, 11.5, 8.5], "rotation": 180, "texture": "#5"}
			}
		},
		{
			"from": [10.15, 5.5, 9],
			"to": [11.65, 6.25, 9.75],
			"rotation": {"angle": 0, "axis": "y", "origin": [17.15, 11.5, 16]},
			"faces": {
				"north": {"uv": [9.5, 1.5, 10, 2.5], "rotation": 90, "texture": "#5"},
				"east": {"uv": [9.5, 2, 10, 2.5], "rotation": 90, "texture": "#5"},
				"south": {"uv": [9.5, 0.5, 10, 1.5], "rotation": 90, "texture": "#5"},
				"west": {"uv": [9.5, 1, 10, 1.5], "rotation": 90, "texture": "#5"},
				"up": {"uv": [9.5, 5, 10, 6], "rotation": 90, "texture": "#5"},
				"down": {"uv": [9.5, 6, 10, 5], "rotation": 90, "texture": "#5"}
			}
		},
		{
			"from": [10.9, 5.5, 2.5],
			"to": [11.65, 6.25, 9],
			"rotation": {"angle": 0, "axis": "y", "origin": [17.65, 11.5, 11.75]},
			"faces": {
				"north": {"uv": [9.5, 5, 10, 5.5], "rotation": 180, "texture": "#5"},
				"east": {"uv": [9.5, 0, 10, 3.5], "rotation": 90, "texture": "#5"},
				"west": {"uv": [9.5, 0, 10, 3.5], "rotation": 90, "texture": "#5"},
				"up": {"uv": [9.5, 0, 10, 3.5], "texture": "#5"},
				"down": {"uv": [9.5, 0, 10, 3.5], "rotation": 180, "texture": "#5"}
			}
		},
		{
			"from": [10.65, 5.25, 2.4],
			"to": [10.9, 6.5, 3.65],
			"rotation": {"angle": 0, "axis": "y", "origin": [17.65, 11.5, 9.4]},
			"faces": {
				"north": {"uv": [1.5, 2.1, 1.6, 2.2], "texture": "#5"},
				"east": {"uv": [1.5, 2.1, 1.6, 2.2], "texture": "#5"},
				"south": {"uv": [1.5, 2.1, 1.6, 2.2], "texture": "#5"},
				"up": {"uv": [1.5, 2.1, 1.6, 2.2], "texture": "#5"},
				"down": {"uv": [1.5, 2.1, 1.6, 2.2], "texture": "#5"}
			}
		},
		{
			"from": [7.4, 5.25, 12.25],
			"to": [8.65, 6.5, 12.5],
			"shade": false,
			"rotation": {"angle": 0, "axis": "y", "origin": [14.9, 11.5, 16]},
			"faces": {
				"east": {"uv": [2, 4, 2, 4], "texture": "#5"},
				"south": {"uv": [2, 4, 2, 4], "texture": "#5"},
				"west": {"uv": [2, 4, 2, 4], "texture": "#5"},
				"up": {"uv": [2, 4, 2, 4], "texture": "#5"},
				"down": {"uv": [2, 4, 2, 4], "texture": "#5"}
			}
		},
		{
			"from": [6.25, 3.5, 1.5],
			"to": [9.75, 4, 4.25],
			"rotation": {"angle": 0, "axis": "y", "origin": [15, 7.5, 5.25]},
			"faces": {
				"north": {"uv": [1.5, 3.5, 3, 4], "rotation": 180, "texture": "#5"},
				"east": {"uv": [1.5, 3.5, 3, 4], "rotation": 180, "texture": "#5"},
				"south": {"uv": [1.5, 3.5, 3, 4], "rotation": 180, "texture": "#5"},
				"west": {"uv": [1.5, 3.5, 3, 4], "rotation": 180, "texture": "#5"},
				"down": {"uv": [5.5, 6.5, 7, 8], "texture": "#5"}
			}
		},
		{
			"from": [7.55, -1.25, 6.75],
			"to": [8.45, 4.5, 8.25],
			"shade": false,
			"rotation": {"angle": -22.5, "axis": "x", "origin": [15, 7.25, 6.25]},
			"faces": {
				"north": {"uv": [6, 6.5, 6.5, 7.5], "texture": "#5"},
				"east": {"uv": [8, 2.5, 9, 5.5], "texture": "#5"},
				"south": {"uv": [6, 6.5, 6.5, 7.5], "texture": "#5"},
				"west": {"uv": [8, 2.5, 9, 5.5], "texture": "#5"},
				"down": {"uv": [6, 6.5, 6.5, 7.5], "texture": "#5"}
			}
		},
		{
			"from": [7.5, 3, 9.5],
			"to": [8.5, 4.5, 10.5],
			"rotation": {"angle": 0, "axis": "y", "origin": [15, 7.25, 9]},
			"faces": {
				"north": {"uv": [4.5, 6, 5, 6.5], "texture": "#5"},
				"east": {"uv": [2, 3.5, 2.5, 4.5], "texture": "#5"},
				"south": {"uv": [2, 3.5, 2.5, 4.5], "texture": "#5"},
				"west": {"uv": [2, 3.5, 2.5, 4.5], "texture": "#5"},
				"down": {"uv": [6.5, 6.5, 6, 7], "texture": "#5"}
			}
		},
		{
			"from": [7.75, 3.25, 5.5],
			"to": [8.25, 4.5, 8.5],
			"rotation": {"angle": 0, "axis": "y", "origin": [15, 7.25, 7]},
			"faces": {
				"north": {"uv": [1, 13.5, 1.5, 14], "texture": "#5"},
				"east": {"uv": [0.5, 13.5, 2, 14], "texture": "#5"},
				"west": {"uv": [0.5, 13.5, 2, 14], "texture": "#5"},
				"down": {"uv": [1, 14, 1.5, 15], "texture": "#5"}
			}
		},
		{
			"from": [7.75, 1.5, 1.85],
			"to": [8.25, 4.5, 3.35],
			"shade": false,
			"rotation": {"angle": 0, "axis": "y", "origin": [8, 3.125, 2.725]},
			"faces": {
				"north": {"uv": [4.5, 6.5, 5, 8], "texture": "#5"},
				"east": {"uv": [9, 4, 8, 5.5], "texture": "#5"},
				"south": {"uv": [4.5, 6.5, 5, 8], "texture": "#5"},
				"west": {"uv": [9, 4, 8, 5.5], "texture": "#5"},
				"down": {"uv": [4.5, 6.5, 5, 8], "texture": "#5"}
			}
		},
		{
			"from": [7.9, 2.5, 7.75],
			"to": [8.1, 3.75, 8.25],
			"shade": false,
			"rotation": {"angle": 22.5, "axis": "x", "origin": [8, 3.125, 8]},
			"faces": {
				"north": {"uv": [6, 10.5, 6.625, 10.6], "rotation": 90, "texture": "#5"},
				"east": {"uv": [6, 10.5, 6.625, 10.75], "rotation": 90, "texture": "#5"},
				"south": {"uv": [6, 10.5, 6.625, 10.6], "rotation": 90, "texture": "#5"},
				"west": {"uv": [6, 10.5, 6.5, 11], "rotation": 90, "texture": "#5"},
				"down": {"uv": [6, 10.5, 6.25, 10.6], "rotation": 90, "texture": "#5"}
			}
		},
		{
			"from": [7.8, 0.75, 6.5],
			"to": [8.2, 1.5, 9.75],
			"rotation": {"angle": 0, "axis": "y", "origin": [8, 1.25, 7.5]},
			"faces": {
				"north": {"uv": [3.5, 14, 4, 15], "rotation": 180, "texture": "#5"},
				"east": {"uv": [0.5, 13.5, 2.125, 13.875], "rotation": 180, "texture": "#5"},
				"west": {"uv": [0.5, 13.5, 2.125, 13.875], "rotation": 180, "texture": "#5"},
				"up": {"uv": [1, 14, 1.5, 14.5], "rotation": 180, "texture": "#5"},
				"down": {"uv": [3.5, 14, 4, 14.5], "rotation": 180, "texture": "#5"}
			}
		},
		{
			"from": [7.7, 1, 6],
			"to": [8.3, 3.5, 7],
			"rotation": {"angle": -22.5, "axis": "x", "origin": [8, 2.5, 6.5]},
			"faces": {
				"north": {"uv": [3.5, 14, 4, 14.5], "rotation": 180, "texture": "#5"},
				"east": {"uv": [0.5, 13.5, 1.75, 14], "rotation": 90, "texture": "#5"},
				"south": {"uv": [1, 14, 1.5, 14.5], "rotation": 180, "texture": "#5"},
				"west": {"uv": [0.5, 13.5, 1.75, 14], "rotation": 270, "texture": "#5"},
				"up": {"uv": [5, 13.5, 5, 13], "rotation": 180, "texture": "#5"},
				"down": {"uv": [5, 13, 5, 13.5], "texture": "#5"}
			}
		},
		{
			"from": [7.5, 3.75, 7],
			"to": [8.5, 4.5, 9.5],
			"rotation": {"angle": 0, "axis": "y", "origin": [15, 7.25, 7]},
			"faces": {
				"north": {"uv": [1, 0.5, 1.5, 1], "texture": "#5"},
				"east": {"uv": [1, 0.5, 2.5, 1], "texture": "#5"},
				"west": {"uv": [1, 0.5, 2.5, 1], "texture": "#5"},
				"down": {"uv": [12.5, 9, 12, 10], "texture": "#5"}
			}
		}
	],
	"display": {
		"thirdperson_righthand": {
			"translation": [0, 5.25, 2.25],
			"scale": [1.25, 1.25, 1]
		},
		"thirdperson_lefthand": {
			"translation": [0, 5.25, 2.25],
			"scale": [1.25, 1.25, 1]
		},
		"firstperson_righthand": {
			"translation": [3.75, 14.5, 7.5],
			"scale": [1.5, 1.5, 1.25]
		},
		"firstperson_lefthand": {
			"translation": [3.75, 14.5, 1.25],
			"scale": [1.5, 1.5, 1.25]
		},
		"ground": {
			"rotation": [0, 0, 90],
			"translation": [-3, 0, 4.5],
			"scale": [1.5, 1.5, 1.75]
		},
		"gui": {
			"rotation": [79, 51, -75],
			"translation": [7, 1.25, 0],
			"scale": [1.5, 1.5, 1.75]
		},
		"head": {
			"rotation": [88, 49, -77],
			"translation": [4.75, -12, 7.75],
			"scale": [1.5, 1.5, 1.75]
		},
		"fixed": {
			"rotation": [0, 90, 0],
			"translation": [3.75, 3, -1.25],
			"scale": [1.5, 1.5, 1.75]
		}
	}
}