{
	"credit": "Made by MILENARY",
	"textures": {
		"0": "block/red_gun_1",
		"1": "block/green_gun_1",
		"2": "block/green_gun_2",
		"3": "block/green_gun_3",
		"5": "block/black",
		"particle": "block/red_gun_1"
	},
	"elements": [
		{
			"from": [6.92678, 7.90901, 1],
			"to": [7.42678, 8.40901, 3],
			"rotation": {"angle": -45, "axis": "z", "origin": [8.17678, 7.40901, 8]},
			"faces": {
				"north": {"uv": [0.75, 0, 1.25, 0.5], "texture": "#1"},
				"east": {"uv": [2, 0, 4, 0.5], "texture": "#1"},
				"south": {"uv": [0.75, 0, 1.25, 0.5], "texture": "#1"},
				"west": {"uv": [2, 0, 4, 0.5], "texture": "#1"},
				"up": {"uv": [0.75, 0, 1.25, 2], "texture": "#1"},
				"down": {"uv": [0.75, 0, 1.25, 2], "texture": "#1"}
			}
		},
		{
			"from": [9.32322, 7.90901, 1],
			"to": [9.82322, 8.40901, 3],
			"rotation": {"angle": 45, "axis": "z", "origin": [8.57322, 7.40901, 8]},
			"faces": {
				"north": {"uv": [1.5, 0, 2, 0.5], "texture": "#1"},
				"east": {"uv": [4, 0, 6, 0.5], "texture": "#1"},
				"south": {"uv": [1.5, 0, 2, 0.5], "texture": "#1"},
				"west": {"uv": [4, 0, 6, 0.5], "texture": "#1"},
				"up": {"uv": [1.5, 0, 2, 2], "texture": "#1"},
				"down": {"uv": [1.5, 0, 2, 2], "texture": "#1"}
			}
		},
		{
			"from": [6.92678, 6.03033, 1],
			"to": [7.42678, 6.53033, 3],
			"rotation": {"angle": 45, "axis": "z", "origin": [8.17678, 7.03033, 8]},
			"faces": {
				"north": {"uv": [0.75, 0.75, 1.25, 1.25], "texture": "#1"},
				"east": {"uv": [2, 0.75, 4, 1.25], "texture": "#1"},
				"south": {"uv": [0.75, 0.75, 1.25, 1.25], "texture": "#1"},
				"west": {"uv": [2, 0.75, 4, 1.25], "texture": "#1"},
				"up": {"uv": [0.75, 2, 1.25, 4], "texture": "#1"},
				"down": {"uv": [0.75, 2, 1.25, 4], "texture": "#1"}
			}
		},
		{
			"from": [9.32322, 6.03033, 1],
			"to": [9.82322, 6.53033, 3],
			"rotation": {"angle": -45, "axis": "z", "origin": [8.57322, 7.03033, 8]},
			"faces": {
				"north": {"uv": [1.5, 0.75, 2, 1.25], "texture": "#1"},
				"east": {"uv": [4, 0.75, 6, 1.25], "texture": "#1"},
				"south": {"uv": [1.5, 0.75, 2, 1.25], "texture": "#1"},
				"west": {"uv": [4, 0.75, 6, 1.25], "texture": "#1"},
				"up": {"uv": [1.5, 2, 2, 4], "texture": "#1"},
				"down": {"uv": [1.5, 2, 2, 4], "texture": "#1"}
			}
		},
		{
			"from": [8, 5.45, 1],
			"to": [8.75, 9, 3],
			"rotation": {"angle": 0, "axis": "y", "origin": [7.75, 8, 8]},
			"faces": {
				"north": {"uv": [0, 0, 0.75, 3.55], "texture": "#1"},
				"east": {"uv": [0, 0, 2, 3.55], "texture": "#1"},
				"south": {"uv": [0, 0, 0.75, 3.55], "texture": "#1"},
				"west": {"uv": [0, 0, 2, 3.55], "texture": "#1"},
				"up": {"uv": [0, 0, 0.75, 2], "texture": "#1"},
				"down": {"uv": [0, 0, 0.75, 2], "texture": "#1"}
			}
		},
		{
			"from": [7.9, 7.25, 0.9],
			"to": [8.85, 8.65, 1],
			"rotation": {"angle": 0, "axis": "y", "origin": [7.75, 8, 8.15]},
			"faces": {
				"north": {"uv": [0, 0, 0.95, 1.4], "texture": "#2"},
				"east": {"uv": [0, 0, 0.1, 1.4], "texture": "#2"},
				"south": {"uv": [0, 0, 0.95, 1.4], "texture": "#2"},
				"west": {"uv": [0, 0, 0.1, 1.4], "texture": "#2"},
				"up": {"uv": [0, 0, 0.95, 0.1], "texture": "#2"},
				"down": {"uv": [0, 0, 0.95, 0.1], "texture": "#2"}
			}
		},
		{
			"from": [8.05, 5.85, 0.9],
			"to": [8.7, 7.25, 1],
			"rotation": {"angle": 0, "axis": "y", "origin": [7.75, 8, 8.15]},
			"faces": {
				"north": {"uv": [0, 0, 0.65, 1.4], "texture": "#2"},
				"east": {"uv": [0, 0, 0.1, 1.4], "texture": "#2"},
				"south": {"uv": [0, 0, 0.65, 1.4], "texture": "#2"},
				"west": {"uv": [0, 0, 0.1, 1.4], "texture": "#2"},
				"up": {"uv": [0, 0, 0.65, 0.1], "texture": "#2"},
				"down": {"uv": [0, 0, 0.65, 0.1], "texture": "#2"}
			}
		},
		{
			"from": [8.15, 5.7, 0.9],
			"to": [8.6, 5.85, 1],
			"rotation": {"angle": 0, "axis": "y", "origin": [7.75, 8, 8.15]},
			"faces": {
				"north": {"uv": [0, 0, 0.45, 0.15], "texture": "#2"},
				"east": {"uv": [0, 0, 0.1, 0.15], "texture": "#2"},
				"south": {"uv": [0, 0, 0.45, 0.15], "texture": "#2"},
				"west": {"uv": [0, 0, 0.1, 0.15], "texture": "#2"},
				"up": {"uv": [0, 0, 0.45, 0.1], "texture": "#2"},
				"down": {"uv": [0, 0, 0.45, 0.1], "texture": "#2"}
			}
		},
		{
			"from": [8.15, 8.25, 0.85],
			"to": [8.6, 8.45, 0.9],
			"rotation": {"angle": 0, "axis": "y", "origin": [7.75, 8, 8.15]},
			"faces": {
				"north": {"uv": [0, 0, 0.45, 0.2], "texture": "#3"},
				"east": {"uv": [0, 0, 0.05, 0.2], "texture": "#3"},
				"south": {"uv": [0, 0, 0.45, 0.2], "texture": "#3"},
				"west": {"uv": [0, 0, 0.05, 0.2], "texture": "#3"},
				"up": {"uv": [0, 0, 0.45, 0.05], "texture": "#3"},
				"down": {"uv": [0, 0, 0.45, 0.05], "texture": "#3"}
			}
		},
		{
			"from": [8.15, 7.9, 0.875],
			"to": [8.6, 8.25, 0.875],
			"rotation": {"angle": 0, "axis": "y", "origin": [7.75, 8, 8.15]},
			"faces": {
				"north": {"uv": [0, 0, 0.45, 0.35], "texture": "#5"},
				"east": {"uv": [0, 0, 0, 0.35], "texture": "#5"},
				"south": {"uv": [0, 0, 0.45, 0.35], "texture": "#5"},
				"west": {"uv": [0, 0, 0, 0.35], "texture": "#5"},
				"up": {"uv": [0, 0, 0.45, 0], "texture": "#5"},
				"down": {"uv": [0, 0, 0.45, 0], "texture": "#5"}
			}
		},
		{
			"from": [8.15, 7.7, 0.85],
			"to": [8.6, 7.9, 0.9],
			"rotation": {"angle": 0, "axis": "y", "origin": [7.75, 7.45, 8.15]},
			"faces": {
				"north": {"uv": [0, 0, 0.45, 0.2], "texture": "#3"},
				"east": {"uv": [0, 0, 0.05, 0.2], "texture": "#3"},
				"south": {"uv": [0, 0, 0.45, 0.2], "texture": "#3"},
				"west": {"uv": [0, 0, 0.05, 0.2], "texture": "#3"},
				"up": {"uv": [0, 0, 0.45, 0.05], "texture": "#3"},
				"down": {"uv": [0, 0, 0.45, 0.05], "texture": "#3"}
			}
		},
		{
			"from": [7.95, 7.85, 0.85],
			"to": [8.2, 8.3, 0.9],
			"rotation": {"angle": 0, "axis": "y", "origin": [7.75, 8, 8.15]},
			"faces": {
				"north": {"uv": [0, 0, 0.25, 0.45], "texture": "#3"},
				"east": {"uv": [0, 0, 0.05, 0.45], "texture": "#3"},
				"south": {"uv": [0, 0, 0.25, 0.45], "texture": "#3"},
				"west": {"uv": [0, 0, 0.05, 0.45], "texture": "#3"},
				"up": {"uv": [0, 0, 0.25, 0.05], "texture": "#3"},
				"down": {"uv": [0, 0, 0.25, 0.05], "texture": "#3"}
			}
		},
		{
			"from": [8.55, 7.85, 0.85],
			"to": [8.8, 8.3, 0.9],
			"rotation": {"angle": 0, "axis": "y", "origin": [8.35, 8, 8.15]},
			"faces": {
				"north": {"uv": [0, 0, 0.25, 0.45], "texture": "#3"},
				"east": {"uv": [0, 0, 0.05, 0.45], "texture": "#3"},
				"south": {"uv": [0, 0, 0.25, 0.45], "texture": "#3"},
				"west": {"uv": [0, 0, 0.05, 0.45], "texture": "#3"},
				"up": {"uv": [0, 0, 0.25, 0.05], "texture": "#3"},
				"down": {"uv": [0, 0, 0.25, 0.05], "texture": "#3"}
			}
		},
		{
			"from": [7.8, 5.95, 3],
			"to": [8.95, 8.5, 5],
			"rotation": {"angle": 0, "axis": "y", "origin": [7.75, 8, 8]},
			"faces": {
				"north": {"uv": [0, 0, 1.15, 2.55], "texture": "#3"},
				"east": {"uv": [0, 0, 2, 2.55], "texture": "#3"},
				"south": {"uv": [0, 0, 1.15, 2.55], "texture": "#3"},
				"west": {"uv": [0, 0, 2, 2.55], "texture": "#3"},
				"up": {"uv": [0, 0, 1.15, 2], "texture": "#3"},
				"down": {"uv": [0, 0, 1.15, 2], "texture": "#3"}
			}
		},
		{
			"from": [8, 8.45, 3],
			"to": [8.75, 8.75, 4.25],
			"rotation": {"angle": 0, "axis": "y", "origin": [7.75, 8, 8]},
			"faces": {
				"north": {"uv": [0, 0, 0.75, 0.3], "texture": "#2"},
				"east": {"uv": [0, 0, 1.25, 0.3], "texture": "#2"},
				"south": {"uv": [0, 0, 0.75, 0.3], "texture": "#2"},
				"west": {"uv": [0, 0, 1.25, 0.3], "texture": "#2"},
				"up": {"uv": [0, 0, 0.75, 1.25], "texture": "#2"},
				"down": {"uv": [0, 0, 0.75, 1.25], "texture": "#2"}
			}
		},
		{
			"from": [8, 8.40555, 4.10732],
			"to": [8.75, 8.70555, 4.60732],
			"rotation": {"angle": 45, "axis": "x", "origin": [8.375, 8.55555, 4.23232]},
			"faces": {
				"north": {"uv": [0, 0, 0.75, 0.3], "texture": "#2"},
				"east": {"uv": [0, 0, 0.5, 0.3], "texture": "#2"},
				"south": {"uv": [0, 0, 0.75, 0.3], "texture": "#2"},
				"west": {"uv": [0, 0, 0.5, 0.3], "texture": "#2"},
				"up": {"uv": [0, 0, 0.75, 0.5], "texture": "#2"},
				"down": {"uv": [0, 0, 0.75, 0.5], "texture": "#2"}
			}
		},
		{
			"from": [7.6, 6.2, 3],
			"to": [9.15, 8, 5.05],
			"rotation": {"angle": 0, "axis": "y", "origin": [7.75, 8, 8]},
			"faces": {
				"north": {"uv": [0, 0, 1.55, 1.8], "texture": "#2"},
				"east": {"uv": [0, 0, 2.05, 1.8], "texture": "#2"},
				"south": {"uv": [0, 0, 1.55, 1.8], "texture": "#2"},
				"west": {"uv": [0, 0, 2.05, 1.8], "texture": "#2"},
				"up": {"uv": [0, 0, 1.55, 2.05], "texture": "#2"},
				"down": {"uv": [0, 0, 1.55, 2.05], "texture": "#2"}
			}
		},
		{
			"from": [7.85, 7.35, 5],
			"to": [8.9, 8.25, 7.5],
			"rotation": {"angle": 0, "axis": "y", "origin": [7.75, 8, 8]},
			"faces": {
				"north": {"uv": [0, 0, 1.05, 0.9], "texture": "#3"},
				"east": {"uv": [0, 0, 2.5, 0.9], "texture": "#3"},
				"south": {"uv": [0, 0, 1.05, 0.9], "texture": "#3"},
				"west": {"uv": [0, 0, 2.5, 0.9], "texture": "#3"},
				"up": {"uv": [0, 0, 1.05, 2.5], "texture": "#3"},
				"down": {"uv": [0, 0, 1.05, 2.5], "texture": "#3"}
			}
		},
		{
			"from": [7.75, 6.85, 7.5],
			"to": [9, 8, 9],
			"rotation": {"angle": 0, "axis": "y", "origin": [7.75, 8, 8]},
			"faces": {
				"north": {"uv": [0, 0, 1.25, 1.15], "texture": "#2"},
				"east": {"uv": [0, 0, 1.5, 1.15], "texture": "#2"},
				"south": {"uv": [0, 0, 1.25, 1.15], "texture": "#2"},
				"west": {"uv": [0, 0, 1.5, 1.15], "texture": "#2"},
				"up": {"uv": [0, 0, 1.25, 1.5], "texture": "#2"},
				"down": {"uv": [0, 0, 1.25, 1.5], "texture": "#2"}
			}
		},
		{
			"from": [7.85, 6.1, 7.5],
			"to": [8.9, 6.85, 9],
			"rotation": {"angle": 0, "axis": "y", "origin": [7.75, 8, 8]},
			"faces": {
				"north": {"uv": [0, 0, 1.05, 0.75], "texture": "#1"},
				"east": {"uv": [0, 0, 1.5, 0.75], "texture": "#1"},
				"south": {"uv": [0, 0, 1.05, 0.75], "texture": "#1"},
				"west": {"uv": [0, 0, 1.5, 0.75], "texture": "#1"},
				"up": {"uv": [0, 0, 1.05, 1.5], "texture": "#1"},
				"down": {"uv": [0, 0, 1.05, 1.5], "texture": "#1"}
			}
		},
		{
			"from": [7.85, 6.2, 6.45],
			"to": [8.9, 6.6, 7.5],
			"rotation": {"angle": 0, "axis": "y", "origin": [7.75, 8, 8]},
			"faces": {
				"north": {"uv": [0, 0, 1.05, 0.4], "texture": "#1"},
				"east": {"uv": [0, 0, 1.05, 0.4], "texture": "#1"},
				"south": {"uv": [0, 0, 1.05, 0.4], "texture": "#1"},
				"west": {"uv": [0, 0, 1.05, 0.4], "texture": "#1"},
				"up": {"uv": [0, 0, 1.05, 1.05], "texture": "#1"},
				"down": {"uv": [0, 0, 1.05, 1.05], "texture": "#1"}
			}
		},
		{
			"from": [8, 3.75, 6.2],
			"to": [8.75, 6.8, 8],
			"rotation": {"angle": -22.5, "axis": "x", "origin": [7.75, 8, 8]},
			"faces": {
				"north": {"uv": [0, 0, 0.75, 3.05], "rotation": 180, "texture": "#3"},
				"east": {"uv": [0, 0, 3.05, 1.8], "rotation": 270, "texture": "#3"},
				"south": {"uv": [0, 0, 0.75, 3.05], "texture": "#3"},
				"west": {"uv": [0, 0, 3.05, 1.8], "rotation": 90, "texture": "#3"},
				"up": {"uv": [0, 0, 0.75, 1.8], "rotation": 180, "texture": "#3"},
				"down": {"uv": [0, 0, 0.75, 1.8], "texture": "#3"}
			}
		},
		{
			"from": [7.95, 3.75, 6.45],
			"to": [8.8, 6.8, 7.75],
			"rotation": {"angle": -22.5, "axis": "x", "origin": [7.75, 8, 8]},
			"faces": {
				"north": {"uv": [0, 0, 0.85, 3.05], "rotation": 180, "texture": "#2"},
				"east": {"uv": [0, 0, 3.05, 1.3], "rotation": 270, "texture": "#2"},
				"south": {"uv": [0, 0, 0.85, 3.05], "texture": "#2"},
				"west": {"uv": [0, 0, 3.05, 1.3], "rotation": 90, "texture": "#2"},
				"up": {"uv": [0, 0, 0.85, 1.3], "rotation": 180, "texture": "#2"},
				"down": {"uv": [0, 0, 0.85, 1.3], "texture": "#2"}
			}
		},
		{
			"from": [7.95, 3.5, 5.95],
			"to": [8.8, 3.75, 8.15],
			"rotation": {"angle": -22.5, "axis": "x", "origin": [7.75, 8, 8]},
			"faces": {
				"north": {"uv": [0, 0, 0.85, 0.25], "rotation": 180, "texture": "#1"},
				"east": {"uv": [0, 0, 0.25, 2.2], "rotation": 270, "texture": "#1"},
				"south": {"uv": [0, 0, 0.85, 0.25], "texture": "#1"},
				"west": {"uv": [0, 0, 0.25, 2.2], "rotation": 90, "texture": "#1"},
				"up": {"uv": [0, 0, 0.85, 2.2], "rotation": 180, "texture": "#1"},
				"down": {"uv": [0, 0, 0.85, 2.2], "texture": "#1"}
			}
		},
		{
			"from": [8.05, 3.75, 6.05],
			"to": [8.7, 4.5, 7.65],
			"rotation": {"angle": -22.5, "axis": "x", "origin": [7.75, 8, 8]},
			"faces": {
				"north": {"uv": [0, 0, 0.65, 0.75], "rotation": 180, "texture": "#1"},
				"east": {"uv": [0, 0, 0.75, 1.6], "rotation": 270, "texture": "#1"},
				"south": {"uv": [0, 0, 0.65, 0.75], "texture": "#1"},
				"west": {"uv": [0, 0, 0.75, 1.6], "rotation": 90, "texture": "#1"},
				"up": {"uv": [0, 0, 0.65, 1.6], "rotation": 180, "texture": "#1"},
				"down": {"uv": [0, 0, 0.65, 1.6], "texture": "#1"}
			}
		},
		{
			"from": [8.1, 6.85, 9],
			"to": [8.65, 8.1, 9.5],
			"rotation": {"angle": 0, "axis": "y", "origin": [7.75, 8, 8]},
			"faces": {
				"north": {"uv": [0, 0, 0.55, 1.25], "texture": "#2"},
				"east": {"uv": [0, 0, 0.5, 1.25], "texture": "#2"},
				"south": {"uv": [0, 0, 0.55, 1.25], "texture": "#2"},
				"west": {"uv": [0, 0, 0.5, 1.25], "texture": "#2"},
				"up": {"uv": [0, 0, 0.55, 0.5], "texture": "#2"},
				"down": {"uv": [0, 0, 0.55, 0.5], "texture": "#2"}
			}
		},
		{
			"from": [8.65, 6.85, 9],
			"to": [8.9, 7.85, 9.35],
			"rotation": {"angle": 0, "axis": "y", "origin": [7.75, 8, 8]},
			"faces": {
				"north": {"uv": [0, 0, 0.25, 1], "texture": "#1"},
				"east": {"uv": [0, 0, 0.35, 1], "texture": "#1"},
				"south": {"uv": [0, 0, 0.25, 1], "texture": "#1"},
				"west": {"uv": [0, 0, 0.35, 1], "texture": "#1"},
				"up": {"uv": [0, 0, 0.25, 0.35], "texture": "#1"},
				"down": {"uv": [0, 0, 0.25, 0.35], "texture": "#1"}
			}
		},
		{
			"from": [7.85, 6.85, 9],
			"to": [8.1, 7.85, 9.35],
			"rotation": {"angle": 0, "axis": "y", "origin": [6.95, 8, 8]},
			"faces": {
				"north": {"uv": [0, 0, 0.25, 1], "texture": "#1"},
				"east": {"uv": [0, 0, 0.35, 1], "texture": "#1"},
				"south": {"uv": [0, 0, 0.25, 1], "texture": "#1"},
				"west": {"uv": [0, 0, 0.35, 1], "texture": "#1"},
				"up": {"uv": [0, 0, 0.25, 0.35], "texture": "#1"},
				"down": {"uv": [0, 0, 0.25, 0.35], "texture": "#1"}
			}
		},
		{
			"from": [7.95, 8.25, 5],
			"to": [8.8, 8.35, 7.5],
			"rotation": {"angle": 0, "axis": "y", "origin": [7.75, 8, 8]},
			"faces": {
				"north": {"uv": [0, 0, 0.85, 0.1], "texture": "#1"},
				"east": {"uv": [0, 0, 2.5, 0.1], "texture": "#1"},
				"south": {"uv": [0, 0, 0.85, 0.1], "texture": "#1"},
				"west": {"uv": [0, 0, 2.5, 0.1], "texture": "#1"},
				"up": {"uv": [0, 0, 0.85, 2.5], "texture": "#1"},
				"down": {"uv": [0, 0, 0.85, 2.5], "texture": "#1"}
			}
		},
		{
			"from": [7.95, 7.74896, 7.10607],
			"to": [8.8, 8.09896, 7.60607],
			"rotation": {"angle": 45, "axis": "x", "origin": [7.75, 7.74896, 7.60607]},
			"faces": {
				"north": {"uv": [0, 0, 0.85, 0.35], "texture": "#1"},
				"east": {"uv": [0, 0, 0.5, 0.35], "texture": "#1"},
				"south": {"uv": [0, 0, 0.85, 0.35], "texture": "#1"},
				"west": {"uv": [0, 0, 0.5, 0.35], "texture": "#1"},
				"up": {"uv": [0, 0, 0.85, 0.5], "texture": "#1"},
				"down": {"uv": [0, 0, 0.85, 0.5], "texture": "#1"}
			}
		},
		{
			"from": [8, 7.99896, 7.60607],
			"to": [8.75, 8.19896, 9.00607],
			"rotation": {"angle": 0, "axis": "x", "origin": [7.75, 7.74896, 7.60607]},
			"faces": {
				"north": {"uv": [0, 0, 0.75, 0.2], "rotation": 180, "texture": "#2"},
				"east": {"uv": [0, 0, 0.2, 1.4], "rotation": 270, "texture": "#2"},
				"south": {"uv": [0, 0, 0.75, 0.2], "texture": "#2"},
				"west": {"uv": [0, 0, 0.2, 1.4], "rotation": 90, "texture": "#2"},
				"up": {"uv": [0, 0, 0.75, 1.4], "rotation": 180, "texture": "#2"},
				"down": {"uv": [0, 0, 0.75, 1.4], "texture": "#2"}
			}
		},
		{
			"from": [8.05, 8.35, 5],
			"to": [8.7, 8.45, 5.15],
			"rotation": {"angle": 0, "axis": "y", "origin": [7.75, 8, 8]},
			"faces": {
				"north": {"uv": [0, 0, 0.65, 0.1], "texture": "#1"},
				"east": {"uv": [0, 0, 0.15, 0.1], "texture": "#1"},
				"south": {"uv": [0, 0, 0.65, 0.1], "texture": "#1"},
				"west": {"uv": [0, 0, 0.15, 0.1], "texture": "#1"},
				"up": {"uv": [0, 0, 0.65, 0.15], "texture": "#1"},
				"down": {"uv": [0, 0, 0.65, 0.15], "texture": "#1"}
			}
		},
		{
			"from": [8.05, 8.35, 5.5],
			"to": [8.7, 8.45, 5.65],
			"rotation": {"angle": 0, "axis": "y", "origin": [7.75, 8, 8.5]},
			"faces": {
				"north": {"uv": [0, 0, 0.65, 0.1], "texture": "#1"},
				"east": {"uv": [0, 0, 0.15, 0.1], "texture": "#1"},
				"south": {"uv": [0, 0, 0.65, 0.1], "texture": "#1"},
				"west": {"uv": [0, 0, 0.15, 0.1], "texture": "#1"},
				"up": {"uv": [0, 0, 0.65, 0.15], "texture": "#1"},
				"down": {"uv": [0, 0, 0.65, 0.15], "texture": "#1"}
			}
		},
		{
			"from": [8.05, 8.35, 6],
			"to": [8.7, 8.45, 6.15],
			"rotation": {"angle": 0, "axis": "y", "origin": [7.75, 8, 9]},
			"faces": {
				"north": {"uv": [0, 0, 0.65, 0.1], "texture": "#1"},
				"east": {"uv": [0, 0, 0.15, 0.1], "texture": "#1"},
				"south": {"uv": [0, 0, 0.65, 0.1], "texture": "#1"},
				"west": {"uv": [0, 0, 0.15, 0.1], "texture": "#1"},
				"up": {"uv": [0, 0, 0.65, 0.15], "texture": "#1"},
				"down": {"uv": [0, 0, 0.65, 0.15], "texture": "#1"}
			}
		},
		{
			"from": [8.05, 8.35, 6.5],
			"to": [8.7, 8.45, 6.65],
			"rotation": {"angle": 0, "axis": "y", "origin": [7.75, 8, 9.5]},
			"faces": {
				"north": {"uv": [0, 0, 0.65, 0.1], "texture": "#1"},
				"east": {"uv": [0, 0, 0.15, 0.1], "texture": "#1"},
				"south": {"uv": [0, 0, 0.65, 0.1], "texture": "#1"},
				"west": {"uv": [0, 0, 0.15, 0.1], "texture": "#1"},
				"up": {"uv": [0, 0, 0.65, 0.15], "texture": "#1"},
				"down": {"uv": [0, 0, 0.65, 0.15], "texture": "#1"}
			}
		},
		{
			"from": [8.05, 8.35, 7],
			"to": [8.7, 8.45, 7.15],
			"rotation": {"angle": 0, "axis": "y", "origin": [7.75, 8, 10]},
			"faces": {
				"north": {"uv": [0, 0, 0.65, 0.1], "texture": "#1"},
				"east": {"uv": [0, 0, 0.15, 0.1], "texture": "#1"},
				"south": {"uv": [0, 0, 0.65, 0.1], "texture": "#1"},
				"west": {"uv": [0, 0, 0.15, 0.1], "texture": "#1"},
				"up": {"uv": [0, 0, 0.65, 0.15], "texture": "#1"},
				"down": {"uv": [0, 0, 0.65, 0.15], "texture": "#1"}
			}
		},
		{
			"from": [8.05, 8.35, 5.25],
			"to": [8.7, 8.45, 5.4],
			"rotation": {"angle": 0, "axis": "y", "origin": [7.75, 8, 8.25]},
			"faces": {
				"north": {"uv": [0, 0, 0.65, 0.1], "texture": "#1"},
				"east": {"uv": [0, 0, 0.15, 0.1], "texture": "#1"},
				"south": {"uv": [0, 0, 0.65, 0.1], "texture": "#1"},
				"west": {"uv": [0, 0, 0.15, 0.1], "texture": "#1"},
				"up": {"uv": [0, 0, 0.65, 0.15], "texture": "#1"},
				"down": {"uv": [0, 0, 0.65, 0.15], "texture": "#1"}
			}
		},
		{
			"from": [8.05, 8.35, 5.75],
			"to": [8.7, 8.45, 5.9],
			"rotation": {"angle": 0, "axis": "y", "origin": [7.75, 8, 8.75]},
			"faces": {
				"north": {"uv": [0, 0, 0.65, 0.1], "texture": "#1"},
				"east": {"uv": [0, 0, 0.15, 0.1], "texture": "#1"},
				"south": {"uv": [0, 0, 0.65, 0.1], "texture": "#1"},
				"west": {"uv": [0, 0, 0.15, 0.1], "texture": "#1"},
				"up": {"uv": [0, 0, 0.65, 0.15], "texture": "#1"},
				"down": {"uv": [0, 0, 0.65, 0.15], "texture": "#1"}
			}
		},
		{
			"from": [8.05, 8.35, 6.25],
			"to": [8.7, 8.45, 6.4],
			"rotation": {"angle": 0, "axis": "y", "origin": [7.75, 8, 9.25]},
			"faces": {
				"north": {"uv": [0, 0, 0.65, 0.1], "texture": "#1"},
				"east": {"uv": [0, 0, 0.15, 0.1], "texture": "#1"},
				"south": {"uv": [0, 0, 0.65, 0.1], "texture": "#1"},
				"west": {"uv": [0, 0, 0.15, 0.1], "texture": "#1"},
				"up": {"uv": [0, 0, 0.65, 0.15], "texture": "#1"},
				"down": {"uv": [0, 0, 0.65, 0.15], "texture": "#1"}
			}
		},
		{
			"from": [8.05, 8.35, 6.75],
			"to": [8.7, 8.45, 6.9],
			"rotation": {"angle": 0, "axis": "y", "origin": [7.75, 8, 9.75]},
			"faces": {
				"north": {"uv": [0, 0, 0.65, 0.1], "texture": "#1"},
				"east": {"uv": [0, 0, 0.15, 0.1], "texture": "#1"},
				"south": {"uv": [0, 0, 0.65, 0.1], "texture": "#1"},
				"west": {"uv": [0, 0, 0.15, 0.1], "texture": "#1"},
				"up": {"uv": [0, 0, 0.65, 0.15], "texture": "#1"},
				"down": {"uv": [0, 0, 0.65, 0.15], "texture": "#1"}
			}
		},
		{
			"from": [8.05, 8.35, 7.25],
			"to": [8.7, 8.45, 7.4],
			"rotation": {"angle": 0, "axis": "y", "origin": [7.75, 8, 10.25]},
			"faces": {
				"north": {"uv": [0, 0, 0.65, 0.1], "texture": "#1"},
				"east": {"uv": [0, 0, 0.15, 0.1], "texture": "#1"},
				"south": {"uv": [0, 0, 0.65, 0.1], "texture": "#1"},
				"west": {"uv": [0, 0, 0.15, 0.1], "texture": "#1"},
				"up": {"uv": [0, 0, 0.65, 0.15], "texture": "#1"},
				"down": {"uv": [0, 0, 0.65, 0.15], "texture": "#1"}
			}
		},
		{
			"from": [8.1, 7, 5],
			"to": [8.65, 7.35, 7.5],
			"rotation": {"angle": 0, "axis": "y", "origin": [7.75, 8, 8]},
			"faces": {
				"north": {"uv": [0, 0, 0.55, 0.35], "texture": "#0"},
				"east": {"uv": [0, 0, 2.5, 0.35], "texture": "#0"},
				"south": {"uv": [0, 0, 0.55, 0.35], "texture": "#0"},
				"west": {"uv": [0, 0, 2.5, 0.35], "texture": "#0"},
				"up": {"uv": [0, 0, 0.55, 2.5], "texture": "#0"},
				"down": {"uv": [0, 0, 0.55, 2.5], "texture": "#0"}
			}
		},
		{
			"from": [8.25, 6.05, 4.75],
			"to": [8.5, 7.05, 5],
			"rotation": {"angle": -22.5, "axis": "x", "origin": [7.75, 8.75, 7]},
			"faces": {
				"north": {"uv": [0, 0, 0.25, 1], "texture": "#1"},
				"east": {"uv": [0, 0, 0.25, 1], "texture": "#1"},
				"south": {"uv": [0, 0, 0.25, 1], "texture": "#1"},
				"west": {"uv": [0, 0, 0.25, 1], "texture": "#1"},
				"up": {"uv": [0, 0, 0.25, 0.25], "texture": "#1"},
				"down": {"uv": [0, 0, 0.25, 0.25], "texture": "#1"}
			}
		},
		{
			"from": [8.25, 5.80426, 6.25366],
			"to": [8.5, 6.55426, 6.50366],
			"rotation": {"angle": 22.5, "axis": "x", "origin": [8.375, 6.05426, 6.37866]},
			"faces": {
				"north": {"uv": [0, 0, 0.25, 0.75], "texture": "#2"},
				"east": {"uv": [0, 0, 0.25, 0.75], "texture": "#2"},
				"south": {"uv": [0, 0, 0.25, 0.75], "texture": "#2"},
				"west": {"uv": [0, 0, 0.25, 0.75], "texture": "#2"},
				"up": {"uv": [0, 0, 0.25, 0.25], "texture": "#2"},
				"down": {"uv": [0, 0, 0.25, 0.25], "texture": "#2"}
			}
		},
		{
			"from": [8.25, 5.39449, 5.95452],
			"to": [8.5, 5.64449, 7.20452],
			"rotation": {"angle": 0, "axis": "x", "origin": [8.375, 5.51949, 6.45452]},
			"faces": {
				"north": {"uv": [0, 0, 0.25, 0.25], "rotation": 180, "texture": "#1"},
				"east": {"uv": [0, 0, 0.25, 1.25], "rotation": 270, "texture": "#1"},
				"south": {"uv": [0, 0, 0.25, 0.25], "texture": "#1"},
				"west": {"uv": [0, 0, 0.25, 1.25], "rotation": 90, "texture": "#1"},
				"up": {"uv": [0, 0, 0.25, 1.25], "rotation": 180, "texture": "#1"},
				"down": {"uv": [0, 0, 0.25, 1.25], "texture": "#1"}
			}
		},
		{
			"from": [8, 6.3, 5],
			"to": [8.75, 7, 7.5],
			"rotation": {"angle": 0, "axis": "y", "origin": [7.75, 8, 8]},
			"faces": {
				"north": {"uv": [0, 0, 0.75, 0.7], "texture": "#1"},
				"east": {"uv": [0, 0, 2.5, 0.7], "texture": "#1"},
				"south": {"uv": [0, 0, 0.75, 0.7], "texture": "#1"},
				"west": {"uv": [0, 0, 2.5, 0.7], "texture": "#1"},
				"up": {"uv": [0, 0, 0.75, 2.5], "texture": "#1"},
				"down": {"uv": [0, 0, 0.75, 2.5], "texture": "#1"}
			}
		},
		{
			"from": [7.64645, 5.79289, 1],
			"to": [7.99645, 8.64289, 3],
			"rotation": {"angle": 0, "axis": "y", "origin": [6.64645, 7.79289, 8]},
			"faces": {
				"north": {"uv": [0.55, 0, 0.9, 2.85], "texture": "#1"},
				"east": {"uv": [2, 0, 4, 2.85], "texture": "#1"},
				"south": {"uv": [0.55, 0, 0.9, 2.85], "texture": "#1"},
				"west": {"uv": [0, 0, 2, 3], "texture": "#1"},
				"up": {"uv": [0.55, 0, 0.9, 2], "texture": "#1"},
				"down": {"uv": [0.55, 0, 0.9, 2], "texture": "#1"}
			}
		},
		{
			"from": [8.75355, 5.79289, 1],
			"to": [9.10355, 8.64289, 3],
			"rotation": {"angle": 0, "axis": "y", "origin": [10.10355, 7.79289, 8]},
			"faces": {
				"north": {"uv": [0.9, 0, 1.25, 2.85], "texture": "#1"},
				"east": {"uv": [4, 0, 6, 2.85], "texture": "#1"},
				"south": {"uv": [0.9, 0, 1.25, 2.85], "texture": "#1"},
				"west": {"uv": [4, 0, 6, 2.85], "texture": "#1"},
				"up": {"uv": [0.9, 0, 1.25, 2], "texture": "#1"},
				"down": {"uv": [0.9, 0, 1.25, 2], "texture": "#1"}
			}
		}
	],
	"display": {
		"thirdperson_righthand": {
			"translation": [0, 2.5, 1.25]
		},
		"thirdperson_lefthand": {
			"translation": [0, 2.5, 1.25]
		},
		"firstperson_righthand": {
			"translation": [-9.5, 16, 8],
			"scale": [1.5, 1.5, 1.5]
		},
		"firstperson_lefthand": {
			"translation": [-9.5, 16, 8],
			"scale": [1.5, 1.5, 1.5]
		},
		"ground": {
			"rotation": [0, 0, 90],
			"translation": [0, -2.75, 3.5],
			"scale": [1.5, 1.5, 1.5]
		},
		"gui": {
			"rotation": [72, 62, -65],
			"translation": [3.75, 1.25, 0],
			"scale": [1.5, 1.5, 1.5]
		},
		"head": {
			"translation": [-1.5, 12, 7.25],
			"scale": [4, 4, 4]
		},
		"fixed": {
			"rotation": [0, 90, 0],
			"translation": [5.5, 2.5, 0],
			"scale": [2, 2, 2]
		}
	}
}