{
	"credit": "Made by MILENARY",
	"textures": {
		"2": "block/gun_6",
		"8": "block/green_gun_2",
		"9": "block/gun_opening",
		"particle": "block/gun_6"
	},
	"elements": [
		{
			"name": "gun_6_1_0",
			"from": [7.75, 4.61538, 9.84615],
			"to": [8.40385, 5.53846, 11.07692],
			"rotation": {"angle": 0, "axis": "y", "origin": [16, 2, 8]},
			"faces": {
				"north": {"uv": [6, 4.46154, 6.15385, 5.38462], "texture": "#2", "tintindex": 0},
				"east": {"uv": [4.92308, 4.46154, 6.15385, 5.38462], "texture": "#2"},
				"south": {"uv": [4.92308, 4.46154, 5.07692, 5.38462], "texture": "#2"},
				"west": {"uv": [4.923, 5.385, 6.154, 4.462], "rotation": 180, "texture": "#2"},
				"up": {"uv": [6.15385, 4.46154, 4.92308, 4.61538], "rotation": 90, "texture": "#2"},
				"down": {"uv": [4.92308, 5.23077, 6.15385, 5.38462], "rotation": 90, "texture": "#2"}
			}
		},
		{
			"name": "gun_6_1_1",
			"from": [7.75, 4.61538, 11.07692],
			"to": [8.40385, 5.07692, 11.23077],
			"rotation": {"angle": 0, "axis": "y", "origin": [16, 2, 8]},
			"faces": {
				"north": {"uv": [4.76923, 4.92308, 4.92308, 5.38462], "texture": "#2", "tintindex": 0},
				"east": {"uv": [4.76923, 4.92308, 4.92308, 5.38462], "texture": "#2"},
				"south": {"uv": [4.76923, 4.92308, 4.92308, 5.38462], "texture": "#2"},
				"west": {"uv": [4.76923, 5.38462, 4.92308, 4.92308], "rotation": 180, "texture": "#2"},
				"up": {"uv": [4.92308, 4.92308, 4.76923, 5.07692], "rotation": 90, "texture": "#2"},
				"down": {"uv": [4.76923, 5.23077, 4.92308, 5.38462], "rotation": 90, "texture": "#2"}
			}
		},
		{
			"name": "gun_6_1_2",
			"from": [7.75, 4.46154, 9.84615],
			"to": [8.40385, 4.61538, 10],
			"rotation": {"angle": 0, "axis": "y", "origin": [16, 2, 8]},
			"faces": {
				"north": {"uv": [6, 5.38462, 6.15385, 5.53846], "texture": "#2", "tintindex": 0},
				"east": {"uv": [6, 5.38462, 6.15385, 5.53846], "texture": "#2"},
				"south": {"uv": [6, 5.38462, 6.15385, 5.53846], "texture": "#2"},
				"west": {"uv": [6, 5.53846, 6.15385, 5.38462], "rotation": 180, "texture": "#2"},
				"up": {"uv": [6.15385, 5.38462, 6, 5.53846], "rotation": 90, "texture": "#2"},
				"down": {"uv": [6, 5.38462, 6.15385, 5.53846], "rotation": 90, "texture": "#2"}
			}
		},
		{
			"name": "gun_6_2_0",
			"from": [7.6, 4.61538, 11.23077],
			"to": [8.55385, 5.69231, 15.84615],
			"rotation": {"angle": 0, "axis": "y", "origin": [16, 2, 8]},
			"faces": {
				"north": {"uv": [4.61538, 4.30769, 4.76923, 5.38462], "texture": "#2", "tintindex": 0},
				"east": {"uv": [0.15385, 4.30769, 4.76923, 5.38462], "texture": "#2"},
				"south": {"uv": [0.15385, 4.30769, 0.30769, 5.38462], "texture": "#2"},
				"west": {"uv": [0.15385, 5.38462, 4.76923, 4.30769], "rotation": 180, "texture": "#2"},
				"up": {"uv": [4.76923, 4.30769, 0.15385, 4.46154], "rotation": 90, "texture": "#2"},
				"down": {"uv": [0.15385, 5.23077, 4.76923, 5.38462], "rotation": 90, "texture": "#2"}
			}
		},
		{
			"name": "gun_6_2_1",
			"from": [7.6, 5.07692, 11.07692],
			"to": [8.55385, 5.69231, 11.23077],
			"rotation": {"angle": 0, "axis": "y", "origin": [16, 2, 8]},
			"faces": {
				"north": {"uv": [4.76923, 4.30769, 4.92308, 4.92308], "texture": "#2", "tintindex": 0},
				"east": {"uv": [4.76923, 4.30769, 4.92308, 4.92308], "texture": "#2"},
				"south": {"uv": [4.76923, 4.30769, 4.92308, 4.92308], "texture": "#2"},
				"west": {"uv": [4.76923, 4.92308, 4.92308, 4.30769], "rotation": 180, "texture": "#2"},
				"up": {"uv": [4.92308, 4.30769, 4.76923, 4.46154], "rotation": 90, "texture": "#2"},
				"down": {"uv": [4.76923, 4.76923, 4.92308, 4.92308], "rotation": 90, "texture": "#2"}
			}
		},
		{
			"name": "gun_6_2_2",
			"from": [7.6, 4.30769, 11.23077],
			"to": [8.55385, 4.61538, 12],
			"rotation": {"angle": 0, "axis": "y", "origin": [16, 2, 8]},
			"faces": {
				"north": {"uv": [4.61538, 5.38462, 4.76923, 5.69231], "texture": "#2", "tintindex": 0},
				"east": {"uv": [4, 5.38462, 4.76923, 5.69231], "texture": "#2"},
				"south": {"uv": [4, 5.38462, 4.15385, 5.69231], "texture": "#2"},
				"west": {"uv": [4, 5.69231, 4.76923, 5.38462], "rotation": 180, "texture": "#2"},
				"up": {"uv": [4.76923, 5.38462, 4, 5.53846], "rotation": 90, "texture": "#2"},
				"down": {"uv": [4, 5.53846, 4.76923, 5.69231], "rotation": 90, "texture": "#2"}
			}
		},
		{
			"name": "gun_6_3_0",
			"from": [7.75, 3.38462, 14.15385],
			"to": [8.40385, 4.61538, 15.84615],
			"rotation": {"angle": 0, "axis": "y", "origin": [16, 2, 8]},
			"faces": {
				"north": {"uv": [1.69231, 5.38462, 1.84615, 6.61538], "texture": "#2", "tintindex": 0},
				"east": {"uv": [0.15385, 5.38462, 1.84615, 6.61538], "texture": "#2"},
				"south": {"uv": [0.15385, 5.38462, 0.30769, 6.61538], "texture": "#2"},
				"west": {"uv": [0.15385, 6.61538, 1.84615, 5.38462], "rotation": 180, "texture": "#2"},
				"up": {"uv": [1.84615, 5.38462, 0.15385, 5.53846], "rotation": 90, "texture": "#2"},
				"down": {"uv": [0.15385, 6.46154, 1.84615, 6.61538], "rotation": 90, "texture": "#2"}
			}
		},
		{
			"name": "gun_6_3_1",
			"from": [7.75, 3.53846, 13.07692],
			"to": [8.40385, 4.61538, 14.15385],
			"rotation": {"angle": 0, "axis": "y", "origin": [16, 2, 8]},
			"faces": {
				"north": {"uv": [2.76923, 5.38462, 2.92308, 6.46154], "texture": "#2", "tintindex": 0},
				"east": {"uv": [1.84615, 5.38462, 2.92308, 6.46154], "texture": "#2"},
				"south": {"uv": [1.84615, 5.38462, 2, 6.46154], "texture": "#2"},
				"west": {"uv": [1.84615, 6.46154, 2.92308, 5.38462], "rotation": 180, "texture": "#2"},
				"up": {"uv": [2.92308, 5.38462, 1.84615, 5.53846], "rotation": 90, "texture": "#2"},
				"down": {"uv": [1.84615, 6.30769, 2.92308, 6.46154], "rotation": 90, "texture": "#2"}
			}
		},
		{
			"name": "gun_6_3_2",
			"from": [7.75, 3.69231, 12.15385],
			"to": [8.40385, 4.61538, 13.07692],
			"rotation": {"angle": 0, "axis": "y", "origin": [16, 2, 8]},
			"faces": {
				"north": {"uv": [3.69231, 5.38462, 3.84615, 6.30769], "texture": "#2", "tintindex": 0},
				"east": {"uv": [2.92308, 5.38462, 3.84615, 6.30769], "texture": "#2"},
				"south": {"uv": [2.92308, 5.38462, 3.07692, 6.30769], "texture": "#2"},
				"west": {"uv": [2.92308, 6.30769, 3.84615, 5.38462], "rotation": 180, "texture": "#2"},
				"up": {"uv": [3.84615, 5.38462, 2.92308, 5.53846], "rotation": 90, "texture": "#2"},
				"down": {"uv": [2.92308, 6.15385, 3.84615, 6.30769], "rotation": 90, "texture": "#2"}
			}
		},
		{
			"name": "gun_6_3_3",
			"from": [7.75, 3.84615, 12],
			"to": [8.40385, 4.61538, 12.15385],
			"rotation": {"angle": 0, "axis": "y", "origin": [16, 2, 8]},
			"faces": {
				"north": {"uv": [3.84615, 5.38462, 4, 6.15385], "texture": "#2", "tintindex": 0},
				"east": {"uv": [3.84615, 5.38462, 4, 6.15385], "texture": "#2"},
				"south": {"uv": [3.84615, 5.38462, 4, 6.15385], "texture": "#2"},
				"west": {"uv": [3.84615, 6.15385, 4, 5.38462], "rotation": 180, "texture": "#2"},
				"up": {"uv": [4, 5.38462, 3.84615, 5.53846], "rotation": 90, "texture": "#2"},
				"down": {"uv": [3.84615, 6, 4, 6.15385], "rotation": 90, "texture": "#2"}
			}
		},
		{
			"name": "gun_6_3_4",
			"from": [7.75, 4, 11.38462],
			"to": [8.40385, 4.30769, 12],
			"rotation": {"angle": 0, "axis": "y", "origin": [16, 2, 8]},
			"faces": {
				"north": {"uv": [4.46154, 5.69231, 4.61538, 6], "texture": "#2", "tintindex": 0},
				"east": {"uv": [4, 5.69231, 4.61538, 6], "texture": "#2"},
				"south": {"uv": [4, 5.69231, 4.15385, 6], "texture": "#2"},
				"west": {"uv": [4, 6, 4.61538, 5.69231], "rotation": 180, "texture": "#2"},
				"up": {"uv": [4.61538, 5.69231, 4, 5.84615], "rotation": 90, "texture": "#2"},
				"down": {"uv": [4, 5.84615, 4.61538, 6], "rotation": 90, "texture": "#2"}
			}
		},
		{
			"name": "gun_6_3_5",
			"from": [7.75, 3.84615, 11.84615],
			"to": [8.40385, 4, 12],
			"rotation": {"angle": 0, "axis": "y", "origin": [16, 2, 8]},
			"faces": {
				"north": {"uv": [4, 6, 4.15385, 6.15385], "texture": "#2", "tintindex": 0},
				"east": {"uv": [4, 6, 4.15385, 6.15385], "texture": "#2"},
				"south": {"uv": [4, 6, 4.15385, 6.15385], "texture": "#2"},
				"west": {"uv": [4, 6.15385, 4.15385, 6], "rotation": 180, "texture": "#2"},
				"up": {"uv": [4.15385, 6, 4, 6.15385], "rotation": 90, "texture": "#2"},
				"down": {"uv": [4, 6, 4.15385, 6.15385], "rotation": 90, "texture": "#2"}
			}
		},
		{
			"name": "gun_6_3_6",
			"from": [7.75, 2.30769, 14.76923],
			"to": [8.40385, 3.38462, 15.84615],
			"rotation": {"angle": 0, "axis": "y", "origin": [16, 2, 8]},
			"faces": {
				"north": {"uv": [1.07692, 6.61538, 1.23077, 7.69231], "texture": "#2", "tintindex": 0},
				"east": {"uv": [0.15385, 6.61538, 1.23077, 7.69231], "texture": "#2"},
				"south": {"uv": [0.15385, 6.61538, 0.30769, 7.69231], "texture": "#2"},
				"west": {"uv": [0.15385, 7.69231, 1.23077, 6.61538], "rotation": 180, "texture": "#2"},
				"up": {"uv": [1.23077, 6.61538, 0.15385, 6.76923], "rotation": 90, "texture": "#2"},
				"down": {"uv": [0.15385, 7.53846, 1.23077, 7.69231], "rotation": 90, "texture": "#2"}
			}
		},
		{
			"name": "gun_6_3_7",
			"from": [7.75, 2.30769, 14.61538],
			"to": [8.40385, 2.61538, 14.76923],
			"rotation": {"angle": 0, "axis": "y", "origin": [16, 2, 8]},
			"faces": {
				"north": {"uv": [1.23077, 7.38462, 1.38462, 7.69231], "texture": "#2", "tintindex": 0},
				"east": {"uv": [1.23077, 7.38462, 1.38462, 7.69231], "texture": "#2"},
				"south": {"uv": [1.23077, 7.38462, 1.38462, 7.69231], "texture": "#2"},
				"west": {"uv": [1.23077, 7.69231, 1.38462, 7.38462], "rotation": 180, "texture": "#2"},
				"up": {"uv": [1.38462, 7.38462, 1.23077, 7.53846], "rotation": 90, "texture": "#2"},
				"down": {"uv": [1.23077, 7.53846, 1.38462, 7.69231], "rotation": 90, "texture": "#2"}
			}
		},
		{
			"name": "gun_6_4_0",
			"from": [7.55, 4.46154, 7.84615],
			"to": [8.60385, 5.74615, 9.53846],
			"rotation": {"angle": 0, "axis": "y", "origin": [16, 2, 8]},
			"faces": {
				"north": {"uv": [8, 4.15385, 8.15385, 5.53846], "texture": "#2", "tintindex": 0},
				"east": {"uv": [6.462, 4.308, 8.154, 5.539], "texture": "#2"},
				"south": {"uv": [6.46154, 4.15385, 6.61538, 5.53846], "texture": "#2"},
				"west": {"uv": [6.462, 5.539, 8.154, 4.308], "rotation": 180, "texture": "#2"},
				"up": {"uv": [8.154, 4.308, 8.154, 4.462], "rotation": 90, "texture": "#2"},
				"down": {"uv": [6.46154, 5.38462, 8.15385, 5.53846], "rotation": 90, "texture": "#2"}
			}
		},
		{
			"name": "gun_6_4_1",
			"from": [7.55, 4.61538, 1.38462],
			"to": [8.60385, 5.74615, 7.84615],
			"rotation": {"angle": 0, "axis": "y", "origin": [16, 2, 8]},
			"faces": {
				"north": {"uv": [14.462, 4.308, 14.616, 5.385], "texture": "#2", "tintindex": 0},
				"east": {"uv": [8.154, 4.308, 14.616, 5.385], "texture": "#2"},
				"south": {"uv": [8.15385, 4.15385, 8.30769, 5.38462], "texture": "#2"},
				"west": {"uv": [14.616, 4.308, 8.154, 5.385], "texture": "#2"},
				"up": {"uv": [8.308, 4.462, 8.308, 4.616], "rotation": 90, "texture": "#2"},
				"down": {"uv": [8.15385, 5.23077, 14.61538, 5.38462], "rotation": 90, "texture": "#2"}
			}
		},
		{
			"name": "gun_6_4_2",
			"from": [7.65, 5.74615, 1.73462],
			"to": [8.50385, 5.84615, 9.59615],
			"rotation": {"angle": 0, "axis": "y", "origin": [16, 2, 8]},
			"faces": {
				"north": {"uv": [10.462, 5.692, 10.783, 5.846], "rotation": 180, "texture": "#2"},
				"east": {"uv": [10.462, 5.692, 10.783, 5.846], "rotation": 180, "texture": "#2"},
				"south": {"uv": [10.462, 5.692, 10.783, 5.846], "rotation": 180, "texture": "#2"},
				"west": {"uv": [10.462, 5.692, 10.783, 5.846], "rotation": 180, "texture": "#2"},
				"up": {"uv": [10.462, 5.692, 10.783, 5.846], "rotation": 180, "texture": "#2"},
				"down": {"uv": [10.462, 5.692, 10.783, 5.846], "rotation": 180, "texture": "#2"}
			}
		},
		{
			"name": "gun_6_4_2",
			"from": [7.55, 4.30769, 9.53846],
			"to": [8.60385, 5.74231, 9.84615],
			"rotation": {"angle": 0, "axis": "y", "origin": [16, 2, 8]},
			"faces": {
				"north": {"uv": [6.30769, 4.30769, 6.46154, 5.69231], "texture": "#2", "tintindex": 0},
				"east": {"uv": [6.15385, 4.30769, 6.46154, 5.69231], "texture": "#2"},
				"south": {"uv": [6.15385, 4.30769, 6.30769, 5.69231], "texture": "#2"},
				"west": {"uv": [6.15385, 5.69231, 6.46154, 4.30769], "rotation": 180, "texture": "#2"},
				"up": {"uv": [6.46154, 4.30769, 6.15385, 4.46154], "rotation": 90, "texture": "#2"},
				"down": {"uv": [6.15385, 5.53846, 6.46154, 5.69231], "rotation": 90, "texture": "#2"}
			}
		},
		{
			"name": "gun_6_4_3",
			"from": [7.55, 4.46154, 1.38462],
			"to": [8.60385, 4.61538, 7.23077],
			"rotation": {"angle": 0, "axis": "y", "origin": [16, 2, 8]},
			"faces": {
				"north": {"uv": [14.46154, 5.38462, 14.61538, 5.53846], "texture": "#2", "tintindex": 0},
				"east": {"uv": [8.76923, 5.38462, 14.61538, 5.53846], "texture": "#2"},
				"south": {"uv": [8.76923, 5.38462, 8.92308, 5.53846], "texture": "#2"},
				"west": {"uv": [8.76923, 5.53846, 14.61538, 5.38462], "rotation": 180, "texture": "#2"},
				"up": {"uv": [14.61538, 5.38462, 8.76923, 5.53846], "rotation": 90, "texture": "#2"},
				"down": {"uv": [8.76923, 5.38462, 14.61538, 5.53846], "rotation": 90, "texture": "#2"}
			}
		},
		{
			"name": "gun_6_4_4",
			"from": [7.55, 3.38462, 8.61538],
			"to": [8.60385, 4.46154, 9.53846],
			"rotation": {"angle": 0, "axis": "y", "origin": [16, 2, 8]},
			"faces": {
				"north": {"uv": [7.23077, 5.53846, 7.38462, 6.61538], "texture": "#2", "tintindex": 0},
				"east": {"uv": [6.46154, 5.53846, 7.38462, 6.61538], "texture": "#2"},
				"south": {"uv": [6.46154, 5.53846, 6.61538, 6.61538], "texture": "#2"},
				"west": {"uv": [6.46154, 6.61538, 7.38462, 5.53846], "rotation": 180, "texture": "#2"},
				"up": {"uv": [7.38462, 5.53846, 6.46154, 5.69231], "rotation": 90, "texture": "#2"},
				"down": {"uv": [6.46154, 6.46154, 7.38462, 6.61538], "rotation": 90, "texture": "#2"}
			}
		},
		{
			"name": "gun_6_4_5",
			"from": [7.55, 3.69231, 8.30769],
			"to": [8.60385, 4.46154, 8.61538],
			"rotation": {"angle": 0, "axis": "y", "origin": [16, 2, 8]},
			"faces": {
				"north": {"uv": [7.53846, 5.53846, 7.69231, 6.30769], "texture": "#2", "tintindex": 0},
				"east": {"uv": [7.38462, 5.53846, 7.69231, 6.30769], "texture": "#2"},
				"south": {"uv": [7.38462, 5.53846, 7.53846, 6.30769], "texture": "#2"},
				"west": {"uv": [7.38462, 6.30769, 7.69231, 5.53846], "rotation": 180, "texture": "#2"},
				"up": {"uv": [7.69231, 5.53846, 7.38462, 5.69231], "rotation": 90, "texture": "#2"},
				"down": {"uv": [7.38462, 6.15385, 7.69231, 6.30769], "rotation": 90, "texture": "#2"}
			}
		},
		{
			"name": "gun_6_4_6",
			"from": [7.55, 4, 7.84615],
			"to": [8.60385, 4.46154, 8.15385],
			"rotation": {"angle": 0, "axis": "y", "origin": [16, 2, 8]},
			"faces": {
				"north": {"uv": [8, 5.53846, 8.15385, 6], "texture": "#2", "tintindex": 0},
				"east": {"uv": [7.84615, 5.53846, 8.15385, 6], "texture": "#2"},
				"south": {"uv": [7.84615, 5.53846, 8, 6], "texture": "#2"},
				"west": {"uv": [7.84615, 6, 8.15385, 5.53846], "rotation": 180, "texture": "#2"},
				"up": {"uv": [8.15385, 5.53846, 7.84615, 5.69231], "rotation": 90, "texture": "#2"},
				"down": {"uv": [7.84615, 5.84615, 8.15385, 6], "rotation": 90, "texture": "#2"}
			}
		},
		{
			"name": "gun_6_4_7",
			"from": [7.55, 1.84615, 4.46154],
			"to": [8.60385, 4.46154, 7.07692],
			"rotation": {"angle": 0, "axis": "y", "origin": [16, 2, 8]},
			"faces": {
				"north": {"uv": [11.38462, 5.53846, 11.53846, 8.15385], "texture": "#2", "tintindex": 0},
				"east": {"uv": [8.92308, 5.53846, 11.53846, 8.15385], "texture": "#2"},
				"south": {"uv": [8.92308, 5.53846, 9.07692, 8.15385], "texture": "#2"},
				"west": {"uv": [8.92308, 8.15385, 11.53846, 5.53845], "rotation": 180, "texture": "#2"},
				"up": {"uv": [11.53846, 5.53846, 8.92308, 5.69231], "rotation": 90, "texture": "#2"},
				"down": {"uv": [8.92308, 8, 11.53846, 8.15385], "rotation": 90, "texture": "#2"}
			}
		},
		{
			"name": "gun_6_4_8",
			"from": [7.55, 3.38462, 1.38462],
			"to": [8.60385, 4.46154, 4.46154],
			"rotation": {"angle": 0, "axis": "y", "origin": [16, 2, 8]},
			"faces": {
				"north": {"uv": [14.46154, 5.53846, 14.61538, 6.61538], "texture": "#2", "tintindex": 0},
				"east": {"uv": [11.53846, 5.53846, 14.61538, 6.61538], "texture": "#2"},
				"south": {"uv": [11.53846, 5.53846, 11.69231, 6.61538], "texture": "#2"},
				"west": {"uv": [11.53846, 6.61538, 14.61538, 5.53846], "rotation": 180, "texture": "#2"},
				"up": {"uv": [14.61538, 5.53846, 11.53846, 5.69231], "rotation": 90, "texture": "#2"},
				"down": {"uv": [11.53846, 6.46154, 14.61538, 6.61538], "rotation": 90, "texture": "#2"}
			}
		},
		{
			"name": "gun_6_4_9",
			"from": [7.55, 1.84615, 9.53846],
			"to": [8.60385, 4.30769, 9.69231],
			"rotation": {"angle": 0, "axis": "y", "origin": [16, 2, 8]},
			"faces": {
				"north": {"uv": [6.30769, 5.69231, 6.46154, 8.15385], "texture": "#2", "tintindex": 0},
				"east": {"uv": [6.30769, 5.69231, 6.46154, 8.15385], "texture": "#2"},
				"south": {"uv": [6.30769, 5.69231, 6.46154, 8.15385], "texture": "#2"},
				"west": {"uv": [6.30769, 8.15385, 6.46154, 5.69231], "rotation": 180, "texture": "#2"},
				"up": {"uv": [6.46154, 5.69231, 6.30769, 5.84615], "rotation": 90, "texture": "#2"},
				"down": {"uv": [6.30769, 8, 6.46154, 8.15385], "rotation": 90, "texture": "#2"}
			}
		},
		{
			"name": "gun_6_4_10",
			"from": [7.55, 2, 9.69231],
			"to": [8.60385, 4.15385, 9.84615],
			"rotation": {"angle": 0, "axis": "y", "origin": [16, 2, 8]},
			"faces": {
				"north": {"uv": [6.15385, 5.84615, 6.30769, 8], "texture": "#2", "tintindex": 0},
				"east": {"uv": [6.15385, 5.84615, 6.30769, 8], "texture": "#2"},
				"south": {"uv": [6.15385, 5.84615, 6.30769, 8], "texture": "#2"},
				"west": {"uv": [6.15385, 8, 6.30769, 5.84615], "rotation": 180, "texture": "#2"},
				"up": {"uv": [6.30769, 5.84615, 6.15385, 6], "rotation": 90, "texture": "#2"},
				"down": {"uv": [6.15385, 7.84615, 6.30769, 8], "rotation": 90, "texture": "#2"}
			}
		},
		{
			"name": "gun_6_4_11",
			"from": [7.55, 1.23077, 7.07692],
			"to": [8.60385, 4, 7.23077],
			"rotation": {"angle": 0, "axis": "y", "origin": [16, 2, 8]},
			"faces": {
				"north": {"uv": [8.76923, 6, 8.92308, 8.76923], "texture": "#2", "tintindex": 0},
				"east": {"uv": [8.76923, 6, 8.92308, 8.76923], "texture": "#2"},
				"south": {"uv": [8.76923, 6, 8.92308, 8.76923], "texture": "#2"},
				"west": {"uv": [8.76923, 8.76923, 8.92308, 6], "rotation": 180, "texture": "#2"},
				"up": {"uv": [8.92308, 6, 8.76923, 6.15385], "rotation": 90, "texture": "#2"},
				"down": {"uv": [8.76923, 8.61538, 8.92308, 8.76923], "rotation": 90, "texture": "#2"}
			}
		},
		{
			"name": "gun_6_4_12",
			"from": [7.55, 2, 9.84615],
			"to": [8.60385, 3.84615, 10],
			"rotation": {"angle": 0, "axis": "y", "origin": [16, 2, 8]},
			"faces": {
				"north": {"uv": [6, 6.15385, 6.15385, 8], "texture": "#2", "tintindex": 0},
				"east": {"uv": [6, 6.15385, 6.15385, 8], "texture": "#2"},
				"south": {"uv": [6, 6.15385, 6.15385, 8], "texture": "#2"},
				"west": {"uv": [6, 8, 6.15385, 6.15385], "rotation": 180, "texture": "#2"},
				"up": {"uv": [6.15385, 6.15385, 6, 6.30769], "rotation": 90, "texture": "#2"},
				"down": {"uv": [6, 7.84615, 6.15385, 8], "rotation": 90, "texture": "#2"}
			}
		},
		{
			"name": "gun_6_4_13",
			"from": [7.55, 3.69231, 8],
			"to": [8.60385, 3.84615, 8.30769],
			"rotation": {"angle": 0, "axis": "y", "origin": [16, 2, 8]},
			"faces": {
				"north": {"uv": [7.84615, 6.15385, 8, 6.30769], "texture": "#2", "tintindex": 0},
				"east": {"uv": [7.69231, 6.15385, 8, 6.30769], "texture": "#2"},
				"south": {"uv": [7.69231, 6.15385, 7.84615, 6.30769], "texture": "#2"},
				"west": {"uv": [7.69231, 6.30769, 8, 6.15385], "rotation": 180, "texture": "#2"},
				"up": {"uv": [8, 6.15385, 7.69231, 6.30769], "rotation": 90, "texture": "#2"},
				"down": {"uv": [7.69231, 6.15385, 8, 6.30769], "rotation": 90, "texture": "#2"}
			}
		},
		{
			"name": "gun_6_4_14",
			"from": [7.55, 3.38462, 1.23077],
			"to": [8.60385, 3.84615, 1.38462],
			"rotation": {"angle": 0, "axis": "y", "origin": [16, 2, 8]},
			"faces": {
				"north": {"uv": [14.61538, 6.15385, 14.76923, 6.61538], "texture": "#2", "tintindex": 0},
				"east": {"uv": [14.61538, 6.15385, 14.76923, 6.61538], "texture": "#2"},
				"south": {"uv": [14.61538, 6.15385, 14.76923, 6.61538], "texture": "#2"},
				"west": {"uv": [14.61538, 6.61538, 14.76923, 6.15385], "rotation": 180, "texture": "#2"},
				"up": {"uv": [14.76923, 6.15385, 14.61538, 6.30769], "rotation": 90, "texture": "#2"},
				"down": {"uv": [14.61538, 6.46154, 14.76923, 6.61538], "rotation": 90, "texture": "#2"}
			}
		},
		{
			"name": "gun_6_4_15",
			"from": [7.55, 3.53846, 7.23077],
			"to": [8.60385, 3.69231, 8.15385],
			"rotation": {"angle": 0, "axis": "y", "origin": [16, 2, 8]},
			"faces": {
				"north": {"uv": [8.61538, 6.30769, 8.76923, 6.46154], "texture": "#2", "tintindex": 0},
				"east": {"uv": [7.84615, 6.30769, 8.76923, 6.46154], "texture": "#2"},
				"south": {"uv": [7.84615, 6.30769, 8, 6.46154], "texture": "#2"},
				"west": {"uv": [7.84615, 6.46154, 8.76923, 6.30769], "rotation": 180, "texture": "#2"},
				"up": {"uv": [8.76923, 6.30769, 7.84615, 6.46154], "rotation": 90, "texture": "#2"},
				"down": {"uv": [7.84615, 6.30769, 8.76923, 6.46154], "rotation": 90, "texture": "#2"}
			}
		},
		{
			"name": "gun_6_4_16",
			"from": [7.55, 1.23077, 7.23077],
			"to": [8.60385, 3.53846, 7.38462],
			"rotation": {"angle": 0, "axis": "y", "origin": [16, 2, 8]},
			"faces": {
				"north": {"uv": [8.61538, 6.46154, 8.76923, 8.76923], "texture": "#2", "tintindex": 0},
				"east": {"uv": [8.61538, 6.46154, 8.76923, 8.76923], "texture": "#2"},
				"south": {"uv": [8.61538, 6.46154, 8.76923, 8.76923], "texture": "#2"},
				"west": {"uv": [8.61538, 8.76923, 8.76923, 6.46154], "rotation": 180, "texture": "#2"},
				"up": {"uv": [8.76923, 6.46154, 8.61538, 6.61538], "rotation": 90, "texture": "#2"},
				"down": {"uv": [8.61538, 8.61538, 8.76923, 8.76923], "rotation": 90, "texture": "#2"}
			}
		},
		{
			"name": "gun_6_4_17",
			"from": [7.55, 2.15385, 10],
			"to": [8.60385, 3.38462, 10.15385],
			"rotation": {"angle": 0, "axis": "y", "origin": [16, 2, 8]},
			"faces": {
				"north": {"uv": [5.84615, 6.61538, 6, 7.84615], "texture": "#2", "tintindex": 0},
				"east": {"uv": [5.84615, 6.61538, 6, 7.84615], "texture": "#2"},
				"south": {"uv": [5.84615, 6.61538, 6, 7.84615], "texture": "#2"},
				"west": {"uv": [5.84615, 7.84615, 6, 6.61538], "rotation": 180, "texture": "#2"},
				"up": {"uv": [6, 6.61538, 5.84615, 6.76923], "rotation": 90, "texture": "#2"},
				"down": {"uv": [5.84615, 7.69231, 6, 7.84615], "rotation": 90, "texture": "#2"}
			}
		},
		{
			"name": "gun_6_4_18",
			"from": [7.55, 2.76923, 8.92308],
			"to": [8.60385, 3.38462, 9.53846],
			"rotation": {"angle": 0, "axis": "y", "origin": [16, 2, 8]},
			"faces": {
				"north": {"uv": [6.92308, 6.61538, 7.07692, 7.23077], "texture": "#2", "tintindex": 0},
				"east": {"uv": [6.46154, 6.61538, 7.07692, 7.23077], "texture": "#2"},
				"south": {"uv": [6.46154, 6.61538, 6.61538, 7.23077], "texture": "#2"},
				"west": {"uv": [6.46154, 7.23077, 7.07692, 6.61538], "rotation": 180, "texture": "#2"},
				"up": {"uv": [7.07692, 6.61538, 6.46154, 6.76923], "rotation": 90, "texture": "#2"},
				"down": {"uv": [6.46154, 7.07692, 7.07692, 7.23077], "rotation": 90, "texture": "#2"}
			}
		},
		{
			"name": "gun_6_4_19",
			"from": [7.55, 3.07692, 8.76923],
			"to": [8.60385, 3.38462, 8.92308],
			"rotation": {"angle": 0, "axis": "y", "origin": [16, 2, 8]},
			"faces": {
				"north": {"uv": [7.07692, 6.61538, 7.23077, 6.92308], "texture": "#2", "tintindex": 0},
				"east": {"uv": [7.07692, 6.61538, 7.23077, 6.92308], "texture": "#2"},
				"south": {"uv": [7.07692, 6.61538, 7.23077, 6.92308], "texture": "#2"},
				"west": {"uv": [7.07692, 6.92308, 7.23077, 6.61538], "rotation": 180, "texture": "#2"},
				"up": {"uv": [7.23077, 6.61538, 7.07692, 6.76923], "rotation": 90, "texture": "#2"},
				"down": {"uv": [7.07692, 6.76923, 7.23077, 6.92308], "rotation": 90, "texture": "#2"}
			}
		},
		{
			"name": "gun_6_4_20",
			"from": [7.55, 2.92308, 4],
			"to": [8.60385, 3.38462, 4.46154],
			"rotation": {"angle": 0, "axis": "y", "origin": [16, 2, 8]},
			"faces": {
				"north": {"uv": [11.84615, 6.61538, 12, 7.07692], "texture": "#2", "tintindex": 0},
				"east": {"uv": [11.53846, 6.61538, 12, 7.07692], "texture": "#2"},
				"south": {"uv": [11.53846, 6.61538, 11.69231, 7.07692], "texture": "#2"},
				"west": {"uv": [11.53846, 7.07692, 12, 6.61538], "rotation": 180, "texture": "#2"},
				"up": {"uv": [12, 6.61538, 11.53846, 6.76923], "rotation": 90, "texture": "#2"},
				"down": {"uv": [11.53846, 6.92308, 12, 7.07692], "rotation": 90, "texture": "#2"}
			}
		},
		{
			"name": "gun_6_4_21",
			"from": [7.55, 3.23077, 3.84615],
			"to": [8.60385, 3.38462, 4],
			"rotation": {"angle": 0, "axis": "y", "origin": [16, 2, 8]},
			"faces": {
				"north": {"uv": [12, 6.61538, 12.15385, 6.76923], "texture": "#2", "tintindex": 0},
				"east": {"uv": [12, 6.61538, 12.15385, 6.76923], "texture": "#2"},
				"south": {"uv": [12, 6.61538, 12.15385, 6.76923], "texture": "#2"},
				"west": {"uv": [12, 6.76923, 12.15385, 6.61538], "rotation": 180, "texture": "#2"},
				"up": {"uv": [12.15385, 6.61538, 12, 6.76923], "rotation": 90, "texture": "#2"},
				"down": {"uv": [12, 6.61538, 12.15385, 6.76923], "rotation": 90, "texture": "#2"}
			}
		},
		{
			"name": "gun_6_4_22",
			"from": [7.55, 3.23077, 1.38462],
			"to": [8.60385, 3.38462, 3.38462],
			"rotation": {"angle": 0, "axis": "y", "origin": [16, 2, 8]},
			"faces": {
				"north": {"uv": [14.46154, 6.61538, 14.61538, 6.76923], "texture": "#2", "tintindex": 0},
				"east": {"uv": [12.61538, 6.61538, 14.61538, 6.76923], "texture": "#2"},
				"south": {"uv": [12.61538, 6.61538, 12.76923, 6.76923], "texture": "#2"},
				"west": {"uv": [12.61538, 6.76923, 14.61538, 6.61538], "rotation": 180, "texture": "#2"},
				"up": {"uv": [14.61538, 6.61538, 12.61538, 6.76923], "rotation": 90, "texture": "#2"},
				"down": {"uv": [12.61538, 6.61538, 14.61538, 6.76923], "rotation": 90, "texture": "#2"}
			}
		},
		{
			"name": "gun_6_4_23",
			"from": [7.8, 1.23077, 2.30769],
			"to": [8.35385, 3.23077, 3.23077],
			"rotation": {"angle": 0, "axis": "y", "origin": [16, 2, 8]},
			"faces": {
				"north": {"uv": [13.53846, 6.76923, 13.69231, 8.76923], "texture": "#2", "tintindex": 0},
				"east": {"uv": [12.76923, 6.76923, 13.69231, 8.76923], "texture": "#2"},
				"south": {"uv": [12.76923, 6.76923, 12.92308, 8.76923], "texture": "#2"},
				"west": {"uv": [12.76923, 8.76923, 13.69231, 6.76923], "rotation": 180, "texture": "#2"},
				"up": {"uv": [13.69231, 6.76923, 12.76923, 6.92308], "rotation": 90, "texture": "#2"},
				"down": {"uv": [12.76923, 8.61538, 13.69231, 8.76923], "rotation": 90, "texture": "#2"}
			}
		},
		{
			"name": "gun_6_4_24",
			"from": [7.8, 3.07692, 1.38462],
			"to": [8.35385, 3.23077, 1.84615],
			"rotation": {"angle": 0, "axis": "y", "origin": [16, 2, 8]},
			"faces": {
				"north": {"uv": [14.46154, 6.76923, 14.61538, 6.92308], "texture": "#2", "tintindex": 0},
				"east": {"uv": [14.15385, 6.76923, 14.61538, 6.92308], "texture": "#2"},
				"south": {"uv": [14.15385, 6.76923, 14.30769, 6.92308], "texture": "#2"},
				"west": {"uv": [14.15385, 6.92308, 14.61538, 6.76923], "rotation": 180, "texture": "#2"},
				"up": {"uv": [14.61538, 6.76923, 14.15385, 6.92308], "rotation": 90, "texture": "#2"},
				"down": {"uv": [14.15385, 6.76923, 14.61538, 6.92308], "rotation": 90, "texture": "#2"}
			}
		},
		{
			"name": "gun_6_4_25",
			"from": [7.55, 1.23077, 7.38462],
			"to": [8.60385, 3.07692, 7.53846],
			"rotation": {"angle": 0, "axis": "y", "origin": [16, 2, 8]},
			"faces": {
				"north": {"uv": [8.46154, 6.92308, 8.61538, 8.76923], "texture": "#2", "tintindex": 0},
				"east": {"uv": [8.46154, 6.92308, 8.61538, 8.76923], "texture": "#2"},
				"south": {"uv": [8.46154, 6.92308, 8.61538, 8.76923], "texture": "#2"},
				"west": {"uv": [8.46154, 8.76923, 8.61538, 6.92308], "rotation": 180, "texture": "#2"},
				"up": {"uv": [8.61538, 6.92308, 8.46154, 7.07692], "rotation": 90, "texture": "#2"},
				"down": {"uv": [8.46154, 8.61538, 8.61538, 8.76923], "rotation": 90, "texture": "#2"}
			}
		},
		{
			"name": "gun_6_4_26",
			"from": [7.8, 2.76923, 1.38462],
			"to": [8.35385, 3.07692, 1.69231],
			"rotation": {"angle": 0, "axis": "y", "origin": [16, 2, 8]},
			"faces": {
				"north": {"uv": [14.46154, 6.92308, 14.61538, 7.23077], "texture": "#2", "tintindex": 0},
				"east": {"uv": [14.30769, 6.92308, 14.61538, 7.23077], "texture": "#2"},
				"south": {"uv": [14.30769, 6.92308, 14.46154, 7.23077], "texture": "#2"},
				"west": {"uv": [14.30769, 7.23077, 14.61538, 6.92308], "rotation": 180, "texture": "#2"},
				"up": {"uv": [14.61538, 6.92308, 14.30769, 7.07692], "rotation": 90, "texture": "#2"},
				"down": {"uv": [14.30769, 7.07692, 14.61538, 7.23077], "rotation": 90, "texture": "#2"}
			}
		},
		{
			"name": "gun_6_4_27",
			"from": [7.55, 2.15385, 10.15385],
			"to": [8.60385, 2.92308, 10.30769],
			"rotation": {"angle": 0, "axis": "y", "origin": [16, 2, 8]},
			"faces": {
				"north": {"uv": [5.69231, 7.07692, 5.84615, 7.84615], "texture": "#2", "tintindex": 0},
				"east": {"uv": [5.69231, 7.07692, 5.84615, 7.84615], "texture": "#2"},
				"south": {"uv": [5.69231, 7.07692, 5.84615, 7.84615], "texture": "#2"},
				"west": {"uv": [5.69231, 7.84615, 5.84615, 7.07692], "rotation": 180, "texture": "#2"},
				"up": {"uv": [5.84615, 7.07692, 5.69231, 7.23077], "rotation": 90, "texture": "#2"},
				"down": {"uv": [5.69231, 7.69231, 5.84615, 7.84615], "rotation": 90, "texture": "#2"}
			}
		},
		{
			"name": "gun_6_4_28",
			"from": [7.55, 2.46154, 4.15385],
			"to": [8.60385, 2.92308, 4.46154],
			"rotation": {"angle": 0, "axis": "y", "origin": [16, 2, 8]},
			"faces": {
				"north": {"uv": [11.69231, 7.07692, 11.84615, 7.53846], "texture": "#2", "tintindex": 0},
				"east": {"uv": [11.53846, 7.07692, 11.84615, 7.53846], "texture": "#2"},
				"south": {"uv": [11.53846, 7.07692, 11.69231, 7.53846], "texture": "#2"},
				"west": {"uv": [11.53846, 7.53846, 11.84615, 7.07692], "rotation": 180, "texture": "#2"},
				"up": {"uv": [11.84615, 7.07692, 11.53846, 7.23077], "rotation": 90, "texture": "#2"},
				"down": {"uv": [11.53846, 7.38462, 11.84615, 7.53846], "rotation": 90, "texture": "#2"}
			}
		},
		{
			"name": "gun_6_4_29",
			"from": [7.8, 1.23077, 3.23077],
			"to": [8.35385, 2.92308, 3.38462],
			"rotation": {"angle": 0, "axis": "y", "origin": [16, 2, 8]},
			"faces": {
				"north": {"uv": [12.61538, 7.07692, 12.76923, 8.76923], "texture": "#2", "tintindex": 0},
				"east": {"uv": [12.61538, 7.07692, 12.76923, 8.76923], "texture": "#2"},
				"south": {"uv": [12.61538, 7.07692, 12.76923, 8.76923], "texture": "#2"},
				"west": {"uv": [12.61538, 8.76923, 12.76923, 7.07692], "rotation": 180, "texture": "#2"},
				"up": {"uv": [12.76923, 7.07692, 12.61538, 7.23077], "rotation": 90, "texture": "#2"},
				"down": {"uv": [12.61538, 8.61538, 12.76923, 8.76923], "rotation": 90, "texture": "#2"}
			}
		},
		{
			"name": "gun_6_4_30",
			"from": [7.8, 1.23077, 2.15385],
			"to": [8.35385, 2.92308, 2.30769],
			"rotation": {"angle": 0, "axis": "y", "origin": [16, 2, 8]},
			"faces": {
				"north": {"uv": [13.69231, 7.07692, 13.84615, 8.76923], "texture": "#2", "tintindex": 0},
				"east": {"uv": [13.69231, 7.07692, 13.84615, 8.76923], "texture": "#2"},
				"south": {"uv": [13.69231, 7.07692, 13.84615, 8.76923], "texture": "#2"},
				"west": {"uv": [13.69231, 8.76923, 13.84615, 7.07692], "rotation": 180, "texture": "#2"},
				"up": {"uv": [13.84615, 7.07692, 13.69231, 7.23077], "rotation": 90, "texture": "#2"},
				"down": {"uv": [13.69231, 8.61538, 13.84615, 8.76923], "rotation": 90, "texture": "#2"}
			}
		},
		{
			"name": "gun_6_4_31",
			"from": [7.55, 2.46154, 9.07692],
			"to": [8.60385, 2.76923, 9.53846],
			"rotation": {"angle": 0, "axis": "y", "origin": [16, 2, 8]},
			"faces": {
				"north": {"uv": [6.76923, 7.23077, 6.92308, 7.53846], "texture": "#2", "tintindex": 0},
				"east": {"uv": [6.46154, 7.23077, 6.92308, 7.53846], "texture": "#2"},
				"south": {"uv": [6.46154, 7.23077, 6.61538, 7.53846], "texture": "#2"},
				"west": {"uv": [6.46154, 7.53846, 6.92308, 7.23077], "rotation": 180, "texture": "#2"},
				"up": {"uv": [6.92308, 7.23077, 6.46154, 7.38462], "rotation": 90, "texture": "#2"},
				"down": {"uv": [6.46154, 7.38462, 6.92308, 7.53846], "rotation": 90, "texture": "#2"}
			}
		},
		{
			"name": "gun_6_4_32",
			"from": [7.55, 2.30769, 10.30769],
			"to": [8.60385, 2.61538, 10.46154],
			"rotation": {"angle": 0, "axis": "y", "origin": [16, 2, 8]},
			"faces": {
				"north": {"uv": [5.53846, 7.38462, 5.69231, 7.69231], "texture": "#2", "tintindex": 0},
				"east": {"uv": [5.53846, 7.38462, 5.69231, 7.69231], "texture": "#2"},
				"south": {"uv": [5.53846, 7.38462, 5.69231, 7.69231], "texture": "#2"},
				"west": {"uv": [5.53846, 7.69231, 5.69231, 7.38462], "rotation": 180, "texture": "#2"},
				"up": {"uv": [5.69231, 7.38462, 5.53846, 7.53846], "rotation": 90, "texture": "#2"},
				"down": {"uv": [5.53846, 7.53846, 5.69231, 7.69231], "rotation": 90, "texture": "#2"}
			}
		},
		{
			"name": "gun_6_4_33",
			"from": [7.55, 1.23077, 7.53846],
			"to": [8.60385, 2.61538, 7.69231],
			"rotation": {"angle": 0, "axis": "y", "origin": [16, 2, 8]},
			"faces": {
				"north": {"uv": [8.30769, 7.38462, 8.46154, 8.76923], "texture": "#2", "tintindex": 0},
				"east": {"uv": [8.30769, 7.38462, 8.46154, 8.76923], "texture": "#2"},
				"south": {"uv": [8.30769, 7.38462, 8.46154, 8.76923], "texture": "#2"},
				"west": {"uv": [8.30769, 8.76923, 8.46154, 7.38462], "rotation": 180, "texture": "#2"},
				"up": {"uv": [8.46154, 7.38462, 8.30769, 7.53846], "rotation": 90, "texture": "#2"},
				"down": {"uv": [8.30769, 8.61538, 8.46154, 8.76923], "rotation": 90, "texture": "#2"}
			}
		},
		{
			"name": "gun_6_4_34",
			"from": [7.55, 1.84615, 9.23077],
			"to": [8.60385, 2.46154, 9.53846],
			"rotation": {"angle": 0, "axis": "y", "origin": [16, 2, 8]},
			"faces": {
				"north": {"uv": [6.61538, 7.53846, 6.76923, 8.15385], "texture": "#2", "tintindex": 0},
				"east": {"uv": [6.46154, 7.53846, 6.76923, 8.15385], "texture": "#2"},
				"south": {"uv": [6.46154, 7.53846, 6.61538, 8.15385], "texture": "#2"},
				"west": {"uv": [6.46154, 8.15385, 6.76923, 7.53846], "rotation": 180, "texture": "#2"},
				"up": {"uv": [6.76923, 7.53846, 6.46154, 7.69231], "rotation": 90, "texture": "#2"},
				"down": {"uv": [6.46154, 8, 6.76923, 8.15385], "rotation": 90, "texture": "#2"}
			}
		},
		{
			"name": "gun_6_4_35",
			"from": [7.55, 2.15385, 4.30769],
			"to": [8.60385, 2.46154, 4.46154],
			"rotation": {"angle": 0, "axis": "y", "origin": [16, 2, 8]},
			"faces": {
				"north": {"uv": [11.53846, 7.53846, 11.69231, 7.84615], "texture": "#2", "tintindex": 0},
				"east": {"uv": [11.53846, 7.53846, 11.69231, 7.84615], "texture": "#2"},
				"south": {"uv": [11.53846, 7.53846, 11.69231, 7.84615], "texture": "#2"},
				"west": {"uv": [11.53846, 7.84615, 11.69231, 7.53846], "rotation": 180, "texture": "#2"},
				"up": {"uv": [11.69231, 7.53846, 11.53846, 7.69231], "rotation": 90, "texture": "#2"},
				"down": {"uv": [11.53846, 7.69231, 11.69231, 7.84615], "rotation": 90, "texture": "#2"}
			}
		},
		{
			"name": "gun_6_4_36",
			"from": [7.55, 1.23077, 7.69231],
			"to": [8.60385, 2.30769, 7.84615],
			"rotation": {"angle": 0, "axis": "y", "origin": [16, 2, 8]},
			"faces": {
				"north": {"uv": [8.15385, 7.69231, 8.30769, 8.76923], "texture": "#2", "tintindex": 0},
				"east": {"uv": [8.15385, 7.69231, 8.30769, 8.76923], "texture": "#2"},
				"south": {"uv": [8.15385, 7.69231, 8.30769, 8.76923], "texture": "#2"},
				"west": {"uv": [8.15385, 8.76923, 8.30769, 7.69231], "rotation": 180, "texture": "#2"},
				"up": {"uv": [8.30769, 7.69231, 8.15385, 7.84615], "rotation": 90, "texture": "#2"},
				"down": {"uv": [8.15385, 8.61538, 8.30769, 8.76923], "rotation": 90, "texture": "#2"}
			}
		},
		{
			"name": "gun_6_4_37",
			"from": [7.55, 1.23077, 7.84615],
			"to": [8.60385, 2.15385, 8],
			"rotation": {"angle": 0, "axis": "y", "origin": [16, 2, 8]},
			"faces": {
				"north": {"uv": [8, 7.84615, 8.15385, 8.76923], "texture": "#2", "tintindex": 0},
				"east": {"uv": [8, 7.84615, 8.15385, 8.76923], "texture": "#2"},
				"south": {"uv": [8, 7.84615, 8.15385, 8.76923], "texture": "#2"},
				"west": {"uv": [8, 8.76923, 8.15385, 7.84615], "rotation": 180, "texture": "#2"},
				"up": {"uv": [8.15385, 7.84615, 8, 8], "rotation": 90, "texture": "#2"},
				"down": {"uv": [8, 8.61538, 8.15385, 8.76923], "rotation": 90, "texture": "#2"}
			}
		},
		{
			"name": "gun_6_4_38",
			"from": [7.55, 1.69231, 9.07692],
			"to": [8.60385, 2, 9.23077],
			"rotation": {"angle": 0, "axis": "y", "origin": [16, 2, 8]},
			"faces": {
				"north": {"uv": [6.76923, 8, 6.92308, 8.30769], "texture": "#2", "tintindex": 0},
				"east": {"uv": [6.76923, 8, 6.92308, 8.30769], "texture": "#2"},
				"south": {"uv": [6.76923, 8, 6.92308, 8.30769], "texture": "#2"},
				"west": {"uv": [6.76923, 8.30769, 6.92308, 8], "rotation": 180, "texture": "#2"},
				"up": {"uv": [6.92308, 8, 6.76923, 8.15385], "rotation": 90, "texture": "#2"},
				"down": {"uv": [6.76923, 8.15385, 6.92308, 8.30769], "rotation": 90, "texture": "#2"}
			}
		},
		{
			"name": "gun_6_4_39",
			"from": [7.55, 1.23077, 8],
			"to": [8.60385, 2, 8.15385],
			"rotation": {"angle": 0, "axis": "y", "origin": [16, 2, 8]},
			"faces": {
				"north": {"uv": [7.84615, 8, 8, 8.76923], "texture": "#2", "tintindex": 0},
				"east": {"uv": [7.84615, 8, 8, 8.76923], "texture": "#2"},
				"south": {"uv": [7.84615, 8, 8, 8.76923], "texture": "#2"},
				"west": {"uv": [7.84615, 8.76923, 8, 8], "rotation": 180, "texture": "#2"},
				"up": {"uv": [8, 8, 7.84615, 8.15385], "rotation": 90, "texture": "#2"},
				"down": {"uv": [7.84615, 8.61538, 8, 8.76923], "rotation": 90, "texture": "#2"}
			}
		},
		{
			"name": "gun_6_4_40",
			"from": [7.55, 1.69231, 9.23077],
			"to": [8.60385, 1.84615, 9.38462],
			"rotation": {"angle": 0, "axis": "y", "origin": [16, 2, 8]},
			"faces": {
				"north": {"uv": [6.61538, 8.15385, 6.76923, 8.30769], "texture": "#2", "tintindex": 0},
				"east": {"uv": [6.61538, 8.15385, 6.76923, 8.30769], "texture": "#2"},
				"south": {"uv": [6.61538, 8.15385, 6.76923, 8.30769], "texture": "#2"},
				"west": {"uv": [6.61538, 8.30769, 6.76923, 8.15385], "rotation": 180, "texture": "#2"},
				"up": {"uv": [6.76923, 8.15385, 6.61538, 8.30769], "rotation": 90, "texture": "#2"},
				"down": {"uv": [6.61538, 8.15385, 6.76923, 8.30769], "rotation": 90, "texture": "#2"}
			}
		},
		{
			"name": "gun_6_4_41",
			"from": [7.55, 1.53846, 8.92308],
			"to": [8.60385, 1.84615, 9.07692],
			"rotation": {"angle": 0, "axis": "y", "origin": [16, 2, 8]},
			"faces": {
				"north": {"uv": [6.92308, 8.15385, 7.07692, 8.46154], "texture": "#2", "tintindex": 0},
				"east": {"uv": [6.92308, 8.15385, 7.07692, 8.46154], "texture": "#2"},
				"south": {"uv": [6.92308, 8.15385, 7.07692, 8.46154], "texture": "#2"},
				"west": {"uv": [6.92308, 8.46154, 7.07692, 8.15385], "rotation": 180, "texture": "#2"},
				"up": {"uv": [7.07692, 8.15385, 6.92308, 8.30769], "rotation": 90, "texture": "#2"},
				"down": {"uv": [6.92308, 8.30769, 7.07692, 8.46154], "rotation": 90, "texture": "#2"}
			}
		},
		{
			"name": "gun_6_4_42",
			"from": [7.55, 1.38462, 8.15385],
			"to": [8.60385, 1.84615, 8.30769],
			"rotation": {"angle": 0, "axis": "y", "origin": [16, 2, 8]},
			"faces": {
				"north": {"uv": [7.69231, 8.15385, 7.84615, 8.61538], "texture": "#2", "tintindex": 0},
				"east": {"uv": [7.69231, 8.15385, 7.84615, 8.61538], "texture": "#2"},
				"south": {"uv": [7.69231, 8.15385, 7.84615, 8.61538], "texture": "#2"},
				"west": {"uv": [7.69231, 8.61538, 7.84615, 8.15385], "rotation": 180, "texture": "#2"},
				"up": {"uv": [7.84615, 8.15385, 7.69231, 8.30769], "rotation": 90, "texture": "#2"},
				"down": {"uv": [7.69231, 8.46154, 7.84615, 8.61538], "rotation": 90, "texture": "#2"}
			}
		},
		{
			"name": "gun_6_4_43",
			"from": [7.55, 1.23077, 4.76923],
			"to": [8.60385, 1.84615, 7.07692],
			"rotation": {"angle": 0, "axis": "y", "origin": [16, 2, 8]},
			"faces": {
				"north": {"uv": [11.07692, 8.15385, 11.23077, 8.76923], "texture": "#2", "tintindex": 0},
				"east": {"uv": [8.92308, 8.15385, 11.23077, 8.76923], "texture": "#2"},
				"south": {"uv": [8.92308, 8.15385, 9.07692, 8.76923], "texture": "#2"},
				"west": {"uv": [8.92308, 8.76923, 11.23077, 8.15385], "rotation": 180, "texture": "#2"},
				"up": {"uv": [11.23077, 8.15385, 8.92308, 8.30769], "rotation": 90, "texture": "#2"},
				"down": {"uv": [8.92308, 8.61538, 11.23077, 8.76923], "rotation": 90, "texture": "#2"}
			}
		},
		{
			"name": "gun_6_4_44",
			"from": [7.55, 1.38462, 4.61538],
			"to": [8.60385, 1.84615, 4.76923],
			"rotation": {"angle": 0, "axis": "y", "origin": [16, 2, 8]},
			"faces": {
				"north": {"uv": [11.23077, 8.15385, 11.38462, 8.61538], "texture": "#2", "tintindex": 0},
				"east": {"uv": [11.23077, 8.15385, 11.38462, 8.61538], "texture": "#2"},
				"south": {"uv": [11.23077, 8.15385, 11.38462, 8.61538], "texture": "#2"},
				"west": {"uv": [11.23077, 8.61538, 11.38462, 8.15385], "rotation": 180, "texture": "#2"},
				"up": {"uv": [11.38462, 8.15385, 11.23077, 8.30769], "rotation": 90, "texture": "#2"},
				"down": {"uv": [11.23077, 8.46154, 11.38462, 8.61538], "rotation": 90, "texture": "#2"}
			}
		},
		{
			"name": "gun_6_4_45",
			"from": [7.55, 1.53846, 8.61538],
			"to": [8.60385, 1.69231, 8.92308],
			"rotation": {"angle": 0, "axis": "y", "origin": [16, 2, 8]},
			"faces": {
				"north": {"uv": [7.23077, 8.30769, 7.38462, 8.46154], "texture": "#2", "tintindex": 0},
				"east": {"uv": [7.07692, 8.30769, 7.38462, 8.46154], "texture": "#2"},
				"south": {"uv": [7.07692, 8.30769, 7.23077, 8.46154], "texture": "#2"},
				"west": {"uv": [7.07692, 8.46154, 7.38462, 8.30769], "rotation": 180, "texture": "#2"},
				"up": {"uv": [7.38462, 8.30769, 7.07692, 8.46154], "rotation": 90, "texture": "#2"},
				"down": {"uv": [7.07692, 8.30769, 7.38462, 8.46154], "rotation": 90, "texture": "#2"}
			}
		},
		{
			"name": "gun_6_4_46",
			"from": [7.55, 1.38462, 8.30769],
			"to": [8.60385, 1.69231, 8.46154],
			"rotation": {"angle": 0, "axis": "y", "origin": [16, 2, 8]},
			"faces": {
				"north": {"uv": [7.53846, 8.30769, 7.69231, 8.61538], "texture": "#2", "tintindex": 0},
				"east": {"uv": [7.53846, 8.30769, 7.69231, 8.61538], "texture": "#2"},
				"south": {"uv": [7.53846, 8.30769, 7.69231, 8.61538], "texture": "#2"},
				"west": {"uv": [7.53846, 8.61538, 7.69231, 8.30769], "rotation": 180, "texture": "#2"},
				"up": {"uv": [7.69231, 8.30769, 7.53846, 8.46154], "rotation": 90, "texture": "#2"},
				"down": {"uv": [7.53846, 8.46154, 7.69231, 8.61538], "rotation": 90, "texture": "#2"}
			}
		},
		{
			"name": "gun_6_4_47",
			"from": [7.55, 1.38462, 8.46154],
			"to": [8.60385, 1.53846, 8.76923],
			"rotation": {"angle": 0, "axis": "y", "origin": [16, 2, 8]},
			"faces": {
				"north": {"uv": [7.38462, 8.46154, 7.53846, 8.61538], "texture": "#2", "tintindex": 0},
				"east": {"uv": [7.23077, 8.46154, 7.53846, 8.61538], "texture": "#2"},
				"south": {"uv": [7.23077, 8.46154, 7.38462, 8.61538], "texture": "#2"},
				"west": {"uv": [7.23077, 8.61538, 7.53846, 8.46154], "rotation": 180, "texture": "#2"},
				"up": {"uv": [7.53846, 8.46154, 7.23077, 8.61538], "rotation": 90, "texture": "#2"},
				"down": {"uv": [7.23077, 8.46154, 7.53846, 8.61538], "rotation": 90, "texture": "#2"}
			}
		},
		{
			"name": "gun_6_5_0",
			"from": [8.05, 6.31, 9.17308],
			"to": [8.10385, 6.42154, 9.53846],
			"rotation": {"angle": 0, "axis": "y", "origin": [16, 2, 8]},
			"faces": {
				"north": {"uv": [6.92308, 3.69231, 7.07692, 4.15385], "texture": "#8", "tintindex": 0},
				"east": {"uv": [6.46154, 3.69231, 7.07692, 4.15385], "texture": "#2"},
				"south": {"uv": [6.46154, 3.69231, 6.61538, 4.15385], "texture": "#8"},
				"west": {"uv": [6.46154, 4.15385, 7.07692, 3.69231], "rotation": 180, "texture": "#2"},
				"up": {"uv": [7.07692, 3.69231, 6.46154, 3.84615], "rotation": 90, "texture": "#2"},
				"down": {"uv": [6.46154, 4, 7.07692, 4.15385], "rotation": 90, "texture": "#2"}
			}
		},
		{
			"name": "gun_6_5_1",
			"from": [8.05, 6.31, 2.77308],
			"to": [8.10385, 6.42154, 3.03846],
			"rotation": {"angle": 0, "axis": "y", "origin": [16, 2, 1.5]},
			"faces": {
				"north": {"uv": [6.92308, 3.69231, 7.07692, 4.15385], "texture": "#8", "tintindex": 0},
				"east": {"uv": [6.46154, 3.69231, 7.07692, 4.15385], "texture": "#2"},
				"south": {"uv": [6.46154, 3.69231, 6.61538, 4.15385], "texture": "#8"},
				"west": {"uv": [6.46154, 4.15385, 7.07692, 3.69231], "rotation": 180, "texture": "#2"},
				"up": {"uv": [7.07692, 3.69231, 6.46154, 3.84615], "rotation": 90, "texture": "#2"},
				"down": {"uv": [6.46154, 4, 7.07692, 4.15385], "rotation": 90, "texture": "#2"}
			}
		},
		{
			"name": "gun_6_5_1",
			"from": [7.75, 5.84615, 8.92308],
			"to": [8.40385, 6.30769, 9.53846],
			"rotation": {"angle": 0, "axis": "y", "origin": [16, 2, 8]},
			"faces": {
				"north": {"uv": [6.92308, 3.69231, 7.07692, 4.15385], "texture": "#2", "tintindex": 0},
				"east": {"uv": [6.46154, 3.69231, 7.07692, 4.15385], "texture": "#2"},
				"south": {"uv": [6.46154, 3.69231, 6.61538, 4.15385], "texture": "#2"},
				"west": {"uv": [6.46154, 4.15385, 7.07692, 3.69231], "rotation": 180, "texture": "#2"},
				"up": {"uv": [7.07692, 3.69231, 6.46154, 3.84615], "rotation": 90, "texture": "#2"},
				"down": {"uv": [6.46154, 4, 7.07692, 4.15385], "rotation": 90, "texture": "#2"}
			}
		},
		{
			"name": "gun_6_5_1",
			"from": [7.75, 5.84615, 2.61538],
			"to": [8.40385, 6.30769, 3.07692],
			"rotation": {"angle": 0, "axis": "y", "origin": [16, 2, 8]},
			"faces": {
				"north": {"uv": [13.23077, 3.69231, 13.38462, 4.15385], "texture": "#2", "tintindex": 0},
				"east": {"uv": [12.92308, 3.69231, 13.38462, 4.15385], "texture": "#2"},
				"south": {"uv": [12.92308, 3.69231, 13.07692, 4.15385], "texture": "#2"},
				"west": {"uv": [12.92308, 4.15385, 13.38462, 3.69231], "rotation": 180, "texture": "#2"},
				"up": {"uv": [13.38462, 3.69231, 12.92308, 3.84615], "rotation": 90, "texture": "#2"},
				"down": {"uv": [12.92308, 4, 13.38462, 4.15385], "rotation": 90, "texture": "#2"}
			}
		},
		{
			"name": "gun_6_5_2",
			"from": [7.75, 5.84615, 8.15385],
			"to": [8.40385, 6.15385, 8.92308],
			"rotation": {"angle": 0, "axis": "y", "origin": [16, 2, 8]},
			"faces": {
				"north": {"uv": [7.69231, 3.84615, 7.84615, 4.15385], "texture": "#2", "tintindex": 0},
				"east": {"uv": [7.07692, 3.84615, 7.84615, 4.15385], "texture": "#2"},
				"south": {"uv": [7.07692, 3.84615, 7.23077, 4.15385], "texture": "#2"},
				"west": {"uv": [7.07692, 4.15385, 7.84615, 3.84615], "rotation": 180, "texture": "#2"},
				"up": {"uv": [7.84615, 3.84615, 7.07692, 4], "rotation": 90, "texture": "#2"},
				"down": {"uv": [7.07692, 4, 7.84615, 4.15385], "rotation": 90, "texture": "#2"}
			}
		},
		{
			"name": "gun_6_5_3",
			"from": [7.75, 5.84615, 1.84615],
			"to": [8.40385, 6.15385, 2.61538],
			"rotation": {"angle": 0, "axis": "y", "origin": [16, 2, 8]},
			"faces": {
				"north": {"uv": [14, 3.84615, 14.15385, 4.15385], "texture": "#2", "tintindex": 0},
				"east": {"uv": [13.38462, 3.84615, 14.15385, 4.15385], "texture": "#2"},
				"south": {"uv": [13.38462, 3.84615, 13.53846, 4.15385], "texture": "#2"},
				"west": {"uv": [13.38462, 4.15385, 14.15385, 3.84615], "rotation": 180, "texture": "#2"},
				"up": {"uv": [14.15385, 3.84615, 13.38462, 4], "rotation": 90, "texture": "#2"},
				"down": {"uv": [13.38462, 4, 14.15385, 4.15385], "rotation": 90, "texture": "#2"}
			}
		},
		{
			"name": "gun_6_5_4",
			"from": [7.75, 5.84615, 7.84615],
			"to": [8.40385, 6, 8],
			"rotation": {"angle": 0, "axis": "y", "origin": [16, 2, 8]},
			"faces": {
				"north": {"uv": [8, 4, 8.15385, 4.15385], "texture": "#2", "tintindex": 0},
				"east": {"uv": [8, 4, 8.15385, 4.15385], "texture": "#2"},
				"south": {"uv": [8, 4, 8.15385, 4.15385], "texture": "#2"},
				"west": {"uv": [8, 4.15385, 8.15385, 4], "rotation": 180, "texture": "#2"},
				"up": {"uv": [8.15385, 4, 8, 4.15385], "rotation": 90, "texture": "#2"},
				"down": {"uv": [8, 4, 8.15385, 4.15385], "rotation": 90, "texture": "#2"}
			}
		},
		{
			"name": "gun_6_5_5",
			"from": [7.75, 5.84615, 7.53846],
			"to": [8.40385, 6, 7.69231],
			"rotation": {"angle": 0, "axis": "y", "origin": [16, 2, 8]},
			"faces": {
				"north": {"uv": [8.30769, 4, 8.46154, 4.15385], "texture": "#2", "tintindex": 0},
				"east": {"uv": [8.30769, 4, 8.46154, 4.15385], "texture": "#2"},
				"south": {"uv": [8.30769, 4, 8.46154, 4.15385], "texture": "#2"},
				"west": {"uv": [8.30769, 4.15385, 8.46154, 4], "rotation": 180, "texture": "#2"},
				"up": {"uv": [8.46154, 4, 8.30769, 4.15385], "rotation": 90, "texture": "#2"},
				"down": {"uv": [8.30769, 4, 8.46154, 4.15385], "rotation": 90, "texture": "#2"}
			}
		},
		{
			"name": "gun_6_5_6",
			"from": [7.75, 5.84615, 7.23077],
			"to": [8.40385, 6, 7.38462],
			"rotation": {"angle": 0, "axis": "y", "origin": [16, 2, 8]},
			"faces": {
				"north": {"uv": [8.61538, 4, 8.76923, 4.15385], "texture": "#2", "tintindex": 0},
				"east": {"uv": [8.61538, 4, 8.76923, 4.15385], "texture": "#2"},
				"south": {"uv": [8.61538, 4, 8.76923, 4.15385], "texture": "#2"},
				"west": {"uv": [8.61538, 4.15385, 8.76923, 4], "rotation": 180, "texture": "#2"},
				"up": {"uv": [8.76923, 4, 8.61538, 4.15385], "rotation": 90, "texture": "#2"},
				"down": {"uv": [8.61538, 4, 8.76923, 4.15385], "rotation": 90, "texture": "#2"}
			}
		},
		{
			"name": "gun_6_5_7",
			"from": [7.75, 5.84615, 6.92308],
			"to": [8.40385, 6, 7.07692],
			"rotation": {"angle": 0, "axis": "y", "origin": [16, 2, 8]},
			"faces": {
				"north": {"uv": [8.92308, 4, 9.07692, 4.15385], "texture": "#2", "tintindex": 0},
				"east": {"uv": [8.92308, 4, 9.07692, 4.15385], "texture": "#2"},
				"south": {"uv": [8.92308, 4, 9.07692, 4.15385], "texture": "#2"},
				"west": {"uv": [8.92308, 4.15385, 9.07692, 4], "rotation": 180, "texture": "#2"},
				"up": {"uv": [9.07692, 4, 8.92308, 4.15385], "rotation": 90, "texture": "#2"},
				"down": {"uv": [8.92308, 4, 9.07692, 4.15385], "rotation": 90, "texture": "#2"}
			}
		},
		{
			"name": "gun_6_5_8",
			"from": [7.75, 5.84615, 6.61538],
			"to": [8.40385, 6, 6.76923],
			"rotation": {"angle": 0, "axis": "y", "origin": [16, 2, 8]},
			"faces": {
				"north": {"uv": [9.23077, 4, 9.38462, 4.15385], "texture": "#2", "tintindex": 0},
				"east": {"uv": [9.23077, 4, 9.38462, 4.15385], "texture": "#2"},
				"south": {"uv": [9.23077, 4, 9.38462, 4.15385], "texture": "#2"},
				"west": {"uv": [9.23077, 4.15385, 9.38462, 4], "rotation": 180, "texture": "#2"},
				"up": {"uv": [9.38462, 4, 9.23077, 4.15385], "rotation": 90, "texture": "#2"},
				"down": {"uv": [9.23077, 4, 9.38462, 4.15385], "rotation": 90, "texture": "#2"}
			}
		},
		{
			"name": "gun_6_5_9",
			"from": [7.75, 5.84615, 6.30769],
			"to": [8.40385, 6, 6.46154],
			"rotation": {"angle": 0, "axis": "y", "origin": [16, 2, 8]},
			"faces": {
				"north": {"uv": [9.53846, 4, 9.69231, 4.15385], "texture": "#2", "tintindex": 0},
				"east": {"uv": [9.53846, 4, 9.69231, 4.15385], "texture": "#2"},
				"south": {"uv": [9.53846, 4, 9.69231, 4.15385], "texture": "#2"},
				"west": {"uv": [9.53846, 4.15385, 9.69231, 4], "rotation": 180, "texture": "#2"},
				"up": {"uv": [9.69231, 4, 9.53846, 4.15385], "rotation": 90, "texture": "#2"},
				"down": {"uv": [9.53846, 4, 9.69231, 4.15385], "rotation": 90, "texture": "#2"}
			}
		},
		{
			"name": "gun_6_5_10",
			"from": [7.75, 5.84615, 6],
			"to": [8.40385, 6, 6.15385],
			"rotation": {"angle": 0, "axis": "y", "origin": [16, 2, 8]},
			"faces": {
				"north": {"uv": [9.84615, 4, 10, 4.15385], "texture": "#2", "tintindex": 0},
				"east": {"uv": [9.84615, 4, 10, 4.15385], "texture": "#2"},
				"south": {"uv": [9.84615, 4, 10, 4.15385], "texture": "#2"},
				"west": {"uv": [9.84615, 4.15385, 10, 4], "rotation": 180, "texture": "#2"},
				"up": {"uv": [10, 4, 9.84615, 4.15385], "rotation": 90, "texture": "#2"},
				"down": {"uv": [9.84615, 4, 10, 4.15385], "rotation": 90, "texture": "#2"}
			}
		},
		{
			"name": "gun_6_5_11",
			"from": [7.75, 5.84615, 5.69231],
			"to": [8.40385, 6, 5.84615],
			"rotation": {"angle": 0, "axis": "y", "origin": [16, 2, 8]},
			"faces": {
				"north": {"uv": [10.15385, 4, 10.30769, 4.15385], "texture": "#2", "tintindex": 0},
				"east": {"uv": [10.15385, 4, 10.30769, 4.15385], "texture": "#2"},
				"south": {"uv": [10.15385, 4, 10.30769, 4.15385], "texture": "#2"},
				"west": {"uv": [10.15385, 4.15385, 10.30769, 4], "rotation": 180, "texture": "#2"},
				"up": {"uv": [10.30769, 4, 10.15385, 4.15385], "rotation": 90, "texture": "#2"},
				"down": {"uv": [10.15385, 4, 10.30769, 4.15385], "rotation": 90, "texture": "#2"}
			}
		},
		{
			"name": "gun_6_5_12",
			"from": [7.75, 5.84615, 5.38462],
			"to": [8.40385, 6, 5.53846],
			"rotation": {"angle": 0, "axis": "y", "origin": [16, 2, 8]},
			"faces": {
				"north": {"uv": [10.46154, 4, 10.61538, 4.15385], "texture": "#2", "tintindex": 0},
				"east": {"uv": [10.46154, 4, 10.61538, 4.15385], "texture": "#2"},
				"south": {"uv": [10.46154, 4, 10.61538, 4.15385], "texture": "#2"},
				"west": {"uv": [10.46154, 4.15385, 10.61538, 4], "rotation": 180, "texture": "#2"},
				"up": {"uv": [10.61538, 4, 10.46154, 4.15385], "rotation": 90, "texture": "#2"},
				"down": {"uv": [10.46154, 4, 10.61538, 4.15385], "rotation": 90, "texture": "#2"}
			}
		},
		{
			"name": "gun_6_5_13",
			"from": [7.75, 5.84615, 5.07692],
			"to": [8.40385, 6, 5.23077],
			"rotation": {"angle": 0, "axis": "y", "origin": [16, 2, 8]},
			"faces": {
				"north": {"uv": [10.76923, 4, 10.92308, 4.15385], "texture": "#2", "tintindex": 0},
				"east": {"uv": [10.76923, 4, 10.92308, 4.15385], "texture": "#2"},
				"south": {"uv": [10.76923, 4, 10.92308, 4.15385], "texture": "#2"},
				"west": {"uv": [10.76923, 4.15385, 10.92308, 4], "rotation": 180, "texture": "#2"},
				"up": {"uv": [10.92308, 4, 10.76923, 4.15385], "rotation": 90, "texture": "#2"},
				"down": {"uv": [10.76923, 4, 10.92308, 4.15385], "rotation": 90, "texture": "#2"}
			}
		},
		{
			"name": "gun_6_5_14",
			"from": [7.75, 5.84615, 4.76923],
			"to": [8.40385, 6, 4.92308],
			"rotation": {"angle": 0, "axis": "y", "origin": [16, 2, 8]},
			"faces": {
				"north": {"uv": [11.07692, 4, 11.23077, 4.15385], "texture": "#2", "tintindex": 0},
				"east": {"uv": [11.07692, 4, 11.23077, 4.15385], "texture": "#2"},
				"south": {"uv": [11.07692, 4, 11.23077, 4.15385], "texture": "#2"},
				"west": {"uv": [11.07692, 4.15385, 11.23077, 4], "rotation": 180, "texture": "#2"},
				"up": {"uv": [11.23077, 4, 11.07692, 4.15385], "rotation": 90, "texture": "#2"},
				"down": {"uv": [11.07692, 4, 11.23077, 4.15385], "rotation": 90, "texture": "#2"}
			}
		},
		{
			"name": "gun_6_5_15",
			"from": [7.75, 5.84615, 4.46154],
			"to": [8.40385, 6, 4.61538],
			"rotation": {"angle": 0, "axis": "y", "origin": [16, 2, 8]},
			"faces": {
				"north": {"uv": [11.38462, 4, 11.53846, 4.15385], "texture": "#2", "tintindex": 0},
				"east": {"uv": [11.38462, 4, 11.53846, 4.15385], "texture": "#2"},
				"south": {"uv": [11.38462, 4, 11.53846, 4.15385], "texture": "#2"},
				"west": {"uv": [11.38462, 4.15385, 11.53846, 4], "rotation": 180, "texture": "#2"},
				"up": {"uv": [11.53846, 4, 11.38462, 4.15385], "rotation": 90, "texture": "#2"},
				"down": {"uv": [11.38462, 4, 11.53846, 4.15385], "rotation": 90, "texture": "#2"}
			}
		},
		{
			"name": "gun_6_5_16",
			"from": [7.75, 5.84615, 4.15385],
			"to": [8.40385, 6, 4.30769],
			"rotation": {"angle": 0, "axis": "y", "origin": [16, 2, 8]},
			"faces": {
				"north": {"uv": [11.69231, 4, 11.84615, 4.15385], "texture": "#2", "tintindex": 0},
				"east": {"uv": [11.69231, 4, 11.84615, 4.15385], "texture": "#2"},
				"south": {"uv": [11.69231, 4, 11.84615, 4.15385], "texture": "#2"},
				"west": {"uv": [11.69231, 4.15385, 11.84615, 4], "rotation": 180, "texture": "#2"},
				"up": {"uv": [11.84615, 4, 11.69231, 4.15385], "rotation": 90, "texture": "#2"},
				"down": {"uv": [11.69231, 4, 11.84615, 4.15385], "rotation": 90, "texture": "#2"}
			}
		},
		{
			"name": "gun_6_5_17",
			"from": [7.75, 5.84615, 3.84615],
			"to": [8.40385, 6, 4],
			"rotation": {"angle": 0, "axis": "y", "origin": [16, 2, 8]},
			"faces": {
				"north": {"uv": [12, 4, 12.15385, 4.15385], "texture": "#2", "tintindex": 0},
				"east": {"uv": [12, 4, 12.15385, 4.15385], "texture": "#2"},
				"south": {"uv": [12, 4, 12.15385, 4.15385], "texture": "#2"},
				"west": {"uv": [12, 4.15385, 12.15385, 4], "rotation": 180, "texture": "#2"},
				"up": {"uv": [12.15385, 4, 12, 4.15385], "rotation": 90, "texture": "#2"},
				"down": {"uv": [12, 4, 12.15385, 4.15385], "rotation": 90, "texture": "#2"}
			}
		},
		{
			"name": "gun_6_5_18",
			"from": [7.75, 5.84615, 3.53846],
			"to": [8.40385, 6, 3.69231],
			"rotation": {"angle": 0, "axis": "y", "origin": [16, 2, 8]},
			"faces": {
				"north": {"uv": [12.30769, 4, 12.46154, 4.15385], "texture": "#2", "tintindex": 0},
				"east": {"uv": [12.30769, 4, 12.46154, 4.15385], "texture": "#2"},
				"south": {"uv": [12.30769, 4, 12.46154, 4.15385], "texture": "#2"},
				"west": {"uv": [12.30769, 4.15385, 12.46154, 4], "rotation": 180, "texture": "#2"},
				"up": {"uv": [12.46154, 4, 12.30769, 4.15385], "rotation": 90, "texture": "#2"},
				"down": {"uv": [12.30769, 4, 12.46154, 4.15385], "rotation": 90, "texture": "#2"}
			}
		},
		{
			"name": "gun_6_5_19",
			"from": [7.75, 5.84615, 3.23077],
			"to": [8.40385, 6, 3.38462],
			"rotation": {"angle": 0, "axis": "y", "origin": [16, 2, 8]},
			"faces": {
				"north": {"uv": [12.61538, 4, 12.76923, 4.15385], "texture": "#2", "tintindex": 0},
				"east": {"uv": [12.61538, 4, 12.76923, 4.15385], "texture": "#2"},
				"south": {"uv": [12.61538, 4, 12.76923, 4.15385], "texture": "#2"},
				"west": {"uv": [12.61538, 4.15385, 12.76923, 4], "rotation": 180, "texture": "#2"},
				"up": {"uv": [12.76923, 4, 12.61538, 4.15385], "rotation": 90, "texture": "#2"},
				"down": {"uv": [12.61538, 4, 12.76923, 4.15385], "rotation": 90, "texture": "#2"}
			}
		},
		{
			"name": "gun_6_6_0",
			"from": [8.25, 6.30769, 9.07692],
			"to": [8.40385, 6.51923, 9.53846],
			"rotation": {"angle": 0, "axis": "y", "origin": [16.25, 2, 8]},
			"faces": {
				"north": {"uv": [6.76923, 3.23077, 6.92308, 3.69231], "texture": "#2", "tintindex": 0},
				"east": {"uv": [6.46154, 3.23077, 6.92308, 3.69231], "texture": "#2"},
				"south": {"uv": [6.46154, 3.23077, 6.61538, 3.69231], "texture": "#2"},
				"west": {"uv": [6.46154, 3.69231, 6.92308, 3.23077], "rotation": 180, "texture": "#2"},
				"up": {"uv": [6.92308, 3.23077, 6.46154, 3.38462], "rotation": 90, "texture": "#2"},
				"down": {"uv": [6.46154, 3.53846, 6.92308, 3.69231], "rotation": 90, "texture": "#2"}
			}
		},
		{
			"name": "gun_6_6_1",
			"from": [7.75, 6.30769, 9.07692],
			"to": [7.90385, 6.51923, 9.53846],
			"rotation": {"angle": 0, "axis": "y", "origin": [15.75, 2, 8]},
			"faces": {
				"north": {"uv": [6.76923, 3.23077, 6.92308, 3.69231], "texture": "#2", "tintindex": 0},
				"east": {"uv": [6.46154, 3.23077, 6.92308, 3.69231], "texture": "#2"},
				"south": {"uv": [6.46154, 3.23077, 6.61538, 3.69231], "texture": "#2"},
				"west": {"uv": [6.46154, 3.69231, 6.92308, 3.23077], "rotation": 180, "texture": "#2"},
				"up": {"uv": [6.92308, 3.23077, 6.46154, 3.38462], "rotation": 90, "texture": "#2"},
				"down": {"uv": [6.46154, 3.53846, 6.92308, 3.69231], "rotation": 90, "texture": "#2"}
			}
		},
		{
			"name": "gun_6_6_1",
			"from": [8.25, 6.30769, 2.76923],
			"to": [8.40385, 6.51923, 3.07692],
			"rotation": {"angle": 0, "axis": "y", "origin": [16.25, 2, 8]},
			"faces": {
				"north": {"uv": [13.07692, 3.23077, 13.23077, 3.69231], "texture": "#2", "tintindex": 0},
				"east": {"uv": [12.92308, 3.23077, 13.23077, 3.69231], "texture": "#2"},
				"south": {"uv": [12.92308, 3.23077, 13.07692, 3.69231], "texture": "#2"},
				"west": {"uv": [12.92308, 3.69231, 13.23077, 3.23077], "rotation": 180, "texture": "#2"},
				"up": {"uv": [13.23077, 3.23077, 12.92308, 3.38462], "rotation": 90, "texture": "#2"},
				"down": {"uv": [12.92308, 3.53846, 13.23077, 3.69231], "rotation": 90, "texture": "#2"}
			}
		},
		{
			"name": "gun_6_6_2",
			"from": [7.75, 6.30769, 2.76923],
			"to": [7.90385, 6.51923, 3.07692],
			"rotation": {"angle": 0, "axis": "y", "origin": [15.75, 2, 8]},
			"faces": {
				"north": {"uv": [13.07692, 3.23077, 13.23077, 3.69231], "texture": "#2", "tintindex": 0},
				"east": {"uv": [12.92308, 3.23077, 13.23077, 3.69231], "texture": "#2"},
				"south": {"uv": [12.92308, 3.23077, 13.07692, 3.69231], "texture": "#2"},
				"west": {"uv": [12.92308, 3.69231, 13.23077, 3.23077], "rotation": 180, "texture": "#2"},
				"up": {"uv": [13.23077, 3.23077, 12.92308, 3.38462], "rotation": 90, "texture": "#2"},
				"down": {"uv": [12.92308, 3.53846, 13.23077, 3.69231], "rotation": 90, "texture": "#2"}
			}
		},
		{
			"name": "gun_6_6_2",
			"from": [8.25, 6.30769, 8.92308],
			"to": [8.40385, 6.36538, 9.07692],
			"rotation": {"angle": 0, "axis": "y", "origin": [16.25, 2, 8]},
			"faces": {
				"north": {"uv": [6.92308, 3.38462, 7.07692, 3.69231], "texture": "#2", "tintindex": 0},
				"east": {"uv": [6.92308, 3.38462, 7.07692, 3.69231], "texture": "#2"},
				"south": {"uv": [6.92308, 3.38462, 7.07692, 3.69231], "texture": "#2"},
				"west": {"uv": [6.92308, 3.69231, 7.07692, 3.38462], "rotation": 180, "texture": "#2"},
				"up": {"uv": [7.07692, 3.38462, 6.92308, 3.53846], "rotation": 90, "texture": "#2"},
				"down": {"uv": [6.92308, 3.53846, 7.07692, 3.69231], "rotation": 90, "texture": "#2"}
			}
		},
		{
			"name": "gun_6_6_3",
			"from": [7.75, 6.30769, 8.92308],
			"to": [7.90385, 6.36538, 9.07692],
			"rotation": {"angle": 0, "axis": "y", "origin": [15.75, 2, 8]},
			"faces": {
				"north": {"uv": [6.92308, 3.38462, 7.07692, 3.69231], "texture": "#2", "tintindex": 0},
				"east": {"uv": [6.92308, 3.38462, 7.07692, 3.69231], "texture": "#2"},
				"south": {"uv": [6.92308, 3.38462, 7.07692, 3.69231], "texture": "#2"},
				"west": {"uv": [6.92308, 3.69231, 7.07692, 3.38462], "rotation": 180, "texture": "#2"},
				"up": {"uv": [7.07692, 3.38462, 6.92308, 3.53846], "rotation": 90, "texture": "#2"},
				"down": {"uv": [6.92308, 3.53846, 7.07692, 3.69231], "rotation": 90, "texture": "#2"}
			}
		},
		{
			"name": "gun_6_6_3",
			"from": [8.25, 6.30769, 2.61538],
			"to": [8.40385, 6.36538, 2.76923],
			"rotation": {"angle": 0, "axis": "y", "origin": [16.25, 2, 8]},
			"faces": {
				"north": {"uv": [13.23077, 3.38462, 13.38462, 3.69231], "texture": "#2", "tintindex": 0},
				"east": {"uv": [13.23077, 3.38462, 13.38462, 3.69231], "texture": "#2"},
				"south": {"uv": [13.23077, 3.38462, 13.38462, 3.69231], "texture": "#2"},
				"west": {"uv": [13.23077, 3.69231, 13.38462, 3.38462], "rotation": 180, "texture": "#2"},
				"up": {"uv": [13.38462, 3.38462, 13.23077, 3.53846], "rotation": 90, "texture": "#2"},
				"down": {"uv": [13.23077, 3.53846, 13.38462, 3.69231], "rotation": 90, "texture": "#2"}
			}
		},
		{
			"name": "gun_6_6_4",
			"from": [7.75, 6.30769, 2.61538],
			"to": [7.90385, 6.36538, 2.76923],
			"rotation": {"angle": 0, "axis": "y", "origin": [15.75, 2, 8]},
			"faces": {
				"north": {"uv": [13.23077, 3.38462, 13.38462, 3.69231], "texture": "#2", "tintindex": 0},
				"east": {"uv": [13.23077, 3.38462, 13.38462, 3.69231], "texture": "#2"},
				"south": {"uv": [13.23077, 3.38462, 13.38462, 3.69231], "texture": "#2"},
				"west": {"uv": [13.23077, 3.69231, 13.38462, 3.38462], "rotation": 180, "texture": "#2"},
				"up": {"uv": [13.38462, 3.38462, 13.23077, 3.53846], "rotation": 90, "texture": "#2"},
				"down": {"uv": [13.23077, 3.53846, 13.38462, 3.69231], "rotation": 90, "texture": "#2"}
			}
		},
		{
			"name": "gun_6_7_0",
			"from": [7.8, 3.84615, 0.30769],
			"to": [8.35385, 4.46154, 1.38462],
			"rotation": {"angle": 0, "axis": "y", "origin": [16, 2, 8]},
			"faces": {
				"north": {"uv": [15.53846, 5.53846, 15.69231, 6.15385], "texture": "#2", "tintindex": 0},
				"east": {"uv": [14.61538, 5.53846, 15.69231, 6.15385], "texture": "#2"},
				"south": {"uv": [14.61538, 5.53846, 14.76923, 6.15385], "texture": "#2"},
				"west": {"uv": [14.61538, 6.15385, 15.69231, 5.53846], "rotation": 180, "texture": "#2"},
				"up": {"uv": [15.69231, 5.53846, 14.61538, 5.69231], "rotation": 90, "texture": "#2"},
				"down": {"uv": [14.61538, 6, 15.69231, 6.15385], "rotation": 90, "texture": "#2"}
			}
		},
		{
			"name": "gun_6_7_1",
			"from": [7.8, 3.84615, 0.3],
			"to": [8.35385, 4.46154, 0.3],
			"rotation": {"angle": 0, "axis": "y", "origin": [16, 2, 8]},
			"faces": {
				"north": {"uv": [0, 0, 16, 16], "texture": "#9", "tintindex": 0},
				"east": {"uv": [0, 0, 16, 16], "texture": "#9"},
				"south": {"uv": [0, 0, 16, 16], "texture": "#9"},
				"west": {"uv": [0, 0, 16, 16], "texture": "#9"},
				"up": {"uv": [0, 0, 16, 16], "texture": "#9"},
				"down": {"uv": [0, 0, 16, 16], "texture": "#9"}
			}
		},
		{
			"name": "gun_6_8_0",
			"from": [7.75, 0.30769, 5.07692],
			"to": [8.40385, 1.23077, 6.15385],
			"rotation": {"angle": 0, "axis": "y", "origin": [16, 2, 8]},
			"faces": {
				"north": {"uv": [10.76923, 8.76923, 10.92308, 9.69231], "texture": "#2", "tintindex": 0},
				"east": {"uv": [9.84615, 8.76923, 10.92308, 9.69231], "texture": "#2"},
				"south": {"uv": [9.84615, 8.76923, 10, 9.69231], "texture": "#2"},
				"west": {"uv": [9.84615, 9.69231, 10.92308, 8.76923], "rotation": 180, "texture": "#2"},
				"up": {"uv": [10.92308, 8.76923, 9.84615, 8.92308], "rotation": 90, "texture": "#2"},
				"down": {"uv": [9.84615, 9.53846, 10.92308, 9.69231], "rotation": 90, "texture": "#2"}
			}
		},
		{
			"name": "gun_6_8_1",
			"from": [7.75, 1.07692, 4.76923],
			"to": [8.40385, 1.23077, 5.07692],
			"rotation": {"angle": 0, "axis": "y", "origin": [16, 2, 8]},
			"faces": {
				"north": {"uv": [11.07692, 8.76923, 11.23077, 8.92308], "texture": "#2", "tintindex": 0},
				"east": {"uv": [10.92308, 8.76923, 11.23077, 8.92308], "texture": "#2"},
				"south": {"uv": [10.92308, 8.76923, 11.07692, 8.92308], "texture": "#2"},
				"west": {"uv": [10.92308, 8.92308, 11.23077, 8.76923], "rotation": 180, "texture": "#2"},
				"up": {"uv": [11.23077, 8.76923, 10.92308, 8.92308], "rotation": 90, "texture": "#2"},
				"down": {"uv": [10.92308, 8.76923, 11.23077, 8.92308], "rotation": 90, "texture": "#2"}
			}
		},
		{
			"name": "gun_6_8_2",
			"from": [7.75, -1.84615, 6.15385],
			"to": [8.40385, 1.07692, 6.30769],
			"rotation": {"angle": 0, "axis": "y", "origin": [16, 2, 8]},
			"faces": {
				"north": {"uv": [9.69231, 8.92308, 9.84615, 11.84615], "texture": "#2", "tintindex": 0},
				"east": {"uv": [9.69231, 8.92308, 9.84615, 11.84615], "texture": "#2"},
				"south": {"uv": [9.69231, 8.92308, 9.84615, 11.84615], "texture": "#2"},
				"west": {"uv": [9.69231, 11.84615, 9.84615, 8.92308], "rotation": 180, "texture": "#2"},
				"up": {"uv": [9.84615, 8.92308, 9.69231, 9.07692], "rotation": 90, "texture": "#2"},
				"down": {"uv": [9.69231, 11.69231, 9.84615, 11.84615], "rotation": 90, "texture": "#2"}
			}
		},
		{
			"name": "gun_6_8_3",
			"from": [7.75, 0.61538, 4.92308],
			"to": [8.40385, 1.07692, 5.07692],
			"rotation": {"angle": 0, "axis": "y", "origin": [16, 2, 8]},
			"faces": {
				"north": {"uv": [10.92308, 8.92308, 11.07692, 9.38462], "texture": "#2", "tintindex": 0},
				"east": {"uv": [10.92308, 8.92308, 11.07692, 9.38462], "texture": "#2"},
				"south": {"uv": [10.92308, 8.92308, 11.07692, 9.38462], "texture": "#2"},
				"west": {"uv": [10.92308, 9.38462, 11.07692, 8.92308], "rotation": 180, "texture": "#2"},
				"up": {"uv": [11.07692, 8.92308, 10.92308, 9.07692], "rotation": 90, "texture": "#2"},
				"down": {"uv": [10.92308, 9.23077, 11.07692, 9.38462], "rotation": 90, "texture": "#2"}
			}
		},
		{
			"name": "gun_6_8_4",
			"from": [7.75, -1.84615, 6.30769],
			"to": [8.40385, 0.61538, 6.46154],
			"rotation": {"angle": 0, "axis": "y", "origin": [16, 2, 8]},
			"faces": {
				"north": {"uv": [9.53846, 9.38462, 9.69231, 11.84615], "texture": "#2", "tintindex": 0},
				"east": {"uv": [9.53846, 9.38462, 9.69231, 11.84615], "texture": "#2"},
				"south": {"uv": [9.53846, 9.38462, 9.69231, 11.84615], "texture": "#2"},
				"west": {"uv": [9.53846, 11.84615, 9.69231, 9.38462], "rotation": 180, "texture": "#2"},
				"up": {"uv": [9.69231, 9.38462, 9.53846, 9.53846], "rotation": 90, "texture": "#2"},
				"down": {"uv": [9.53846, 11.69231, 9.69231, 11.84615], "rotation": 90, "texture": "#2"}
			}
		},
		{
			"name": "gun_6_8_5",
			"from": [7.75, -0.46154, 5.38462],
			"to": [8.40385, 0.30769, 6.15385],
			"rotation": {"angle": 0, "axis": "y", "origin": [16, 2, 8]},
			"faces": {
				"north": {"uv": [10.46154, 9.69231, 10.61538, 10.46154], "texture": "#2", "tintindex": 0},
				"east": {"uv": [9.84615, 9.69231, 10.61538, 10.46154], "texture": "#2"},
				"south": {"uv": [9.84615, 9.69231, 10, 10.46154], "texture": "#2"},
				"west": {"uv": [9.84615, 10.46154, 10.61538, 9.69231], "rotation": 180, "texture": "#2"},
				"up": {"uv": [10.61538, 9.69231, 9.84615, 9.84615], "rotation": 90, "texture": "#2"},
				"down": {"uv": [9.84615, 10.30769, 10.61538, 10.46154], "rotation": 90, "texture": "#2"}
			}
		},
		{
			"name": "gun_6_8_6",
			"from": [7.75, -0.15385, 5.23077],
			"to": [8.40385, 0.30769, 5.38462],
			"rotation": {"angle": 0, "axis": "y", "origin": [16, 2, 8]},
			"faces": {
				"north": {"uv": [10.61538, 9.69231, 10.76923, 10.15385], "texture": "#2", "tintindex": 0},
				"east": {"uv": [10.61538, 9.69231, 10.76923, 10.15385], "texture": "#2"},
				"south": {"uv": [10.61538, 9.69231, 10.76923, 10.15385], "texture": "#2"},
				"west": {"uv": [10.61538, 10.15385, 10.76923, 9.69231], "rotation": 180, "texture": "#2"},
				"up": {"uv": [10.76923, 9.69231, 10.61538, 9.84615], "rotation": 90, "texture": "#2"},
				"down": {"uv": [10.61538, 10, 10.76923, 10.15385], "rotation": 90, "texture": "#2"}
			}
		},
		{
			"name": "gun_6_8_7",
			"from": [7.75, -1.69231, 6.46154],
			"to": [8.40385, 0.15385, 6.61538],
			"rotation": {"angle": 0, "axis": "y", "origin": [16, 2, 8]},
			"faces": {
				"north": {"uv": [9.38462, 9.84615, 9.53846, 11.69231], "texture": "#2", "tintindex": 0},
				"east": {"uv": [9.38462, 9.84615, 9.53846, 11.69231], "texture": "#2"},
				"south": {"uv": [9.38462, 9.84615, 9.53846, 11.69231], "texture": "#2"},
				"west": {"uv": [9.38462, 11.69231, 9.53846, 9.84615], "rotation": 180, "texture": "#2"},
				"up": {"uv": [9.53846, 9.84615, 9.38462, 10], "rotation": 90, "texture": "#2"},
				"down": {"uv": [9.38462, 11.53846, 9.53846, 11.69231], "rotation": 90, "texture": "#2"}
			}
		},
		{
			"name": "gun_6_8_8",
			"from": [7.75, -1.69231, 6.61538],
			"to": [8.40385, -0.30769, 6.76923],
			"rotation": {"angle": 0, "axis": "y", "origin": [16, 2, 8]},
			"faces": {
				"north": {"uv": [9.23077, 10.30769, 9.38462, 11.69231], "texture": "#2", "tintindex": 0},
				"east": {"uv": [9.23077, 10.30769, 9.38462, 11.69231], "texture": "#2"},
				"south": {"uv": [9.23077, 10.30769, 9.38462, 11.69231], "texture": "#2"},
				"west": {"uv": [9.23077, 11.69231, 9.38462, 10.30769], "rotation": 180, "texture": "#2"},
				"up": {"uv": [9.38462, 10.30769, 9.23077, 10.46154], "rotation": 90, "texture": "#2"},
				"down": {"uv": [9.23077, 11.53846, 9.38462, 11.69231], "rotation": 90, "texture": "#2"}
			}
		},
		{
			"name": "gun_6_8_9",
			"from": [7.75, -1.23077, 5.69231],
			"to": [8.40385, -0.46154, 6.15385],
			"rotation": {"angle": 0, "axis": "y", "origin": [16, 2, 8]},
			"faces": {
				"north": {"uv": [10.15385, 10.46154, 10.30769, 11.23077], "texture": "#2", "tintindex": 0},
				"east": {"uv": [9.84615, 10.46154, 10.30769, 11.23077], "texture": "#2"},
				"south": {"uv": [9.84615, 10.46154, 10, 11.23077], "texture": "#2"},
				"west": {"uv": [9.84615, 11.23077, 10.30769, 10.46154], "rotation": 180, "texture": "#2"},
				"up": {"uv": [10.30769, 10.46154, 9.84615, 10.61538], "rotation": 90, "texture": "#2"},
				"down": {"uv": [9.84615, 11.07692, 10.30769, 11.23077], "rotation": 90, "texture": "#2"}
			}
		},
		{
			"name": "gun_6_8_10",
			"from": [7.75, -0.76923, 5.53846],
			"to": [8.40385, -0.46154, 5.69231],
			"rotation": {"angle": 0, "axis": "y", "origin": [16, 2, 8]},
			"faces": {
				"north": {"uv": [10.30769, 10.46154, 10.46154, 10.76923], "texture": "#2", "tintindex": 0},
				"east": {"uv": [10.30769, 10.46154, 10.46154, 10.76923], "texture": "#2"},
				"south": {"uv": [10.30769, 10.46154, 10.46154, 10.76923], "texture": "#2"},
				"west": {"uv": [10.30769, 10.76923, 10.46154, 10.46154], "rotation": 180, "texture": "#2"},
				"up": {"uv": [10.46154, 10.46154, 10.30769, 10.61538], "rotation": 90, "texture": "#2"},
				"down": {"uv": [10.30769, 10.61538, 10.46154, 10.76923], "rotation": 90, "texture": "#2"}
			}
		},
		{
			"name": "gun_6_8_11",
			"from": [7.75, -1.53846, 6.76923],
			"to": [8.40385, -0.76923, 6.92308],
			"rotation": {"angle": 0, "axis": "y", "origin": [16, 2, 8]},
			"faces": {
				"north": {"uv": [9.07692, 10.76923, 9.23077, 11.53846], "texture": "#2", "tintindex": 0},
				"east": {"uv": [9.07692, 10.76923, 9.23077, 11.53846], "texture": "#2"},
				"south": {"uv": [9.07692, 10.76923, 9.23077, 11.53846], "texture": "#2"},
				"west": {"uv": [9.07692, 11.53846, 9.23077, 10.76923], "rotation": 180, "texture": "#2"},
				"up": {"uv": [9.23077, 10.76923, 9.07692, 10.92308], "rotation": 90, "texture": "#2"},
				"down": {"uv": [9.07692, 11.38462, 9.23077, 11.53846], "rotation": 90, "texture": "#2"}
			}
		},
		{
			"name": "gun_6_8_12",
			"from": [7.75, -1.53846, 6.92308],
			"to": [8.40385, -1.23077, 7.07692],
			"rotation": {"angle": 0, "axis": "y", "origin": [16, 2, 8]},
			"faces": {
				"north": {"uv": [8.92308, 11.23077, 9.07692, 11.53846], "texture": "#2", "tintindex": 0},
				"east": {"uv": [8.92308, 11.23077, 9.07692, 11.53846], "texture": "#2"},
				"south": {"uv": [8.92308, 11.23077, 9.07692, 11.53846], "texture": "#2"},
				"west": {"uv": [8.92308, 11.53846, 9.07692, 11.23077], "rotation": 180, "texture": "#2"},
				"up": {"uv": [9.07692, 11.23077, 8.92308, 11.38462], "rotation": 90, "texture": "#2"},
				"down": {"uv": [8.92308, 11.38462, 9.07692, 11.53846], "rotation": 90, "texture": "#2"}
			}
		},
		{
			"name": "gun_6_8_13",
			"from": [7.75, -1.84615, 5.84615],
			"to": [8.40385, -1.23077, 6.15385],
			"rotation": {"angle": 0, "axis": "y", "origin": [16, 2, 8]},
			"faces": {
				"north": {"uv": [10, 11.23077, 10.15385, 11.84615], "texture": "#2", "tintindex": 0},
				"east": {"uv": [9.84615, 11.23077, 10.15385, 11.84615], "texture": "#2"},
				"south": {"uv": [9.84615, 11.23077, 10, 11.84615], "texture": "#2"},
				"west": {"uv": [9.84615, 11.84615, 10.15385, 11.23077], "rotation": 180, "texture": "#2"},
				"up": {"uv": [10.15385, 11.23077, 9.84615, 11.38462], "rotation": 90, "texture": "#2"},
				"down": {"uv": [9.84615, 11.69231, 10.15385, 11.84615], "rotation": 90, "texture": "#2"}
			}
		}
	],
	"display": {
		"thirdperson_righthand": {
			"translation": [0, 6, 1.5]
		},
		"thirdperson_lefthand": {
			"translation": [0, 6, 1.5]
		},
		"firstperson_righthand": {
			"translation": [0, 18.75, -0.5],
			"scale": [1.5, 1.5, 1.5]
		},
		"firstperson_lefthand": {
			"translation": [0, 18.75, -0.5],
			"scale": [1.5, 1.5, 1.5]
		},
		"ground": {
			"rotation": [0, 0, 90],
			"translation": [-5.25, -2.25, -1.5]
		},
		"gui": {
			"rotation": [74, 65, -62],
			"translation": [2, 6.25, 0],
			"scale": [1.2, 1.2, 1.2]
		},
		"head": {
			"rotation": [93, 59, -84],
			"translation": [2.25, -8.75, 5]
		},
		"fixed": {
			"rotation": [0, 90, 0],
			"translation": [-0.5, 5.25, -1.25],
			"scale": [1.5, 1.5, 1.5]
		}
	},
	"groups": [
		{
			"name": "gun_6_1",
			"origin": [8, 8, 8],
			"children": [0, 1, 2]
		},
		{
			"name": "gun_6_2",
			"origin": [8, 8, 8],
			"children": [3, 4, 5]
		},
		{
			"name": "gun_6_3",
			"origin": [8, 8, 8],
			"children": [6, 7, 8, 9, 10, 11, 12, 13]
		},
		{
			"name": "gun_6_4",
			"origin": [8, 8, 8],
			"children": [14, 15, 16, 17, 18, 19, 20, 21, 22, 23, 24, 25, 26, 27, 28, 29, 30, 31, 32, 33, 34, 35, 36, 37, 38, 39, 40, 41, 42, 43, 44, 45, 46, 47, 48, 49, 50, 51, 52, 53, 54, 55, 56, 57, 58, 59, 60, 61, 62]
		},
		{
			"name": "gun_6_5",
			"origin": [8, 8, 8],
			"children": [63, 64, 65, 66, 67, 68, 69, 70, 71, 72, 73, 74, 75, 76, 77, 78, 79, 80, 81, 82, 83, 84]
		},
		{
			"name": "gun_6_6",
			"origin": [8, 8, 8],
			"children": [85, 86, 87, 88, 89, 90, 91, 92]
		},
		{
			"name": "gun_6_7",
			"origin": [8, 8, 8],
			"children": [93, 94]
		},
		{
			"name": "gun_6_8",
			"origin": [8, 8, 8],
			"children": [95, 96, 97, 98, 99, 100, 101, 102, 103, 104, 105, 106, 107, 108]
		}
	]
}