{
	"credit": "Made by MILENARY",
	"textures": {
		"0": "block/arrow_3",
		"particle": "block/arrow_3"
	},
	"elements": [
		{
			"from": [0, 0, 8],
			"to": [16, 16, 8],
			"rotation": {"angle": 0, "axis": "y", "origin": [8, 8, 15]},
			"faces": {
				"north": {"uv": [16, 0, 0, 16], "texture": "#0"},
				"east": {"uv": [0, 0, 0, 16], "texture": "#0"},
				"south": {"uv": [0, 0, 16, 16], "texture": "#0"},
				"west": {"uv": [0, 0, 0, 16], "texture": "#0"},
				"up": {"uv": [0, 0, 16, 0], "texture": "#0"},
				"down": {"uv": [0, 0, 16, 0], "texture": "#0"}
			}
		}
	],
	"display": {
		"gui": {
			"rotation": [0, 0, -180],
			"scale": [0.8, 0.8, 0]
		},
		"head": {
			"rotation": [0, 0, -90],
			"translation": [0, 13.25, -6.5],
			"scale": [2, 2, 2]
		},
		"fixed": {
			"translation": [0, 0, -0.75]
		}
	}
}