{
	"credit": "Made by MILENARY",
	"textures": {
		"0": "block/cover",
		"particle": "block/cover"
	},
	"elements": [
		{
			"from": [-16, 0, 7],
			"to": [32, 26, 7],
			"rotation": {"angle": 0, "axis": "y", "origin": [8, 8, 15]},
			"faces": {
				"north": {"uv": [0, 5, 16, 13], "texture": "#0"},
				"east": {"uv": [0, 0, 0, 16], "texture": "#0"},
				"south": {"uv": [16, 5.05, 0, 13.25], "texture": "#0"},
				"west": {"uv": [0, 0, 0, 16], "texture": "#0"},
				"up": {"uv": [0, 0, 16, 0], "texture": "#0"},
				"down": {"uv": [0, 0, 16, 0], "texture": "#0"}
			}
		}
	],
	"display": {
		"thirdperson_righthand": {
			"translation": [-7.5, 4.25, 0]
		},
		"thirdperson_lefthand": {
			"translation": [-7.5, 4.25, 0]
		},
		"firstperson_righthand": {
			"rotation": [0, -180, 0],
			"translation": [-8.5, 2.75, -6.25]
		},
		"firstperson_lefthand": {
			"rotation": [0, -180, 0],
			"translation": [-8.5, 2.75, -6.25]
		},
		"head": {
			"translation": [0, -13.25, 0],
			"scale": [4, 4, 4]
		},
		"fixed": {
			"translation": [63.5, -14, -0.5],
			"scale": [4, 4, 0.05]
		}
	}
}