{
	"credit": "Made by MILENARY",
	"textures": {
		"0": "block/heal",
		"particle": "block/heal"
	},
	"elements": [
		{
			"from": [0, 0, 9],
			"to": [16, 16, 9],
			"faces": {
				"north": {"uv": [0, 0, 16, 16], "texture": "#0"},
				"east": {"uv": [0, 0, 16, 16], "texture": "#0"},
				"south": {"uv": [0, 0, 16, 16], "texture": "#0"},
				"west": {"uv": [0, 0, 16, 16], "texture": "#0"},
				"up": {"uv": [0, 0, 16, 16], "texture": "#0"},
				"down": {"uv": [0, 0, 16, 16], "texture": "#0"}
			}
		}
	],
	"display": {
		"gui": {
			"translation": [0, 0.5, 0]
		},
		"head": {
			"translation": [0, -10.5, 0],
			"scale": [1.6, 1.6, 1.6]
		},
		"fixed": {
			"translation": [0, 0, -0.5],
			"scale": [3.5, 3.5, 0]
		}
	}
}