{
	"credit": "Made by MILENARY",
	"textures": {
		"0": "block/map_frame",
		"particle": "block/map_1"
	},
	"elements": [
		{
			"from": [-2.25, -0.25, 8],
			"to": [18.25, 20.25, 8],
			"rotation": {"angle": 0, "axis": "y", "origin": [8, 8, 16]},
			"faces": {
				"north": {"uv": [0, 0, 16, 16], "texture": "#0"},
				"east": {"uv": [0, 0, 0, 16], "texture": "#0"},
				"south": {"uv": [0, 0, 16, 16], "texture": "#0"},
				"west": {"uv": [0, 0, 0, 16], "texture": "#0"},
				"up": {"uv": [0, 0, 16, 0], "texture": "#0"},
				"down": {"uv": [0, 0, 16, 0], "texture": "#0"}
			}
		}
	],
	"display": {
		"thirdperson_righthand": {
			"translation": [0, 6.25, -1.25]
		},
		"thirdperson_lefthand": {
			"translation": [0, 6.25, -1.25]
		},
		"firstperson_righthand": {
			"translation": [-9, 5.25, 0]
		},
		"firstperson_lefthand": {
			"translation": [-9, 5.25, 0]
		},
		"gui": {
			"translation": [0, -1.5, 0],
			"scale": [0.75, 0.75, 0.75]
		},
		"head": {
			"scale": [4, 4, 0]
		},
		"fixed": {
			"rotation": [0, -180, 0],
			"translation": [0, -42.25, -0.75],
			"scale": [3.8, 3.8, 0]
		}
	},
	"groups": [0,
		{
			"name": "map_1",
			"origin": [8, 8, 8],
			"children": []
		}
	]
}