{
	"credit": "Made by MILENARY",
	"textures": {
		"0": "block/stop",
		"particle": "block/stop"
	},
	"elements": [
		{
			"from": [-6, -5, 9],
			"to": [23, 24, 9],
			"faces": {
				"north": {"uv": [0, 0, 16, 16], "texture": "#0"},
				"east": {"uv": [0, 0, 16, 16], "texture": "#0"},
				"south": {"uv": [16, 0, 0, 16], "texture": "#0"},
				"west": {"uv": [0, 0, 16, 16], "texture": "#0"},
				"up": {"uv": [0, 0, 16, 16], "texture": "#0"},
				"down": {"uv": [0, 0, 16, 16], "texture": "#0"}
			}
		}
	],
	"display": {
		"thirdperson_righthand": {
			"translation": [0, 6.25, -1.25]
		},
		"thirdperson_lefthand": {
			"translation": [0, 6.25, -1.25]
		},
		"firstperson_righthand": {
			"translation": [-9, 5.25, 0]
		},
		"firstperson_lefthand": {
			"translation": [-9, 5.25, 0]
		},
		"gui": {
			"translation": [0, -1.5, 0],
			"scale": [0.75, 0.75, 0.75]
		},
		"head": {
			"scale": [4, 4, 0]
		},
		"fixed": {
			"rotation": [0, -180, 0],
			"translation": [15.5, -2.5, -0.25],
			"scale": [4, 4, 0]
		}
	}
}