{
	"credit": "Made by MILENARY",
	"textures": {
		"2": "block/ui_bg_2"
	},
	"elements": [
		{
			"from": [-2, -10, 9.05],
			"to": [18, 19, 9.05],
			"faces": {
				"north": {"uv": [0, 0, 16, 16], "texture": "#2"},
				"east": {"uv": [0, 0, 16, 16], "texture": "#2"},
				"south": {"uv": [0, 0, 16, 16], "texture": "#2"},
				"west": {"uv": [0, 0, 16, 16], "texture": "#2"},
				"up": {"uv": [0, 0, 16, 16], "texture": "#2"},
				"down": {"uv": [0, 0, 16, 16], "texture": "#2"}
			}
		}
	],
	"display": {
		"gui": {
			"translation": [0, 0.5, 0]
		},
		"head": {
			"translation": [0, 8, 0],
			"scale": [1.6, 1.6, 1.6]
		},
		"fixed": {
			"translation": [0, 31.5, -0.25],
			"scale": [3.5, 3.5, 0]
		}
	}
}