{
	"credit": "Made by MILENARY",
	"textures": {
		"0": "block/red_gun_1",
		"1": "block/red_gun_2",
		"2": "block/red_gun_3",
		"particle": "block/red_gun_1"
	},
	"elements": [
		{
			"from": [7, 0, 7],
			"to": [9, 1.7, 9],
			"rotation": {"angle": 0, "axis": "y", "origin": [16, 8, 15]},
			"faces": {
				"north": {"uv": [0, 0, 2, 1.7], "texture": "#2"},
				"east": {"uv": [0, 0, 2, 1.7], "texture": "#2"},
				"south": {"uv": [0, 0, 2, 1.7], "texture": "#2"},
				"west": {"uv": [0, 0, 2, 1.7], "texture": "#2"},
				"up": {"uv": [0, 0, 2, 2], "texture": "#2"},
				"down": {"uv": [0, 0, 2, 2], "texture": "#2"}
			}
		},
		{
			"from": [7, 1.7, 7],
			"to": [9, 2.7, 9],
			"rotation": {"angle": 0, "axis": "y", "origin": [16, 8, 15]},
			"faces": {
				"north": {"uv": [0, 0, 2, 1], "texture": "#2"},
				"east": {"uv": [0, 0, 2, 1], "texture": "#2"},
				"south": {"uv": [0, 0, 2, 1], "texture": "#2"},
				"west": {"uv": [0, 0, 2, 1], "texture": "#2"},
				"up": {"uv": [0, 0, 2, 2], "texture": "#2"},
				"down": {"uv": [0, 0, 2, 2], "texture": "#2"}
			}
		},
		{
			"from": [7.25, 2.7, 7.25],
			"to": [8.75, 2.9, 8.75],
			"rotation": {"angle": 0, "axis": "y", "origin": [16, 8, 15]},
			"faces": {
				"north": {"uv": [0, 0, 1.5, 0.2], "texture": "#1"},
				"east": {"uv": [0, 0, 1.5, 0.2], "texture": "#1"},
				"south": {"uv": [0, 0, 1.5, 0.2], "texture": "#1"},
				"west": {"uv": [0, 0, 1.5, 0.2], "texture": "#1"},
				"up": {"uv": [0, 0, 1.5, 1.5], "texture": "#1"},
				"down": {"uv": [0, 0, 1.5, 1.5], "texture": "#1"}
			}
		},
		{
			"from": [7.5, 2.9, 7.5],
			"to": [8.5, 3.05, 8.5],
			"rotation": {"angle": 0, "axis": "y", "origin": [16, 8, 15]},
			"faces": {
				"north": {"uv": [0, 0, 1, 0.15], "texture": "#1"},
				"east": {"uv": [0, 0, 1, 0.15], "texture": "#1"},
				"south": {"uv": [0, 0, 1, 0.15], "texture": "#1"},
				"west": {"uv": [0, 0, 1, 0.15], "texture": "#1"},
				"up": {"uv": [0, 0, 1, 1], "texture": "#1"},
				"down": {"uv": [0, 0, 1, 1], "texture": "#1"}
			}
		},
		{
			"from": [7.6, 3.05, 7.65],
			"to": [8.4, 3.85, 8.4],
			"rotation": {"angle": 0, "axis": "y", "origin": [16, 7.95, 15]},
			"faces": {
				"north": {"uv": [0, 0, 0.8, 0.8], "texture": "#0"},
				"east": {"uv": [5, 5, 7, 5.5], "texture": "#0"},
				"south": {"uv": [0, 0, 0.8, 0.8], "texture": "#0"},
				"west": {"uv": [0, 0, 0.75, 0.8], "texture": "#0"},
				"up": {"uv": [0, 0, 0.8, 0.75], "texture": "#0"},
				"down": {"uv": [0, 0, 0.8, 0.75], "texture": "#0"}
			}
		},
		{
			"from": [7.95, 3.35, 6.65],
			"to": [8.05, 3.9, 7.7],
			"rotation": {"angle": 0, "axis": "y", "origin": [16, 7.95, 15]},
			"faces": {
				"north": {"uv": [0, 0, 0.1, 0.55], "texture": "#1"},
				"east": {"uv": [14, 1.5, 16, 2], "texture": "#1"},
				"south": {"uv": [0, 0, 0.1, 0.55], "texture": "#1"},
				"west": {"uv": [0, 0, 1.05, 0.55], "texture": "#1"},
				"up": {"uv": [0, 0, 0.1, 1.05], "texture": "#1"},
				"down": {"uv": [0, 0, 0.1, 1.05], "texture": "#1"}
			}
		},
		{
			"from": [7.55, 3.85, 7.15],
			"to": [8.45, 4.6, 8.95],
			"rotation": {"angle": 0, "axis": "y", "origin": [16, 7.95, 15]},
			"faces": {
				"north": {"uv": [0, 0, 0.9, 0.75], "texture": "#1"},
				"east": {"uv": [0, 0, 2, 1], "texture": "#1"},
				"south": {"uv": [0, 0, 0.9, 0.75], "texture": "#1"},
				"west": {"uv": [0, 0, 1.8, 0.75], "texture": "#1"},
				"up": {"uv": [0, 0, 1, 2], "texture": "#1"},
				"down": {"uv": [0, 0, 0.9, 1.8], "texture": "#1"}
			}
		},
		{
			"from": [8.45, 4.075, 7.25],
			"to": [8.55, 4.275, 7.4],
			"rotation": {"angle": 0, "axis": "y", "origin": [16, 7.925, 15.15]},
			"faces": {
				"north": {"uv": [0, 0, 0.1, 0.2], "texture": "#0"},
				"east": {"uv": [0, 0, 0.15, 0.2], "texture": "#0"},
				"south": {"uv": [0, 0, 0.1, 0.2], "texture": "#0"},
				"west": {"uv": [0, 0, 0.15, 0.2], "texture": "#0"},
				"up": {"uv": [0, 0, 0.1, 0.15], "texture": "#0"},
				"down": {"uv": [0, 0, 0.1, 0.15], "texture": "#0"}
			}
		},
		{
			"from": [7.65, 3.57344, 6.62877],
			"to": [8.35, 4.07344, 7.67877],
			"rotation": {"angle": -45, "axis": "x", "origin": [8, 3.69844, 6.77877]},
			"faces": {
				"north": {"uv": [0, 0, 0.7, 0.5], "texture": "#1"},
				"east": {"uv": [0, 0, 1, 0.5], "texture": "#1"},
				"south": {"uv": [0, 0, 0.7, 0.5], "texture": "#1"},
				"west": {"uv": [0, 0, 1.05, 0.5], "texture": "#1"},
				"up": {"uv": [0, 0, 0.5, 1], "texture": "#1"},
				"down": {"uv": [0, 0, 0.7, 1.05], "texture": "#1"}
			}
		},
		{
			"from": [7.75, 1.73254, 6.03458],
			"to": [8.25, 3.78254, 6.43458],
			"rotation": {"angle": 22.5, "axis": "x", "origin": [8, 2.88254, 6.40958]},
			"faces": {
				"north": {"uv": [0, 0, 0.5, 2.05], "rotation": 180, "texture": "#1"},
				"east": {"uv": [0, 0, 2, 0.5], "rotation": 90, "texture": "#1"},
				"south": {"uv": [0, 0, 0.5, 2.05], "texture": "#1"},
				"west": {"uv": [0, 0, 2.05, 0.4], "rotation": 270, "texture": "#1"},
				"up": {"uv": [0, 0, 0.5, 0.4], "texture": "#1"},
				"down": {"uv": [0, 0, 0.5, 0.4], "rotation": 180, "texture": "#1"}
			}
		},
		{
			"from": [7.85, 0.66358, 5.62304],
			"to": [8.15, 1.96358, 5.97304],
			"rotation": {"angle": 0, "axis": "x", "origin": [8, 1.06358, 5.99804]},
			"faces": {
				"north": {"uv": [0, 0, 0.3, 1.3], "rotation": 180, "texture": "#1"},
				"east": {"uv": [0, 0, 1.5, 0.5], "rotation": 90, "texture": "#1"},
				"south": {"uv": [0, 0, 0.3, 1.3], "texture": "#1"},
				"west": {"uv": [0, 0, 1.3, 0.35], "rotation": 270, "texture": "#1"},
				"up": {"uv": [0, 0, 0.3, 0.35], "texture": "#1"},
				"down": {"uv": [0, 0, 0.3, 0.35], "rotation": 180, "texture": "#1"}
			}
		},
		{
			"from": [7.25, -0.15, 7.25],
			"to": [8.75, 0, 8.75],
			"rotation": {"angle": 0, "axis": "y", "origin": [16, 8, 15]},
			"faces": {
				"north": {"uv": [0, 0, 1.5, 0.15], "texture": "#2"},
				"east": {"uv": [0, 0, 1.5, 0.15], "texture": "#2"},
				"south": {"uv": [0, 0, 1.5, 0.15], "texture": "#2"},
				"west": {"uv": [0, 0, 1.5, 0.15], "texture": "#2"},
				"up": {"uv": [0, 0, 1.5, 1.5], "texture": "#2"},
				"down": {"uv": [0, 0, 1.5, 1.5], "texture": "#2"}
			}
		},
		{
			"from": [9, 0.15, 7.25],
			"to": [9.25, 0.65, 8.75],
			"rotation": {"angle": 0, "axis": "y", "origin": [16, 8, 15]},
			"faces": {
				"north": {"uv": [0, 0, 0.25, 0.5], "texture": "#1"},
				"east": {"uv": [0, 0, 1.5, 0.5], "texture": "#1"},
				"south": {"uv": [0, 0, 0.25, 0.5], "texture": "#1"},
				"west": {"uv": [0, 0, 1.5, 0.5], "texture": "#1"},
				"up": {"uv": [0, 0, 0.25, 1.5], "texture": "#1"},
				"down": {"uv": [0, 0, 0.25, 1.5], "texture": "#1"}
			}
		},
		{
			"from": [9, 0.65, 7.25],
			"to": [9.25, 2.5, 8.75],
			"rotation": {"angle": 0, "axis": "y", "origin": [16, 8, 15]},
			"faces": {
				"north": {"uv": [0, 0, 0.25, 1.85], "texture": "#1"},
				"east": {"uv": [0, 0, 1.5, 1.85], "texture": "#1"},
				"south": {"uv": [0, 0, 0.25, 1.85], "texture": "#1"},
				"west": {"uv": [0, 0, 1.5, 1.85], "texture": "#1"},
				"up": {"uv": [0, 0, 0.25, 1.5], "texture": "#1"},
				"down": {"uv": [0, 0, 0.25, 1.5], "texture": "#1"}
			}
		},
		{
			"from": [9.25, 0.4, 7.5],
			"to": [9.4, 2.25, 8.5],
			"rotation": {"angle": 0, "axis": "y", "origin": [16, 8, 15]},
			"faces": {
				"north": {"uv": [0, 0, 0.15, 1.85], "texture": "#1"},
				"east": {"uv": [0, 0, 1, 1.85], "texture": "#1"},
				"south": {"uv": [0, 0, 0.15, 1.85], "texture": "#1"},
				"west": {"uv": [0, 0, 1, 1.85], "texture": "#1"},
				"up": {"uv": [0, 0, 0.15, 1], "texture": "#1"},
				"down": {"uv": [0, 0, 0.15, 1], "texture": "#1"}
			}
		},
		{
			"from": [6.6, 0.4, 7.5],
			"to": [6.75, 2.25, 8.5],
			"rotation": {"angle": 0, "axis": "y", "origin": [0, 8, 15]},
			"faces": {
				"north": {"uv": [0.15, 0, 0.3, 1.85], "texture": "#1"},
				"east": {"uv": [1, 0, 2, 1.85], "texture": "#1"},
				"south": {"uv": [0.15, 0, 0.3, 1.85], "texture": "#1"},
				"west": {"uv": [1, 0, 2, 1.85], "texture": "#1"},
				"up": {"uv": [0.15, 0, 0.3, 1], "texture": "#1"},
				"down": {"uv": [0.15, 0, 0.3, 1], "texture": "#1"}
			}
		},
		{
			"from": [6.75, 0.15, 7.25],
			"to": [7, 0.65, 8.75],
			"rotation": {"angle": 0, "axis": "y", "origin": [13.75, 8, 15]},
			"faces": {
				"north": {"uv": [0, 0, 0.25, 0.5], "texture": "#1"},
				"east": {"uv": [0, 0, 1.5, 0.5], "texture": "#1"},
				"south": {"uv": [0, 0, 0.25, 0.5], "texture": "#1"},
				"west": {"uv": [0, 0, 1.5, 0.5], "texture": "#1"},
				"up": {"uv": [0, 0, 0.25, 1.5], "texture": "#1"},
				"down": {"uv": [0, 0, 0.25, 1.5], "texture": "#1"}
			}
		},
		{
			"from": [6.75, 0.65, 7.25],
			"to": [7, 2.5, 8.75],
			"rotation": {"angle": 0, "axis": "y", "origin": [13.75, 8, 15]},
			"faces": {
				"north": {"uv": [0, 0, 0.25, 1.85], "texture": "#1"},
				"east": {"uv": [0, 0, 1.5, 1.85], "texture": "#1"},
				"south": {"uv": [0, 0, 0.25, 1.85], "texture": "#1"},
				"west": {"uv": [0, 0, 1.5, 1.85], "texture": "#1"},
				"up": {"uv": [0, 0, 0.25, 1.5], "texture": "#1"},
				"down": {"uv": [0, 0, 0.25, 1.5], "texture": "#1"}
			}
		},
		{
			"from": [7.25, 0.15, 6.75],
			"to": [8.75, 0.65, 7],
			"rotation": {"angle": 0, "axis": "y", "origin": [16, 8, 15]},
			"faces": {
				"north": {"uv": [0, 0, 1.5, 0.5], "texture": "#1"},
				"east": {"uv": [0, 0, 0.25, 0.5], "texture": "#1"},
				"south": {"uv": [0, 0, 1.5, 0.5], "texture": "#1"},
				"west": {"uv": [0, 0, 0.25, 0.5], "texture": "#1"},
				"up": {"uv": [0, 0, 1.5, 0.25], "texture": "#1"},
				"down": {"uv": [0, 0, 1.5, 0.25], "texture": "#1"}
			}
		},
		{
			"from": [7.25, 0.65, 6.75],
			"to": [8.75, 2.5, 7],
			"rotation": {"angle": 0, "axis": "y", "origin": [16, 8, 15]},
			"faces": {
				"north": {"uv": [0, 0, 1.5, 1.85], "texture": "#1"},
				"east": {"uv": [0, 0, 0.25, 1.85], "texture": "#1"},
				"south": {"uv": [0, 0, 1.5, 1.85], "texture": "#1"},
				"west": {"uv": [0, 0, 0.25, 1.85], "texture": "#1"},
				"up": {"uv": [0, 0, 1.5, 0.25], "texture": "#1"},
				"down": {"uv": [0, 0, 1.5, 0.25], "texture": "#1"}
			}
		},
		{
			"from": [7.25, 0.15, 9],
			"to": [8.75, 0.65, 9.25],
			"rotation": {"angle": 0, "axis": "y", "origin": [16, 8, 17.25]},
			"faces": {
				"north": {"uv": [0, 0, 1.5, 0.5], "texture": "#1"},
				"east": {"uv": [0, 0, 0.25, 0.5], "texture": "#1"},
				"south": {"uv": [0, 0, 1.5, 0.5], "texture": "#1"},
				"west": {"uv": [0, 0, 0.25, 0.5], "texture": "#1"},
				"up": {"uv": [0, 0, 1.5, 0.25], "texture": "#1"},
				"down": {"uv": [0, 0, 1.5, 0.25], "texture": "#1"}
			}
		},
		{
			"from": [7.25, 0.65, 9],
			"to": [8.75, 2.5, 9.25],
			"rotation": {"angle": 0, "axis": "y", "origin": [16, 8, 17.25]},
			"faces": {
				"north": {"uv": [0, 0, 1.5, 1.85], "texture": "#1"},
				"east": {"uv": [0, 0, 0.25, 1.85], "texture": "#1"},
				"south": {"uv": [0, 0, 1.5, 1.85], "texture": "#1"},
				"west": {"uv": [0, 0, 0.25, 1.85], "texture": "#1"},
				"up": {"uv": [0, 0, 1.5, 0.25], "texture": "#1"},
				"down": {"uv": [0, 0, 1.5, 0.25], "texture": "#1"}
			}
		},
		{
			"from": [6.8, 0.65, 8.75],
			"to": [7.25, 2, 9.2],
			"rotation": {"angle": 0, "axis": "y", "origin": [16, 8, 17.25]},
			"faces": {
				"north": {"uv": [0, 0, 0.45, 1.35], "rotation": 270, "texture": "#0"},
				"east": {"uv": [0, 0, 0.45, 1.35], "texture": "#0"},
				"south": {"uv": [0, 0, 0.45, 1.35], "texture": "#0"},
				"west": {"uv": [0, 0, 0.45, 1.35], "texture": "#0"},
				"up": {"uv": [0, 0, 0.45, 0.45], "texture": "#0"},
				"down": {"uv": [0, 0, 0.45, 0.45], "texture": "#0"}
			}
		},
		{
			"from": [6.9, 2, 8.75],
			"to": [7.25, 2.35, 9.1],
			"rotation": {"angle": 0, "axis": "y", "origin": [16, 8, 17.25]},
			"faces": {
				"north": {"uv": [0, 0, 0.35, 0.35], "rotation": 270, "texture": "#0"},
				"east": {"uv": [0, 0, 0.35, 0.35], "texture": "#0"},
				"south": {"uv": [0, 0, 0.35, 0.35], "texture": "#0"},
				"west": {"uv": [0, 0, 0.35, 0.35], "texture": "#0"},
				"up": {"uv": [0, 0, 0.35, 0.35], "texture": "#0"},
				"down": {"uv": [0, 0, 0.35, 0.35], "texture": "#0"}
			}
		},
		{
			"from": [6.9, 2, 6.9],
			"to": [7.25, 2.35, 7.25],
			"rotation": {"angle": 0, "axis": "y", "origin": [16, 8, -1.25]},
			"faces": {
				"north": {"uv": [0.35, 0, 0, 0.35], "rotation": 270, "texture": "#0"},
				"east": {"uv": [0.35, 0, 0, 0.35], "texture": "#0"},
				"south": {"uv": [0.35, 0, 0, 0.35], "texture": "#0"},
				"west": {"uv": [0.35, 0, 0, 0.35], "texture": "#0"},
				"up": {"uv": [0, 0.35, 0.35, 0], "texture": "#0"},
				"down": {"uv": [0, 0.35, 0.35, 0], "texture": "#0"}
			}
		},
		{
			"from": [8.75, 2, 8.75],
			"to": [9.1, 2.35, 9.1],
			"rotation": {"angle": 0, "axis": "y", "origin": [0, 8, 17.25]},
			"faces": {
				"north": {"uv": [0.35, 0, 0, 0.35], "rotation": 270, "texture": "#0"},
				"east": {"uv": [0.35, 0, 0, 0.35], "texture": "#0"},
				"south": {"uv": [0.35, 0, 0, 0.35], "texture": "#0"},
				"west": {"uv": [0.35, 0, 0, 0.35], "texture": "#0"},
				"up": {"uv": [0.35, 0, 0, 0.35], "texture": "#0"},
				"down": {"uv": [0.35, 0, 0, 0.35], "texture": "#0"}
			}
		},
		{
			"from": [8.75, 2, 6.9],
			"to": [9.1, 2.35, 7.25],
			"rotation": {"angle": 0, "axis": "y", "origin": [0, 8, -1.25]},
			"faces": {
				"north": {"uv": [0, 0, 0.35, 0.35], "texture": "#0"},
				"east": {"uv": [0, 0, 0.35, 0.35], "texture": "#0"},
				"south": {"uv": [0, 0, 0.35, 0.35], "texture": "#0"},
				"west": {"uv": [0, 0, 0.35, 0.35], "texture": "#0"},
				"up": {"uv": [0.35, 0.35, 0, 0], "texture": "#0"},
				"down": {"uv": [0.35, 0.35, 0, 0], "texture": "#0"}
			}
		},
		{
			"from": [6.9, 0.3, 8.75],
			"to": [7.25, 0.65, 9.1],
			"rotation": {"angle": 0, "axis": "y", "origin": [16, 6.3, 17.25]},
			"faces": {
				"north": {"uv": [0, 0, 0.35, 0.35], "texture": "#1"},
				"east": {"uv": [0, 0, 0.35, 0.35], "texture": "#1"},
				"south": {"uv": [0, 0, 0.35, 0.35], "texture": "#1"},
				"west": {"uv": [0, 0, 0.35, 0.35], "texture": "#1"},
				"up": {"uv": [0, 0, 0.35, 0.35], "texture": "#1"},
				"down": {"uv": [0, 0, 0.35, 0.35], "texture": "#1"}
			}
		},
		{
			"from": [6.9, 0.3, 6.9],
			"to": [7.25, 0.65, 7.25],
			"rotation": {"angle": 0, "axis": "y", "origin": [16, 6.3, -1.25]},
			"faces": {
				"north": {"uv": [0.35, 0, 0, 0.35], "texture": "#1"},
				"east": {"uv": [0.35, 0, 0, 0.35], "texture": "#1"},
				"south": {"uv": [0.35, 0, 0, 0.35], "texture": "#1"},
				"west": {"uv": [0.35, 0, 0, 0.35], "texture": "#1"},
				"up": {"uv": [0, 0.35, 0.35, 0], "texture": "#1"},
				"down": {"uv": [0, 0.35, 0.35, 0], "texture": "#1"}
			}
		},
		{
			"from": [8.75, 0.3, 8.75],
			"to": [9.1, 0.65, 9.1],
			"rotation": {"angle": 0, "axis": "y", "origin": [0, 6.3, 17.25]},
			"faces": {
				"north": {"uv": [0.35, 0, 0.7, 0.35], "texture": "#1"},
				"east": {"uv": [0.35, 0, 0.7, 0.35], "texture": "#1"},
				"south": {"uv": [0.35, 0, 0.7, 0.35], "texture": "#1"},
				"west": {"uv": [0.35, 0, 0.7, 0.35], "texture": "#1"},
				"up": {"uv": [0.35, 0, 0.7, 0.35], "texture": "#1"},
				"down": {"uv": [0.35, 0, 0.7, 0.35], "texture": "#1"}
			}
		},
		{
			"from": [8.75, 0.3, 6.9],
			"to": [9.1, 0.65, 7.25],
			"rotation": {"angle": 0, "axis": "y", "origin": [0, 6.3, -1.25]},
			"faces": {
				"north": {"uv": [0, 0, 0.35, 0.35], "texture": "#1"},
				"east": {"uv": [0, 0, 0.35, 0.35], "texture": "#1"},
				"south": {"uv": [0, 0, 0.35, 0.35], "texture": "#1"},
				"west": {"uv": [0, 0, 0.35, 0.35], "texture": "#1"},
				"up": {"uv": [0.35, 0.35, 0, 0], "texture": "#1"},
				"down": {"uv": [0.35, 0.35, 0, 0], "texture": "#1"}
			}
		},
		{
			"from": [6.8, 0.65, 6.8],
			"to": [7.25, 2, 7.25],
			"rotation": {"angle": 0, "axis": "y", "origin": [16, 8, -1.25]},
			"faces": {
				"north": {"uv": [0.45, 0, 0, 1.35], "rotation": 270, "texture": "#0"},
				"east": {"uv": [0.45, 0, 0, 1.35], "texture": "#0"},
				"south": {"uv": [0.45, 0, 0, 1.35], "texture": "#0"},
				"west": {"uv": [0.45, 0, 0, 1.35], "texture": "#0"},
				"up": {"uv": [0, 0.45, 0.45, 0], "texture": "#0"},
				"down": {"uv": [0, 0.45, 0.45, 0], "texture": "#0"}
			}
		},
		{
			"from": [8.75, 0.65, 8.75],
			"to": [9.2, 2, 9.2],
			"rotation": {"angle": 0, "axis": "y", "origin": [17.95, 8, 17.25]},
			"faces": {
				"north": {"uv": [0, 0, 0.45, 1.35], "rotation": 270, "texture": "#0"},
				"east": {"uv": [0, 0, 0.45, 1.35], "texture": "#0"},
				"south": {"uv": [0, 0, 0.45, 1.35], "texture": "#0"},
				"west": {"uv": [0, 0, 0.45, 1.35], "texture": "#0"},
				"up": {"uv": [0, 0, 0.45, 0.45], "texture": "#0"},
				"down": {"uv": [0, 0, 0.45, 0.45], "texture": "#0"}
			}
		},
		{
			"from": [8.75, 0.65, 6.8],
			"to": [9.2, 2, 7.25],
			"rotation": {"angle": 0, "axis": "y", "origin": [17.95, 8, -1.25]},
			"faces": {
				"north": {"uv": [0.45, 0, 0, 1.35], "texture": "#0"},
				"east": {"uv": [0.45, 0, 0, 1.35], "texture": "#0"},
				"south": {"uv": [0.45, 0, 0, 1.35], "texture": "#0"},
				"west": {"uv": [0.45, 0, 0, 1.35], "texture": "#0"},
				"up": {"uv": [0, 0.45, 0.45, 0], "texture": "#0"},
				"down": {"uv": [0, 0.45, 0.45, 0], "texture": "#0"}
			}
		},
		{
			"from": [7.5, 0.4, 9.25],
			"to": [8.5, 2.25, 9.4],
			"rotation": {"angle": 0, "axis": "y", "origin": [16, 8, 17.25]},
			"faces": {
				"north": {"uv": [0, 0, 1, 1.85], "texture": "#1"},
				"east": {"uv": [0, 0, 0.15, 1.85], "texture": "#1"},
				"south": {"uv": [0, 0, 1, 1.85], "texture": "#1"},
				"west": {"uv": [0, 0, 0.15, 1.85], "texture": "#1"},
				"up": {"uv": [0, 0, 1, 0.15], "texture": "#1"},
				"down": {"uv": [0, 0, 1, 0.15], "texture": "#1"}
			}
		},
		{
			"from": [7.5, 0.4, 6.6],
			"to": [8.5, 2.25, 6.75],
			"rotation": {"angle": 0, "axis": "y", "origin": [16, 8, -1.25]},
			"faces": {
				"north": {"uv": [1, 0, 0, 1.85], "texture": "#1"},
				"east": {"uv": [0.15, 0, 0, 1.85], "texture": "#1"},
				"south": {"uv": [1, 0, 0, 1.85], "texture": "#1"},
				"west": {"uv": [0.15, 0, 0, 1.85], "texture": "#1"},
				"up": {"uv": [0, 0.15, 1, 0], "texture": "#1"},
				"down": {"uv": [0, 0.15, 1, 0], "texture": "#1"}
			}
		},
		{
			"from": [12, 6.7, 7.05],
			"to": [12.15, 6.75, 7.6],
			"rotation": {"angle": 45, "axis": "z", "origin": [12.525, 6.725, 7.325]},
			"faces": {
				"north": {"uv": [0, 0, 0.05, 0.15], "rotation": 90, "texture": "#2"},
				"east": {"uv": [0, 0, 0.05, 0.55], "rotation": 270, "texture": "#2"},
				"south": {"uv": [0, 0, 0.05, 0.15], "rotation": 270, "texture": "#2"},
				"west": {"uv": [0, 0, 0.05, 0.55], "rotation": 270, "texture": "#2"},
				"up": {"uv": [0, 0, 0.55, 0.15], "rotation": 270, "texture": "#2"},
				"down": {"uv": [0, 0, 0.55, 0.15], "rotation": 270, "texture": "#2"}
			}
		},
		{
			"from": [12.1, 6.7, 7.6],
			"to": [12.25, 6.75, 7.75],
			"rotation": {"angle": 45, "axis": "z", "origin": [12.525, 6.725, 7.325]},
			"faces": {
				"north": {"uv": [0.1, 0, 0.15, 0.15], "rotation": 90, "texture": "#2"},
				"east": {"uv": [0, 0.2, 0.05, 0.35], "rotation": 270, "texture": "#2"},
				"south": {"uv": [0.1, 0, 0.15, 0.15], "rotation": 270, "texture": "#2"},
				"west": {"uv": [0, 0.2, 0.05, 0.35], "rotation": 270, "texture": "#2"},
				"up": {"uv": [0.2, 0, 0.35, 0.15], "rotation": 270, "texture": "#2"},
				"down": {"uv": [0.2, 0, 0.35, 0.15], "rotation": 270, "texture": "#2"}
			}
		},
		{
			"from": [12.25, 6.7, 7.7],
			"to": [12.8, 6.75, 7.85],
			"rotation": {"angle": 45, "axis": "z", "origin": [12.525, 6.725, 7.325]},
			"faces": {
				"north": {"uv": [0.1, 0, 0.15, 0.55], "rotation": 90, "texture": "#2"},
				"east": {"uv": [0, 0.2, 0.05, 0.35], "rotation": 270, "texture": "#2"},
				"south": {"uv": [0.1, 0, 0.15, 0.55], "rotation": 270, "texture": "#2"},
				"west": {"uv": [0, 0.2, 0.05, 0.35], "rotation": 270, "texture": "#2"},
				"up": {"uv": [0.2, 0, 0.35, 0.55], "rotation": 270, "texture": "#2"},
				"down": {"uv": [0.2, 0, 0.35, 0.55], "rotation": 270, "texture": "#2"}
			}
		},
		{
			"from": [12.1, 6.7, 6.9],
			"to": [12.25, 6.75, 7.05],
			"rotation": {"angle": 45, "axis": "z", "origin": [12.525, 6.725, 7.325]},
			"faces": {
				"north": {"uv": [0, 0, 0.05, 0.15], "rotation": 90, "texture": "#2"},
				"east": {"uv": [0, 0, 0.05, 0.15], "rotation": 270, "texture": "#2"},
				"south": {"uv": [0, 0, 0.05, 0.15], "rotation": 270, "texture": "#2"},
				"west": {"uv": [0, 0, 0.05, 0.15], "rotation": 270, "texture": "#2"},
				"up": {"uv": [0, 0, 0.15, 0.15], "rotation": 270, "texture": "#2"},
				"down": {"uv": [0, 0, 0.15, 0.15], "rotation": 270, "texture": "#2"}
			}
		},
		{
			"from": [12.25, 6.7, 6.8],
			"to": [12.8, 6.75, 6.95],
			"rotation": {"angle": 45, "axis": "z", "origin": [12.525, 6.725, 7.325]},
			"faces": {
				"north": {"uv": [0, 0, 0.05, 0.55], "rotation": 90, "texture": "#2"},
				"east": {"uv": [0, 0, 0.05, 0.15], "rotation": 270, "texture": "#2"},
				"south": {"uv": [0, 0, 0.05, 0.55], "rotation": 270, "texture": "#2"},
				"west": {"uv": [0, 0, 0.05, 0.15], "rotation": 270, "texture": "#2"},
				"up": {"uv": [0, 0, 0.15, 0.55], "rotation": 270, "texture": "#2"},
				"down": {"uv": [0, 0, 0.15, 0.55], "rotation": 270, "texture": "#2"}
			}
		},
		{
			"from": [12.8, 6.7, 6.9],
			"to": [12.95, 6.75, 7.05],
			"rotation": {"angle": 45, "axis": "z", "origin": [12.525, 6.725, 7.325]},
			"faces": {
				"north": {"uv": [0, 0.2, 0.05, 0.35], "rotation": 90, "texture": "#2"},
				"east": {"uv": [0, 0.2, 0.05, 0.35], "rotation": 270, "texture": "#2"},
				"south": {"uv": [0, 0.2, 0.05, 0.35], "rotation": 270, "texture": "#2"},
				"west": {"uv": [0, 0.2, 0.05, 0.35], "rotation": 270, "texture": "#2"},
				"up": {"uv": [0, 0.2, 0.15, 0.35], "rotation": 270, "texture": "#2"},
				"down": {"uv": [0, 0.2, 0.15, 0.35], "rotation": 270, "texture": "#2"}
			}
		},
		{
			"from": [12.9, 6.7, 7.05],
			"to": [13.05, 6.75, 7.6],
			"rotation": {"angle": 45, "axis": "z", "origin": [12.525, 6.725, 7.325]},
			"faces": {
				"north": {"uv": [0, 0.2, 0.05, 0.35], "rotation": 90, "texture": "#2"},
				"east": {"uv": [0, 0.55, 0.05, 1.1], "rotation": 270, "texture": "#2"},
				"south": {"uv": [0, 0.2, 0.05, 0.35], "rotation": 270, "texture": "#2"},
				"west": {"uv": [0, 0.55, 0.05, 1.1], "rotation": 270, "texture": "#2"},
				"up": {"uv": [0, 0.2, 0.55, 0.35], "rotation": 270, "texture": "#2"},
				"down": {"uv": [0, 0.2, 0.55, 0.35], "rotation": 270, "texture": "#2"}
			}
		},
		{
			"from": [12.8, 6.7, 7.6],
			"to": [12.95, 6.75, 7.75],
			"rotation": {"angle": 45, "axis": "z", "origin": [12.525, 6.725, 7.325]},
			"faces": {
				"north": {"uv": [0.1, 0.2, 0.15, 0.35], "rotation": 90, "texture": "#2"},
				"east": {"uv": [0, 0.4, 0.05, 0.55], "rotation": 270, "texture": "#2"},
				"south": {"uv": [0.1, 0.2, 0.15, 0.35], "rotation": 270, "texture": "#2"},
				"west": {"uv": [0, 0.4, 0.05, 0.55], "rotation": 270, "texture": "#2"},
				"up": {"uv": [0.2, 0.2, 0.35, 0.35], "rotation": 270, "texture": "#2"},
				"down": {"uv": [0.2, 0.2, 0.35, 0.35], "rotation": 270, "texture": "#2"}
			}
		}
	],
	"display": {
		"thirdperson_righthand": {
			"rotation": [0, -180, 0],
			"translation": [0, 6.75, 1]
		},
		"thirdperson_lefthand": {
			"rotation": [0, -180, 0],
			"translation": [0, 6.75, 1]
		},
		"firstperson_righthand": {
			"rotation": [0, -180, -51],
			"translation": [-12, 20, 1],
			"scale": [1.5, 1.5, 1.5]
		},
		"firstperson_lefthand": {
			"rotation": [0, -180, -51],
			"translation": [-12, 20, 1],
			"scale": [1.5, 1.5, 1.5]
		},
		"ground": {
			"translation": [0, 4.5, 0]
		},
		"gui": {
			"rotation": [-4, -65, -7],
			"translation": [0, 11.75, 0],
			"scale": [2, 2, 2]
		},
		"head": {
			"translation": [0, -31, 0],
			"scale": [1.5, 1.5, 1.5]
		},
		"fixed": {
			"rotation": [0, 90, 0],
			"translation": [0, 7.75, 0],
			"scale": [1.5, 1.5, 1.5]
		}
	},
	"groups": [0, 1, 2, 3, 4, 5, 6, 7, 8, 9, 10, 11, 12, 13, 14, 15, 16, 17, 18, 19, 20, 21, 22, 23, 24, 25, 26, 27, 28, 29, 30, 31, 32, 33, 34, 35,
		{
			"name": "group",
			"origin": [16, -0.4, -0.25],
			"children": [36, 37, 38, 39, 40, 41, 42, 43]
		}
	]
}